sample_id,aspect_ratio,taper_ratio,twist_deg,alpha_root_deg,airfoil_cl_alpha_per_rad,alpha_L0_deg,CL,CDi,cl_section_max,eta_of_cl_max,root_bending_coeff,split
0,6.57911,0.926144,-5.4344,0.373777,6.13799,-0.665581,-0.113338,0.00207106,0.00332602,6.12323e-17,-0.0368562,test
1,7.73547,0.653929,-3.29896,8.76821,5.91202,-1.35984,0.705797,0.0207773,0.800435,0.130526,0.1489,train
2,4.74182,0.658099,-2.59355,-1.16496,5.65073,-2.04668,-0.0178789,0.000258902,0.0256519,6.12323e-17,-0.00823114,train
3,13.1286,0.896309,-2.86058,1.26741,6.7576,-3.52003,0.341365,0.0028886,0.463156,6.12323e-17,0.0701837,train
4,13.6178,0.581854,-0.378586,5.81443,5.76054,-3.5486,0.803352,0.0157214,0.841415,0.382683,0.176518,train
5,9.07395,0.66485,-0.0983924,1.75236,5.93999,-3.76389,0.460481,0.00770408,0.490151,0.382683,0.102097,train
6,8.97718,0.320627,-2.5107,4.05808,5.89358,-1.64263,0.392886,0.00586369,0.423051,0.19509,0.076299,train
7,6.39369,0.58332,-3.09968,-1.69696,6.23205,-0.116378,-0.239522,0.00343751,-0.0569684,0.997859,-0.0585914,test
8,6.26134,0.290181,-2.66886,6.97377,5.69335,-0.95499,0.521307,0.014424,0.546569,0.382683,0.103265,train
9,10.9377,0.34933,-4.65473,1.1655,6.05,-0.399588,-0.0344557,0.000731713,0.0720411,6.12323e-17,-0.0187867,train
10,9.3424,0.233469,-4.9185,4.35944,6.09926,-0.227979,0.226024,0.00281589,0.297693,0.0654031,0.0348723,train
11,13.0597,0.733057,-5.14119,6.13411,5.65666,-0.938833,0.403272,0.00428965,0.559835,6.12323e-17,0.0778379,train
12,10.5161,0.593217,-5.10867,6.81627,6.3361,-0.0498941,0.421787,0.00598192,0.554233,0.0654031,0.0796351,train
13,7.38488,0.567881,-1.08084,2.39997,6.11571,-0.424186,0.195723,0.00168069,0.220391,0.130526,0.0403772,train
14,13.4499,0.280558,-2.85447,4.95639,6.42226,-3.95178,0.747128,0.0141242,0.78327,0.258819,0.145892,train
15,5.68041,0.370325,-4.21183,3.31127,5.90862,-3.33732,0.374094,0.00855715,0.422199,0.130526,0.0712876,train
16,4.31727,0.877633,-0.2287,9.7804,5.64211,-0.96227,0.716552,0.0388517,0.806917,0.130526,0.159559,train
17,12.7069,0.230639,-1.0073,7.20959,6.53444,-3.02371,0.955009,0.0237968,1.00401,0.707107,0.190767,train
18,4.02686,0.849871,-5.89697,0.985971,6.4798,-0.972257,-0.0472228,0.00153714,0.052202,6.12323e-17,-0.0198206,train
19,9.0036,0.836387,-0.0602517,6.94267,5.80686,-2.16503,0.742276,0.0206333,0.804249,0.258819,0.168465,train
20,8.8367,0.564848,-5.93507,7.58009,6.51601,-0.408236,0.489636,0.00956016,0.629765,0.0654031,0.092524,train
21,7.55668,0.290872,-5.14642,7.47065,6.63382,-0.271398,0.503251,0.0121722,0.562455,0.130526,0.093114,train
22,5.50127,0.222444,-5.10965,8.6941,6.74497,-1.13968,0.648481,0.0264606,0.681675,0.321439,0.123643,train
23,6.71828,0.394124,-3.81781,5.95954,6.67274,-1.01471,0.469619,0.0111021,0.522639,0.19509,0.0914737,test
24,11.2102,0.279513,-4.44934,-1.73221,5.65214,-3.86853,0.0259552,0.000603151,0.115016,6.12323e-17,-0.00511891,train
25,6.90043,0.642272,-0.925758,9.29657,6.751,-3.01826,1.04976,0.0516718,1.13172,0.321439,0.228684,train
26,6.13605,0.495431,-3.71155,3.98945,6.17387,-3.07288,0.440481,0.0104691,0.503301,0.130526,0.0875943,test
27,10.7738,0.770487,-4.9781,-0.794259,6.62242,-2.11606,-0.0870977,0.00138455,0.0547185,6.12323e-17,-0.0330889,train
28,4.5994,0.624614,-5.05562,9.69799,6.54886,-3.43192,0.844338,0.0497922,0.961338,0.130526,0.17522,train
29,8.80032,0.92997,-4.24156,9.47099,6.17911,-2.30259,0.838044,0.0258341,1.03694,6.12323e-17,0.181672,train
30,5.43641,0.703712,-2.73855,5.44612,5.84343,-1.39926,0.418872,0.0103721,0.491549,0.0654031,0.0875263,train
31,8.8163,0.474368,-1.85899,0.800071,5.8183,-0.529099,0.04386,0.000177593,0.0818996,6.12323e-17,0.00523077,train
32,5.86769,0.808969,-4.56793,0.223008,6.54026,-1.73636,-0.00619712,0.000824888,0.0934876,6.12323e-17,-0.0105083,train
33,5.47856,0.953458,-3.70132,7.24809,6.24488,-3.26149,0.681614,0.0272104,0.853639,6.12323e-17,0.146734,train
34,10.2811,0.296892,-5.51724,-1.47327,6.58046,-2.76576,-0.0938917,0.00128885,0.0359813,6.12323e-17,-0.0333424,train
35,8.13397,0.996579,-1.62079,0.847502,5.77459,-3.36056,0.274169,0.00299035,0.349035,6.12323e-17,0.0595344,train
36,8.17365,0.454032,-5.92076,3.63893,5.61414,-1.90099,0.238699,0.00326949,0.347401,0.0654031,0.0385115,train
37,12.6718,0.888187,-0.205263,3.99814,6.02866,-3.95795,0.697954,0.0132916,0.756062,0.130526,0.160425,train
38,4.79724,0.848445,-3.89705,7.55678,5.76148,-1.67314,0.52859,0.0186558,0.653696,0.0654031,0.111417,train
39,4.72256,0.778252,-3.40889,6.28793,6.26038,-1.42287,0.464257,0.0146375,0.564738,0.0654031,0.0968396,train
40,7.32612,0.363222,-4.18498,-1.37891,6.13332,-0.23205,-0.24382,0.00318801,-0.0857486,0.997859,-0.0602651,train
41,4.74753,0.955969,-0.849353,1.49059,5.7116,-0.272324,0.0959264,0.000620462,0.12566,6.12323e-17,0.0201779,train
42,11.9994,0.414034,-2.53387,2.75956,6.03299,-2.57787,0.383055,0.00415154,0.430993,0.130526,0.0750725,train
43,4.42512,0.478577,-0.692961,2.14897,6.35754,-0.681571,0.19072,0.00263776,0.204865,0.382683,0.0397463,train
44,8.43178,0.86032,-3.44854,2.4759,6.20667,-1.25308,0.184418,0.00148401,0.289831,6.12323e-17,0.0337717,train
45,10.3798,0.400025,-1.812,5.24958,6.74574,-2.33718,0.659106,0.0136464,0.694659,0.321439,0.135236,train
46,11.6699,0.468357,-4.11399,-1.34847,6.28595,-3.89434,0.0716686,0.000703168,0.172728,6.12323e-17,0.00451282,train
47,12.8244,0.450521,-0.569664,4.99072,6.63215,-0.265967,0.493184,0.00617221,0.51544,0.382683,0.104348,test
48,9.26739,0.68769,-4.82525,5.55788,5.64805,-2.84686,0.505766,0.00909958,0.635295,0.0654031,0.101787,train
49,10.0313,0.717801,-1.97134,4.34724,6.21769,-2.82142,0.557389,0.0100518,0.632583,0.0654031,0.119935,train
50,7.82129,0.867866,-1.02303,8.6108,5.89449,-2.23464,0.835357,0.0295586,0.934073,0.130526,0.187242,train
51,7.61717,0.893443,-3.15738,2.1097,6.11469,-1.36168,0.167814,0.00133296,0.263188,6.12323e-17,0.0311092,train
52,9.46744,0.274046,-0.686572,9.84284,6.62516,-3.75105,1.24847,0.0535134,1.33517,0.707107,0.255719,train
53,7.50451,0.537166,-4.04352,9.35304,6.10497,-2.96741,0.881755,0.0335207,0.971001,0.19509,0.182832,train
54,13.5374,0.768101,-4.58795,5.82116,5.93786,-3.33963,0.628969,0.0095402,0.789541,6.12323e-17,0.130544,train
55,13.8285,0.462447,-2.0322,5.50191,6.39097,-1.7348,0.612315,0.00889353,0.659062,0.19509,0.126194,train
56,11.1559,0.611814,-2.97888,4.51038,6.29246,-3.69582,0.63103,0.0116049,0.718266,0.0654031,0.131641,train
57,11.9343,0.893741,-0.107223,0.546827,6.11748,-3.2824,0.336806,0.00326928,0.366461,0.130526,0.0772678,train
58,4.5442,0.617687,-0.990449,-1.20037,6.22515,-1.33682,-0.0219136,7.43999e-05,-0.00547069,6.12323e-17,-0.00644391,test
59,4.25488,0.770136,-1.72588,-1.84081,6.27543,-1.15503,-0.105079,0.00101475,-0.0200646,0.997859,-0.0259834,train
60,5.05171,0.720333,-4.95533,8.2973,6.10883,-1.67876,0.586062,0.021942,0.711824,0.0654031,0.120475,train
61,9.98063,0.763563,-0.143982,6.46473,5.84278,-2.12819,0.715696,0.0172121,0.767005,0.258819,0.161229,train
62,9.61082,0.359006,-1.28989,8.72713,6.78806,-3.28672,1.10032,0.0408016,1.15556,0.55557,0.228377,train
63,7.63382,0.920937,-1.90809,5.53885,6.03172,-3.6781,0.678878,0.0197631,0.796223,6.12323e-17,0.150377,test
64,13.0878,0.829478,-0.774746,1.99642,5.96624,-2.77831,0.391716,0.00393075,0.437426,0.0654031,0.0876918,train
65,12.5262,0.591052,-0.637797,8.91772,6.68322,-3.00336,1.14291,0.0342719,1.20542,0.382683,0.250249,train
66,4.93858,0.552068,-5.95085,9.33637,5.66227,-1.01651,0.554685,0.0206126,0.652381,0.130526,0.110195,test
67,5.75802,0.391586,-4.07716,5.69402,6.46081,-1.37344,0.439684,0.0113873,0.490541,0.19509,0.0853373,train
68,13.0096,0.378104,-5.31664,2.18878,6.46706,-2.09938,0.197474,0.0019514,0.319522,6.12323e-17,0.0269762,train
69,11.858,0.82559,-3.54528,9.51662,6.16035,-3.81314,1.05243,0.0306647,1.21948,0.0654031,0.230753,train
70,8.25497,0.867019,-1.00084,1.00718,6.48243,-3.60846,0.365334,0.00527083,0.423855,0.0654031,0.0803861,train
71,9.14334,0.656376,-3.39879,-0.607284,6.50624,-2.10415,-0.000739046,0.000449236,0.0862242,6.12323e-17,-0.00861354,train
72,9.04458,0.215627,-4.46437,6.24313,6.51153,-3.5406,0.730214,0.0208001,0.767311,0.258819,0.137778,train
73,13.3879,0.920636,-4.3161,3.01317,6.79351,-3.21099,0.418726,0.00432339,0.600498,6.12323e-17,0.0838934,train
74,7.22355,0.256322,-1.19627,8.99068,6.36703,-0.185203,0.746904,0.0251946,0.796867,0.659346,0.151234,train
75,11.4202,0.659164,-0.663623,2.50803,6.33,-1.09626,0.305008,0.00266066,0.332595,0.130526,0.0661742,train
76,9.30552,0.709307,-4.76467,6.03943,5.70809,-3.70914,0.621394,0.013499,0.759077,0.0654031,0.128043,test
77,10.1854,0.567393,-4.35969,8.1452,6.59095,-2.06937,0.780603,0.019543,0.894185,0.0654031,0.159597,train
78,12.28,0.737442,-1.89421,1.57797,6.26888,-3.66975,0.404493,0.00433192,0.475341,0.0654031,0.0861123,test
79,13.2484,0.482869,-2.60048,6.52069,5.79784,-3.18568,0.754045,0.0140673,0.812589,0.130526,0.156454,train
80,7.52885,0.34664,-1.48853,9.2231,6.41895,-2.36191,0.957698,0.0393947,1.00996,0.55557,0.197952,train
81,6.70994,0.252201,-1.04951,3.8492,6.03764,-0.165062,0.290864,0.00417699,0.30449,0.55557,0.0577663,train
82,7.39621,0.574921,-5.72948,5.68124,5.72205,-0.4927,0.28954,0.00442704,0.406288,0.0654031,0.0513091,train
83,5.66946,0.941934,-3.20061,9.7524,5.82026,-2.05061,0.764975,0.0333414,0.928102,6.12323e-17,0.167007,test
84,13.4647,0.742684,-0.202154,9.30338,6.11994,-2.7936,1.09636,0.0302944,1.16324,0.321439,0.247821,test
85,10.3379,0.569003,-0.416996,0.362708,6.32447,-1.66998,0.168407,0.000889818,0.18163,0.19509,0.0358595,train
86,4.87752,0.966563,-4.70264,4.41931,6.79237,-3.77782,0.481901,0.0152987,0.65468,6.12323e-17,0.0994784,train
87,8.50037,0.592565,-1.17706,3.61795,5.88323,-2.31196,0.448199,0.00764813,0.485259,0.19509,0.0957902,train
88,8.86359,0.223226,-1.21719,0.130769,5.9539,-1.12195,0.0643866,0.000218598,0.0801365,0.0654031,0.0104226,train
89,7.65123,0.643133,-0.31662,-1.36467,5.61217,-2.07719,0.0446339,8.45155e-05,0.0524574,0.0654031,0.00919675,train
90,13.3321,0.639261,-2.80431,1.97145,5.61334,-3.67108,0.37315,0.0034477,0.452807,0.0654031,0.0759548,train
91,8.45406,0.905461,-1.38753,2.93285,5.83047,-3.4062,0.460962,0.00825137,0.538435,6.12323e-17,0.102134,test
92,7.44779,0.264063,-0.790807,5.71087,6.40724,-1.64445,0.611765,0.0163522,0.653809,0.659346,0.124438,train
93,11.9025,0.628194,-2.68768,3.66787,6.29106,-0.0774977,0.235937,0.00163031,0.311713,0.0654031,0.0450698,train
94,8.7479,0.821406,-4.55093,8.81395,6.3886,-0.489868,0.637702,0.0150003,0.802371,6.12323e-17,0.133087,train
95,8.82642,0.301618,-1.4149,1.73448,6.31203,-0.898462,0.182114,0.00131779,0.199162,0.19509,0.0345585,train
96,5.29234,0.305576,-4.8125,0.35375,6.34959,-0.282057,-0.10913,0.00146578,-0.0232293,6.12323e-17,-0.0314644,train
97,5.53918,0.571353,-3.19022,2.61647,6.75852,-0.243725,0.123454,0.0012034,0.18357,0.0654031,0.0205718,train
98,9.37871,0.75785,-2.44935,4.91444,6.55401,-2.94642,0.617451,0.0131443,0.716754,0.0654031,0.132466,train
99,9.90419,0.790742,-1.12732,-0.940295,5.66784,-0.574133,-0.0715495,0.000251564,-0.0192767,0.997859,-0.0188989,train
100,5.88234,0.878497,-0.322521,3.16356,6.07231,-3.06302,0.46975,0.0123285,0.527476,0.130526,0.104987,train
101,12.3055,0.987505,-5.3958,4.21219,6.25346,-3.76419,0.496212,0.00653938,0.718594,6.12323e-17,0.100731,test
102,10.221,0.929327,-0.0955818,2.85035,5.99213,-2.36359,0.441063,0.00652699,0.484218,0.130526,0.101284,train
103,6.93858,0.347178,-2.54025,-0.258874,6.6639,-1.6489,0.0285279,0.000287004,0.0732402,6.12323e-17,0.000546255,train
104,12.9113,0.689315,-3.98487,1.29541,6.66262,-3.3967,0.284695,0.00231692,0.412222,6.12323e-17,0.0522338,train
105,13.4136,0.908166,-2.12363,-0.23965,6.36802,-1.16185,-0.00554523,0.000167427,0.0639533,6.12323e-17,-0.00735701,test
106,11.5064,0.460117,-4.43153,-0.952046,5.73631,-3.7828,0.0790082,0.000756268,0.180704,6.12323e-17,0.0059635,train
107,7.18886,0.742375,-5.33467,7.68654,6.29785,-2.44678,0.65079,0.0190996,0.808701,0.0654031,0.133388,train
108,9.85105,0.616348,-4.13647,0.664435,6.2609,-1.26491,0.00931339,0.000621211,0.11448,6.12323e-17,-0.00832071,train
109,11.1355,0.435909,-0.797762,5.77049,5.66723,-3.72178,0.771505,0.0173991,0.805183,0.442289,0.163314,train
110,10.0224,0.808527,-4.1656,-1.55781,6.54201,-0.24805,-0.293966,0.00412508,-0.0750226,0.997859,-0.0773617,train
111,9.14874,0.690829,-2.77786,8.42633,6.5084,-3.59363,0.978091,0.0338678,1.08995,0.130526,0.210807,train
112,10.8961,0.799371,-0.385183,-1.74806,6.26278,-3.55475,0.146977,0.000651027,0.16658,0.0654031,0.032339,train
113,12.4496,0.584366,-1.96279,-0.454966,5.77894,-2.65518,0.115544,0.000424233,0.166126,6.12323e-17,0.020394,test
114,6.3023,0.493681,-1.37654,-0.412639,5.89064,-0.693843,-0.0244097,0.000100947,0.00200841,6.12323e-17,-0.00796084,train
115,13.3546,0.942956,-3.91733,5.61744,5.80175,-0.14968,0.340265,0.00285181,0.489191,6.12323e-17,0.0686985,test
116,4.05618,0.966985,-0.821173,1.65574,5.89137,-3.35004,0.314205,0.00786638,0.376895,6.12323e-17,0.0690772,test
117,7.83525,0.369013,-5.3679,6.9085,6.03476,-0.781156,0.455065,0.00958343,0.533074,0.130526,0.084387,train
118,11.8174,0.882247,-4.56023,5.56612,5.63719,-3.25384,0.557779,0.00854256,0.726669,6.12323e-17,0.117013,train
119,4.53484,0.436598,-2.54336,5.70002,6.79478,-3.92819,0.679246,0.0327165,0.726626,0.382683,0.14048,train
120,5.58068,0.78294,-3.47983,5.59003,6.72335,-3.58961,0.630608,0.0228316,0.754031,0.0654031,0.133115,train
121,6.77519,0.543312,-3.28984,-0.911162,6.20929,-1.30128,-0.0858438,0.000806349,-0.0172794,6.12323e-17,-0.0255359,train
122,6.39688,0.738399,-2.58045,0.571499,5.78883,-2.39135,0.138982,0.00108511,0.199781,6.12323e-17,0.0258387,train
123,5.46505,0.229494,-3.74643,5.63577,6.55177,-0.630177,0.387375,0.00970845,0.412305,0.258819,0.0727747,train
124,12.1169,0.385392,-3.12849,-0.308711,6.26329,-0.651727,-0.0912666,0.000552908,-0.00908337,6.12323e-17,-0.0276299,train
125,11.7515,0.521936,-0.60856,2.93061,6.30136,-0.0741698,0.254177,0.00178814,0.271474,0.19509,0.0537431,test
126,10.1461,0.241264,-1.28664,0.737474,6.09806,-2.02986,0.198746,0.00137882,0.211584,0.19509,0.0374798,train
127,10.4323,0.741347,-3.15586,-1.87709,6.17526,-3.91588,0.0549038,0.000388633,0.143468,6.12323e-17,0.00429276,train
128,8.49975,0.728567,-2.87379,9.58153,6.06224,-3.21697,0.970328,0.0359389,1.08858,0.130526,0.210356,train
129,7.42864,0.539375,-5.20422,4.54863,6.59014,-3.69193,0.529032,0.0127385,0.638378,0.0654031,0.103149,train
130,5.7318,0.423717,-5.81355,1.89668,6.22083,-2.30759,0.138131,0.00224945,0.229558,0.0654031,0.0183856,train
131,9.73588,0.634008,-4.47306,1.89096,6.02236,-3.95499,0.333533,0.00403814,0.447825,0.0654031,0.0629498,train
132,8.87761,0.349912,-4.086,0.623543,5.65797,-3.82159,0.222352,0.00237236,0.28806,0.0654031,0.0377192,train
133,8.57877,0.283086,-3.29633,-0.174171,6.34533,-0.806779,-0.0648362,0.000500875,0.00631677,6.12323e-17,-0.0209056,train
134,10.6791,0.393826,-2.70822,2.36292,5.64626,-3.52999,0.396803,0.00500208,0.441187,0.130526,0.07774,train
135,4.49343,0.381265,-2.22,-0.777678,6.2138,-2.70228,0.0735731,0.000557501,0.100404,0.0654031,0.0119194,train
136,6.49111,0.520078,-3.77178,5.26036,5.75286,-2.16346,0.447574,0.0101835,0.514733,0.130526,0.0895064,train
137,6.72908,0.714497,-1.15215,5.29246,5.63399,-2.50932,0.55331,0.0147653,0.60876,0.19509,0.12076,train
138,4.30557,0.443471,-5.74785,7.24329,6.29036,-2.07241,0.509125,0.0202458,0.578154,0.19509,0.0993625,train
139,4.15972,0.433176,-2.27955,6.08796,6.14441,-0.715219,0.421215,0.0137826,0.452693,0.321439,0.0862142,train
140,7.75706,0.488216,-5.57419,-1.74315,6.69578,-1.47578,-0.241719,0.00383507,-0.0844625,0.997859,-0.0650222,train
141,11.4626,0.708244,-5.5735,-1.86824,5.90804,-2.35394,-0.175101,0.0022922,-0.0270507,6.12323e-17,-0.053727,train
142,7.98285,0.272679,-1.70512,4.61455,6.56967,-3.46746,0.664748,0.0181953,0.69663,0.55557,0.133451,test
143,7.46329,0.734247,-2.51591,1.92023,6.42673,-0.753154,0.133545,0.000901869,0.199598,6.12323e-17,0.0240929,train
144,8.08626,0.865949,-5.58233,4.16711,6.16575,-1.86911,0.294521,0.00393547,0.462787,6.12323e-17,0.0540202,train
145,11.4111,0.986553,-1.02182,7.23345,5.99805,-3.24303,0.86646,0.0225734,0.982215,6.12323e-17,0.198752,train
146,8.99493,0.952494,-1.71366,6.85922,6.06653,-1.18936,0.611402,0.0137152,0.721537,6.12323e-17,0.136329,test
147,7.15069,0.596088,-4.65964,1.09463,5.79594,-2.57273,0.128605,0.00135493,0.224817,6.12323e-17,0.0184954,train
148,8.06641,0.734981,-5.19135,-0.899626,6.76857,-0.945716,-0.206367,0.00325424,-0.0628221,0.997859,-0.0584523,test
149,13.4963,0.697682,-2.79597,5.92188,5.65481,-3.94953,0.735761,0.0131575,0.833626,0.0654031,0.158452,train
150,5.56684,0.794418,-1.50422,3.58978,6.20895,-1.66589,0.356878,0.00734583,0.416675,0.0654031,0.0765988,train
151,12.0196,0.352836,-4.64806,6.04605,6.25032,-1.95248,0.561645,0.009357,0.642334,0.130526,0.105753,train
152,13.511,0.261844,-4.46832,7.38279,6.52151,-1.14972,0.65677,0.011601,0.720815,0.130526,0.122074,train
153,12.677,0.960886,-2.4191,0.39708,6.12085,-2.24581,0.136137,0.000534399,0.225411,6.12323e-17,0.0250461,train
154,12.222,0.838127,-4.98322,-1.03606,5.72326,-0.592884,-0.230928,0.00282625,-0.0758127,0.997859,-0.0658483,train
155,9.79346,0.956519,-1.86071,2.52454,5.87888,-3.61944,0.440094,0.0064806,0.535408,6.12323e-17,0.0970175,test
156,4.66753,0.948507,-2.67422,5.99588,5.68541,-1.21393,0.414217,0.0117755,0.521585,6.12323e-17,0.0887455,train
157,6.51156,0.923194,-3.15909,-0.0752798,6.05759,-0.732319,-0.0608938,0.000656136,0.00658998,6.12323e-17,-0.0202169,train
158,9.20023,0.735894,-4.80438,3.49516,6.64142,-3.98309,0.490746,0.00867556,0.639977,6.12323e-17,0.0976922,test
159,12.1629,0.354364,-5.85524,9.10618,5.71926,-3.93044,0.911505,0.0234643,1.00417,0.130526,0.176881,train
160,4.48122,0.311418,-4.17312,6.10571,6.24381,-3.69345,0.602973,0.0268714,0.638877,0.382683,0.119421,train
161,12.7824,0.890337,-4.08873,3.25975,6.6102,-3.86358,0.50422,0.0064606,0.675304,6.12323e-17,0.104253,train
162,10.6959,0.525192,-0.520651,6.55989,6.40222,-0.262629,0.611117,0.01136,0.643488,0.382683,0.131694,train
163,4.1735,0.881737,-5.16871,8.73015,5.62126,-1.77624,0.545307,0.0228377,0.697956,6.12323e-17,0.113679,train
164,13.0287,0.52688,-0.0574083,-1.00964,5.74103,-1.29328,0.0224451,1.2643e-05,0.023987,0.19509,0.00475496,train
165,13.0435,0.89883,-0.941393,0.137578,6.45972,-2.48522,0.206931,0.00107287,0.252849,6.12323e-17,0.0450378,test
166,12.2959,0.611507,-3.79278,0.331315,5.86592,-0.766193,-0.0510099,0.000588602,0.0505796,6.12323e-17,-0.0212646,train
167,11.3065,0.518969,-3.56013,5.32507,5.69422,-2.00431,0.488949,0.00704928,0.568863,0.0654031,0.0977026,test
168,6.38588,0.339596,-4.20516,5.97217,6.43437,-0.791759,0.421565,0.00971933,0.46986,0.19509,0.0800248,test
169,7.85803,0.505786,-5.08985,2.13393,6.50379,-1.7539,0.149777,0.00180619,0.256016,6.12323e-17,0.0206857,train
170,10.083,0.931663,-5.19669,3.42672,6.37805,-3.32842,0.391703,0.00511799,0.582649,6.12323e-17,0.0766364,train
171,13.3068,0.460789,-3.65397,9.59379,6.39544,-1.93121,0.953688,0.0224675,1.03576,0.130526,0.195162,train
172,8.22473,0.482134,-2.99653,-0.426847,5.60472,-1.0243,-0.0551926,0.00043311,0.00845576,6.12323e-17,-0.0183822,train
173,13.2317,0.303886,-0.683789,8.01057,5.76346,-1.58552,0.816936,0.0165499,0.850751,0.608761,0.167354,train
174,8.42059,0.226215,-2.21269,6.38153,5.61085,-3.20379,0.695449,0.0192661,0.722949,0.55557,0.136724,train
175,7.13973,0.804659,-2.40568,7.07448,5.82421,-1.95671,0.624184,0.0176468,0.723991,0.0654031,0.13529,test
176,13.6867,0.971324,-1.49444,3.22332,6.2379,-1.44167,0.36524,0.00322698,0.446615,6.12323e-17,0.0809315,train
177,7.68151,0.727277,-5.53706,7.03698,5.73059,-0.338142,0.3873,0.0066927,0.528413,6.12323e-17,0.0746286,test
178,12.3895,0.334563,-1.77004,6.20895,6.19989,-0.679634,0.569664,0.00868932,0.59594,0.258819,0.114398,train
179,4.40322,0.320357,-2.29011,0.405945,6.41468,-2.41029,0.140845,0.00165588,0.161444,0.130526,0.0257994,train
180,7.81512,0.665427,-0.214647,0.0516638,5.82256,-0.331203,0.0231765,2.258e-05,0.0285998,0.0654031,0.00466895,train
181,13.9083,0.538681,-3.60349,7.34945,6.30863,-3.78074,0.907519,0.0193857,1.00562,0.130526,0.188437,train
182,10.5731,0.443083,-2.73052,5.21611,5.96791,-3.45417,0.65567,0.0133336,0.707355,0.19509,0.133842,train
183,10.0659,0.521178,-3.93461,-0.792599,6.0774,-0.431753,-0.181941,0.00173735,-0.0671794,0.997859,-0.0493093,train
184,6.55119,0.224144,-1.32108,-1.44282,5.65724,-0.560408,-0.108958,0.00060228,-0.0429219,0.997859,-0.0246744,train
185,13.6006,0.500048,-3.43949,-0.978139,6.52716,-3.90669,0.140264,0.000824944,0.232256,6.12323e-17,0.0205261,train
186,12.1442,0.275829,-2.71051,6.01784,6.64239,-2.97811,0.772314,0.0165823,0.805235,0.321439,0.151579,train
187,11.4754,0.490718,-0.480701,5.73947,5.8961,-3.41585,0.782387,0.0174098,0.818975,0.442289,0.168286,test
188,5.24169,0.952203,-2.61858,7.7563,6.79066,-2.83159,0.761488,0.0356206,0.926154,6.12323e-17,0.165971,train
189,4.47509,0.702788,-3.48176,7.23587,6.33767,-2.18661,0.588851,0.0248233,0.684308,0.130526,0.123399,train
190,5.19866,0.417246,-1.93464,9.56117,6.15095,-1.0394,0.755145,0.0352656,0.801578,0.442289,0.157264,test
191,6.40269,0.557841,-5.06497,2.6577,5.95793,-3.84536,0.339892,0.00639383,0.436639,0.0654031,0.0638614,train
192,8.52651,0.999608,-3.57805,-1.16647,5.71987,-0.487177,-0.184598,0.00219944,-0.045772,0.997859,-0.0505913,train
193,10.6199,0.342619,-4.48592,-1.19107,6.07337,-1.86403,-0.107227,0.000981509,-5.76567e-06,6.12323e-17,-0.0334913,train
194,5.46415,0.332025,-3.03698,6.02838,6.16634,-3.97321,0.685358,0.028085,0.72262,0.442289,0.138259,train
195,12.3524,0.242146,-1.59854,2.22166,6.2938,-2.33442,0.366317,0.00376053,0.383057,0.258819,0.0703656,train
196,9.18107,0.366186,-1.31124,5.87624,5.67792,-3.57149,0.730422,0.0188931,0.762713,0.5,0.151035,train
197,8.38798,0.580191,-5.38383,-0.754237,6.71301,-0.725506,-0.218981,0.00330091,-0.0750357,0.997859,-0.0609568,test
198,11.1068,0.435539,-5.64411,7.67573,6.12758,-2.81816,0.727858,0.0163197,0.838407,0.0654031,0.141405,train
199,8.6043,0.504882,-3.21115,0.776204,5.89994,-1.28817,0.0562928,0.00044747,0.124347,6.12323e-17,0.00489712,train
200,9.40791,0.390616,-1.21491,4.86001,6.24067,-2.38137,0.599606,0.0124068,0.627851,0.442289,0.124176,train
201,8.68494,0.732502,-4.93594,2.24392,6.15563,-0.363978,0.0342924,0.000876889,0.159718,6.12323e-17,-0.0039704,train
202,4.82722,0.388772,-2.10019,1.24437,6.09014,-3.16458,0.264529,0.00479934,0.287378,0.258819,0.0524764,train
203,9.59057,0.275477,-4.78899,2.64501,6.53254,-0.394645,0.099166,0.00121983,0.187873,0.0654031,0.00885798,train
204,8.39749,0.968176,-2.57017,5.1332,5.83115,-0.340194,0.345262,0.00457096,0.450752,6.12323e-17,0.0735407,train
205,5.95206,0.660422,-1.14351,2.32735,5.63517,-0.294466,0.156923,0.0013361,0.183983,0.0654031,0.03244,train
206,8.41243,0.975124,-1.93934,-0.107516,6.24214,-2.95163,0.166122,0.00107088,0.238602,6.12323e-17,0.0335694,test
207,7.67056,0.439406,-0.677743,1.18662,6.15891,-0.858219,0.148722,0.000940157,0.160154,0.258819,0.0303255,train
208,7.95818,0.972902,-5.34768,3.32688,5.77828,-0.231292,0.0873345,0.00104603,0.234845,6.12323e-17,0.00836429,train
209,13.3844,0.974072,-2.43754,1.83185,6.72889,-0.83708,0.150395,0.000614228,0.249175,6.12323e-17,0.0277611,train
210,13.0801,0.577326,-4.71982,9.2895,5.97613,-2.48271,0.870027,0.0189873,0.999323,0.0654031,0.179103,train
211,9.33096,0.360638,-0.746429,-1.49189,6.56863,-2.20415,0.0369798,6.90283e-05,0.0508497,0.0654031,0.00595733,train
212,9.57933,0.974636,-3.22775,1.94973,6.78307,-3.5526,0.374581,0.00472495,0.515099,6.12323e-17,0.0776807,train
213,8.67978,0.589343,-0.260842,4.41015,6.48695,-0.43476,0.425742,0.00678944,0.452588,0.382683,0.0927377,train
214,5.4811,0.701404,-3.25713,1.03445,6.08318,-3.21247,0.215677,0.00290229,0.287968,0.0654031,0.0415222,test
215,9.43332,0.911086,-5.50331,-0.729293,5.93084,-0.819291,-0.203054,0.0031444,-0.0631958,0.997859,-0.0596915,train
216,9.66886,0.200091,-3.38599,5.83025,6.18868,-0.519893,0.443156,0.00746646,0.4729,0.19509,0.0814672,train
217,12.2254,0.874838,-2.45995,4.93027,6.25799,-2.35626,0.561856,0.00843879,0.676659,6.12323e-17,0.122361,train
218,5.95535,0.471075,-3.2636,3.15403,5.68903,-2.91657,0.351513,0.00691876,0.400631,0.130526,0.0694174,train
219,8.94668,0.730862,-0.231511,5.23074,5.68297,-3.46385,0.692908,0.0178275,0.742633,0.321439,0.154926,test
220,5.04827,0.483236,-2.35255,3.81564,5.62284,-1.0711,0.277533,0.00501079,0.311001,0.19509,0.0556525,train
221,5.27425,0.317615,-2.34176,9.51235,6.10825,-3.90565,0.960848,0.0566046,1.02007,0.55557,0.196921,train
222,5.36031,0.510541,-2.35566,2.71841,6.2645,-3.27302,0.391496,0.00926268,0.433057,0.19509,0.0800724,train
223,10.1599,0.995497,-1.47681,6.68147,6.09417,-3.6589,0.831808,0.0229737,0.965036,6.12323e-17,0.188923,train
224,12.8016,0.218592,-0.973361,1.92912,6.74886,-2.71064,0.424686,0.0047638,0.438948,0.5,0.0830723,train
225,12.5493,0.633897,-1.55221,0.980616,5.74205,-2.20957,0.215014,0.00121283,0.258924,0.0654031,0.0438393,train
226,5.84319,0.392247,-0.131346,-0.246609,5.67577,-1.48516,0.0886887,0.00043319,0.093916,0.55557,0.0185631,train
227,9.69468,0.452056,-3.98288,-1.18964,6.31389,-2.58823,-0.0279692,0.000610331,0.0656064,6.12323e-17,-0.0158497,train
228,13.7305,0.756274,-5.56788,9.79146,5.96707,-3.58725,0.971124,0.022397,1.17155,0.0654031,0.205275,train
229,9.77329,0.625272,-2.54593,-0.222376,6.23403,-1.51204,0.0146566,0.000234159,0.0793434,6.12323e-17,-0.00311193,train
230,12.5379,0.420913,-3.58774,0.326152,6.11092,-0.595763,-0.0556983,0.000511389,0.0366595,6.12323e-17,-0.0214444,test
231,8.00374,0.966128,-0.62065,-0.503782,6.42493,-1.2013,0.0356574,5.59712e-05,0.0567302,6.12323e-17,0.00670946,train
232,6.86979,0.325487,-4.73365,7.04371,6.78967,-2.13538,0.643554,0.0205321,0.69652,0.19509,0.124574,train
233,7.88713,0.960076,-1.22902,2.99905,6.13476,-0.0641653,0.207104,0.00175259,0.262859,6.12323e-17,0.0445906,train
234,11.2726,0.779576,-2.04086,8.42031,6.30172,-2.29666,0.892239,0.023241,0.998918,0.0654031,0.196652,train
235,12.3788,0.548456,-1.20616,1.11122,5.85281,-3.36238,0.345664,0.00314999,0.377501,0.130526,0.0726423,train
236,11.9227,0.681863,-0.221587,8.8417,6.64816,-2.80094,1.11535,0.0347033,1.18375,0.321439,0.248678,train
237,5.44146,0.938451,-2.01452,-1.75979,6.7252,-1.05791,-0.130533,0.00132734,-0.0246807,0.997859,-0.0332141,train
238,11.7757,0.775642,-3.56709,0.496718,6.19061,-1.80029,0.0614881,0.000468353,0.168563,6.12323e-17,0.00437182,train
239,4.69458,0.985953,-2.18547,-0.584406,6.54775,-2.73632,0.0892184,0.000630426,0.148678,6.12323e-17,0.0162005,train
240,12.9448,0.949956,-1.64426,9.9226,5.965,-2.35528,1.01283,0.0271103,1.14752,6.12323e-17,0.231089,train
241,11.7301,0.292177,-5.3518,3.39008,6.32273,-2.9394,0.385145,0.00533144,0.4778,0.0654031,0.0657826,train
242,5.22784,0.614723,-2.69117,2.42846,6.36478,-3.50768,0.374641,0.00868081,0.433603,0.130526,0.076793,train
243,9.67783,0.329173,-5.00567,1.59947,6.50436,-0.144784,-0.0321187,0.000921122,0.0790359,6.12323e-17,-0.0190241,train
244,10.196,0.295959,-2.20508,1.97726,6.56603,-0.578549,0.155025,0.000982538,0.19098,0.0654031,0.0265981,test
245,13.5521,0.295444,-5.65865,3.15305,5.81144,-1.26693,0.184886,0.00185322,0.298853,0.0654031,0.0236574,test
246,12.1802,0.652868,-4.75746,5.8296,6.77033,-2.75401,0.637561,0.0110286,0.788766,0.0654031,0.128264,train
247,7.62576,0.335498,-2.29929,8.72058,6.77775,-0.855917,0.787617,0.0265299,0.826821,0.442289,0.159924,test
248,6.89717,0.925016,-2.66033,4.67506,6.68129,-1.35762,0.41576,0.00803808,0.530661,6.12323e-17,0.0882006,test
249,12.9049,0.979004,-2.82311,6.92568,6.01318,-0.959598,0.580846,0.0086009,0.723021,6.12323e-17,0.127803,train
250,11.8639,0.811365,-3.6134,1.87104,6.75511,-2.17613,0.233896,0.00169632,0.360309,6.12323e-17,0.0429066,train
251,8.44601,0.39754,-1.18698,1.7136,5.84115,-3.37987,0.38005,0.00556737,0.400299,0.321439,0.0780474,test
252,10.7157,0.496217,-5.18163,2.10265,5.67903,-0.980702,0.0702728,0.000949237,0.189073,6.12323e-17,0.00267416,test
253,4.20966,0.46547,-2.97315,7.50967,5.94748,-3.11936,0.662669,0.0335461,0.712422,0.321439,0.137223,train
254,7.99119,0.644927,-0.846945,9.86401,6.30267,-0.449853,0.857654,0.0299374,0.920897,0.321439,0.187415,train
255,12.8429,0.472847,-5.87623,4.02871,6.14926,-3.74056,0.482238,0.00675433,0.620754,0.0654031,0.0881986,train
256,10.709,0.544601,-4.78388,3.87385,6.06721,-1.92477,0.328228,0.00378014,0.442469,0.0654031,0.059624,train
257,7.19886,0.266913,-5.26268,3.57046,6.1365,-1.72986,0.261527,0.0042622,0.327532,0.0654031,0.043144,train
258,11.2791,0.673909,-4.05382,8.86995,5.97543,-1.11341,0.715546,0.0147641,0.841491,0.0654031,0.149469,train
259,7.89264,0.82038,-2.65261,1.6765,5.90194,-3.25026,0.301765,0.00373373,0.387057,6.12323e-17,0.0622691,train
260,7.40953,0.452546,-0.732255,1.21778,6.74109,-1.37126,0.205381,0.00184272,0.219887,0.258819,0.0423459,train
261,4.34826,0.594769,-3.0321,0.915981,6.56315,-0.751807,0.0268465,0.000371686,0.0766811,6.12323e-17,0.000754103,train
262,6.81395,0.731407,-3.24816,3.91419,6.77624,-1.63206,0.360161,0.00621528,0.454504,0.0654031,0.0727691,train
263,13.5934,0.647883,-0.94401,9.13825,6.43779,-1.50376,0.980751,0.0234243,1.04256,0.258819,0.216073,train
264,13.6753,0.719558,-5.55791,4.11796,6.02341,-1.44965,0.276267,0.00235964,0.448452,6.12323e-17,0.0469716,train
265,7.69236,0.830223,-2.34658,0.281559,6.21568,-2.23333,0.122188,0.000718443,0.189654,6.12323e-17,0.0222902,train
266,10.1414,0.705956,-1.98395,-1.46881,5.79213,-1.5982,-0.0636125,0.000311129,-0.0143059,6.12323e-17,-0.0190809,train
267,5.88896,0.487619,-3.31243,6.05961,6.37675,-3.80175,0.690004,0.0261375,0.75051,0.258819,0.141952,test
268,8.15966,0.248505,-4.67085,-1.42821,5.73958,-2.04593,-0.104873,0.000996991,-0.0106059,6.12323e-17,-0.031174,train
269,6.47099,0.981729,-0.522803,4.34948,6.33146,-2.43128,0.530717,0.0144091,0.614421,6.12323e-17,0.119497,train
270,11.7131,0.554408,-5.72118,3.75207,6.52162,-3.41124,0.44423,0.00621857,0.593918,0.0654031,0.0815924,test
271,10.1145,0.884175,-3.31799,7.52842,6.78241,-3.1545,0.867297,0.0241672,1.03932,6.12323e-17,0.188973,train
272,6.98866,0.366713,-3.57958,0.506179,5.85993,-0.745055,-0.0206151,0.000446896,0.0452823,6.12323e-17,-0.0115933,train
273,5.27888,0.774465,-0.433307,9.87308,6.73722,-0.298107,0.812878,0.0406104,0.898186,0.258819,0.179181,train
274,9.75989,0.372888,-4.02692,2.74828,6.08633,-0.115988,0.102434,0.000904669,0.181848,6.12323e-17,0.011979,train
275,8.29956,0.210006,-5.88808,-0.847982,6.76689,-0.468589,-0.256724,0.00337812,-0.11207,6.12323e-17,-0.065415,train
276,8.28441,0.621204,-5.46088,1.12451,6.59507,-1.86377,0.052952,0.00120854,0.18503,6.12323e-17,-0.00140463,test
277,4.46227,0.563594,-1.38998,5.27421,6.18831,-2.69843,0.544106,0.0212477,0.589037,0.321439,0.115554,test
278,7.91325,0.905029,-0.708033,-0.599739,6.48509,-0.976334,0.0048027,1.87795e-05,0.0241134,6.12323e-17,-0.000552176,train
279,10.126,0.413841,-4.58179,-0.737448,6.64449,-3.16061,0.0449591,0.000849681,0.150679,6.12323e-17,-0.00224322,train
280,11.0209,0.361825,-4.43089,8.25236,6.31146,-0.845072,0.66848,0.0139197,0.74061,0.130526,0.129389,train
281,4.07095,0.923282,-1.06271,4.60482,6.6864,-3.2408,0.545999,0.0236114,0.64394,0.0654031,0.119689,test
282,12.3491,0.84713,-2.45323,0.650157,6.67344,-2.32507,0.17923,0.000912077,0.269356,6.12323e-17,0.0339593,test
283,7.54983,0.205312,-2.88954,4.00951,6.17034,-2.42009,0.444776,0.0091883,0.464876,0.321439,0.0841857,train
284,6.94547,0.326688,-0.715813,3.38647,6.28725,-0.623705,0.313501,0.0045933,0.329903,0.55557,0.0641254,train
285,12.1391,0.507432,-0.679577,-1.56862,6.71144,-2.734,0.0856566,0.000206065,0.102711,0.0654031,0.0166867,train
286,9.31596,0.685393,-5.13061,6.37536,6.45867,-0.673477,0.431209,0.00684402,0.57534,0.0654031,0.0831556,train
287,8.19616,0.314213,-5.43014,7.96257,6.3965,-3.29609,0.798002,0.0266063,0.861419,0.19509,0.154109,train
288,4.98807,0.231741,-3.1774,6.98638,6.38287,-3.18748,0.69491,0.0320602,0.734832,0.608761,0.137591,train
289,12.6231,0.729743,-3.8862,-0.41857,5.87593,-3.60486,0.125149,0.000732427,0.239681,6.12323e-17,0.0179419,train
290,5.36501,0.413299,-4.49908,2.00316,5.67016,-2.1316,0.162968,0.00223139,0.224937,0.0654031,0.0267764,train
291,10.136,0.550136,-4.07374,5.44562,5.64975,-2.59384,0.516892,0.00875617,0.609375,0.0654031,0.10345,train
292,10.6229,0.781222,-2.94443,-0.994604,5.88752,-3.23093,0.0769485,0.0003878,0.160963,6.12323e-17,0.0100739,train
293,12.4291,0.345428,-5.27162,5.74057,5.91089,-1.52425,0.44974,0.00626783,0.546423,0.0654031,0.0807624,train
294,7.57827,0.595275,-3.18607,3.33998,5.71329,-2.80386,0.375491,0.00611551,0.446076,0.0654031,0.0756456,train
295,13.2776,0.98553,-4.22764,-0.650816,5.70526,-1.2604,-0.115983,0.00118597,0.00656335,6.12323e-17,-0.0383339,train
296,8.1819,0.811609,-4.71486,8.00059,5.6527,-0.452564,0.497628,0.00982683,0.642632,6.12323e-17,0.102159,test
297,4.8426,0.579515,-5.79602,9.04125,5.94526,-1.58345,0.595354,0.023994,0.699094,0.130526,0.119467,test
298,12.838,0.404309,-3.87182,3.5655,5.91543,-3.0757,0.445947,0.00546853,0.522567,0.0654031,0.0847159,train
299,13.7701,0.238086,-1.13069,6.65444,6.66365,-1.57369,0.776844,0.014609,0.807006,0.608761,0.154473,train
300,4.81636,0.211542,-2.48395,-1.14164,6.60118,-0.662896,-0.118751,0.00106996,-0.0530518,0.997859,-0.0285688,train
301,9.88295,0.392598,-2.19681,-0.644961,5.86044,-0.485342,-0.0930085,0.000442466,-0.0393693,6.12323e-17,-0.0249136,train
302,12.7401,0.598921,-3.59797,1.32519,6.73205,-2.398,0.211396,0.00146004,0.315889,6.12323e-17,0.0362592,test
303,8.86808,0.299833,-5.09607,5.40817,5.95073,-1.2087,0.382425,0.00643526,0.452245,0.0654031,0.0679612,train
304,11.7699,0.216165,-5.83673,2.2879,6.58738,-0.0940761,0.00275879,0.00111813,0.129246,6.12323e-17,-0.0144563,test
305,9.88846,0.918905,-2.14347,8.78089,6.30672,-2.38296,0.901735,0.0272158,1.04539,6.12323e-17,0.201332,train
306,12.2476,0.927816,-0.24477,-1.25209,5.99696,-0.172658,-0.104701,0.00032794,-0.0198935,0.997859,-0.0248908,train
307,12.1019,0.500786,-4.46311,8.57319,6.63178,-2.88606,0.927629,0.0233726,1.03636,0.130526,0.188768,train
308,13.9315,0.710146,-4.25326,5.02516,5.93566,-3.29477,0.572503,0.00772356,0.71084,6.12323e-17,0.117487,train
309,9.34969,0.617346,-3.46952,-1.15283,5.64299,-2.22082,-0.0377311,0.00048202,0.0435837,6.12323e-17,-0.0163538,test
310,8.2437,0.715405,-4.44743,-0.362428,6.79942,-1.82765,-0.047087,0.000976887,0.0651005,6.12323e-17,-0.0212784,test
311,10.4258,0.592204,-5.96213,5.22565,6.55761,-3.35351,0.559177,0.010373,0.717051,0.0654031,0.107311,train
312,8.99954,0.66168,-5.52136,2.89593,6.49685,-2.71981,0.286611,0.00367747,0.431942,6.12323e-17,0.0499138,train
313,12.9326,0.364101,-1.37832,3.92795,6.72764,-2.12457,0.546882,0.0076029,0.572195,0.321439,0.11128,train
314,4.18431,0.559726,-3.47583,5.33052,6.66137,-1.84763,0.43172,0.0144563,0.492215,0.130526,0.0876158,train
315,4.17651,0.850349,-3.75235,2.20969,6.07113,-1.09172,0.115005,0.0013249,0.193653,6.12323e-17,0.0195812,test
316,6.75422,0.293807,-5.4743,2.58426,6.5362,-2.22331,0.219107,0.00355413,0.29483,0.0654031,0.0342103,train
317,4.64522,0.839549,-3.58985,7.30174,5.85057,-1.65917,0.520829,0.0186958,0.638213,0.0654031,0.110029,train
318,8.84275,0.251572,-5.49115,7.87599,5.77597,-3.17379,0.728619,0.0212767,0.781089,0.19509,0.137268,test
319,9.94411,0.403644,-0.930741,5.72784,6.53101,-1.81488,0.667704,0.0145235,0.699505,0.442289,0.139568,test
320,9.2808,0.60017,-4.73425,9.83074,6.54336,-3.93898,1.07244,0.0401077,1.20681,0.130526,0.223932,train
321,4.05196,0.976343,-0.83274,6.04408,6.69437,-3.39275,0.668657,0.0357583,0.793853,6.12323e-17,0.147809,train
322,8.19204,0.591369,-5.57792,0.157268,6.4386,-0.524942,-0.155733,0.00237747,-0.0246266,6.12323e-17,-0.0472188,train
323,5.83606,0.415746,-0.556334,7.80893,6.62346,-2.85751,0.877187,0.042303,0.935999,0.55557,0.185581,train
324,5.78856,0.244921,-2.46044,3.05715,5.61449,-1.28731,0.247324,0.00373689,0.264619,0.258819,0.0465203,train
325,4.21427,0.334037,-3.83055,1.51268,6.45718,-2.06244,0.147715,0.00220764,0.186702,0.130526,0.0249387,train
326,7.0983,0.643322,-4.21861,6.34748,5.75302,-0.697458,0.40612,0.00769633,0.503591,0.0654031,0.0808695,train
327,12.5246,0.885499,-3.72636,2.09448,6.18965,-2.94061,0.301028,0.00243313,0.438461,6.12323e-17,0.0591105,train
328,13.8949,0.682544,-4.87706,-1.69136,6.69554,-0.0694021,-0.378483,0.00496625,-0.115382,0.997859,-0.0994673,train
329,6.91036,0.339638,-2.2649,3.68276,6.49537,-3.81435,0.566526,0.0152203,0.596664,0.382683,0.114129,train
330,5.02501,0.816712,-1.42915,5.54236,6.1064,-0.55262,0.407694,0.0106328,0.473032,0.0654031,0.088191,train
331,13.4303,0.555135,-5.8417,4.77963,6.76419,-0.788146,0.301778,0.00315463,0.46824,6.12323e-17,0.0489215,train
332,9.89723,0.241025,-0.207923,4.27763,6.62442,-2.68271,0.649607,0.0139084,0.702559,0.75184,0.132072,train
333,4.27893,0.382066,-5.39895,8.95611,5.63048,-2.33193,0.618142,0.0295677,0.670143,0.258819,0.122563,train
334,11.0403,0.622033,-3.48727,4.8053,5.85771,-0.46764,0.320651,0.00318187,0.412148,0.0654031,0.0622931,train
335,5.64368,0.698895,-2.49948,-0.495759,6.45774,-2.7503,0.0932174,0.000659809,0.147373,6.12323e-17,0.0156902,train
336,4.79362,0.941314,-3.85713,4.84098,6.44786,-3.11251,0.473326,0.0149575,0.617758,6.12323e-17,0.0992385,train
337,5.37628,0.351938,-3.89603,4.42589,6.62898,-1.05967,0.316842,0.00661764,0.360039,0.130526,0.0594553,train
338,4.23139,0.47508,-2.82225,4.23212,6.75046,-2.94955,0.461616,0.0162897,0.504439,0.258819,0.0942148,train
339,12.919,0.290655,-5.99206,7.06196,5.98807,-1.13324,0.517728,0.00824477,0.619015,0.0654031,0.0913707,train
340,13.7362,0.679108,-3.58309,2.18774,6.76968,-2.78901,0.337959,0.00287673,0.456379,6.12323e-17,0.0649534,train
341,12.8816,0.849383,-3.22159,0.700929,6.04873,-3.39518,0.234025,0.00146729,0.346716,6.12323e-17,0.0449446,train
342,13.6666,0.418215,-4.40483,-1.5449,5.92595,-1.92603,-0.134922,0.00105712,-0.0167125,6.12323e-17,-0.0406257,test
343,13.2274,0.919602,-0.815161,8.931,6.39989,-3.96331,1.17514,0.0359538,1.29458,0.0654031,0.269575,train
344,4.00609,0.851893,-3.68983,4.09793,6.34266,-1.69869,0.297311,0.00717444,0.394726,6.12323e-17,0.0600644,train
345,13.7941,0.225996,-3.66322,4.46108,6.58588,-1.85322,0.47863,0.00629287,0.529184,0.130526,0.0866702,train
346,11.6578,0.271392,-2.27083,6.50565,6.47936,-3.02635,0.819935,0.0192669,0.84995,0.382683,0.162552,train
347,5.61426,0.305991,-4.36966,4.92659,5.78028,-3.09948,0.467551,0.0133939,0.505587,0.19509,0.0897399,train
348,13.9693,0.214169,-2.57983,1.72236,6.35493,-1.01301,0.163315,0.000931921,0.207894,0.0654031,0.0259535,test
349,7.56445,0.568006,-4.24605,7.54496,6.61546,-1.78424,0.665171,0.0190626,0.764031,0.130526,0.135376,train
350,6.64814,0.607781,-5.59802,2.85468,6.75666,-2.56915,0.260702,0.00419822,0.382704,0.0654031,0.0448984,test
351,9.75163,0.497837,-4.40973,7.91933,5.7376,-2.74118,0.729389,0.0179625,0.818986,0.130526,0.14767,train
352,5.30601,0.730363,-1.35264,9.38004,5.86997,-3.34873,0.897518,0.0491027,0.98894,0.19509,0.196199,test
353,9.73331,0.268,-1.10786,8.80394,6.6909,-0.219621,0.814173,0.0222964,0.858114,0.659346,0.164805,train
354,11.0977,0.836851,-0.756045,6.40765,6.48615,-3.01634,0.842957,0.0214695,0.925554,0.130526,0.190005,test
355,7.85019,0.831205,-5.59091,0.0133105,6.25228,-2.52483,0.00147864,0.00117475,0.142656,6.12323e-17,-0.0123595,train
356,7.27725,0.871156,-4.02455,5.27119,6.33301,-0.920493,0.366955,0.00604654,0.500279,6.12323e-17,0.0740287,train
357,5.92634,0.44254,-2.75351,3.35266,6.65653,-1.97998,0.352054,0.00694283,0.393064,0.19509,0.0697244,train
358,9.91574,0.487059,-1.60971,2.07356,5.84407,-2.99263,0.371086,0.00453228,0.404097,0.19509,0.0763928,train
359,4.63245,0.788364,-5.53497,4.26457,6.64017,-3.15365,0.385315,0.0107195,0.521222,6.12323e-17,0.0754796,train
360,13.5575,0.332703,-5.35364,7.86319,5.89482,-2.88968,0.764427,0.0151789,0.852944,0.130526,0.145548,train
361,10.9648,0.863566,-4.45877,-0.278976,6.58814,-2.15351,-0.0150197,0.000808995,0.120199,6.12323e-17,-0.0155017,test
362,12.0788,0.9689,-5.41887,7.75333,6.11916,-3.84982,0.808296,0.0175331,1.05286,6.12323e-17,0.173241,train
363,6.2427,0.700661,-5.71998,7.65851,5.68266,-1.1683,0.473423,0.0119143,0.607222,0.0654031,0.093866,train
364,6.14358,0.208576,-0.358899,8.8964,5.91183,-3.1395,0.929077,0.0456811,1.03736,0.793353,0.188435,train
365,9.04685,0.491621,-3.41389,8.36518,5.83856,-2.83768,0.812677,0.0237496,0.882495,0.19509,0.167875,train
366,8.62489,0.287305,-2.00352,1.75666,5.71639,-0.237224,0.0953154,0.000493926,0.124557,0.0654031,0.0154026,train
367,7.51797,0.507972,-3.40439,0.0255349,5.63985,-1.20673,-0.0188999,0.000410541,0.0497596,6.12323e-17,-0.0112016,test
368,4.9285,0.744479,-1.08848,5.84112,5.9945,-3.20628,0.630447,0.0260225,0.700219,0.19509,0.137501,train
369,4.33941,0.37515,-4.15436,9.31729,5.84153,-2.18436,0.689553,0.035718,0.734618,0.321439,0.139296,train
370,10.9449,0.215569,-2.87075,6.26604,5.78293,-1.90985,0.601182,0.0115306,0.62527,0.258819,0.114571,train
371,9.12537,0.762226,-0.153994,-1.44938,6.55725,-2.64847,0.102675,0.000378544,0.113158,0.130526,0.0226679,test
372,4.58378,0.693628,-5.77218,0.674866,6.42375,-3.71807,0.141322,0.00236866,0.249689,6.12323e-17,0.0210898,train
373,4.85451,0.455632,-2.41184,9.61012,6.34919,-1.53595,0.782956,0.0405484,0.836144,0.382683,0.163275,train
374,11.3954,0.504271,-1.30076,8.0762,5.94189,-3.59954,0.976619,0.0272705,1.02581,0.321439,0.208803,train
375,11.2219,0.761872,-5.90622,3.09729,5.92032,-0.848841,0.110173,0.00128466,0.278714,6.12323e-17,0.0097996,test
376,9.48441,0.769836,-0.393755,1.16157,6.63731,-0.426204,0.130351,0.000581611,0.148709,0.0654031,0.0283058,train
377,10.1663,0.284452,-5.15777,8.41352,6.10166,-2.66468,0.79411,0.021624,0.854896,0.19509,0.151603,train
378,8.21188,0.299312,-1.5108,5.98607,5.81776,-1.47622,0.561835,0.0126176,0.586228,0.5,0.113389,train
379,4.67007,0.638974,-0.307117,7.97835,6.22225,-3.42577,0.843497,0.0491032,0.912326,0.382683,0.183741,train
380,9.83486,0.946237,-0.116497,4.47147,6.42519,-1.97165,0.573235,0.0113941,0.634487,0.0654031,0.131393,test
381,9.41162,0.409088,-0.473155,9.66434,6.71454,-3.19662,1.19776,0.0492389,1.26482,0.55557,0.253649,train
382,11.0868,0.533503,-4.33301,7.30976,6.4077,-3.55949,0.837155,0.0207034,0.944433,0.130526,0.171108,train
383,12.8507,0.931199,-0.483545,8.15252,6.06404,-0.537893,0.755339,0.0153708,0.831022,0.0654031,0.173824,test
384,6.01806,0.602319,-5.10493,-1.71324,6.66543,-0.0588223,-0.328182,0.00723048,-0.0790765,0.997859,-0.0820462,train
385,8.52122,0.858983,-0.0226977,5.50908,5.68643,-3.34399,0.702726,0.0195673,0.764389,0.19509,0.159807,train
386,4.3825,0.944984,-5.56802,2.66942,6.54938,-3.68415,0.289086,0.00656791,0.440122,6.12323e-17,0.05521,train
387,7.78935,0.799177,-2.19429,-1.73941,5.81595,-0.5479,-0.173989,0.00163326,-0.039057,0.997859,-0.0439659,train
388,13.5247,0.849138,-1.61337,9.18608,6.06989,-0.281815,0.787749,0.0154114,0.885121,0.0654031,0.176639,train
389,9.50508,0.622557,-2.36572,8.84791,6.76492,-2.16856,0.943357,0.0302873,1.03134,0.19509,0.201943,test
390,11.3247,0.212952,-1.53014,-0.13778,6.39562,-1.55083,0.0746913,0.000266446,0.0994386,0.0654031,0.0112582,train
391,4.22172,0.871596,-3.03407,8.45734,6.14885,-3.79405,0.774569,0.0455792,0.920555,0.0654031,0.167366,train
392,7.07254,0.498489,-1.1332,1.3421,5.96426,-1.42741,0.184849,0.00157744,0.205524,0.130526,0.0375553,train
393,11.9662,0.872567,-4.93805,5.42341,6.43003,-2.75387,0.550528,0.00825838,0.743527,6.12323e-17,0.112633,train
394,7.93407,0.979227,-4.23349,5.08561,6.23022,-3.73265,0.576788,0.0134731,0.759169,6.12323e-17,0.12245,train
395,4.43234,0.560249,-4.14054,1.37286,6.00872,-0.0665726,-0.0254536,0.000655012,0.0403228,6.12323e-17,-0.0122784,train
396,11.8233,0.400494,-1.64237,9.2458,6.30745,-3.08367,1.0851,0.0324175,1.13154,0.442289,0.226199,train
397,9.39701,0.694085,-4.62656,-0.337058,5.64545,-2.41485,0.000887344,0.000706015,0.113734,6.12323e-17,-0.0105376,train
398,9.29196,0.38467,-1.41848,1.47643,6.02903,-1.43056,0.199454,0.00145408,0.221348,0.130526,0.0389031,train
399,4.9815,0.841938,-2.78451,5.15491,6.48086,-1.20294,0.397342,0.0101502,0.492877,0.0654031,0.0833975,train
400,12.0722,0.90762,-2.61961,0.862952,6.47794,-0.657333,0.0294529,0.000240365,0.115545,6.12323e-17,-0.000503565,train
401,13.5081,0.967254,-5.06091,2.95369,6.52435,-2.86747,0.331212,0.00286954,0.533541,6.12323e-17,0.0623328,train
402,6.29738,0.634717,-4.57767,5.93395,6.65454,-0.916824,0.413287,0.00908979,0.519214,0.0654031,0.0810544,train
403,12.3118,0.759876,-3.54186,-0.986701,6.15357,-2.86562,0.0249134,0.0004185,0.130256,6.12323e-17,-0.00398045,test
404,10.1043,0.86172,-2.60314,-0.744447,5.63178,-1.61565,-0.0258962,0.000276798,0.0424195,6.12323e-17,-0.012134,test
405,8.4787,0.266731,-1.96831,0.67842,6.19597,-2.71528,0.224817,0.0021439,0.245832,0.19509,0.0419089,train
406,8.02038,0.441846,-3.14431,4.50225,6.26408,-0.771442,0.340477,0.00495136,0.39467,0.130526,0.0657612,train
407,10.6061,0.283408,-1.29079,9.36126,6.7162,-0.41234,0.894394,0.024708,0.93659,0.608761,0.181335,train
408,6.67238,0.574305,-3.3023,-1.88315,6.19131,-0.0850308,-0.265869,0.00403513,-0.0640419,0.997859,-0.0648531,test
409,9.11328,0.864858,-4.28707,3.05039,6.06181,-3.12836,0.358293,0.00466339,0.501248,6.12323e-17,0.0713322,train
410,11.8866,0.73639,-1.96683,7.27155,5.93223,-0.506549,0.602343,0.00999436,0.681102,0.0654031,0.13088,train
411,4.08772,0.681065,-5.07981,5.88012,6.46024,-2.25939,0.435077,0.0151922,0.539562,0.0654031,0.0869728,train
412,5.21816,0.973263,-2.45684,5.77757,5.76839,-0.765204,0.389552,0.00932857,0.494573,6.12323e-17,0.0837277,train
413,13.5711,0.380255,-4.31264,-1.11875,6.59271,-1.89482,-0.103393,0.000900559,0.0164025,6.12323e-17,-0.0341716,train
414,8.76361,0.554309,-1.73436,8.07347,5.75779,-3.08023,0.851749,0.0268284,0.908503,0.258819,0.182214,train
415,8.79013,0.87233,-3.20217,-1.90394,6.33236,-1.01973,-0.203888,0.00230996,-0.0495273,0.997859,-0.0540441,test
416,7.78368,0.264817,-4.15933,4.18802,6.01501,-0.320414,0.233694,0.00302293,0.286199,0.0654031,0.0393715,train
417,10.724,0.446305,-5.30865,7.78262,6.33458,-0.5148,0.554744,0.0100926,0.66447,0.0654031,0.105312,train
418,4.70432,0.707752,-0.117334,8.23634,5.87794,-2.65915,0.778232,0.0417325,0.846893,0.321439,0.171179,test
419,12.7544,0.766212,-3.30946,3.79012,6.67675,-0.975314,0.318786,0.00268399,0.436056,6.12323e-17,0.0626122,train
420,12.0844,0.613429,-0.429491,-0.959459,6.74121,-1.96487,0.0801523,0.000173531,0.093401,0.0654031,0.0165072,test
421,9.84146,0.936764,-3.59475,8.18725,6.62829,-2.36833,0.820356,0.0222045,1.00896,6.12323e-17,0.178767,train
422,4.61677,0.421815,-0.547734,-1.79967,6.1854,-0.677705,-0.101554,0.000728058,-0.0213245,0.997859,-0.0225425,train
423,9.5574,0.80725,-4.12437,-1.06221,6.7097,-0.755666,-0.201972,0.0024875,-0.0581888,0.997859,-0.0562631,train
424,6.73159,0.672101,-3.21619,3.37361,5.61761,-0.0541419,0.152222,0.00131601,0.221918,6.12323e-17,0.0272737,train
425,12.6275,0.620184,-3.64578,-1.35975,6.73416,-1.89816,-0.106349,0.000913412,0.00114338,6.12323e-17,-0.0341194,train
426,6.62995,0.222827,-4.41214,3.29466,6.74794,-3.90053,0.474793,0.0122626,0.508591,0.258819,0.088111,train
427,11.5666,0.744962,-0.798898,9.27825,5.88471,-3.23218,1.05024,0.031931,1.12734,0.19509,0.235299,test
428,7.31642,0.248034,-1.65272,3.00647,5.76247,-3.37002,0.454249,0.00939121,0.473659,0.5,0.0898515,train
429,7.26228,0.911901,-0.351867,8.26201,5.95213,-1.4912,0.764343,0.0268618,0.852935,0.130526,0.172912,train
430,9.44127,0.794386,-3.49968,8.85567,6.24954,-2.0846,0.821555,0.0231542,0.965056,0.0654031,0.176931,train
431,6.94422,0.545218,-1.64822,3.36883,6.30557,-1.19847,0.32415,0.00489504,0.360059,0.19509,0.0669194,test
432,10.6509,0.419126,-1.51401,-0.5595,6.57477,-3.06906,0.17712,0.00102775,0.206657,0.0654031,0.0338094,test
433,8.71422,0.546309,-0.00115983,1.4939,5.70471,-2.5717,0.330296,0.00408615,0.348907,0.5,0.0720915,train
434,5.15626,0.585773,-5.6923,4.93865,6.29934,-2.82893,0.4123,0.0112868,0.517497,0.0654031,0.0793134,test
435,13.3035,0.225132,-1.10089,2.94972,6.44477,-2.55022,0.488657,0.00606631,0.504147,0.5,0.0957629,test
436,13.468,0.341396,-2.26592,2.60354,5.97778,-0.318246,0.179156,0.000954226,0.223257,0.0654031,0.0315014,train
437,12.6929,0.975822,-1.61553,-0.639787,5.64415,-1.1287,-0.0221447,0.000114209,0.0253229,6.12323e-17,-0.00935394,train
438,4.34409,0.752657,-1.69093,5.12214,6.4565,-2.91297,0.544143,0.0218396,0.618731,0.130526,0.117011,train
439,9.60861,0.39624,-2.84969,8.3608,6.13852,-3.56789,0.945944,0.0303868,0.996344,0.321439,0.193907,train
440,6.17148,0.821756,-1.51664,4.59391,6.15647,-1.6827,0.443537,0.0102831,0.514655,0.0654031,0.0962775,train
441,6.27425,0.221837,-5.24246,5.05169,6.49784,-3.64249,0.5531,0.0175048,0.590859,0.258819,0.102932,train
442,11.102,0.922604,-0.508236,-1.03171,5.88233,-2.21932,0.0811462,0.000192411,0.102702,6.12323e-17,0.0174373,train
443,12.7604,0.950978,-2.81891,2.65432,5.6448,-1.33024,0.223686,0.00129676,0.327135,6.12323e-17,0.0447763,train
444,9.55194,0.365881,-5.63767,4.2523,5.83499,-1.91451,0.320679,0.00456283,0.418932,0.0654031,0.0545542,train
445,13.1386,0.703344,-5.84854,2.68858,6.15301,-0.829901,0.0813172,0.00117231,0.255585,6.12323e-17,0.00204682,test
446,8.96838,0.93837,-3.0648,2.05048,6.03549,-0.90831,0.130327,0.000763259,0.227291,6.12323e-17,0.0226501,train
447,10.8449,0.562043,-4.6786,6.47346,6.3098,-2.13358,0.600627,0.0110988,0.719552,0.0654031,0.119429,train
448,6.28682,0.819886,-2.11524,3.88411,6.48858,-0.671695,0.299019,0.00456827,0.371596,0.0654031,0.0624996,train
449,12.2912,0.48373,-5.97471,2.34626,6.10971,-3.87814,0.331512,0.00386977,0.47331,0.0654031,0.0558118,train
450,8.94007,0.633124,-4.71013,6.73891,6.78193,-3.94276,0.805626,0.0235613,0.942173,0.0654031,0.165876,train
451,6.31084,0.512232,-5.80575,1.21286,5.74689,-1.18469,-0.00854862,0.00116013,0.0990378,6.12323e-17,-0.0131128,test
452,5.69521,0.44711,-2.10544,1.67847,6.1772,-1.088,0.148025,0.00137238,0.178745,0.0654031,0.0276738,train
453,6.35498,0.313546,-3.5088,1.93283,6.33089,-1.22413,0.140833,0.00149778,0.188194,0.0654031,0.02244,train
454,13.7427,0.738484,-3.73093,5.45595,6.46388,-2.82283,0.63303,0.00949783,0.770541,0.0654031,0.132328,train
455,13.3492,0.602734,-5.71146,8.70965,6.77429,-0.762276,0.696169,0.0122485,0.869204,0.0654031,0.137049,test
456,8.07416,0.612763,-2.67998,8.7427,6.44034,-2.40576,0.878513,0.0308309,0.96477,0.19509,0.186841,train
457,13.6718,0.243858,-1.83433,1.55668,6.47678,-0.551054,0.132855,0.00057854,0.16516,0.0654031,0.0220204,train
458,7.89685,0.755988,-0.194623,8.36864,6.03937,-3.85017,1.00339,0.0421627,1.08342,0.258819,0.224315,train
459,6.54827,0.67349,-4.98127,-0.680613,5.67366,-1.00289,-0.142898,0.00210246,-0.0444963,6.12323e-17,-0.0414524,test
460,4.86567,0.461665,-4.59496,8.91387,5.7041,-1.08386,0.57584,0.0223408,0.637484,0.19509,0.115664,train
461,7.19377,0.779186,-2.23599,2.11934,6.58402,-0.313973,0.124347,0.00078918,0.186161,6.12323e-17,0.0227956,train
462,7.05458,0.62695,-2.6772,-1.76422,6.14666,-3.32151,0.0314299,0.000286374,0.0893777,6.12323e-17,0.00119768,train
463,6.13273,0.358785,-4.76378,8.94439,5.94281,-3.55777,0.824938,0.0366146,0.878891,0.258819,0.164731,train
464,12.0383,0.99266,-3.4649,5.01198,5.80253,-3.87465,0.617007,0.0103515,0.781393,6.12323e-17,0.134982,train
465,9.13892,0.242625,-5.88226,1.13957,6.51317,-2.06665,0.0738597,0.001488,0.180368,6.12323e-17,0.00133207,test
466,10.866,0.559267,-3.99998,-1.2068,5.86477,-0.852699,-0.181497,0.00168308,-0.0676983,0.997859,-0.0498074,train
467,6.20234,0.511931,-0.324089,4.92267,6.55545,-2.65356,0.628446,0.0204863,0.669643,0.5,0.135035,train
468,13.5154,0.964044,-2.49614,1.07284,6.75974,-2.20217,0.208378,0.00107689,0.31423,6.12323e-17,0.0409741,test
469,9.24844,0.726283,-4.31053,2.2277,6.51122,-2.67708,0.270251,0.00289668,0.394853,6.12323e-17,0.0496553,train
470,10.7953,0.381087,-5.56148,-1.94437,5.71792,-1.44749,-0.241122,0.0026965,-0.102791,6.12323e-17,-0.0643489,train
471,11.1675,0.564519,-2.08006,6.43915,6.54307,-0.838631,0.603925,0.0106031,0.663781,0.130526,0.126798,train
472,6.85004,0.364961,-5.02688,9.97404,6.55663,-1.68451,0.829508,0.0333907,0.892744,0.258819,0.164322,test
473,13.7881,0.912408,-0.284296,2.28141,5.60086,-0.96662,0.262101,0.0017282,0.28881,0.0654031,0.0601717,train
474,5.98148,0.854283,-1.11553,4.66632,6.1288,-3.5844,0.60619,0.019996,0.689777,0.0654031,0.133838,train
475,10.6828,0.590684,-0.0731034,9.94503,6.36884,-2.08065,1.10308,0.037433,1.16463,0.442289,0.242655,train
476,7.03917,0.803624,-0.477088,3.60401,6.13454,-3.04089,0.524347,0.0128222,0.578547,0.19509,0.116626,train
477,13.7826,0.899303,-3.24574,-1.72631,6.10538,-0.22405,-0.272563,0.00268216,-0.0731323,0.997859,-0.0722094,train
478,13.5999,0.495866,-0.163156,-0.622313,6.13975,-2.29524,0.148441,0.000530098,0.155223,0.382683,0.0317792,train
479,7.60391,0.429448,-4.75299,2.96804,6.4999,-2.6801,0.319666,0.00510522,0.403134,0.0654031,0.0575679,train
480,5.17906,0.30611,-1.74951,3.03646,6.13539,-2.80655,0.394267,0.0098237,0.415268,0.442289,0.0792708,train
481,4.44088,0.88842,-4.33877,5.53394,6.63887,-0.686668,0.326155,0.00785624,0.450085,6.12323e-17,0.0651633,train
482,10.6106,0.319204,-3.01042,-0.888133,6.13397,-0.627375,-0.135805,0.000821946,-0.058416,6.12323e-17,-0.0356835,test
483,11.5391,0.405835,-4.191,1.91683,5.61811,-3.43813,0.300719,0.00304081,0.382287,0.0654031,0.0537486,train
484,6.9208,0.937963,-0.552031,0.387437,6.55837,-1.54871,0.143102,0.000956517,0.173839,6.12323e-17,0.0312265,test
485,4.71422,0.6121,-1.36998,-1.01655,6.79005,-2.94294,0.106284,0.00080805,0.132648,0.0654031,0.0206835,train
486,4.35059,0.261251,-0.190279,7.21867,5.79116,-1.66642,0.619558,0.0283597,0.687791,0.707107,0.128122,test
487,7.49643,0.514528,-5.31927,-0.144883,5.77105,-2.41882,-0.00236827,0.000967235,0.105496,6.12323e-17,-0.0117512,train
488,8.48341,0.608315,-4.68236,-0.825177,6.79649,-0.268674,-0.242656,0.0034584,-0.0731955,0.997859,-0.0647947,train
489,6.919,0.824001,-2.05457,7.08789,6.55266,-1.03736,0.615024,0.0176448,0.715793,0.0654031,0.133452,test
490,7.48696,0.609268,-1.24684,5.89356,5.95975,-0.968612,0.51514,0.0114471,0.558318,0.258819,0.110481,train
491,9.6289,0.416661,-3.74906,3.70602,6.05367,-0.730412,0.247655,0.00250635,0.318994,0.0654031,0.0438164,train
492,11.9111,0.343149,-2.54965,9.96839,6.08271,-2.7423,1.05511,0.0307417,1.09772,0.321439,0.214484,train
493,9.27249,0.272816,-1.8926,8.82167,6.25694,-0.0972226,0.725791,0.0187835,0.755633,0.5,0.145113,train
494,8.59137,0.308438,-4.68827,6.75466,5.87256,-1.16674,0.498834,0.0103524,0.556663,0.130526,0.0934626,train
495,8.77512,0.900288,-3.9134,-1.65574,5.79464,-3.31137,-0.0106911,0.000553619,0.0909135,6.12323e-17,-0.0113954,train
496,6.47713,0.401949,-2.81343,0.299793,5.86211,-2.45531,0.122843,0.00101305,0.165563,0.0654031,0.020571,train
497,13.9189,0.700194,-5.25738,0.79491,6.11516,-0.098598,-0.135331,0.00161143,0.0194375,6.12323e-17,-0.0453345,train
498,8.3813,0.362779,-4.85495,3.70583,5.76402,-0.927836,0.211966,0.00253237,0.292437,0.0654031,0.0341011,test
499,4.26732,0.787229,-5.83382,-0.810952,5.7809,-1.57973,-0.124335,0.00259848,-0.0340998,6.12323e-17,-0.0367258,test
500,4.2495,0.858606,-0.273864,6.15244,6.21045,-1.04624,0.507645,0.0196932,0.573278,0.130526,0.112319,train
501,8.98045,0.99387,-3.79822,-1.9294,6.07918,-2.70881,-0.0816344,0.000958025,0.0159508,6.12323e-17,-0.0278125,train
502,13.7699,0.325925,-1.6606,7.46039,6.39479,-0.15135,0.667968,0.0107354,0.69455,0.321439,0.134601,train
503,12.0663,0.914985,-4.61826,3.10945,5.60162,-1.29598,0.187487,0.00123912,0.336457,6.12323e-17,0.0317028,train
504,6.52436,0.25648,-1.6869,6.79083,6.29544,-1.40725,0.625071,0.0196427,0.660708,0.608761,0.125495,test
505,10.4108,0.829655,-3.85897,7.05945,6.68962,-3.36748,0.817886,0.0207856,0.98603,0.0654031,0.175334,train
506,4.68064,0.321597,-4.39432,2.90335,6.09515,-0.19599,0.0939106,0.00129111,0.146641,0.0654031,0.0124013,train
507,4.00037,0.422044,-1.20109,6.18295,5.96933,-2.56203,0.576049,0.0265705,0.61528,0.5,0.120806,test
508,5.01195,0.407868,-5.85002,7.91235,6.15415,-2.04972,0.572051,0.0220592,0.641167,0.19509,0.111323,train
509,4.26225,0.603847,-0.294649,8.39969,6.64088,-3.63187,0.907066,0.0619888,0.980267,0.382683,0.196478,train
510,9.76083,0.647381,-5.15319,1.23261,5.8337,-3.65749,0.218644,0.00217933,0.348182,6.12323e-17,0.0361868,train
511,11.4837,0.796242,-3.78284,0.715371,5.97073,-1.51068,0.0441783,0.000473648,0.154474,6.12323e-17,0.000217924,train
512,12.4639,0.317599,-2.49288,4.64553,5.92313,-2.14807,0.513243,0.0071893,0.547666,0.19509,0.100382,train
513,12.7032,0.603163,-2.15118,9.82265,6.22706,-3.81851,1.17452,0.0355539,1.25878,0.19509,0.254004,train
514,10.3873,0.84143,-0.292893,1.18048,6.72011,-2.5392,0.339027,0.00369245,0.373677,0.130526,0.0762605,train
515,7.21062,0.359763,-2.13998,9.5376,6.27228,-2.79703,0.971889,0.0424163,1.02218,0.5,0.200212,train
516,9.99304,0.979864,-0.963241,0.00190215,6.08206,-0.707912,0.0227383,3.83677e-05,0.0533368,6.12323e-17,0.002866,train
517,6.54081,0.791066,-5.17455,6.91943,6.16801,-1.90495,0.524814,0.013695,0.675987,6.12323e-17,0.106674,train
518,10.5933,0.418678,-0.887441,5.73055,6.39742,-0.00331488,0.496876,0.0075665,0.520527,0.382683,0.103687,train
519,6.41014,0.394589,-5.96571,7.25806,5.96248,-1.6066,0.50409,0.0139596,0.584629,0.130526,0.0951894,test
520,8.0431,0.361293,-0.8416,7.90576,6.20421,-0.205029,0.668618,0.0179691,0.704246,0.55557,0.138991,train
521,12.0339,0.263323,-3.87543,9.99792,5.75917,-1.74453,0.879499,0.0220401,0.920807,0.258819,0.170513,train
522,12.111,0.817412,-1.50091,4.43792,5.7024,-0.470155,0.356292,0.00343719,0.417584,0.0654031,0.0776165,train
523,5.08809,0.643771,-4.2321,3.09166,6.57824,-0.442981,0.134497,0.00167079,0.215905,6.12323e-17,0.0216056,train
524,12.0512,0.292565,-5.75831,1.20617,6.05103,-0.423818,-0.0674211,0.00109414,0.0671059,6.12323e-17,-0.0284988,train
525,9.31048,0.704707,-1.78412,5.75722,6.73962,-2.52799,0.700685,0.0170948,0.78011,0.130526,0.151623,train
526,6.67666,0.95859,-1.58203,3.64605,6.48417,-2.45677,0.448758,0.00977317,0.54448,6.12323e-17,0.0984243,train
527,11.9425,0.512896,-4.28432,2.79239,6.41505,-1.67638,0.246211,0.0021526,0.352994,0.0654031,0.0418558,train
528,5.83236,0.758141,-3.75372,2.25236,6.49901,-1.82486,0.196973,0.00242527,0.288693,6.12323e-17,0.036248,train
529,12.6131,0.691628,-1.27387,3.68067,6.76927,-3.84319,0.687773,0.0123039,0.751498,0.130526,0.150371,train
530,7.25714,0.67593,-4.06831,4.17825,5.90125,-2.45158,0.387056,0.00683197,0.487762,0.0654031,0.0771138,train
531,9.1755,0.576535,-4.11843,7.60013,6.71373,-2.54252,0.780501,0.0215813,0.888555,0.130526,0.160501,train
532,13.1797,0.605684,-1.00484,3.72808,6.72642,-0.862442,0.412142,0.00420176,0.448725,0.130526,0.0882395,test
533,6.72182,0.317171,-1.55439,2.54903,6.29623,-0.0354387,0.162499,0.00137719,0.179472,0.19509,0.0307767,train
534,11.6381,0.204853,-3.24089,2.29518,5.9641,-3.46028,0.395189,0.00507456,0.430003,0.130526,0.0715668,train
535,7.00151,0.523203,-5.27558,9.33239,5.80339,-1.53957,0.678987,0.0216698,0.777723,0.130526,0.136402,test
536,7.7991,0.33052,-1.67182,0.191343,6.65022,-1.73888,0.111436,0.000634144,0.136044,0.0654031,0.0195505,train
537,5.92368,0.422564,-0.122082,-1.59821,6.74342,-1.28351,-0.0313655,5.40274e-05,-0.00667456,0.997859,-0.00692715,test
538,12.9387,0.958909,-1.23722,1.35589,5.74885,-1.74633,0.215111,0.001171,0.271023,6.12323e-17,0.0468701,train
539,13.9954,0.894444,-2.24253,-0.914272,5.83292,-0.275182,-0.146634,0.000859543,-0.0434602,0.997859,-0.0401282,train
540,5.75343,0.402783,-2.51216,-0.0444423,6.05273,-0.93013,-0.0141458,0.000231842,0.0290509,6.12323e-17,-0.00771677,train
541,5.99668,0.556551,-1.79769,-1.24178,5.8375,-3.91826,0.145247,0.00119628,0.178228,0.0654031,0.0281503,train
542,5.77821,0.492728,-0.844397,9.4086,6.24652,-3.16708,0.978557,0.0532447,1.04189,0.5,0.209065,train
543,5.65576,0.914004,-1.76722,1.29032,5.71399,-3.73104,0.308034,0.00539038,0.379999,6.12323e-17,0.0662656,test
544,4.50799,0.715997,-4.1518,1.15365,6.01009,-3.74353,0.22108,0.00379587,0.304243,0.0654031,0.0417753,train
545,11.122,0.535255,-3.01819,4.89383,6.28389,-1.17126,0.435626,0.00566903,0.509307,0.0654031,0.0871509,train
546,11.7369,0.629527,-1.26917,3.06678,6.04766,-0.77637,0.292414,0.0023704,0.331056,0.0654031,0.061599,test
547,13.0779,0.213666,-3.05645,-0.749704,5.91695,-0.814864,-0.103968,0.000451798,-0.0275161,6.12323e-17,-0.028466,train
548,6.95625,0.654348,-5.73035,3.10267,6.54571,-0.705819,0.110865,0.00167069,0.241008,6.12323e-17,0.011886,train
549,13.2977,0.588982,-2.77197,9.67059,6.4817,-0.760623,0.888353,0.0193454,0.97707,0.130526,0.188176,train
550,11.5287,0.578262,-0.825162,-0.560846,6.2777,-3.98487,0.281634,0.00223683,0.306736,0.130526,0.0597596,train
551,10.9835,0.389406,-3.63994,-0.451835,6.14413,-0.616557,-0.124229,0.000904269,-0.0316555,6.12323e-17,-0.0355412,test
552,11.7858,0.454635,-4.91174,0.929043,5.86707,-0.348236,-0.0729658,0.000949607,0.0491699,6.12323e-17,-0.0282196,train
553,8.37035,0.691448,-1.16946,5.57299,6.63602,-0.0889904,0.465613,0.00837791,0.516124,0.130526,0.100577,train
554,6.36326,0.778604,-1.98078,7.80223,5.95876,-1.03424,0.620565,0.0195427,0.707197,0.130526,0.13464,train
555,12.286,0.451421,-1.39881,3.94552,5.68967,-1.44338,0.410311,0.00449184,0.438533,0.19509,0.0846878,train
556,8.2286,0.731854,-3.84779,3.64214,6.01691,-0.256918,0.18142,0.00158902,0.281737,6.12323e-17,0.0318165,train
557,6.56738,0.802638,-4.63117,-0.0237158,5.90748,-0.543122,-0.121247,0.0017528,-0.0269467,6.12323e-17,-0.0365393,train
558,10.5655,0.561501,-2.56748,6.16327,6.4554,-2.11149,0.664812,0.0135789,0.735006,0.130526,0.13888,train
559,7.24574,0.551361,-2.37278,3.23651,5.63776,-2.85116,0.392877,0.00692047,0.44172,0.130526,0.0807401,train
560,5.16771,0.511172,-0.278516,7.09075,6.27171,-0.390639,0.573827,0.0204619,0.613373,0.5,0.123218,train
561,7.06965,0.956054,-2.80785,-1.97409,6.42776,-3.27637,0.00224379,0.000301305,0.0742833,6.12323e-17,-0.00561666,train
562,10.658,0.318741,-4.1968,8.27159,6.76218,-3.29004,0.956096,0.0288199,1.01286,0.258819,0.188295,train
563,9.03717,0.845407,-3.83208,0.494119,6.32887,-0.675001,-0.0498244,0.000740433,0.051084,6.12323e-17,-0.0206411,train
564,5.30474,0.409229,-1.52967,-0.712188,6.01895,-3.93261,0.196512,0.00240961,0.215138,0.19509,0.0390366,train
565,13.0341,0.311164,-0.367574,4.44356,6.1449,-3.99757,0.767331,0.0147561,0.804863,0.659346,0.158285,train
566,11.8702,0.296423,-1.87924,9.64115,6.33522,-0.322404,0.861754,0.0206738,0.89353,0.442289,0.173388,train
567,12.3224,0.475896,-0.810424,6.77945,6.27642,-0.210694,0.619192,0.0101336,0.648626,0.382683,0.131563,train
568,4.99195,0.709113,-3.6736,5.47992,5.76975,-3.5137,0.530721,0.0181244,0.625085,0.0654031,0.110745,train
569,5.5753,0.37785,-0.936841,5.04947,6.19791,-0.113498,0.377521,0.00823971,0.399525,0.5,0.0781067,train
570,11.3787,0.338811,-2.55188,4.40242,6.55885,-1.10932,0.42651,0.00548679,0.46591,0.130526,0.0825467,train
571,6.25385,0.737742,-2.80901,5.92897,6.63356,-2.83803,0.63554,0.0207282,0.736189,0.0654031,0.135051,train
572,13.418,0.903172,-0.0327849,8.78637,6.63078,-1.55684,1.00237,0.0259944,1.08361,0.19509,0.231235,train
573,10.1614,0.578819,-1.48022,2.4978,5.88315,-1.59598,0.29409,0.00277,0.331629,0.130526,0.0610317,train
574,7.9248,0.678785,-0.171045,2.27389,6.00004,-2.0977,0.355124,0.00521399,0.380776,0.321439,0.0784373,train
575,12.7962,0.663682,-4.9985,6.0659,6.09982,-0.0396764,0.351435,0.00353038,0.498314,6.12323e-17,0.0649178,train
576,11.114,0.249577,-2.5215,1.80871,6.62179,-3.96034,0.45669,0.00657347,0.48425,0.19509,0.0868222,train
577,11.0131,0.978133,-1.01149,9.20669,6.65829,-3.59159,1.15999,0.0416012,1.31233,6.12323e-17,0.265313,test
578,6.69896,0.917154,-2.25553,6.18577,6.72852,-1.56059,0.578478,0.016108,0.700307,6.12323e-17,0.125709,test
579,8.96028,0.965519,-3.85442,8.05904,6.20493,-3.96863,0.878411,0.0280294,1.08153,6.12323e-17,0.192537,train
580,6.08301,0.44755,-5.56407,3.79624,6.09358,-0.142763,0.124473,0.00186934,0.217012,0.0654031,0.0157952,train
581,12.9563,0.286932,-1.77831,1.86306,6.6297,-1.57783,0.267468,0.00197281,0.294192,0.130526,0.0502646,test
582,8.33161,0.760386,-3.99771,0.289202,6.51384,-1.1631,-0.0299299,0.000712099,0.0713824,6.12323e-17,-0.0162464,test
583,11.4877,0.280211,-2.91082,0.574218,6.4306,-3.45741,0.267863,0.00243636,0.312989,0.0654031,0.0476779,train
584,12.8319,0.837932,-2.99006,-0.891229,6.62952,-1.64089,-0.059667,0.000516467,0.0335291,6.12323e-17,-0.0222891,train
585,11.9474,0.959383,-2.68481,3.3019,6.14317,-1.71863,0.336597,0.00306683,0.451024,6.12323e-17,0.0708841,train
586,8.74107,0.482544,-4.59732,2.25755,5.67173,-2.30513,0.209212,0.00219839,0.299509,0.0654031,0.034905,test
587,13.3909,0.651511,-2.72793,8.11761,6.33956,-0.0832793,0.659832,0.0105985,0.752467,0.0654031,0.139522,train
588,5.49508,0.427393,-3.59356,-0.320127,6.59141,-1.8593,0.00070839,0.000486486,0.062422,6.12323e-17,-0.00670071,train
589,7.70732,0.649167,-5.92274,5.16042,6.69918,-0.397028,0.264825,0.00390419,0.409776,6.12323e-17,0.0445913,train
590,9.52222,0.307605,-5.82892,5.13651,5.75785,-0.58923,0.276496,0.00383958,0.370798,0.0654031,0.0442663,train
591,13.9222,0.279845,-0.914322,4.56303,6.69729,-3.3173,0.755141,0.0135021,0.784645,0.55557,0.152698,train
592,6.53627,0.450366,-2.96098,1.34924,5.60587,-2.14753,0.169509,0.00166485,0.216082,0.0654031,0.0305778,train
593,9.81921,0.692087,-4.35688,0.764809,6.78118,-1.99317,0.0777427,0.000852162,0.199607,6.12323e-17,0.005871,train
594,11.6421,0.516259,-5.81022,5.34114,6.18414,-3.08936,0.538336,0.00880877,0.677895,0.0654031,0.101817,test
595,10.0164,0.94721,-3.1022,0.850227,5.92387,-0.910244,0.0278562,0.000312246,0.119027,6.12323e-17,-0.00116508,test
596,13.9467,0.953103,-4.52295,-0.262698,6.46822,-2.86154,0.047287,0.000676199,0.206098,6.12323e-17,-0.00223752,train
597,8.39274,0.309331,-2.13614,-1.61314,5.81011,-1.18701,-0.10832,0.000570751,-0.0463342,0.997859,-0.0271466,train
598,10.6879,0.527897,-5.41338,4.75132,6.60217,-1.69627,0.388915,0.00536069,0.521822,0.0654031,0.0702718,train
599,6.10336,0.539842,-3.97322,1.94223,6.47311,-0.0705218,0.0243206,0.000616682,0.101035,6.12323e-17,-0.00276379,test
600,13.8568,0.719905,-4.85233,9.37245,6.31315,-3.68299,1.02438,0.0246886,1.20447,0.0654031,0.217315,train
601,9.49739,0.514348,-5.74279,5.43056,6.68684,-0.727873,0.345362,0.00505107,0.477972,0.0654031,0.0602833,train
602,13.0248,0.818431,-2.06742,3.2756,5.69574,-2.22599,0.387687,0.00377023,0.46723,6.12323e-17,0.0833999,train
603,7.58899,0.29918,-0.0406878,2.4655,6.72271,-0.503819,0.267985,0.00305088,0.289864,0.707107,0.0556464,train
604,6.97149,0.302002,-4.60511,4.57387,6.20833,-1.93343,0.384501,0.007803,0.437077,0.130526,0.0705637,train
605,4.62762,0.498985,-4.75886,7.81672,5.79172,-3.33002,0.649759,0.0296496,0.721003,0.19509,0.132008,train
606,7.35411,0.635759,-3.76392,2.31536,6.60367,-3.75223,0.388264,0.00681387,0.482362,0.0654031,0.0769074,train
607,7.3428,0.685969,-3.37694,2.26094,5.72755,-1.07611,0.144202,0.00115622,0.221808,6.12323e-17,0.0249222,train
608,12.1953,0.903623,-0.72703,0.269534,5.97728,-1.85557,0.156754,0.000660104,0.190449,6.12323e-17,0.0342574,train
609,13.0195,0.502916,-3.61582,-1.28303,5.96862,-3.82369,0.0871469,0.000564754,0.179022,6.12323e-17,0.00923759,train
610,4.19768,0.990198,-2.11855,1.60984,6.6557,-2.74685,0.253347,0.00488715,0.337022,6.12323e-17,0.0531558,train
611,13.9872,0.660006,-5.9823,4.19515,6.6692,-3.22224,0.471011,0.00576414,0.662561,6.12323e-17,0.0873819,test
612,6.20868,0.947622,-5.22557,3.73599,6.24157,-1.73221,0.24708,0.00358761,0.400349,6.12323e-17,0.0454134,train
613,7.51235,0.40705,-2.69945,6.49299,6.35375,-0.647445,0.518743,0.0117734,0.559255,0.19509,0.104355,train
614,12.6855,0.391729,-3.76996,4.4898,6.34489,-0.122259,0.285572,0.00256126,0.36622,0.0654031,0.0502818,train
615,12.3311,0.623584,-4.92637,9.61947,5.74614,-0.00195757,0.638675,0.0109371,0.774578,0.0654031,0.129182,train
616,4.25675,0.501423,-3.13486,4.69024,5.61946,-0.720573,0.277129,0.00599101,0.319294,0.130526,0.0547812,train
617,8.89792,0.453631,-1.57998,8.81033,5.6393,-3.8334,0.969785,0.0342402,1.01844,0.382683,0.204727,train
618,12.3179,0.344163,-4.84199,-1.49681,5.74359,-3.24574,-0.0240423,0.000699319,0.0874121,6.12323e-17,-0.017145,train
619,11.1873,0.739803,-2.08597,3.93084,6.49235,-0.141533,0.293012,0.00249892,0.364539,0.0654031,0.0603133,test
620,10.9868,0.386149,-4.57141,3.26747,6.28547,-0.0919655,0.131133,0.00122898,0.229237,6.12323e-17,0.0160378,train
621,11.0383,0.592889,-5.01132,1.70024,6.05157,-2.88364,0.210318,0.00192691,0.338684,6.12323e-17,0.0335025,train
622,7.1319,0.9433,-4.10507,3.02019,6.49029,-2.60195,0.318624,0.00470292,0.461109,6.12323e-17,0.0632986,train
623,10.4732,0.792082,-4.63617,9.19271,6.47428,-0.990416,0.744188,0.0171029,0.917229,6.12323e-17,0.156164,train
624,11.2623,0.412702,-1.85695,1.25248,6.46972,-1.39255,0.175426,0.000998745,0.213364,0.0654031,0.0324502,train
625,4.66193,0.750454,-2.32994,7.48096,6.6465,-3.12031,0.74542,0.0381977,0.848256,0.130526,0.160184,train
626,5.5126,0.702301,-4.72817,1.88142,6.37402,-0.3937,0.0152687,0.00083064,0.109941,6.12323e-17,-0.00565404,train
627,10.9905,0.788735,-1.4258,6.15839,6.65934,-3.35566,0.842494,0.0213014,0.935013,0.130526,0.186741,train
628,10.6472,0.336164,-4.71855,0.229715,6.05548,-1.24598,-0.0440899,0.000769437,0.0626481,6.12323e-17,-0.0207892,train
629,13.4075,0.682137,-4.92238,2.43878,6.38758,-1.6601,0.179759,0.00137887,0.331132,6.12323e-17,0.0262046,train
630,6.15525,0.869816,-4.97546,5.00756,6.76287,-0.166726,0.24947,0.00372584,0.391416,6.12323e-17,0.0455824,train
631,7.0489,0.624232,-2.23329,-0.719693,5.8001,-2.53056,0.0653196,0.000329994,0.112421,6.12323e-17,0.00974767,train
632,5.32936,0.318345,-1.24379,0.0956488,6.23533,-2.18312,0.13829,0.00122354,0.149538,0.258819,0.0267074,train
633,9.58613,0.991583,-4.01938,7.9348,6.53852,-2.20721,0.749192,0.0189456,0.955943,6.12323e-17,0.162406,train
634,10.1518,0.896754,-3.00261,0.529619,6.29757,-1.67572,0.0739697,0.000403464,0.167761,6.12323e-17,0.00927014,train
635,7.43863,0.954858,-3.41465,3.55644,5.88662,-1.49372,0.276468,0.00335443,0.392982,6.12323e-17,0.0558393,train
636,6.80484,0.470598,-3.81229,2.8462,6.07636,-2.32276,0.288359,0.0043438,0.353017,0.0654031,0.0541027,train
637,11.4423,0.34038,-5.03453,8.30449,6.26205,-3.45343,0.891383,0.0236692,0.966619,0.19509,0.173686,train
638,9.68349,0.342182,-0.806134,5.2982,6.74255,-2.75814,0.737472,0.0182076,0.77514,0.55557,0.152622,test
639,10.4668,0.579924,-3.05818,0.487221,6.66612,-1.44429,0.0561845,0.000422774,0.136798,6.12323e-17,0.00418807,train
640,6.21952,0.935095,-2.65715,2.68414,5.60747,-1.93779,0.250837,0.00326023,0.338262,6.12323e-17,0.0518461,train
641,5.25404,0.625876,-2.04775,-0.704081,6.57702,-0.994272,-0.0486487,0.000332315,-0.0106263,6.12323e-17,-0.0144721,train
642,13.6553,0.433224,-3.0911,6.94939,6.5236,-0.345102,0.584686,0.00838759,0.651601,0.130526,0.116336,train
643,12.8452,0.726847,-1.45756,-0.520868,6.04248,-2.15634,0.0878047,0.000227363,0.13285,6.12323e-17,0.0158567,test
644,8.55079,0.944232,-3.65614,3.51229,6.53308,-0.659085,0.22159,0.00201743,0.348155,6.12323e-17,0.0417962,train
645,12.2174,0.441002,-1.04106,3.45017,5.84698,-1.82119,0.423223,0.00478897,0.445709,0.258819,0.0881064,train
646,8.36117,0.550649,-1.56335,2.16067,5.66873,-2.55447,0.323559,0.0040618,0.358499,0.130526,0.0671981,train
647,12.9215,0.825651,-3.52423,4.47524,6.69228,-3.72368,0.643662,0.0104008,0.794228,6.12323e-17,0.136678,train
648,6.52524,0.399,-5.12004,4.62321,6.4834,-0.475442,0.249301,0.00402901,0.329667,0.0654031,0.0423239,train
649,4.40605,0.7588,-5.41771,2.58323,6.40609,-0.389195,0.0436711,0.00111635,0.143685,6.12323e-17,0.000552633,test
650,10.3747,0.348846,-5.44797,4.23829,6.2479,-3.7759,0.520051,0.00960912,0.610232,0.0654031,0.0956487,train
651,13.0979,0.581481,-3.16234,6.68257,5.98514,-3.35733,0.777073,0.0150586,0.866396,0.130526,0.162935,train
652,12.4341,0.312684,-1.6762,-0.882775,6.45424,-1.60451,0.00248471,9.48599e-05,0.0421716,6.12323e-17,-0.00398415,train
653,11.5435,0.372188,-0.100718,2.57364,5.94434,-2.27726,0.425135,0.00508979,0.446682,0.608761,0.0894679,train
654,10.404,0.841102,-5.28608,5.75178,6.33715,-2.22882,0.502179,0.0079948,0.688621,6.12323e-17,0.100629,train
655,13.944,0.724407,-5.60972,5.43607,5.64729,-2.65073,0.474679,0.00551523,0.647806,6.12323e-17,0.0925048,train
656,7.23208,0.469587,-4.73786,9.54258,5.92217,-3.8869,0.923695,0.0384203,1.0065,0.19509,0.188663,train
657,13.1056,0.629046,-1.31036,2.90984,5.98966,-0.778855,0.278825,0.00193649,0.318999,0.0654031,0.0584858,train
658,12.8134,0.329282,-3.52886,4.65981,6.56263,-3.56398,0.659967,0.0116578,0.715452,0.130526,0.128017,train
659,13.4814,0.49022,-3.91158,1.78682,6.7361,-0.216728,0.0310765,0.00057286,0.140769,6.12323e-17,-0.00475291,train
660,6.21403,0.386908,-2.29549,5.37245,6.63943,-1.04124,0.466343,0.0114423,0.497848,0.321439,0.0941088,train
661,9.06504,0.970361,-4.69689,7.53619,6.5321,-3.09119,0.757875,0.0204099,0.979336,6.12323e-17,0.162283,train
662,12.0917,0.256818,-0.502209,9.08609,6.06965,-0.808145,0.878226,0.0209442,0.928896,0.707107,0.178116,train
663,13.6111,0.883469,-1.60661,8.88002,6.3438,-3.16914,1.05972,0.0279552,1.18478,0.0654031,0.239826,train
664,6.83263,0.988313,-0.525746,5.01498,6.64307,-3.90881,0.739918,0.0266109,0.853697,6.12323e-17,0.167093,train
665,7.8045,0.395958,-5.31107,2.82016,6.07813,-0.699358,0.106796,0.00145268,0.203692,6.12323e-17,0.0110645,test
666,8.07982,0.950164,-1.01807,8.96776,6.72569,-2.46266,0.981935,0.0396616,1.12224,0.0654031,0.221342,train
667,4.83522,0.676391,-2.90033,4.12608,6.68032,-2.41316,0.418009,0.0116275,0.491109,0.130526,0.0863608,train
668,9.45192,0.597514,-3.40124,5.1471,6.09626,-0.0573777,0.322109,0.00373551,0.406037,0.0654031,0.0626479,train
669,4.07929,0.785157,-2.95314,7.92606,6.38706,-0.309357,0.502442,0.019787,0.598109,0.0654031,0.106082,train
670,10.3323,0.826568,-5.45583,-1.95112,5.714,-2.60816,-0.150913,0.00211408,-0.0123057,6.12323e-17,-0.0476429,train
671,10.4506,0.890408,-5.30178,3.18355,5.82368,-3.38275,0.346254,0.00395416,0.521769,6.12323e-17,0.0664199,train
672,8.70187,0.316188,-3.97562,0.657523,6.73879,-0.327413,-0.0628712,0.000713924,0.0256739,6.12323e-17,-0.0226095,train
673,8.27249,0.793887,-2.01752,3.92084,6.79419,-1.07273,0.374126,0.00544498,0.452387,0.0654031,0.0790871,train
674,12.9673,0.436271,-1.36426,1.30053,5.83435,-3.10746,0.337419,0.00289676,0.364141,0.130526,0.0687493,train
675,10.1733,0.541115,-0.330347,4.30798,6.16886,-3.49262,0.681638,0.014895,0.718211,0.442289,0.14797,test
676,4.06776,0.532605,-2.58672,9.62876,6.13183,-0.667526,0.655131,0.0338037,0.71145,0.321439,0.13726,train
677,4.12714,0.442163,-0.584114,3.25022,6.20252,-2.29134,0.383625,0.0114131,0.410408,0.5,0.0809564,train
678,8.56604,0.987018,-5.15077,3.45877,6.48646,-3.46983,0.401318,0.00621919,0.596004,6.12323e-17,0.0796921,test
679,6.30946,0.723115,-1.25534,0.820554,6.47877,-2.78489,0.253895,0.00328034,0.295193,0.0654031,0.0536508,test
680,5.45449,0.83041,-3.43131,0.858287,6.4918,-3.53928,0.228891,0.00324427,0.322025,6.12323e-17,0.0444711,train
681,8.70588,0.506621,-0.347763,0.116514,6.44168,-3.1917,0.283754,0.00298927,0.300053,0.382683,0.0606078,train
682,5.38315,0.655081,-4.96842,3.16704,6.41669,-2.49736,0.277619,0.00515667,0.380474,0.0654031,0.051501,train
683,13.1659,0.962058,-3.29112,4.24268,5.92112,-2.81571,0.483795,0.00578035,0.628653,6.12323e-17,0.103843,train
684,10.9467,0.920244,-0.614161,6.53374,6.7033,-1.4085,0.726131,0.0162754,0.811045,0.0654031,0.165056,train
685,12.1927,0.588441,-3.67905,9.03127,6.02142,-3.71137,0.994819,0.0264479,1.10143,0.130526,0.209808,train
686,12.6586,0.765571,-3.67161,0.447638,5.67923,-1.15862,-0.00527262,0.00042989,0.0987411,6.12323e-17,-0.0107666,train
687,13.9135,0.573058,-1.80019,-0.546351,6.73001,-0.758325,-0.0582171,0.000224764,-0.00358262,6.12323e-17,-0.0182016,train
688,7.94423,0.202924,-1.2538,1.86797,6.60812,-3.05106,0.397992,0.00670023,0.417309,0.608761,0.0778824,train
689,9.69956,0.235592,-3.54833,4.90095,5.74548,-3.73515,0.601817,0.0130583,0.633083,0.258819,0.114514,train
690,10.2026,0.335114,-5.23091,3.94972,6.72129,-2.37275,0.397776,0.0061892,0.489748,0.0654031,0.0698305,test
691,6.42699,0.728387,-0.911886,8.35345,5.99151,-1.04497,0.708369,0.0253786,0.775594,0.19509,0.155553,train
692,9.56892,0.671807,-0.514159,1.39404,6.23743,-3.67326,0.427707,0.00625746,0.460334,0.258819,0.0938723,train
693,9.45766,0.344856,-1.46858,9.04721,5.85108,-2.76091,0.947298,0.0308701,0.98962,0.5,0.195306,train
694,11.6761,0.273782,-0.251803,7.52362,6.43588,-0.457354,0.746979,0.0155946,0.794397,0.707107,0.1529,train
695,8.42662,0.986244,-4.42443,0.100634,5.7768,-3.26623,0.106183,0.000856997,0.235566,6.12323e-17,0.0145428,train
696,8.64489,0.547534,-0.784089,9.95717,6.62043,-0.669251,0.941943,0.0332327,0.999009,0.382683,0.203307,train
697,13.9794,0.751789,-5.52861,7.62301,5.69299,-0.375355,0.472296,0.00541312,0.648887,6.12323e-17,0.0925134,train
698,8.69483,0.916518,-0.769894,5.36763,6.15218,-3.82946,0.749987,0.0216383,0.843469,0.0654031,0.169503,train
699,6.32742,0.212401,-4.88158,-1.32089,6.10301,-0.222116,-0.248837,0.00359308,-0.118372,0.997859,-0.0599171,train
700,7.12097,0.419376,-3.28276,-0.877627,6.16242,-0.688804,-0.132481,0.00119787,-0.0497997,0.997859,-0.0351676,train
701,10.086,0.61498,-4.7751,5.3146,6.74184,-2.00828,0.49772,0.00831949,0.629523,0.0654031,0.0971466,test
702,9.19707,0.879445,-1.17439,0.561736,5.65332,-1.31766,0.107517,0.000410133,0.146529,6.12323e-17,0.0218739,train
703,13.8461,0.923935,-4.14512,6.847,6.22346,-2.51078,0.685582,0.0110508,0.873336,6.12323e-17,0.147275,train
704,4.52846,0.56279,-1.58774,6.31595,6.04071,-1.0546,0.487233,0.0167959,0.529261,0.321439,0.102952,train
705,7.92792,0.951931,-1.61859,9.71412,6.47099,-0.420513,0.812804,0.0274623,0.948553,6.12323e-17,0.181635,train
706,6.23152,0.828476,-1.81615,8.02775,5.90603,-1.1173,0.640719,0.0213474,0.735072,0.0654031,0.140188,train
707,6.87587,0.650805,-0.712496,9.43015,5.8741,-1.80312,0.863277,0.0352328,0.927615,0.321439,0.188976,train
708,6.19261,0.459402,-1.34108,6.01011,6.67572,-3.70622,0.784373,0.0319099,0.833378,0.442289,0.165319,train
709,6.84102,0.860864,-3.01618,0.840464,6.78872,-0.251861,-0.0229013,0.000429403,0.0498238,6.12323e-17,-0.0118041,train
710,10.8543,0.926914,-0.0374791,3.78445,5.94588,-1.48214,0.449295,0.00642236,0.490125,0.130526,0.103528,test
711,10.1152,0.544022,-0.981297,-1.34113,5.92934,-1.02897,-0.0637152,0.000176539,-0.0201105,0.997859,-0.0163214,train
712,6.35938,0.854459,-1.73209,2.30405,5.98186,-0.97989,0.1952,0.00193007,0.251289,6.12323e-17,0.0404522,test
713,11.6508,0.944488,-0.399045,6.87752,6.4036,-2.17888,0.816668,0.0196715,0.903292,0.0654031,0.187604,train
714,13.0945,0.398321,-1.95196,1.31188,5.60809,-1.49879,0.169326,0.000817416,0.208278,0.0654031,0.0310088,test
715,12.4095,0.874485,-0.391953,7.77453,6.08017,-2.3337,0.885871,0.0217139,0.962055,0.130526,0.202745,train
716,7.11623,0.255879,-0.139862,-1.68058,6.0064,-0.346258,-0.113993,0.000587885,-0.031043,0.997859,-0.0237269,train
717,7.43139,0.640006,-5.26644,0.959816,5.70369,-1.83455,0.0369895,0.000949928,0.150406,6.12323e-17,-0.00291876,train
718,13.2909,0.486285,-1.74437,8.55922,6.04545,-1.38106,0.837394,0.0172328,0.884084,0.258819,0.176706,train
719,10.6019,0.201073,-4.90047,2.15732,5.76988,-2.81689,0.25592,0.0030652,0.324156,0.0654031,0.0402814,test
720,8.13931,0.764954,-5.06332,6.59485,6.38312,-1.94024,0.544882,0.0119239,0.70084,6.12323e-17,0.110266,train
721,7.10028,0.716347,-2.03545,8.54972,6.35926,-3.7968,0.965992,0.0425329,1.06841,0.19509,0.21011,train
722,8.63055,0.818349,-1.76625,-0.0510469,6.05894,-2.15833,0.110063,0.000493985,0.162778,6.12323e-17,0.0207689,train
723,10.5966,0.403181,-3.02576,5.46605,6.61665,-1.21859,0.51547,0.00842601,0.569907,0.130526,0.101643,train
724,8.29414,0.282243,-3.34494,0.464447,5.64103,-2.90032,0.159312,0.0014175,0.206036,0.0654031,0.0258975,train
725,6.02449,0.220215,-5.12284,4.81429,6.78625,-0.533839,0.280578,0.00555639,0.330002,0.130526,0.0474935,train
726,10.3696,0.954474,-5.67645,5.70777,5.89656,-1.33879,0.37289,0.00457048,0.572092,6.12323e-17,0.0721127,train
727,6.66629,0.76776,-5.02166,-1.56268,5.95705,-0.501646,-0.26056,0.00480336,-0.0638696,0.997859,-0.0684743,train
728,4.89162,0.676497,-2.20994,8.22996,5.65388,-0.136968,0.522528,0.0179041,0.587013,0.130526,0.111162,train
729,9.44893,0.582265,-1.52133,0.0427238,5.93035,-0.743437,0.0100503,7.99825e-05,0.0461593,6.12323e-17,-0.00142021,train
730,12.6491,0.846737,-3.23135,-0.0193988,5.77298,-2.64375,0.0977142,0.000448876,0.198909,6.12323e-17,0.0139442,train
731,5.41913,0.590282,-3.43424,-0.129676,5.8152,-0.478829,-0.0853893,0.000911214,-0.0236761,6.12323e-17,-0.0248357,train
732,11.2826,0.587544,-3.15282,-1.08564,5.95526,-1.95521,-0.045529,0.000430385,0.0361621,6.12323e-17,-0.0181243,train
733,5.00929,0.940808,-2.14724,6.61087,5.68119,-2.43404,0.567726,0.0207868,0.683297,6.12323e-17,0.124224,test
734,13.3952,0.777178,-1.67717,1.40584,5.6064,-1.81706,0.207502,0.00105116,0.263733,6.12323e-17,0.0429236,test
735,12.7119,0.884471,-4.61695,-1.32672,6.54385,-0.447905,-0.285996,0.00367673,-0.0824028,0.997859,-0.0789589,train
736,11.9618,0.847483,-0.234482,0.903539,6.73901,-3.77985,0.443798,0.00556741,0.483742,0.130526,0.100678,train
737,5.55146,0.615368,-4.57468,6.22798,6.54171,-0.541651,0.389402,0.00916919,0.484793,0.0654031,0.07619,train
738,7.11113,0.991629,-4.99743,0.878055,6.31043,-3.459,0.170077,0.00182023,0.320984,6.12323e-17,0.0279843,train
739,11.8798,0.755316,-0.181345,8.17901,6.06033,-3.05315,0.991728,0.0279555,1.0571,0.321439,0.22396,train
740,11.2331,0.833526,-5.94491,8.9404,6.51919,-0.284676,0.60908,0.0108676,0.827302,6.12323e-17,0.122577,train
741,7.83108,0.972036,-4.94604,3.37729,6.28313,-0.648455,0.148657,0.00145641,0.298419,6.12323e-17,0.0227763,train
742,9.08302,0.80226,-4.82916,3.80499,6.41079,-2.89153,0.401898,0.00597314,0.556726,6.12323e-17,0.0788107,train
743,12.4979,0.395156,-5.93951,-1.78319,6.51782,-0.336833,-0.383501,0.00510013,-0.153955,0.997859,-0.0977731,test
744,9.61707,0.664777,-0.861966,1.36683,6.77694,-1.35144,0.221298,0.00164514,0.251036,0.130526,0.046859,train
745,7.30389,0.749203,-0.248556,9.7024,6.07644,-1.54184,0.910941,0.037389,0.986154,0.258819,0.202904,train
746,7.56681,0.604089,-0.113621,5.49526,6.07955,-1.07503,0.541716,0.0126276,0.57669,0.442289,0.118659,train
747,4.32187,0.858217,-2.77923,8.02315,5.75226,-1.54407,0.569502,0.0240534,0.680537,0.0654031,0.122433,test
748,8.8873,0.504558,-2.38442,9.41962,5.787,-1.83918,0.845069,0.0260283,0.902331,0.258819,0.177723,train
749,11.559,0.397921,-2.8815,4.04279,5.85228,-3.63806,0.563218,0.00915895,0.612056,0.130526,0.112385,train
750,13.2656,0.822658,-4.6389,8.90323,6.14015,-2.25221,0.822477,0.016596,1.00888,6.12323e-17,0.175377,train
751,12.357,0.519729,-0.596742,1.04467,6.642,-1.03072,0.177502,0.000830676,0.19337,0.130526,0.036968,test
752,12.9534,0.577965,-2.07389,3.24847,6.69815,-1.01173,0.331139,0.002797,0.391543,0.0654031,0.0668826,train
753,9.05551,0.492271,-4.48932,0.260838,6.6776,-1.46337,-0.0199215,0.000816108,0.0869722,6.12323e-17,-0.0154736,train
754,10.8058,0.832429,-4.26139,5.94078,6.57414,-1.40387,0.505606,0.00770177,0.665567,6.12323e-17,0.103532,test
755,5.87656,0.771946,-0.544856,1.61741,6.19264,-2.97371,0.342902,0.0064871,0.381589,0.19509,0.0752302,test
756,8.1617,0.664046,-0.822335,9.20841,6.19494,-2.74861,0.989769,0.0391753,1.06278,0.321439,0.217356,train
757,12.8551,0.341959,-0.966112,-0.861358,5.79871,-3.54728,0.200447,0.00105693,0.214864,0.19509,0.0394914,train
758,10.0706,0.516915,-1.9799,8.20064,6.66829,-1.87361,0.874508,0.0245832,0.933434,0.258819,0.184744,train
759,8.53092,0.690749,-0.0861161,2.88116,5.90293,-2.71686,0.459694,0.00817241,0.491124,0.321439,0.102193,train
760,4.19491,0.656614,-3.22802,4.38515,6.47528,-0.156483,0.232937,0.00433315,0.294978,0.0654031,0.0455754,train
761,11.0756,0.573426,-3.07892,1.6656,5.90564,-0.297545,0.0529846,0.000363122,0.130232,6.12323e-17,0.00385646,train
762,4.01485,0.946841,-3.04854,-1.96113,6.60436,-0.0254928,-0.240337,0.00537986,-0.0380778,0.997859,-0.0583757,train
763,11.1757,0.827111,-1.57404,7.33808,5.90663,-1.54717,0.701807,0.0146264,0.789669,0.0654031,0.156146,train
764,5.33765,0.813929,-3.06951,5.62501,6.51559,-3.28913,0.600901,0.0216702,0.718272,0.0654031,0.127875,train
765,4.03071,0.740865,-2.7548,7.36313,6.35068,-2.61833,0.632267,0.0317163,0.727422,0.130526,0.134565,train
766,10.5527,0.257835,-1.9468,8.88614,6.61175,-2.67981,1.02756,0.0330697,1.07196,0.55557,0.205667,train
767,4.60359,0.522366,-4.4786,2.70034,6.20081,-3.66672,0.331679,0.00815164,0.39943,0.130526,0.0639703,train
768,12.0408,0.596456,-3.55104,2.78557,6.34086,-2.26369,0.324962,0.00306136,0.422499,0.0654031,0.0620419,test
769,10.8946,0.408194,-4.48337,-1.29818,5.98689,-1.98929,-0.107132,0.00101787,0.00257048,6.12323e-17,-0.0339726,train
770,10.8112,0.573764,-3.96838,0.254945,6.6008,-3.9104,0.230422,0.00200379,0.33364,6.12323e-17,0.0399222,train
771,9.22944,0.533039,-2.46686,9.76616,6.60615,-1.41204,0.93617,0.0306939,1.00665,0.258819,0.197493,train
772,9.32069,0.902732,-4.38934,3.12991,5.6799,-1.75466,0.231214,0.00207419,0.36722,6.12323e-17,0.0428209,train
773,5.26946,0.606519,-4.05198,9.54762,6.24315,-1.99863,0.760636,0.035292,0.855229,0.130526,0.158475,train
774,11.2665,0.696124,-0.043917,6.20056,6.18299,-1.25942,0.669767,0.0132996,0.710718,0.382683,0.14995,train
775,12.8259,0.298465,-3.66736,7.93675,5.9367,-1.40194,0.701471,0.0132209,0.750528,0.19509,0.135641,train
776,10.3296,0.583872,-2.88794,6.11401,5.70052,-2.64621,0.624274,0.0122712,0.6984,0.130526,0.13048,train
777,6.11068,0.619041,-5.92552,6.77742,6.10423,-3.66257,0.622983,0.0208876,0.751922,0.0654031,0.124788,train
778,5.53137,0.856734,-5.65275,9.49962,5.77977,-2.54681,0.698116,0.028277,0.879489,6.12323e-17,0.146258,train
779,4.04244,0.378533,-3.62769,-0.177611,6.3728,-0.615286,-0.0804964,0.000955737,-0.0238041,6.12323e-17,-0.0226872,train
780,10.2642,0.98219,-1.55798,2.98723,6.21019,-2.66767,0.432847,0.0060124,0.524819,6.12323e-17,0.0961126,train
781,9.10876,0.557489,-0.27134,1.08557,5.95308,-0.498786,0.124261,0.000549256,0.132944,0.258819,0.026535,train
782,4.93105,0.458114,-3.84446,5.06352,5.79514,-2.93731,0.462767,0.0142858,0.514177,0.19509,0.0925545,train
783,13.0486,0.679627,-5.25513,-1.66409,6.28659,-1.59336,-0.226338,0.00267997,-0.0750489,6.12323e-17,-0.0654987,train
784,11.916,0.462321,-2.43353,1.44583,5.73894,-3.64707,0.34772,0.00341658,0.397506,0.0654031,0.0687857,train
785,7.21508,0.571827,-1.05041,1.34072,5.90301,-1.80606,0.216369,0.00209636,0.240663,0.130526,0.0450511,train
786,7.04062,0.331484,-1.99434,4.88508,6.12828,-1.51809,0.462531,0.0100007,0.486551,0.321439,0.0927594,train
787,13.6219,0.270918,-2.51796,5.16876,5.79698,-1.32046,0.482978,0.00597522,0.514362,0.19509,0.0925096,train
788,9.95157,0.56582,-0.667538,-0.3502,6.39356,-2.88445,0.204666,0.00136342,0.223553,0.19509,0.0431286,test
789,6.63493,0.927398,-3.80408,-0.435807,5.73374,-1.54334,-0.0469443,0.000707492,0.0359337,6.12323e-17,-0.0182622,train
790,6.12958,0.936872,-0.838344,9.00121,6.73352,-1.50015,0.850569,0.0387318,0.978243,0.0654031,0.190041,test
791,4.70811,0.4151,-1.23145,1.58902,6.38432,-0.956489,0.155889,0.00170192,0.170538,0.258819,0.0310451,train
792,4.21734,0.90969,-2.4136,5.28578,5.7313,-1.45124,0.381935,0.011068,0.473273,6.12323e-17,0.0815799,train
793,5.41404,0.969438,-2.42789,7.682,5.65423,-2.34591,0.636936,0.024278,0.772958,6.12323e-17,0.1399,train
794,6.14538,0.733449,-2.09167,9.65427,6.64536,-2.77734,0.969264,0.049294,1.08079,0.19509,0.210379,train
795,13.1978,0.891364,-2.93695,4.63555,5.78731,-0.644513,0.337937,0.00281484,0.450017,6.12323e-17,0.0703173,train
796,5.52691,0.627632,-1.90163,9.47773,5.96185,-3.44296,0.919372,0.0491983,0.999251,0.258819,0.197839,train
797,5.35477,0.73672,-2.37756,5.88917,5.7031,-3.64173,0.615181,0.0227157,0.699501,0.130526,0.132113,train
798,11.3843,0.902065,-4.22558,2.04306,5.7321,-3.88839,0.333348,0.00324579,0.480393,6.12323e-17,0.0662228,train
799,6.59461,0.521214,-0.48727,1.23535,6.07841,-3.34145,0.353369,0.0060977,0.375877,0.382683,0.0755181,train
800,6.15327,0.384313,-5.21547,-0.629529,5.66315,-1.08528,-0.132614,0.00180089,-0.0348903,6.12323e-17,-0.0378545,train
801,6.45246,0.672417,-2.05004,8.47542,5.63181,-3.59537,0.841439,0.0354587,0.922809,0.19509,0.18203,train
802,13.7618,0.881157,-3.27535,5.35247,6.56207,-3.51512,0.71118,0.0120047,0.868608,6.12323e-17,0.154236,train
803,8.49354,0.935873,-5.40172,0.926265,5.6115,-1.25553,-0.0230668,0.00106171,0.113581,6.12323e-17,-0.0172447,train
804,13.6299,0.619529,-5.73585,3.96376,6.07531,-0.611195,0.185238,0.0016414,0.349017,6.12323e-17,0.0252086,test
805,6.65542,0.371408,-5.17832,9.79914,5.78435,-3.49433,0.8708,0.0376814,0.933062,0.258819,0.173711,train
806,4.9785,0.838679,-2.60968,6.74606,6.49759,-2.27177,0.610993,0.0240353,0.725251,0.0654031,0.131217,train
807,12.0551,0.656906,-5.55037,9.45041,5.84906,-3.11556,0.87628,0.0208127,1.04153,0.0654031,0.181221,train
808,12.3007,0.269048,-1.21198,5.40333,5.78329,-1.59183,0.566394,0.00868201,0.585142,0.442289,0.113074,train
809,9.58089,0.3566,-1.5496,3.28262,6.17624,-0.936153,0.316464,0.00348485,0.338166,0.19509,0.0628637,train
810,13.6471,0.87173,-3.63822,7.63479,5.87333,-1.28098,0.634923,0.00964494,0.786264,6.12323e-17,0.136652,train
811,13.7115,0.957861,-2.70565,1.26077,6.32028,-1.89606,0.176844,0.000802092,0.282493,6.12323e-17,0.0334095,train
812,4.1359,0.74983,-0.150466,7.49081,6.16178,-2.87311,0.733016,0.0420167,0.807048,0.258819,0.161134,train
813,12.1254,0.535111,-0.254673,7.15418,6.48752,-2.74418,0.93462,0.0235981,0.981383,0.442289,0.203419,train
814,11.3516,0.219384,-2.09793,-0.637335,6.39174,-1.77191,0.0269686,0.00017565,0.0680221,6.12323e-17,0.000217293,test
815,5.47362,0.357184,-3.25117,9.3981,5.78209,-2.73838,0.806244,0.0386023,0.850533,0.442289,0.16411,test
816,11.5511,0.614217,-2.4315,0.617174,6.63502,-3.38019,0.281442,0.00230431,0.351659,0.0654031,0.0554963,train
817,8.34883,0.81285,-5.53977,8.48986,6.44507,-2.58062,0.753158,0.0219286,0.948519,6.12323e-17,0.156573,train
818,5.12636,0.522923,-4.7,-1.38462,6.31561,-0.735271,-0.209151,0.00370681,-0.0581104,0.997859,-0.0536769,train
819,9.35162,0.63324,-5.33157,-0.360365,6.37864,-0.832895,-0.169132,0.00234504,-0.0354794,6.12323e-17,-0.0506174,train
820,5.13832,0.725224,-3.21391,5.09637,5.85477,-0.132564,0.279013,0.00496477,0.353832,0.0654031,0.0559963,train
821,4.73678,0.912834,-1.06726,0.196726,5.98391,-1.6368,0.0975776,0.000647834,0.130486,6.12323e-17,0.0200451,train
822,11.5739,0.961282,-3.63088,0.806749,5.68071,-3.80361,0.242672,0.00172347,0.371227,6.12323e-17,0.0472437,test
823,7.44463,0.385069,-3.96402,9.90303,6.48964,-3.09275,0.994574,0.0433826,1.0549,0.321439,0.201836,train
824,5.93528,0.292875,-4.1087,6.02257,6.29208,-2.12292,0.524123,0.0157896,0.560201,0.258819,0.10123,test
825,9.71073,0.718439,-4.20167,7.43088,6.70006,-1.31413,0.643973,0.0138499,0.784579,0.0654031,0.13304,train
826,10.665,0.337438,-2.16195,8.53432,6.3599,-2.85989,0.970928,0.0289482,1.01122,0.442289,0.197762,train
827,9.62073,0.657352,-0.0809088,0.0851825,5.7508,-1.32511,0.113736,0.000442756,0.121136,0.321439,0.0251032,train
828,10.1322,0.641896,-1.44905,2.84074,6.16855,-3.25431,0.482932,0.00747103,0.532809,0.130526,0.103472,train
829,6.66108,0.475242,-5.77924,-0.330703,6.4617,-0.0431091,-0.235923,0.00411159,-0.0802221,0.997859,-0.0628812,train
830,12.6004,0.209245,-0.0872781,2.02859,6.28224,-1.58949,0.336073,0.00296279,0.362024,0.75184,0.067296,train
831,10.344,0.518545,-4.29119,0.428419,6.70475,-3.13233,0.162578,0.00143249,0.267766,6.12323e-17,0.0239591,train
832,10.5364,0.458631,-3.06148,3.30863,6.22314,-3.02598,0.45406,0.00655833,0.515585,0.130526,0.0898764,train
833,7.75175,0.388846,-2.6966,0.707707,5.84473,-2.84548,0.196616,0.00185235,0.237847,0.0654031,0.0359211,train
834,9.70774,0.933282,-0.0556053,7.01136,5.95133,-1.15227,0.684272,0.0165296,0.751067,0.130526,0.157196,test
835,8.69611,0.829015,-5.98174,1.78511,6.56397,-0.504325,-0.0369056,0.0015689,0.122882,6.12323e-17,-0.0229574,test
836,5.08458,0.722719,-1.99509,9.13472,6.66946,-3.63489,0.954062,0.0575379,1.06306,0.19509,0.206458,train
837,10.5149,0.805531,-2.6101,7.82378,5.95624,-2.59566,0.792517,0.0195548,0.910463,0.0654031,0.173486,test
838,7.42306,0.89293,-5.53104,8.82522,6.26686,-3.1347,0.789034,0.0269505,1.00435,6.12323e-17,0.166548,train
839,11.6096,0.978781,-2.77353,-0.379104,6.58505,-1.06368,-0.0563589,0.000478089,0.0285191,6.12323e-17,-0.0207147,train
840,11.6282,0.257211,-0.305549,3.54344,6.0388,-3.81781,0.649426,0.0118881,0.68944,0.707107,0.131966,train
841,6.65343,0.688193,-1.82642,-1.89534,6.25593,-0.530279,-0.17868,0.00180404,-0.03751,0.997859,-0.0433372,train
842,11.8954,0.98395,-2.64993,7.58987,5.97959,-2.11985,0.737119,0.0151877,0.888951,6.12323e-17,0.164597,test
843,6.0434,0.887091,-3.30542,9.76193,5.68443,-0.104124,0.618995,0.0204035,0.751964,6.12323e-17,0.133405,test
844,4.57793,0.44826,-2.44465,5.34457,6.30587,-2.61193,0.523405,0.0192969,0.562401,0.321439,0.107713,train
845,4.73337,0.955353,-2.83289,1.8037,5.95034,-0.316029,0.0605689,0.000441868,0.125211,6.12323e-17,0.00881694,train
846,10.1945,0.326802,-5.46626,4.97275,5.78366,-2.25506,0.419855,0.00672746,0.506163,0.0654031,0.0748407,train
847,4.88741,0.313722,-0.402745,-0.147723,6.53599,-3.72834,0.270757,0.00482504,0.291351,0.659346,0.0559775,train
848,11.5172,0.303477,-1.77549,-0.92486,6.03356,-0.62143,-0.0930389,0.000323878,-0.0450621,0.997859,-0.023712,train
849,7.07588,0.761288,-2.30684,6.20674,6.70904,-2.28893,0.654905,0.0195134,0.752792,0.0654031,0.140801,test
850,12.415,0.243313,-5.80226,8.51689,6.50975,-2.31586,0.81846,0.0197487,0.892559,0.130526,0.151253,train
851,6.37637,0.405247,-5.60554,-0.51492,5.61663,-0.988138,-0.144649,0.00209662,-0.0378858,6.12323e-17,-0.0414273,train
852,8.89416,0.924311,-2.32162,5.67999,5.70895,-3.30194,0.633869,0.0148184,0.753309,6.12323e-17,0.140088,train
853,5.57047,0.757156,-2.55823,-1.29723,5.82789,-3.1045,0.0499414,0.000323899,0.103387,6.12323e-17,0.00638096,train
854,8.45658,0.878897,-0.224627,6.10961,6.17237,-2.83595,0.749363,0.0222766,0.824559,0.130526,0.169823,train
855,9.09371,0.509292,-4.66476,-1.79325,6.03709,-3.74848,-0.00569551,0.000770039,0.10033,6.12323e-17,-0.012239,train
856,6.4647,0.680756,-2.15617,6.71681,5.8055,-1.88304,0.590078,0.0173445,0.660512,0.130526,0.126228,train
857,8.78537,0.350984,-5.76785,-1.06887,6.09182,-1.19738,-0.198078,0.00251677,-0.0643845,6.12323e-17,-0.0547983,train
858,6.27951,0.787972,-3.39591,-0.429895,5.86553,-2.90831,0.0738341,0.000586079,0.151458,6.12323e-17,0.00981883,train
859,8.31848,0.214439,-2.3098,6.21626,6.32708,-0.741912,0.530052,0.0115222,0.550346,0.442289,0.102504,train
860,5.97109,0.755161,-1.82905,3.20552,6.56178,-3.04649,0.450168,0.0108927,0.520161,0.0654031,0.0961922,train
861,9.78726,0.22537,-5.9909,8.4432,5.71079,-2.19178,0.684057,0.0176954,0.743466,0.19509,0.125389,train
862,8.59744,0.913782,-4.27559,4.39729,6.50553,-0.367114,0.249366,0.00258572,0.39252,6.12323e-17,0.0464881,test
863,7.86315,0.560969,-5.48047,3.35994,5.78966,-3.42287,0.354142,0.00580665,0.468237,0.0654031,0.0654628,train
864,10.7767,0.925371,-4.93096,9.19903,5.90927,-0.946825,0.669688,0.0134559,0.869675,6.12323e-17,0.142019,train
865,9.60233,0.87989,-2.5737,-1.58797,5.87428,-1.58765,-0.097939,0.000696723,-0.0307271,0.997859,-0.0285572,test
866,11.6814,0.399353,-4.2984,3.89357,6.44988,-3.43406,0.522294,0.00819211,0.605454,0.0654031,0.0994381,train
867,12.9627,0.224667,-4.34392,6.62586,6.0268,-0.376528,0.477262,0.00680616,0.535056,0.130526,0.0853668,test
868,9.77516,0.28961,-2.90571,0.610033,6.08757,-1.27605,0.0603242,0.000420906,0.113435,0.0654031,0.00564902,test
869,9.03036,0.571096,-5.18566,8.37446,5.77506,-3.50107,0.792307,0.0227301,0.912036,0.0654031,0.161751,train
870,11.7573,0.331781,-1.09686,0.451442,5.98013,-3.86536,0.344042,0.00333852,0.359531,0.258819,0.0690877,train
871,5.68529,0.852433,-0.493053,2.81018,6.25429,-1.15762,0.293775,0.00493441,0.334026,0.130526,0.0648202,train
872,9.08626,0.669146,-4.60184,2.77342,6.71764,-1.88921,0.244027,0.00263858,0.368968,6.12323e-17,0.042507,train
873,9.7831,0.246102,-0.929287,9.22683,5.82272,-0.329993,0.77764,0.0203367,0.821312,0.659346,0.156577,test
874,13.3388,0.610178,-3.34029,2.35112,5.63078,-3.57897,0.379426,0.0036191,0.469859,0.0654031,0.0755113,train
875,4.22643,0.626211,-1.3288,9.11528,5.65859,-2.05299,0.720162,0.0393848,0.783118,0.321439,0.155044,train
876,7.05783,0.655407,-0.602177,8.21535,5.7059,-2.26614,0.793515,0.0290691,0.85146,0.321439,0.174113,test
877,4.37619,0.798414,-0.371104,9.52678,6.73561,-2.58382,0.917335,0.0622169,1.02251,0.19509,0.201934,train
878,5.20956,0.210404,-5.6307,0.0340198,6.21119,-1.13407,-0.0880306,0.00136873,0.00299196,6.12323e-17,-0.0276976,train
879,7.08112,0.981147,-0.311245,6.88374,5.69711,-3.80663,0.804371,0.0307923,0.909476,6.12323e-17,0.1834,train
880,6.60451,0.420602,-1.15584,4.37047,6.7058,-2.46952,0.555986,0.0150673,0.588509,0.442289,0.115993,train
881,10.916,0.427779,-5.91474,7.0015,5.79802,-2.02166,0.557057,0.0101733,0.67156,0.0654031,0.104587,train
882,6.79224,0.520422,-3.09499,-0.0581697,6.32198,-3.94739,0.214226,0.00243206,0.27318,0.0654031,0.0398377,train
883,9.8652,0.438992,-2.62638,8.8779,6.70847,-2.49455,0.976532,0.0313813,1.0343,0.321439,0.202269,train
884,11.8811,0.450838,-0.935666,4.77346,6.29503,-2.27533,0.618636,0.0104775,0.647739,0.382683,0.130411,train
885,9.12369,0.489393,-5.03279,-1.92359,6.06895,-1.56769,-0.218501,0.00273806,-0.0819119,0.997859,-0.0591221,train
886,10.629,0.254801,-1.28293,-1.09399,6.47267,-1.30754,-0.0291871,7.4074e-05,0.00131497,6.12323e-17,-0.00916692,train
887,7.97083,0.72668,-4.43673,8.03732,6.64474,-3.109,0.821241,0.0272538,0.972111,0.0654031,0.172453,train
888,8.04528,0.69579,-0.782219,-0.946191,5.62739,-1.17741,-0.0092096,2.65882e-05,0.00832499,6.12323e-17,-0.00374841,train
889,5.42385,0.739083,-0.0346217,7.88937,5.78622,-1.15039,0.66403,0.0265384,0.722026,0.321439,0.147155,train
890,10.7604,0.467823,-0.423426,2.86155,6.45334,-0.562091,0.303248,0.00277192,0.318543,0.382683,0.0642156,train
891,10.006,0.733821,-4.91494,6.12609,6.7469,-3.2694,0.681587,0.0151053,0.847916,0.0654031,0.139757,train
892,8.67016,0.878328,-5.7998,1.14553,6.20616,-2.02625,0.0457838,0.00119751,0.205298,6.12323e-17,-0.00330687,train
893,9.85844,0.735366,-4.72773,8.32727,5.79262,-0.324916,0.543526,0.00979571,0.684617,0.0654031,0.110882,train
894,8.031,0.399638,-0.289305,4.76244,6.69657,-3.5769,0.751894,0.0226774,0.7978,0.608761,0.15897,train
895,4.54868,0.868768,-5.88472,4.0611,6.01169,-1.37576,0.201419,0.00356814,0.333683,6.12323e-17,0.0351152,train
896,4.02456,0.832867,-4.4962,7.94863,6.47653,-1.67084,0.554184,0.0244464,0.691456,0.0654031,0.115404,train
897,9.92877,0.258757,-4.44193,6.25207,6.1707,-1.92196,0.566736,0.0116514,0.616859,0.19509,0.10568,train
898,7.36348,0.968755,-5.37752,-1.37584,5.98043,-3.17457,-0.0525026,0.00132726,0.0771265,6.12323e-17,-0.0235317,train
899,10.2137,0.630198,-0.950549,9.25722,6.77883,-2.50082,1.08794,0.0378496,1.16112,0.321439,0.237976,train
900,4.41858,0.208804,-0.468021,5.62984,5.62343,-2.9253,0.577732,0.0244625,0.651474,0.75184,0.117565,train
901,9.87429,0.353587,-4.61076,2.56206,5.89223,-2.99772,0.310654,0.00391771,0.389025,0.0654031,0.0544446,train
902,8.85421,0.247456,-3.07383,5.46219,6.75717,-1.11991,0.500688,0.00986565,0.530092,0.258819,0.0953304,train
903,4.65654,0.935235,-0.729938,7.71464,6.11701,-2.6913,0.732235,0.0375649,0.846249,0.0654031,0.16286,train
904,11.3015,0.360313,-3.17264,-0.157692,6.18334,-3.46449,0.179868,0.00128397,0.242142,0.0654031,0.0297497,test
905,11.3641,0.746794,-0.761601,8.79328,5.81896,-2.3085,0.918601,0.0248437,0.987494,0.19509,0.20569,train
906,10.36,0.543089,-1.81211,1.46572,5.63793,-2.01958,0.22289,0.00159978,0.263785,0.0654031,0.0444029,test
907,13.0019,0.235925,-0.0268749,4.70462,6.53416,-2.00334,0.653109,0.0107616,0.702769,0.75184,0.132404,train
908,9.01009,0.496831,-2.47899,7.20318,5.94024,-0.279013,0.542736,0.0106472,0.59358,0.19509,0.111691,train
909,11.0806,0.804097,-0.878127,2.0205,5.66065,-3.63799,0.435747,0.00570108,0.484133,0.0654031,0.0970749,train
910,7.67871,0.322472,-4.65011,0.244577,6.75461,-2.76926,0.0978743,0.00127051,0.179308,0.0654031,0.00995298,test
911,11.6995,0.687455,-1.4105,7.73842,6.49302,-3.93414,1.04246,0.0305677,1.12541,0.19509,0.229337,train
912,7.29304,0.823172,-4.62214,8.14779,6.77299,-3.95878,0.889442,0.0348458,1.07667,0.0654031,0.189044,train
913,10.0797,0.676933,-4.77716,6.40456,6.26591,-0.785587,0.453117,0.0068676,0.588982,0.0654031,0.0888441,train
914,11.125,0.620709,-1.24163,3.9009,6.787,-1.79363,0.501778,0.00734665,0.548052,0.130526,0.107509,train
915,7.2543,0.635161,-4.11081,-0.726836,5.86449,-1.97759,-0.044737,0.000739062,0.0430378,6.12323e-17,-0.0185405,train
916,8.10686,0.281358,-4.17926,0.641759,6.15045,-0.881482,-0.0174173,0.000588079,0.0621095,6.12323e-17,-0.0127093,test
917,4.71829,0.271742,-4.05904,3.85913,6.32341,-2.50389,0.35876,0.00957333,0.387959,0.258819,0.067731,train
918,12.876,0.228404,-0.703263,4.32229,6.02803,-3.93727,0.724422,0.0135366,0.761,0.707107,0.144621,train
919,8.0286,0.800977,-5.39128,7.90638,6.55515,-0.0738842,0.49123,0.00994606,0.662201,6.12323e-17,0.0977009,train
920,8.66731,0.319721,-4.51079,7.03516,6.44859,-1.21524,0.574945,0.0133093,0.632486,0.19509,0.109476,train
921,5.72381,0.458893,-4.85991,3.59537,5.69852,-2.73437,0.317323,0.00631109,0.388418,0.0654031,0.0591304,train
922,11.5232,0.255235,-2.167,3.27041,6.03254,-1.3138,0.331302,0.00339162,0.356399,0.19509,0.0623531,train
923,7.95208,0.390331,-4.52589,8.12821,5.80746,-0.888491,0.578697,0.0142674,0.642849,0.130526,0.112944,train
924,13.7195,0.553084,-5.2972,8.51936,6.49448,-1.79188,0.776373,0.0146705,0.924024,0.0654031,0.155012,train
925,11.7976,0.48162,-4.85086,5.1438,6.79604,-2.96225,0.595837,0.010351,0.71143,0.0654031,0.115124,train
926,5.01527,0.723248,-1.47071,7.10877,6.34141,-3.12545,0.739081,0.0350481,0.821127,0.19509,0.160297,test
927,9.09671,0.868304,-2.6328,2.76512,6.09683,-2.21362,0.321721,0.00367585,0.417998,6.12323e-17,0.0669502,train
928,4.1053,0.387512,-1.25818,-0.408644,6.3039,-2.95483,0.147498,0.00175076,0.160156,0.258819,0.0292798,train
929,10.1829,0.864346,-1.49911,-1.48496,5.76884,-2.69742,0.0436755,0.000107262,0.0878355,6.12323e-17,0.00635268,train
930,12.3974,0.538234,-4.9057,-0.318946,6.22836,-0.510878,-0.180568,0.0018644,-0.0450627,6.12323e-17,-0.0528453,train
931,13.2526,0.491332,-4.98671,1.43739,6.75012,-1.96766,0.124861,0.0012266,0.261019,6.12323e-17,0.0124824,train
932,11.3308,0.62862,-5.38527,4.1991,5.62779,-2.59734,0.367399,0.0043203,0.505839,6.12323e-17,0.0682609,train
933,11.8314,0.928926,-3.33032,6.66796,6.65756,-3.23581,0.798637,0.0176085,0.975956,6.12323e-17,0.174728,train
934,11.7188,0.220548,-0.717021,6.12203,6.25196,-1.17505,0.648002,0.0118949,0.683999,0.707107,0.12909,train
935,12.4651,0.445194,-4.37589,-1.59757,5.87196,-3.38474,-0.00797358,0.000604874,0.100129,6.12323e-17,-0.0130829,train
936,8.01632,0.844515,-5.38002,-1.14363,6.59982,-2.29345,-0.113107,0.00197618,0.0197153,6.12323e-17,-0.0382139,train
937,12.5432,0.666446,-1.78673,3.86547,6.32142,-2.05696,0.478268,0.00593822,0.541131,0.0654031,0.101916,train
938,11.1487,0.247645,-1.66858,7.22413,5.77163,-0.124091,0.572195,0.00987979,0.591291,0.442289,0.112649,train
939,6.97868,0.344422,-1.5694,5.61098,5.66122,-2.93431,0.614203,0.0175609,0.644307,0.5,0.125853,train
940,5.52465,0.685088,-0.0754396,2.27198,5.86851,-0.580956,0.211282,0.00262381,0.228516,0.321439,0.0464462,train
941,4.29509,0.722032,-3.92701,4.53733,6.70808,-1.84075,0.355903,0.00963495,0.447187,0.0654031,0.0715054,train
942,6.90825,0.945788,-3.81333,7.84634,6.53747,-1.99437,0.686217,0.0218998,0.864981,6.12323e-17,0.147331,train
943,12.2829,0.938864,-5.95626,1.10483,6.53009,-3.56432,0.180944,0.00167197,0.391417,6.12323e-17,0.0250809,test
944,11.1502,0.445616,-4.88477,1.43016,6.69283,-0.357807,-0.029646,0.000939519,0.0957179,6.12323e-17,-0.0195816,test
945,11.7939,0.631033,-4.21794,8.49419,5.94878,-2.87089,0.834899,0.019254,0.959678,0.0654031,0.174524,train
946,5.90848,0.709619,-5.66552,3.0227,6.66631,-3.85889,0.36675,0.00794634,0.502613,0.0654031,0.069501,train
947,5.2144,0.962629,-5.69935,-0.619891,6.66053,-2.89973,-0.0223092,0.00135195,0.100278,6.12323e-17,-0.0157141,test
948,12.1537,0.674437,-2.86287,1.63363,5.93736,-1.96972,0.204398,0.00123466,0.286667,6.12323e-17,0.0382044,train
949,7.84898,0.886186,-5.8456,2.63272,6.15946,-2.9566,0.244766,0.00309533,0.416594,6.12323e-17,0.042398,train
950,13.3444,0.20581,-2.98518,4.33679,5.85411,-3.22707,0.56629,0.00863098,0.595155,0.19509,0.105987,train
951,6.58871,0.352068,-2.44731,3.42303,5.69964,-0.564766,0.22887,0.00278459,0.257617,0.130526,0.0434094,test
952,9.74423,0.79036,-2.79213,0.242515,5.72918,-1.70149,0.0558488,0.000301636,0.13141,6.12323e-17,0.00601285,train
953,7.41995,0.67006,-5.31541,8.31152,6.74616,-0.277006,0.558546,0.0139113,0.701266,0.0654031,0.111152,train
954,6.48222,0.301133,-0.0915,4.03493,5.64571,-1.69229,0.435289,0.00942602,0.47008,0.707107,0.0903874,train
955,8.41735,0.898477,-5.54677,7.51224,6.51054,-3.81097,0.776984,0.023076,1.0016,6.12323e-17,0.163363,test
956,6.22043,0.605266,-1.56153,-1.96953,6.79323,-2.98016,0.0284632,0.00012899,0.0610333,6.12323e-17,0.00294548,train
957,4.9101,0.566857,-1.60371,-1.41823,6.37239,-1.81331,-0.0232507,0.000137366,0.00474132,6.12323e-17,-0.00789526,train
958,13.8993,0.239511,-5.70384,7.13247,5.76136,-0.554161,0.474293,0.00673641,0.563675,0.0654031,0.0817196,train
959,11.8487,0.730616,-5.73717,4.4538,5.73402,-0.982691,0.241695,0.00220643,0.406454,6.12323e-17,0.0398846,train
960,13.8872,0.259395,-1.18317,3.6029,6.58152,-3.86658,0.69212,0.0114814,0.715792,0.5,0.138095,train
961,6.33055,0.221207,-2.99732,0.598479,6.11282,-0.350453,-0.0221449,0.000299857,0.027214,6.12323e-17,-0.0102075,train
962,12.9795,0.659522,-4.69234,0.638211,6.45021,-1.58182,0.0120317,0.00078421,0.151219,6.12323e-17,-0.0106846,test
963,4.651,0.332897,-0.589419,-1.28772,6.13135,-1.46123,-0.00551887,1.35218e-05,0.00340523,6.12323e-17,-0.00213663,test
964,12.2074,0.784184,-4.76797,-1.02293,6.36403,-3.53142,0.032057,0.000790883,0.177947,6.12323e-17,-0.00591403,train
965,11.51,0.270459,-4.4719,3.57671,6.0961,-3.42921,0.467298,0.00715773,0.53057,0.130526,0.0848119,train
966,6.41984,0.252663,-5.2593,7.43807,5.69134,-3.19251,0.650281,0.0228846,0.690025,0.258819,0.123945,train
967,7.08587,0.218241,-5.62302,7.09814,6.48305,-0.34212,0.446704,0.0109186,0.498043,0.130526,0.079475,test
968,5.28242,0.524451,-2.38574,4.31523,5.81356,-0.585966,0.286951,0.00510207,0.326429,0.130526,0.057796,train
969,9.80938,0.993301,-0.802082,-0.380501,6.27566,-2.34621,0.139969,0.000646699,0.179343,6.12323e-17,0.0303197,train
970,11.0947,0.552649,-0.672473,2.83178,6.52645,-2.15435,0.443906,0.00577524,0.471119,0.258819,0.0953242,train
971,4.28113,0.278998,-2.19033,8.56338,5.90986,-3.98656,0.826864,0.0516767,0.888706,0.659346,0.168684,train
972,9.1194,0.766971,-0.458534,0.937849,5.81656,-2.12123,0.234883,0.00198753,0.259874,0.130526,0.0518619,train
973,4.7753,0.76921,-1.29853,7.70139,6.4805,-0.999022,0.625558,0.0263681,0.70422,0.19509,0.135955,test
974,12.0093,0.89997,-3.56589,0.309603,6.13887,-0.266944,-0.095316,0.000879789,0.00736649,6.12323e-17,-0.0315402,train
975,4.30444,0.345853,-0.628991,6.28461,6.44347,-1.77871,0.589084,0.0258347,0.635786,0.608761,0.12304,train
976,10.2491,0.98519,-3.33895,3.71998,6.10349,-3.34731,0.477308,0.00717759,0.626346,6.12323e-17,0.102059,train
977,5.00383,0.94054,-2.56049,7.02257,6.30235,-3.97677,0.746122,0.0358666,0.899388,6.12323e-17,0.162919,train
978,4.75007,0.810456,-0.285704,8.5118,5.78924,-0.870037,0.654936,0.0294251,0.726311,0.19509,0.145182,train
979,5.96535,0.594003,-1.73839,7.73122,6.01421,-0.111752,0.553679,0.0165159,0.604151,0.258819,0.117555,train
980,6.50701,0.889678,-3.90228,6.05728,6.57344,-2.43868,0.566188,0.0158013,0.718967,6.12323e-17,0.119247,train
981,12.2602,0.436896,-3.5253,-1.22195,6.10794,-2.28594,-0.0405882,0.000464331,0.0492775,6.12323e-17,-0.018029,train
982,7.37628,0.485267,-1.54255,1.36258,5.88996,-3.68059,0.354669,0.00552851,0.384003,0.19509,0.0732103,train
983,12.7303,0.780706,-1.38556,0.743273,6.61223,-0.015629,0.0126018,6.93927e-05,0.0567716,6.12323e-17,-0.00112853,test
984,6.31668,0.365349,-5.34056,5.21146,6.78535,-0.702816,0.320414,0.00638289,0.395381,0.0654031,0.0565716,train
985,12.6434,0.247033,-3.94007,-1.10707,5.80599,-0.772523,-0.169788,0.00105067,-0.0684255,6.12323e-17,-0.044219,train
986,11.7077,0.389674,-0.597326,3.65278,6.59362,-1.02716,0.428304,0.00509538,0.446887,0.442289,0.0891526,test
987,10.2873,0.273476,-1.03205,-0.569803,6.5402,-0.301955,-0.0652044,0.000159659,-0.0295335,0.997859,-0.0159943,train
988,10.9694,0.410489,-5.61904,4.78643,5.91079,-1.87084,0.372313,0.0050556,0.484089,0.0654031,0.0653544,train
989,10.8745,0.667411,-5.54339,2.91822,6.35164,-1.329,0.163109,0.001654,0.317705,6.12323e-17,0.0217165,train
990,4.14607,0.34333,-1.22327,6.65937,5.8299,-2.70507,0.616901,0.0294868,0.660648,0.608761,0.127968,train
991,10.4172,0.288525,-0.808759,6.16996,6.0816,-0.00400673,0.518715,0.00847167,0.541387,0.55557,0.105208,train
992,7.81033,0.784596,-2.84423,6.7966,6.3238,-2.10794,0.652084,0.0175524,0.764832,0.0654031,0.139825,train
993,5.58923,0.751443,-0.144713,8.04184,6.21307,-2.84232,0.845288,0.0416794,0.922627,0.258819,0.187166,train
994,11.6719,0.333963,-2.76702,0.63135,6.53121,-3.12316,0.249494,0.00204847,0.299544,0.0654031,0.0448041,test
995,13.0736,0.534285,-3.22447,2.77734,6.18227,-0.961311,0.21571,0.00139621,0.298866,0.0654031,0.0382745,train
996,13.4424,0.414402,-3.32996,-0.301299,6.05203,-1.37621,-0.0314997,0.000378648,0.054603,6.12323e-17,-0.0157285,train
997,6.29194,0.88772,-5.2212,4.99791,5.97437,-1.76476,0.341675,0.006238,0.493905,6.12323e-17,0.066711,train
998,6.05983,0.797385,-3.36659,9.93325,6.03812,-0.89363,0.725765,0.0279354,0.853362,0.0654031,0.155523,train
999,8.95594,0.797756,-5.16394,8.40984,5.74086,-3.4839,0.774984,0.0216671,0.948755,0.0654031,0.163407,train
1000,10.2378,0.471727,-4.90981,5.56103,5.76763,-1.83739,0.446013,0.00686609,0.545637,0.0654031,0.0844148,train
1001,11.7825,0.572788,-2.47381,8.24427,5.94447,-0.661352,0.688852,0.0131172,0.757607,0.130526,0.145151,test
1002,4.0173,0.35537,-0.016545,-0.402622,6.54818,-3.75918,0.249963,0.00497349,0.272438,0.659346,0.052707,train
1003,8.26301,0.989295,-4.7056,9.0265,6.5508,-2.63616,0.835894,0.0272504,1.07129,6.12323e-17,0.180314,train
1004,5.59939,0.670444,-5.72633,6.59063,6.34038,-2.65612,0.536399,0.0169385,0.668613,0.0654031,0.106936,train
1005,6.99903,0.882869,-5.67037,7.66498,5.74236,-0.101678,0.400206,0.00761435,0.569158,6.12323e-17,0.0790244,test
1006,13.8357,0.276014,-1.0399,9.4857,6.10105,-1.68788,0.996355,0.0236685,1.03618,0.608761,0.201702,train
1007,9.17497,0.354905,-3.01399,6.44889,5.67067,-0.00948793,0.425919,0.00674237,0.466538,0.130526,0.0828179,test
1008,5.44553,0.909176,-1.74075,8.44916,6.15807,-0.795802,0.646412,0.0248569,0.759795,0.0654031,0.142038,train
1009,5.76325,0.512418,-2.95162,4.95215,6.68244,-2.37427,0.509106,0.0145812,0.564683,0.19509,0.103978,test
1010,10.4636,0.608958,-1.35937,0.727267,6.25533,-0.56623,0.0625893,0.000167773,0.0978481,6.12323e-17,0.0103256,train
1011,5.07641,0.981247,-0.866705,8.32131,6.06339,-3.37757,0.83438,0.0450065,0.974304,6.12323e-17,0.186686,train
1012,6.86439,0.601775,-2.47188,6.82026,6.62684,-2.47123,0.714206,0.0238954,0.787512,0.19509,0.150846,train
1013,5.18702,0.508223,-3.60987,8.64254,6.54472,-2.90243,0.803943,0.0401079,0.875133,0.258819,0.166526,train
1014,12.8088,0.542365,-0.853342,7.27843,5.83909,-3.92629,0.951573,0.0232199,0.997579,0.382683,0.206265,train
1015,8.54083,0.470129,-0.751868,-1.62919,6.62616,-2.24741,0.0270565,4.74836e-05,0.042846,0.0654031,0.00401016,train
1016,7.57283,0.652525,-1.08975,0.996587,5.98255,-1.39097,0.156011,0.00104251,0.184359,0.0654031,0.0321042,train
1017,5.54756,0.325039,-1.69572,1.99335,6.02256,-2.91523,0.325279,0.00627492,0.343201,0.382683,0.0650622,test
1018,9.92206,0.983023,-3.89069,1.19668,6.71196,-1.91085,0.122393,0.000844578,0.256504,6.12323e-17,0.0180048,train
1019,10.045,0.322242,-5.13488,9.25014,6.05788,-0.359612,0.657482,0.0151235,0.728736,0.130526,0.124831,train
1020,11.9752,0.385764,-5.99405,8.58258,5.82811,-1.55473,0.663962,0.0130777,0.773419,0.0654031,0.125459,train
1021,13.436,0.817858,-3.35467,6.61985,6.37209,-1.47229,0.617884,0.00924193,0.75642,6.12323e-17,0.13166,train
1022,12.6377,0.246409,-1.4668,9.05343,5.70095,-1.71329,0.878278,0.0203481,0.90946,0.55557,0.174944,train
1023,9.89137,0.582661,-0.299624,7.8353,6.21213,-0.822874,0.75863,0.0190295,0.801861,0.442289,0.165915,train
1024,7.39296,0.646052,-5.2528,7.3187,6.53507,-0.576308,0.487479,0.010795,0.618826,0.0654031,0.0955668,train
1025,13.5471,0.311908,-4.51762,4.20435,5.90085,-2.42931,0.427559,0.00518528,0.507067,0.0654031,0.0769467,train
1026,8.97425,0.882704,-2.24068,-1.50684,6.67473,-2.77413,0.0227773,0.000194683,0.088426,6.12323e-17,-0.000425586,train
1027,7.27415,0.674928,-3.3651,0.787709,6.76141,-3.61518,0.260257,0.00321218,0.346801,0.0654031,0.0498274,test
1028,11.6645,0.461058,-1.16254,2.01858,6.52637,-1.17308,0.257527,0.0018711,0.28263,0.130526,0.0522666,train
1029,9.2089,0.499831,-2.34346,3.41434,5.85904,-0.0464182,0.205541,0.0016084,0.2535,0.0654031,0.0390635,train
1030,5.71509,0.822347,-1.72479,8.38324,6.76362,-0.0117363,0.635276,0.022749,0.73231,0.0654031,0.138105,train
1031,9.72283,0.348565,-3.80717,4.29409,5.972,-3.89787,0.570375,0.0114265,0.623426,0.130526,0.110772,train
1032,10.7026,0.615685,-2.22801,4.62579,5.97096,-2.39445,0.525283,0.00837395,0.589624,0.130526,0.110617,test
1033,6.747,0.466309,-5.28314,-1.35383,6.141,-3.08795,-0.04378,0.00112319,0.0599161,6.12323e-17,-0.020314,train
1034,13.8739,0.855587,-4.42766,-1.52897,6.79875,-1.18044,-0.237651,0.00265582,-0.0765958,0.997859,-0.0679304,train
1035,4.57013,0.607526,-2.48515,1.60061,6.65062,-2.13796,0.207363,0.00313682,0.254043,0.0654031,0.04078,train
1036,6.63962,0.983587,-5.0786,9.10112,5.99584,-0.558443,0.574874,0.015973,0.771946,6.12323e-17,0.120645,test
1037,4.53986,0.675349,-2.21539,1.01262,5.98316,-3.14309,0.229513,0.00376553,0.277132,0.0654031,0.0466517,test
1038,8.8475,0.232646,-4.2552,8.59896,6.27263,-1.53197,0.743352,0.0216951,0.779565,0.258819,0.141902,train
1039,4.96305,0.566536,-5.93048,5.12158,6.22186,-2.16779,0.360679,0.00926812,0.462963,0.0654031,0.0677484,train
1040,8.53696,0.238952,-1.3037,6.8718,5.93405,-2.2113,0.718785,0.0199566,0.758424,0.659346,0.143892,train
1041,4.76229,0.426894,-3.91846,5.30902,5.67249,-2.40818,0.429882,0.0128695,0.476052,0.19509,0.0851751,train
1042,9.96206,0.764147,-3.45143,0.0212011,5.76714,-0.639701,-0.0744312,0.000693567,0.0124444,6.12323e-17,-0.0251205,train
1043,4.9698,0.757505,-4.67491,2.34357,5.83239,-0.535011,0.0584274,0.000869539,0.148685,6.12323e-17,0.00485183,train
1044,8.75727,0.357806,-3.04067,1.53029,6.39977,-1.14532,0.125517,0.000931772,0.180228,0.0654031,0.019276,train
1045,5.60566,0.551924,-2.74864,3.34554,6.43392,-2.77244,0.399333,0.00923989,0.453126,0.130526,0.081302,train
1046,10.6732,0.901456,-2.17527,0.365251,6.68215,-2.68721,0.193818,0.0011671,0.277413,6.12323e-17,0.0385141,train
1047,12.868,0.724234,-0.339416,6.27731,6.28073,-1.16461,0.677127,0.0119556,0.721696,0.258819,0.15179,test
1048,9.68718,0.918374,-1.70016,5.07925,6.72411,-1.65658,0.554152,0.0103708,0.657246,6.12323e-17,0.122273,train
1049,9.05266,0.467154,-2.26117,-0.782704,5.69078,-0.302763,-0.118931,0.000702667,-0.0418214,0.997859,-0.0307297,train
1050,8.2792,0.479196,-3.98813,5.59769,5.93632,-2.84865,0.561077,0.0126035,0.634673,0.130526,0.112036,test
1051,4.18618,0.815931,-0.63571,3.13547,5.85157,-3.43723,0.432182,0.0144171,0.487582,0.130526,0.0948091,train
1052,7.3685,0.800112,-3.78764,5.80713,6.30953,-2.58508,0.563605,0.0138739,0.693814,0.0654031,0.118086,train
1053,6.77186,0.942773,-1.02936,-1.67081,6.031,-1.14368,-0.0787107,0.000389524,-0.015704,0.997859,-0.0200135,train
1054,13.6535,0.666113,-1.39274,9.60065,6.25713,-0.17728,0.85684,0.0177577,0.923311,0.19509,0.187879,train
1055,10.3509,0.245976,-2.50329,4.28874,6.23102,-0.189712,0.312947,0.00345422,0.341232,0.130526,0.0578567,train
1056,13.6088,0.488987,-5.76472,7.89742,6.30042,-1.98406,0.69995,0.0124087,0.841803,0.0654031,0.135473,train
1057,11.764,0.354511,-2.90755,5.9172,5.71003,-0.603792,0.454024,0.00600565,0.499087,0.130526,0.0882287,train
1058,5.82678,0.434226,-1.31679,2.04803,6.30804,-0.38052,0.15131,0.00131413,0.169742,0.130526,0.0297537,test
1059,10.4777,0.553774,-2.72033,4.7338,6.43752,-3.8542,0.685552,0.0145667,0.757895,0.130526,0.142857,train
1060,13.5017,0.932794,-2.94637,-1.11401,6.28891,-2.46456,-0.00146256,0.000306035,0.0957004,6.12323e-17,-0.00871434,train
1061,12.488,0.285749,-1.84763,3.76097,5.66262,-0.993658,0.342516,0.0032509,0.365322,0.19509,0.0660044,train
1062,12.5591,0.406286,-4.41765,9.52511,6.3851,-0.193926,0.745482,0.0149732,0.831457,0.130526,0.146543,train
1063,11.3726,0.412371,-4.06718,8.7611,5.63567,-0.287446,0.616117,0.0112766,0.687768,0.130526,0.121373,train
1064,11.4041,0.836734,-2.97204,5.2039,6.00825,-3.49783,0.641948,0.0117756,0.766658,6.12323e-17,0.138963,train
1065,7.22937,0.684488,-3.42209,2.56728,6.24908,-2.46643,0.294727,0.00403243,0.38156,0.0654031,0.0578084,train
1066,13.588,0.54482,-4.7852,1.02295,5.9288,-3.34464,0.203614,0.0015473,0.329219,6.12323e-17,0.0316337,train
1067,12.1239,0.476541,-4.88848,3.96762,5.93948,-0.170424,0.179829,0.00154183,0.294983,6.12323e-17,0.0261373,test
1068,8.63768,0.423517,-3.12077,8.39466,6.67904,-2.56148,0.891669,0.0299524,0.949841,0.258819,0.182665,test
1069,8.06214,0.396536,-5.94222,2.96739,6.48496,-2.26918,0.242601,0.00365949,0.351005,0.0654031,0.0378419,train
1070,6.79977,0.90638,-5.9465,6.76766,6.12601,-3.534,0.611573,0.0177538,0.817712,6.12323e-17,0.126007,test
1071,9.42223,0.997499,-2.78782,0.917996,6.58972,-1.63808,0.115333,0.000598633,0.212852,6.12323e-17,0.0195086,train
1072,7.70306,0.375851,-1.59538,4.27533,6.16066,-2.85205,0.548287,0.0126832,0.576381,0.382683,0.112395,test
1073,9.98551,0.479516,-0.575344,7.11571,6.14607,-3.65275,0.93302,0.0283001,0.980447,0.5,0.199977,train
1074,8.95285,0.502466,-3.661,1.62311,6.40303,-2.48057,0.226595,0.00224105,0.305558,0.0654031,0.0401849,train
1075,13.9033,0.890993,-4.38737,7.3856,6.25944,-2.61567,0.740565,0.0128389,0.933867,6.12323e-17,0.158584,test
1076,13.2832,0.382917,-2.92276,7.05095,6.04689,-0.895801,0.613638,0.00950928,0.665151,0.130526,0.122016,train
1077,7.54354,0.741864,-0.197698,0.108602,6.50015,-3.10173,0.271337,0.00319309,0.295455,0.258819,0.0600449,test
1078,13.2147,0.24897,-4.72479,-0.830041,6.5789,-1.39441,-0.133594,0.00104196,-0.00878222,6.12323e-17,-0.0400471,train
1079,7.74763,0.630663,-0.747666,8.92408,6.59749,-2.4366,0.981275,0.0403454,1.05179,0.321439,0.214202,test
1080,7.71883,0.77795,-3.57051,9.9598,6.68845,-0.199374,0.763208,0.0242779,0.902967,0.0654031,0.162473,train
1081,13.2609,0.924734,-3.49106,0.580158,5.70623,-1.75802,0.060938,0.000368432,0.172564,6.12323e-17,0.00490719,train
1082,5.28923,0.820657,-1.88722,3.69414,6.59356,-1.42095,0.342265,0.00709193,0.412993,0.0654031,0.0725738,train
1083,8.91015,0.894018,-4.97263,-1.97792,5.82586,-0.240452,-0.326922,0.00577236,-0.078913,0.997859,-0.0861842,test
1084,12.1896,0.565323,-0.333422,4.36472,6.56783,-2.26406,0.625285,0.0105151,0.658125,0.382683,0.136353,test
1085,12.4812,0.423107,-4.83778,-1.09546,5.64051,-1.47908,-0.143461,0.00126693,-0.0213001,6.12323e-17,-0.0428593,train
1086,7.5957,0.515557,-4.00415,4.06824,6.20319,-1.32388,0.310333,0.00449304,0.389593,0.0654031,0.0583795,train
1087,10.2163,0.43499,-2.18716,8.62313,6.76523,-1.25761,0.863728,0.0237123,0.913118,0.321439,0.179022,train
1088,5.55786,0.515754,-4.51443,2.87312,6.19208,-0.868324,0.141236,0.00179564,0.217947,0.0654031,0.022007,test
1089,9.26185,0.278024,-3.5012,1.98675,5.87123,-0.900972,0.12229,0.000977683,0.178927,0.0654031,0.0173636,train
1090,11.1942,0.551031,-1.44624,1.19899,6.55012,-1.22334,0.170125,0.00087553,0.207404,0.0654031,0.0333063,train
1091,8.6488,0.677303,-2.02906,4.03783,6.36536,-0.913753,0.357293,0.00477196,0.419112,0.0654031,0.0744704,train
1092,11.8065,0.315164,-1.60128,2.53424,6.22568,-3.54515,0.499949,0.00704431,0.521865,0.321439,0.0998333,train
1093,5.1178,0.625046,-1.04403,-1.95689,6.60671,-2.33813,-0.00595016,4.5516e-05,0.0133579,6.12323e-17,-0.00323378,train
1094,8.50763,0.285567,-5.29104,5.0296,6.58383,-2.24229,0.46483,0.00960827,0.533591,0.130526,0.0839788,test
1095,6.83556,0.876073,-5.29239,6.70649,6.58529,-0.162312,0.382199,0.00718832,0.549442,6.12323e-17,0.0745905,train
1096,11.5958,0.609734,-5.12793,-0.490667,6.42877,-2.68409,-0.00677929,0.00097943,0.134737,6.12323e-17,-0.0154504,train
1097,6.7887,0.636996,-3.69643,6.9771,6.1483,-1.76017,0.581456,0.0160974,0.674281,0.0654031,0.120166,test
1098,11.2407,0.66874,-5.20138,2.44259,5.86671,-1.00098,0.0966359,0.00101799,0.236139,6.12323e-17,0.00834468,train
1099,11.9909,0.915642,-2.05675,9.47901,5.81064,-3.85366,1.05538,0.0314007,1.197,6.12323e-17,0.23874,test
1100,4.56211,0.428765,-0.738746,2.45582,6.54557,-2.42502,0.354606,0.0088333,0.378284,0.5,0.0743031,train
1101,7.77378,0.659833,-2.01957,1.12921,5.78822,-2.63307,0.229726,0.00222315,0.280463,0.0654031,0.0465027,train
1102,11.0341,0.857219,-0.646317,2.80549,6.13075,-1.39627,0.345209,0.00359861,0.388414,0.0654031,0.0772741,train
1103,5.49202,0.472724,-3.96267,-0.026185,6.16487,-1.86068,0.0105779,0.000564985,0.0782751,6.12323e-17,-0.00509424,train
1104,11.0536,0.806035,-5.42746,4.48066,5.67472,-3.68944,0.473023,0.00672514,0.645823,6.12323e-17,0.094288,train
1105,12.339,0.250115,-5.76183,0.89043,6.14183,-2.35148,0.0822852,0.00128022,0.200232,6.12323e-17,0.00214906,train
1106,11.0709,0.85638,-2.49496,2.47854,6.02458,-3.30429,0.40442,0.00478629,0.503494,6.12323e-17,0.0861199,train
1107,11.2288,0.347233,-4.11958,9.66365,6.44654,-0.0627752,0.754962,0.0172188,0.818037,0.19509,0.147647,test
1108,12.2696,0.367186,-5.88927,-1.78729,6.12027,-2.6639,-0.14664,0.00167102,0.00412598,6.12323e-17,-0.0463245,train
1109,13.5845,0.291785,-1.10621,-1.61624,5.99308,-0.203879,-0.170128,0.000708635,-0.062613,0.997859,-0.0379807,train
1110,11.0685,0.913216,-4.62462,7.56805,5.91491,-3.04547,0.725591,0.0154183,0.919093,6.12323e-17,0.155465,train
1111,12.9828,0.589893,-0.632189,-0.689733,5.68351,-2.75672,0.153367,0.000592267,0.170907,0.0654031,0.0322709,train
1112,13.7485,0.244748,-5.21052,0.833619,6.00314,-0.3641,-0.0836167,0.000851616,0.042007,6.12323e-17,-0.030434,train
1113,6.01327,0.949519,-2.9651,9.43865,6.74397,-2.05464,0.849425,0.0387257,1.03129,6.12323e-17,0.185502,train
1114,8.36735,0.753694,-4.64297,1.41553,6.01702,-0.641506,-0.00200883,0.000781549,0.112318,6.12323e-17,-0.0110894,train
1115,9.56373,0.308818,-3.68298,7.16366,6.44067,-1.43984,0.649554,0.015032,0.69477,0.19509,0.126173,train
1116,4.36793,0.692744,-0.517954,9.63521,6.10267,-2.3866,0.851077,0.0534786,0.929503,0.321439,0.185862,test
1117,10.7346,0.613812,-0.398989,5.67318,6.38549,-1.60922,0.654845,0.0131047,0.693854,0.382683,0.14365,train
1118,13.803,0.807677,-4.32297,2.19432,5.60859,-3.83661,0.342759,0.00288485,0.485375,6.12323e-17,0.0670963,train
1119,5.34503,0.655717,-1.19985,7.79107,6.73118,-2.78194,0.826247,0.0410707,0.901152,0.258819,0.178692,train
1120,9.16476,0.767404,-3.38706,-1.90545,6.49503,-2.63125,-0.0717586,0.000734909,0.015936,6.12323e-17,-0.0245595,train
1121,10.9223,0.646952,-5.40723,9.21654,5.91844,-3.50891,0.893147,0.0237966,1.04995,0.0654031,0.185028,test
1122,8.76548,0.411429,-1.83299,7.39738,6.34405,-3.57329,0.90849,0.0304837,0.954394,0.382683,0.18905,train
1123,12.2357,0.226598,-3.41835,1.88612,6.51989,-1.06451,0.151309,0.00111409,0.212728,0.0654031,0.0217224,train
1124,7.45554,0.241666,-4.94934,6.33866,6.18084,-1.02117,0.45114,0.0101812,0.498322,0.19509,0.0821298,train
1125,5.04231,0.350083,-2.09411,1.77107,6.5603,-2.89429,0.303812,0.00606165,0.325207,0.321439,0.0602313,test
1126,9.51588,0.853835,-1.0081,-0.339644,6.43643,-1.96248,0.104562,0.000375071,0.140811,6.12323e-17,0.0212256,train
1127,4.24246,0.369953,-2.99128,3.21509,6.23919,-0.387286,0.172024,0.00255187,0.20246,0.130526,0.0315992,train
1128,10.8301,0.951311,-2.60456,0.120596,5.89298,-0.402873,-0.0577222,0.000419815,0.0136133,6.12323e-17,-0.019899,train
1129,10.3451,0.928421,-4.7417,3.04403,6.7246,-0.0329551,0.084984,0.000915833,0.239648,6.12323e-17,0.00682744,train
1130,5.82378,0.814604,-2.40841,-1.26596,5.91284,-0.590427,-0.132795,0.00134468,-0.0292747,0.997859,-0.034274,train
1131,7.68572,0.828297,-2.90167,5.19557,6.28175,-2.27235,0.52081,0.0113571,0.632415,0.0654031,0.110828,train
1132,7.28591,0.865312,-1.79506,6.60903,6.52328,-3.6109,0.808221,0.0292165,0.9291,0.0654031,0.178285,train
1133,12.6632,0.752337,-4.86454,6.83615,6.27032,-0.84767,0.506796,0.00674007,0.671139,6.12323e-17,0.101217,train
1134,10.0361,0.916388,-0.696306,6.00109,5.96579,-0.609223,0.533445,0.0095483,0.599751,0.0654031,0.120846,train
1135,13.0672,0.465773,-4.04485,9.89088,6.13735,-3.05424,1.03314,0.0268423,1.12233,0.130526,0.211815,test
1136,10.4361,0.683554,-3.53525,-0.48418,6.00787,-1.35265,-0.0616777,0.000631556,0.0300504,6.12323e-17,-0.0226592,train
1137,5.26146,0.526617,-3.42705,6.07707,5.82953,-2.49203,0.525983,0.0170368,0.585577,0.19509,0.107652,train
1138,4.45248,0.480428,-4.22251,6.6937,5.83655,-3.53718,0.598222,0.026104,0.657795,0.19509,0.121589,train
1139,8.46933,0.833751,-0.707036,6.74903,6.19555,-2.0938,0.726416,0.0206433,0.803029,0.130526,0.162681,train
1140,8.17755,0.98971,-2.00955,9.01028,6.52234,-2.27983,0.906559,0.0331684,1.07466,6.12323e-17,0.202903,train
1141,11.4991,0.963483,-5.21854,1.95556,6.77578,-3.12755,0.257301,0.00231151,0.45415,6.12323e-17,0.0448125,train
1142,11.6044,0.662944,-4.18556,1.58508,6.03021,-3.11651,0.251283,0.0020821,0.368652,6.12323e-17,0.0451208,train
1143,11.6871,0.333203,-0.578139,8.01999,6.05639,-0.573795,0.752108,0.0157719,0.786832,0.608761,0.155681,test
1144,12.3748,0.638734,-2.96358,6.96442,6.74043,-1.57402,0.711517,0.0132937,0.811576,0.0654031,0.149563,train
1145,8.0149,0.964507,-0.610172,-1.8326,6.48905,-1.81859,-0.0254009,5.05233e-05,-0.00673016,0.997859,-0.00722439,train
1146,6.96025,0.424869,-0.355658,-1.99223,6.75204,-3.56109,0.126354,0.000740551,0.133945,0.382683,0.0261621,train
1147,13.1527,0.667109,-1.87533,3.35163,6.42167,-2.4615,0.473775,0.00555903,0.540205,0.0654031,0.100601,train
1148,13.1024,0.756543,-4.42147,5.2559,5.94924,-1.76311,0.4448,0.00501992,0.590722,6.12323e-17,0.088955,train
1149,12.4774,0.328356,-4.21415,2.40405,6.61868,-1.7684,0.236885,0.00216,0.323675,0.0654031,0.0378745,train
1150,12.9726,0.21325,-4.86876,-1.48305,6.33377,-3.75493,0.0299433,0.000776001,0.134154,6.12323e-17,-0.00658617,train
1151,13.5339,0.736831,-5.61456,5.51704,5.7327,-3.65108,0.571941,0.0080371,0.750537,6.12323e-17,0.114628,train
1152,6.32092,0.445297,-2.28302,6.36065,6.56761,-2.99036,0.713862,0.0259985,0.760405,0.321439,0.147967,train
1153,9.63382,0.478093,-3.00879,0.2744,6.78574,-2.0373,0.0971394,0.000640624,0.166243,6.12323e-17,0.013187,train
1154,11.2898,0.743394,-4.30328,7.07971,6.50751,-1.02229,0.578255,0.00966089,0.725671,0.0654031,0.118547,train
1155,6.80704,0.814371,-0.537545,9.46432,5.66484,-3.26208,0.948841,0.0436859,1.0413,0.19509,0.21232,test
1156,6.05008,0.432462,-0.0147981,9.7076,6.27951,-0.799593,0.856317,0.0389466,0.914802,0.55557,0.182736,train
1157,5.90001,0.754093,-4.56309,6.46937,5.70145,-2.87467,0.542862,0.0161129,0.666964,0.0654031,0.112253,train
1158,5.64973,0.45497,-3.483,-1.40277,6.13025,-1.51717,-0.108234,0.00112997,-0.0397766,0.997859,-0.0297231,test
1159,4.89847,0.202181,-4.64622,4.86951,5.63465,-3.03018,0.42748,0.0133127,0.451443,0.321439,0.0798069,train
1160,8.73514,0.286749,-5.54982,2.99791,6.49371,-3.15939,0.351075,0.00596008,0.432084,0.0654031,0.059765,train
1161,13.9546,0.600731,-0.818156,9.9386,5.94133,-2.31938,1.07014,0.0272073,1.12538,0.321439,0.235021,test
1162,12.4549,0.43384,-4.4375,8.11323,6.61407,-1.32659,0.737591,0.014721,0.831434,0.130526,0.145469,test
1163,12.203,0.801867,-5.06825,3.82942,5.71223,-1.71554,0.273711,0.00232505,0.43109,6.12323e-17,0.0493855,test
1164,12.2306,0.912121,-5.4637,6.80281,5.682,-0.997841,0.442155,0.00529742,0.636468,6.12323e-17,0.0882967,test
1165,5.74399,0.700832,-1.76161,1.27715,6.60505,-2.23715,0.226018,0.00287546,0.273344,0.0654031,0.0463361,train
1166,5.1316,0.502385,-0.895193,-1.43261,6.36921,-3.28128,0.11517,0.000845791,0.129584,0.19509,0.0231711,train
1167,10.4593,0.323379,-5.9582,9.80262,6.64616,-2.2996,0.920691,0.0280336,1.00564,0.19509,0.176803,train
1168,12.6172,0.54055,-2.48977,8.77418,6.7837,-1.62038,0.928458,0.022221,1.00348,0.19509,0.195765,test
1169,8.98583,0.777521,-5.61013,2.11546,5.84966,-1.26274,0.0700716,0.00110863,0.215652,6.12323e-17,0.00274871,train
1170,10.7394,0.635551,-3.74041,0.348194,6.52853,-3.3584,0.192272,0.00145851,0.295658,6.12323e-17,0.0326359,train
1171,4.49906,0.373461,-5.7419,1.4129,6.46322,-3.14108,0.163315,0.00308805,0.234536,0.0654031,0.0249326,train
1172,7.64221,0.200672,-5.71654,0.377258,6.51694,-3.19937,0.111814,0.00184335,0.19633,0.0654031,0.0104924,train
1173,11.2154,0.835587,-1.0685,-0.0327005,6.69787,-1.13149,0.0585317,0.00011901,0.0951995,6.12323e-17,0.0103747,train
1174,10.9502,0.572246,-4.09476,1.84737,5.60538,-2.99424,0.252194,0.00221028,0.349053,0.0654031,0.0454902,train
1175,12.7793,0.406452,-4.31781,0.895475,6.04925,-2.2268,0.116996,0.00092921,0.216996,6.12323e-17,0.0134314,train
1176,13.4585,0.71314,-1.05749,0.605636,5.60361,-2.49029,0.221691,0.00119473,0.257478,0.0654031,0.0473188,train
1177,6.0484,0.85789,-0.66262,9.16463,5.86261,-1.79704,0.808478,0.0355193,0.903181,0.130526,0.180505,train
1178,12.3695,0.972403,-5.67416,0.732452,6.37622,-1.19414,-0.0653792,0.00149736,0.114123,6.12323e-17,-0.0309296,test
1179,7.18182,0.64094,-4.37946,3.11586,6.49603,-3.83551,0.4341,0.00873443,0.542099,0.0654031,0.0858434,train
1180,6.7114,0.622846,-3.94534,-1.80599,5.90534,-1.74108,-0.142116,0.00168821,-0.0448585,0.997859,-0.0392706,test
1181,8.75453,0.618657,-0.724796,4.14736,6.39857,-0.850887,0.416583,0.00642607,0.448907,0.258819,0.0900308,train
1182,4.7261,0.710769,-2.80106,3.98588,6.05356,-0.0130134,0.203003,0.00290905,0.263344,0.0654031,0.0399069,train
1183,8.32959,0.616885,-1.86667,2.49093,5.92564,-2.60538,0.354245,0.0048762,0.402875,0.130526,0.0738421,train
1184,7.90433,0.745621,-5.91646,6.84019,5.86799,-3.19513,0.597533,0.0147938,0.764002,0.0654031,0.12075,train
1185,8.93082,0.783935,-5.29809,5.10425,6.152,-2.10342,0.413814,0.0064904,0.57407,6.12323e-17,0.0806011,train
1186,8.48714,0.315302,-3.45641,8.21901,6.40832,-2.21685,0.804651,0.025358,0.846207,0.321439,0.159821,train
1187,5.1842,0.58315,-0.318095,7.34686,5.92225,-3.87737,0.826902,0.04252,0.886435,0.442289,0.179437,train
1188,8.10264,0.861456,-3.2852,-0.0962464,5.80134,-3.15084,0.125132,0.000822133,0.216849,6.12323e-17,0.0211446,train
1189,7.23844,0.786902,-2.22088,1.40017,6.77998,-0.414205,0.072973,0.000374453,0.132644,6.12323e-17,0.0112628,test
1190,8.58542,0.834106,-2.17448,5.95538,6.59865,-0.214027,0.466341,0.00816985,0.560089,0.0654031,0.10005,train
1191,12.0147,0.487565,-5.6174,1.06702,6.0706,-1.04873,-0.0284344,0.00109676,0.115096,6.12323e-17,-0.0209599,train
1192,5.19219,0.629636,-0.183589,-0.849963,6.02487,-3.71266,0.209776,0.00273257,0.226376,0.382683,0.0455655,train
1193,8.14845,0.260705,-3.83558,7.13969,6.69194,-0.354086,0.543053,0.0126595,0.580256,0.258819,0.10307,test
1194,6.3408,0.498096,-5.58345,2.86639,6.52923,-3.1706,0.307873,0.00577752,0.408719,0.0654031,0.0548273,test
1195,7.76153,0.289235,-4.00977,-1.27832,6.02568,-0.816941,-0.177433,0.00173618,-0.0811288,0.997859,-0.0452615,train
1196,5.38542,0.870307,-3.77986,2.37767,6.3615,-0.187681,0.0684166,0.000697041,0.155711,6.12323e-17,0.00820253,train
1197,13.8619,0.314776,-1.33464,0.456465,5.89759,-2.38424,0.205868,0.00107519,0.226834,0.130526,0.0392414,train
1198,13.7204,0.519207,-5.37342,1.09698,5.67727,-3.52584,0.197118,0.00161943,0.332212,6.12323e-17,0.0288232,test
1199,12.6984,0.706076,-1.37156,2.30856,6.34723,-1.25058,0.275589,0.00194531,0.324411,0.0654031,0.0581242,test
1200,8.40205,0.524005,-2.91711,2.16487,6.37723,-3.51803,0.390776,0.00602141,0.452697,0.130526,0.0779731,train
1201,9.72709,0.541305,-2.59074,9.07077,6.70258,-0.509409,0.799695,0.0212801,0.870502,0.19509,0.167598,train
1202,8.61533,0.463911,-0.639395,0.204593,6.15449,-2.94443,0.248802,0.00232504,0.263747,0.321439,0.0520089,train
1203,6.36533,0.842922,-5.7531,3.11871,5.93242,-3.37438,0.302878,0.00512938,0.456269,6.12323e-17,0.0566193,train
1204,6.2356,0.855759,-4.93487,9.77755,5.88509,-2.92048,0.802637,0.0331762,0.982874,0.0654031,0.170889,train
1205,10.2792,0.939219,-4.155,7.83061,6.74733,-0.48259,0.603339,0.0114112,0.790956,6.12323e-17,0.1274,train
1206,9.41866,0.729054,-2.64767,4.58388,5.99891,-2.48877,0.500947,0.00861777,0.589656,0.0654031,0.105979,test
1207,5.40294,0.534475,-0.389763,-1.70487,6.41752,-2.45964,0.0469989,0.00013408,0.0539755,0.130526,0.00943177,train
1208,10.6334,0.670862,-3.51136,-0.388964,5.71151,-3.05843,0.0920687,0.000563686,0.183304,6.12323e-17,0.0119515,train
1209,4.87191,0.227365,-0.625346,9.12539,6.1004,-0.385289,0.69733,0.0322842,0.776298,0.75184,0.142302,train
1210,5.06884,0.499373,-4.95984,2.81326,5.71869,-3.39899,0.295723,0.00617144,0.369447,0.0654031,0.0551611,train
1211,12.4925,0.223788,-3.3232,8.69071,5.72083,-2.4747,0.849417,0.0199803,0.879642,0.321439,0.163325,train
1212,10.821,0.774143,-4.19393,3.47036,6.09257,-2.55329,0.363205,0.00409761,0.497019,6.12323e-17,0.0714084,train
1213,5.33379,0.661496,-1.01679,-0.182901,5.88406,-0.196347,-0.0322628,0.000109509,-0.00941697,0.997859,-0.00892721,test
1214,11.7722,0.671572,-3.14052,-0.678408,5.60987,-1.7513,-0.0277421,0.000357926,0.0545731,6.12323e-17,-0.0141159,test
1215,5.86024,0.517593,-5.20664,9.35091,6.44592,-0.169343,0.598106,0.0201917,0.690687,0.130526,0.118928,train
1216,8.60901,0.549177,-1.02857,4.11209,6.20757,-1.49789,0.448392,0.00754859,0.480543,0.258819,0.0953775,test
1217,7.72589,0.211905,-4.75081,7.76443,6.72025,-2.41759,0.750197,0.0254974,0.785945,0.321439,0.142142,train
1218,10.7576,0.750031,-5.63531,1.04001,5.82654,-2.92243,0.120322,0.00124974,0.276592,6.12323e-17,0.0131004,train
1219,7.32254,0.297335,-4.39833,4.69603,6.63139,-3.02844,0.525408,0.0131854,0.573013,0.19509,0.0996905,train
1220,13.4748,0.903201,-0.446263,-0.669087,6.24351,-0.587168,-0.0265745,3.12024e-05,-0.00795249,0.997859,-0.00740791,train
1221,10.5554,0.466726,-1.33066,9.84686,6.45298,-2.8411,1.12989,0.0392156,1.18614,0.442289,0.239855,train
1222,12.0604,0.78932,-4.96658,7.49681,6.57307,-3.62716,0.845968,0.019236,1.03976,6.12323e-17,0.17803,train
1223,11.1825,0.604449,-5.04496,8.79818,6.09871,-0.932696,0.669691,0.0132579,0.806222,0.0654031,0.13488,train
1224,11.4177,0.601523,-0.955143,4.09555,6.36742,-0.382639,0.376806,0.00404463,0.409361,0.19509,0.0806241,train
1225,11.5881,0.245389,-2.07666,1.65111,5.699,-3.40313,0.359267,0.00392131,0.380831,0.19509,0.0681838,train
1226,9.8277,0.284365,-0.0275507,3.77755,6.70383,-1.1368,0.467538,0.00720711,0.503363,0.707107,0.0965589,train
1227,5.60147,0.992048,-0.301403,6.72715,5.7859,-0.405884,0.511416,0.0154965,0.589867,6.12323e-17,0.115509,test
1228,5.3932,0.227107,-5.99744,0.533798,6.61728,-3.6965,0.145383,0.00274566,0.214876,0.0654031,0.0189775,train
1229,4.06211,0.792706,-5.86164,5.58922,6.71033,-3.71564,0.502537,0.0202571,0.650248,0.0654031,0.101242,test
1230,11.564,0.911261,-3.04755,9.15194,6.44395,-3.04247,0.999269,0.0285006,1.17623,6.12323e-17,0.22163,train
1231,13.8536,0.803014,-0.511322,6.45908,6.6933,-1.7254,0.785337,0.0150736,0.848359,0.19509,0.177598,train
1232,12.9488,0.870507,-0.753265,-1.32857,6.3124,-3.25949,0.146935,0.000543066,0.180526,6.12323e-17,0.0316755,test
1233,10.2082,0.674171,-2.28243,-0.90558,6.73641,-2.34007,0.0399795,0.000229314,0.103902,6.12323e-17,0.00281963,train
1234,5.93128,0.897432,-4.30627,5.18377,5.69181,-3.13653,0.469473,0.011943,0.610868,6.12323e-17,0.0978676,train
1235,10.2446,0.480065,-0.255744,8.08384,6.17345,-2.24807,0.913716,0.0264941,0.960844,0.5,0.196645,train
1236,13.6645,0.65077,-2.63404,7.017,6.2014,-3.91295,0.906577,0.0196911,1.00198,0.130526,0.195066,train
1237,13.3248,0.623657,-1.19388,3.77863,5.72704,-2.58657,0.504845,0.00628625,0.546444,0.130526,0.109201,test
1238,10.9069,0.5417,-2.24592,1.05795,6.38365,-3.52747,0.334031,0.00338799,0.389634,0.0654031,0.0670421,train
1239,4.11644,0.560624,-1.75269,7.5478,6.71116,-3.41652,0.775794,0.0467618,0.840177,0.321439,0.164802,train
1240,13.8349,0.296358,-4.16361,9.4249,5.7073,-2.34249,0.878778,0.0191639,0.93398,0.19509,0.170778,train
1241,4.90814,0.201587,-2.84185,6.51385,5.78163,-3.15642,0.617555,0.025912,0.655891,0.659346,0.12142,train
1242,12.7356,0.819504,-3.1299,6.29484,6.23625,-1.50502,0.584658,0.00872738,0.711967,6.12323e-17,0.124908,train
1243,12.8629,0.641496,-2.83859,5.47238,6.01235,-1.1785,0.483669,0.00594757,0.56982,0.0654031,0.100119,train
1244,5.6502,0.203203,-1.94719,7.8675,5.97862,-1.09284,0.630447,0.023287,0.676154,0.707107,0.124953,train
1245,12.271,0.862713,-3.61885,1.54762,6.50519,-1.27478,0.109981,0.000633945,0.232129,6.12323e-17,0.0150425,train
1246,4.75886,0.338394,-5.9091,8.48501,6.27909,-0.571852,0.503207,0.0184807,0.558647,0.19509,0.0957417,train
1247,9.96986,0.999298,-2.71624,2.66245,6.56671,-1.23621,0.241505,0.00191325,0.352817,6.12323e-17,0.0487235,test
1248,4.77014,0.869482,-2.28609,9.98715,5.85593,-2.16137,0.792185,0.0424635,0.922727,0.0654031,0.173149,train
1249,11.238,0.649801,-1.97454,2.14059,6.16436,-1.31056,0.23145,0.00158173,0.288314,0.0654031,0.0463238,train
1250,6.4469,0.904184,-3.71493,7.41877,6.43487,-2.92913,0.714746,0.0254546,0.880817,6.12323e-17,0.153484,train
1251,11.3153,0.439916,-0.958074,6.96051,6.19367,-2.30076,0.806843,0.0186953,0.843635,0.442289,0.170433,test
1252,11.1155,0.581178,-5.14299,0.941867,6.29706,-1.75785,0.0402443,0.000954251,0.175643,6.12323e-17,-0.00471755,train
1253,10.9987,0.973978,-5.15461,3.5154,6.16703,-1.00996,0.188753,0.00152236,0.365204,6.12323e-17,0.0303215,train
1254,7.79099,0.876581,-2.83613,0.314863,6.20573,-0.860965,-0.0091079,0.000317406,0.0624594,6.12323e-17,-0.00845047,test
1255,8.7197,0.764702,-3.46189,0.829926,6.08714,-0.694115,-0.00262331,0.000440352,0.0851702,6.12323e-17,-0.00872154,train
1256,6.37169,0.35074,-3.18163,4.15608,5.85934,-0.207464,0.237389,0.00322635,0.276231,0.130526,0.043794,train
1257,5.1601,0.793518,-2.27492,4.18172,6.34588,-0.379191,0.275073,0.00471715,0.342515,0.0654031,0.0569019,train
1258,10.3932,0.264622,-4.32504,2.05633,6.01634,-0.103918,0.0341144,0.000647002,0.118651,6.12323e-17,-0.00324237,train
1259,12.7744,0.49353,-4.32734,9.09312,6.21527,-3.18885,0.966496,0.0240307,1.06844,0.130526,0.197777,train
1260,10.7486,0.431255,-5.45217,-1.26077,5.65925,-2.73152,-0.0720713,0.0011027,0.054333,6.12323e-17,-0.0285163,train
1261,5.79471,0.430541,-2.00614,3.5237,5.9763,-0.353253,0.234892,0.00317485,0.26199,0.19509,0.0463515,train
1262,11.8685,0.456086,-2.71306,1.53809,6.64917,-3.98156,0.424392,0.00510638,0.483662,0.130526,0.083742,train
1263,13.8213,0.753376,-0.167889,6.64812,6.54655,-2.17164,0.849001,0.0176758,0.903072,0.258819,0.19195,train
1264,5.80688,0.327283,-4.06402,2.75264,5.87903,-1.61394,0.205143,0.0029547,0.252959,0.0654031,0.0355095,test
1265,7.17613,0.404445,-4.53987,-1.85487,6.08544,-1.98288,-0.149111,0.00173827,-0.0522407,6.12323e-17,-0.0412361,train
1266,4.59416,0.595102,-3.7964,7.45529,5.62955,-0.738488,0.454792,0.0145876,0.524504,0.130526,0.092856,train
1267,7.69955,0.324612,-2.70108,6.57964,5.71493,-1.98643,0.595304,0.0152431,0.625895,0.321439,0.118784,train
1268,12.5894,0.471563,-1.68494,-1.39275,5.65032,-3.87342,0.149728,0.000641048,0.186821,0.0654031,0.0280481,train
1269,5.74671,0.84018,-3.51464,0.719755,6.03607,-1.00657,0.0117539,0.000434264,0.0873323,6.12323e-17,-0.00406097,train
1270,13.9725,0.510115,-0.9967,6.90279,6.25489,-0.160783,0.626149,0.00917681,0.659225,0.258819,0.133539,train
1271,6.84515,0.477809,-3.3832,2.09143,6.14763,-3.66599,0.354892,0.00621157,0.412591,0.130526,0.0693053,test
1272,13.186,0.714072,-0.735396,0.659162,6.01555,-0.244087,0.051362,7.21948e-05,0.0741236,6.12323e-17,0.00956923,test
1273,6.49805,0.376527,-0.127301,5.80268,6.65183,-3.5162,0.804122,0.0319597,0.862062,0.608761,0.169752,train
1274,5.1423,0.481121,-3.74321,0.0557394,6.5889,-0.873112,-0.0546479,0.000736218,0.011957,6.12323e-17,-0.0186345,train
1275,9.07714,0.649221,-5.50125,-1.07721,6.59427,-1.19055,-0.212726,0.00319089,-0.0735418,0.997859,-0.0608019,train
1276,12.6326,0.363902,-5.09803,2.20491,6.13599,-1.65599,0.1579,0.00149808,0.26984,6.12323e-17,0.0197559,train
1277,12.6811,0.843908,-1.1898,3.84096,6.51368,-1.84941,0.48931,0.00625593,0.558071,0.0654031,0.108608,train
1278,9.23053,0.323972,-0.383252,7.66956,6.12481,-1.78999,0.814243,0.0232667,0.863524,0.659346,0.169072,test
1279,13.4035,0.762991,-5.16187,7.64307,6.40138,-1.72158,0.665793,0.0108304,0.852125,6.12323e-17,0.136254,train
1280,4.2889,0.536413,-0.169531,6.81305,5.9468,-3.4456,0.723434,0.0391705,0.7763,0.5,0.155965,train
1281,12.717,0.776527,-3.11924,5.9675,6.67949,-2.50409,0.688197,0.0121002,0.818277,0.0654031,0.147042,train
1282,5.35978,0.382798,-1.92597,6.73526,5.96345,-3.29286,0.701831,0.0296294,0.742467,0.5,0.145121,train
1283,8.35232,0.209689,-5.8731,2.92127,6.11005,-2.23834,0.238419,0.00371656,0.316375,0.0654031,0.0356917,train
1284,10.0006,0.693016,-4.36374,8.9857,5.69635,-2.14569,0.757052,0.0185925,0.889247,0.0654031,0.15897,train
1285,10.693,0.591812,-5.36691,4.5284,6.65296,-1.41671,0.342017,0.00425225,0.484424,6.12323e-17,0.06084,train
1286,6.1094,0.705552,-2.9194,6.82714,6.79537,-2.63852,0.70043,0.0257615,0.801829,0.130526,0.148542,train
1287,10.4894,0.428277,-2.1132,0.146166,6.05526,-0.545958,-0.018603,0.000163905,0.0312191,6.12323e-17,-0.0092191,train
1288,13.564,0.297963,-0.407144,7.25727,6.06852,-1.10237,0.754036,0.0137303,0.789728,0.659346,0.154745,train
1289,9.74708,0.244357,-2.27261,0.169158,6.14994,-1.23201,0.0420479,0.000245431,0.0820354,0.0654031,0.00330218,train
1290,9.93277,0.351313,-0.149906,-1.40651,5.77062,-2.95924,0.12562,0.00051657,0.13132,0.55557,0.0260334,train
1291,7.0104,0.462948,-3.27163,6.9562,6.11634,-1.34764,0.570146,0.0151587,0.625465,0.19509,0.115528,train
1292,12.5141,0.645222,-0.007499,8.64774,5.91322,-2.60765,0.992118,0.0263011,1.0443,0.442289,0.221233,train
1293,4.35959,0.82341,-4.32903,8.25438,6.55621,-3.42175,0.733967,0.0395101,0.887887,0.0654031,0.155215,train
1294,9.66202,0.529807,-5.59719,6.22526,6.38008,-3.6747,0.677847,0.0159751,0.806374,0.0654031,0.133523,train
1295,6.06767,0.426484,-0.160399,3.61157,6.08062,-1.70908,0.418395,0.00927169,0.445691,0.55557,0.0889125,train
1296,9.19439,0.359484,-1.88625,6.91207,6.35832,-2.89683,0.813139,0.0234201,0.85059,0.442289,0.16668,train
1297,7.00836,0.713854,-4.67218,5.27851,6.05044,-3.53271,0.545512,0.0138006,0.67308,0.0654031,0.111356,train
1298,9.94897,0.26379,-3.19481,6.42122,6.64877,-1.05327,0.584872,0.0118769,0.619033,0.258819,0.112265,train
1299,13.1195,0.449086,-1.32308,2.97835,6.47595,-3.77184,0.597917,0.00889097,0.630338,0.258819,0.124732,train
1300,6.09785,0.306896,-5.3443,7.60924,6.26142,-0.307033,0.464634,0.0126932,0.519135,0.19509,0.0866027,train
1301,8.8848,0.456544,-3.25835,0.0619271,5.72788,-0.604763,-0.0600861,0.000498639,0.0117534,6.12323e-17,-0.0202518,train
1302,10.9006,0.215126,-1.70928,0.589504,6.28401,-1.83391,0.159237,0.000926475,0.180448,0.130526,0.0279988,train
1303,11.0488,0.57477,-1.9187,2.23446,5.80434,-1.96113,0.286703,0.00244797,0.334783,0.0654031,0.0582733,train
1304,5.6225,0.827847,-3.65814,-1.99609,6.26967,-2.08399,-0.121133,0.00155384,-0.0320148,0.997859,-0.0340529,train
1305,13.2231,0.362148,-2.10765,1.31515,6.17569,-0.00657277,0.0405378,0.000184691,0.0896587,6.12323e-17,0.00284323,train
1306,10.3985,0.370582,-1.82148,8.50399,6.65883,-0.213197,0.760956,0.0181704,0.79651,0.382683,0.155859,train
1307,10.5067,0.386599,-3.77687,8.33581,5.67277,-0.174429,0.579044,0.0107973,0.638983,0.130526,0.11369,test
1308,7.41107,0.873677,-5.95266,1.17455,6.57564,-0.613693,-0.0778586,0.00190872,0.0674167,6.12323e-17,-0.0310567,train
1309,11.9577,0.705188,-5.42524,5.76658,6.31995,-1.80859,0.475492,0.00648401,0.644201,6.12323e-17,0.091944,train
1310,8.92444,0.549466,-0.834869,7.73689,6.68958,-2.87867,0.952617,0.0329379,1.01033,0.382683,0.205587,train
1311,8.61482,0.638005,-3.87884,1.00204,6.06785,-2.21531,0.127729,0.00101792,0.221053,6.12323e-17,0.019207,train
1312,13.1564,0.395355,-4.39725,7.6156,5.686,-3.06094,0.762387,0.0149339,0.841334,0.130526,0.150538,train
1313,12.003,0.576935,-5.85657,4.96085,6.50078,-3.83097,0.592832,0.0101083,0.752596,0.0654031,0.114183,train
1314,11.3382,0.869115,-1.1249,8.08933,6.71523,-1.12314,0.832874,0.0204417,0.931853,0.0654031,0.187257,train
1315,9.67265,0.251982,-0.217065,3.85081,5.98899,-0.867821,0.400926,0.00542957,0.429008,0.707107,0.081504,train
1316,6.73735,0.425362,-3.34624,1.73923,5.66452,-2.10188,0.186468,0.0020024,0.238159,0.0654031,0.0331824,test
1317,6.0264,0.740679,-3.87924,9.31398,5.67648,-3.70324,0.840132,0.0376661,0.967372,0.0654031,0.179503,train
1318,10.5439,0.353655,-0.103039,9.83377,6.41591,-0.598309,0.966674,0.0287039,1.02411,0.659346,0.2029,train
1319,8.57325,0.839932,-1.53569,3.4384,6.37941,-3.80942,0.573014,0.0124943,0.658542,0.0654031,0.12598,train
1320,8.6282,0.473813,-2.62358,7.17401,6.33824,-1.29958,0.651081,0.0159685,0.704204,0.19509,0.134006,train
1321,13.1482,0.338548,-2.4217,-1.8105,6.65346,-3.61678,0.0788034,0.000369795,0.13382,6.12323e-17,0.00967605,train
1322,7.29808,0.207453,-2.74509,2.61073,6.56925,-2.66157,0.36662,0.00654355,0.386267,0.258819,0.0687344,test
1323,10.8621,0.851306,-0.773535,4.80299,6.61298,-0.77499,0.490927,0.00737089,0.550403,0.0654031,0.109804,train
1324,7.33156,0.81503,-4.17022,-0.250342,6.1458,-1.3185,-0.0663502,0.000970557,0.0291578,6.12323e-17,-0.0240026,train
1325,10.9148,0.823921,-1.63489,6.26103,6.64736,-0.82467,0.599857,0.0107992,0.688247,0.0654031,0.131844,train
1326,10.5025,0.413007,-1.13841,7.14841,6.70639,-1.29138,0.766664,0.0181407,0.803152,0.442289,0.16029,test
1327,11.4537,0.208148,-1.42221,2.52124,5.99523,-2.67391,0.411004,0.00507226,0.424106,0.382683,0.0792192,train
1328,8.21598,0.607131,-2.46495,3.75912,5.67412,-0.81242,0.278378,0.00311223,0.335465,0.0654031,0.0558841,train
1329,9.80278,0.431178,-0.786317,7.88444,6.63775,-0.491091,0.758695,0.018993,0.79686,0.5,0.160152,train
1330,12.4704,0.892289,-0.528227,4.00367,6.4614,-2.98885,0.63426,0.010985,0.699639,0.0654031,0.144488,train
1331,6.81969,0.469701,-0.411467,7.57412,6.47774,-0.965237,0.717772,0.0243122,0.762145,0.5,0.153292,train
1332,6.56106,0.284941,-2.43957,-1.52046,6.22452,-1.63417,-0.0742512,0.000446729,-0.0245997,6.12323e-17,-0.0202551,train
1333,10.7892,0.274477,-5.05035,1.38355,6.39733,-1.35507,0.0617175,0.00102294,0.164455,6.12323e-17,5.74361e-05,train
1334,5.43012,0.626453,-0.495336,4.74605,6.39031,-2.96553,0.597174,0.0211656,0.644415,0.382683,0.129637,train
1335,8.68866,0.971601,-0.435823,2.54222,5.65556,-2.28079,0.364757,0.00517326,0.414864,6.12323e-17,0.0830409,train
1336,9.30135,0.714933,-3.18565,8.28444,6.75362,-0.736521,0.711631,0.0175709,0.827859,0.0654031,0.150663,train
1337,8.15083,0.953924,-4.5789,-1.45882,6.01047,-0.652438,-0.237943,0.00372549,-0.0584181,0.997859,-0.0648063,train
1338,7.02599,0.904578,-0.65048,-0.926968,5.98154,-3.60368,0.189248,0.00165653,0.223893,6.12323e-17,0.0415476,test
1339,10.0278,0.963141,-4.05833,1.43865,5.66674,-0.146167,-0.023594,0.000614051,0.0876536,6.12323e-17,-0.0151213,train
1340,6.88719,0.516517,-4.41336,1.81029,6.61507,-0.461326,0.0317889,0.000788157,0.122221,6.12323e-17,-0.00272048,train
1341,10.2282,0.880415,-0.622523,1.81709,5.68519,-0.255165,0.146255,0.000684425,0.174014,6.12323e-17,0.0320404,test
1342,13.3634,0.306547,-1.86417,1.90374,5.75032,-1.06695,0.192758,0.00104323,0.223547,0.0654031,0.0351852,train
1343,4.09626,0.942093,-0.564703,3.67051,5.81904,-2.5233,0.400881,0.0127477,0.468057,0.0654031,0.0887867,train
1344,6.53003,0.532322,-5.33089,0.42148,6.58213,-1.30487,-0.0498728,0.00127757,0.0594767,6.12323e-17,-0.0220629,train
1345,10.561,0.326163,-1.42195,2.94053,6.44738,-3.70563,0.565849,0.00996246,0.589502,0.382683,0.114517,train
1346,13.9366,0.969891,-0.643765,2.63843,5.64899,-1.69054,0.3409,0.00287874,0.388326,6.12323e-17,0.0780719,train
1347,10.8299,0.387968,-5.44259,2.08569,6.4295,-3.94535,0.348742,0.00468962,0.458394,0.0654031,0.0597927,test
1348,9.82305,0.528116,-2.36037,4.43109,5.6152,-1.9062,0.434555,0.00628508,0.485823,0.130526,0.0891996,train
1349,4.03805,0.887291,-4.03905,-1.22799,6.23458,-1.70587,-0.0929431,0.00143332,-0.0241356,0.997859,-0.0269881,train
1350,9.38671,0.262532,-2.93939,9.91161,6.37898,-3.40522,1.09932,0.0426996,1.14408,0.5,0.218906,test
1351,5.22386,0.316461,-0.279362,5.41123,6.13272,-1.80493,0.548568,0.0185038,0.594325,0.659346,0.114289,train
1352,7.96926,0.409696,-1.14796,6.32855,5.88182,-1.00515,0.563723,0.0129008,0.592304,0.442289,0.117455,train
1353,11.0638,0.895024,-0.571689,9.40023,6.50355,-3.33467,1.15648,0.0410563,1.2712,0.130526,0.263639,train
1354,9.95936,0.734664,-1.75503,2.62508,5.74821,-2.19424,0.334,0.00363076,0.392489,0.0654031,0.0709306,train
1355,4.94487,0.762607,-3.73768,9.15735,6.43107,-1.89305,0.727312,0.0342532,0.853943,0.0654031,0.154093,train
1356,7.28336,0.834477,-4.89697,6.57379,5.72636,-2.32645,0.519557,0.0119908,0.672163,6.12323e-17,0.10705,train
1357,8.44456,0.331115,-4.86925,6.99842,6.51227,-3.67731,0.782005,0.024551,0.8432,0.19509,0.152361,train
1358,10.7405,0.754758,-1.81875,8.73752,6.08484,-2.18854,0.888278,0.02418,0.982493,0.130526,0.195821,train
1359,7.55259,0.891913,-3.90892,5.24407,5.9939,-0.834808,0.348158,0.0052338,0.47757,6.12323e-17,0.0705207,train
1360,8.72556,0.503602,-1.16018,0.516481,5.67803,-1.77595,0.145163,0.000804624,0.167625,0.0654031,0.0288622,train
1361,12.8744,0.977651,-0.947224,4.79326,6.33047,-2.39392,0.623264,0.0103173,0.711661,6.12323e-17,0.142414,train
1362,4.52179,0.804977,-1.59245,8.13968,6.78057,-1.60352,0.704388,0.0352585,0.804905,0.130526,0.152956,test
1363,9.79976,0.648689,-2.13448,1.55935,5.8402,-0.821596,0.120581,0.000567133,0.17474,6.12323e-17,0.0216496,train
1364,6.99007,0.712153,-2.36296,1.56846,6.73228,-0.440016,0.0845678,0.00048829,0.143123,6.12323e-17,0.0134846,train
1365,10.7916,0.570776,-3.13675,2.35711,5.89823,-1.38664,0.204507,0.00146087,0.280599,0.0654031,0.0370784,train
1366,6.34625,0.367978,-1.50853,4.59432,6.47187,-3.23736,0.608244,0.0188373,0.641874,0.5,0.125343,test
1367,12.8924,0.917883,-3.6338,4.01661,5.92503,-3.86095,0.542321,0.00741277,0.695461,6.12323e-17,0.115882,test
1368,10.5212,0.529306,-0.377406,8.96995,5.69795,-1.94319,0.900084,0.0251865,0.945161,0.442289,0.195431,train
1369,6.22855,0.253719,-3.95995,7.31283,6.01863,-0.557282,0.496805,0.013725,0.52687,0.258819,0.0948516,train
1370,13.2188,0.801467,-3.82368,5.78203,6.08363,-3.89202,0.716611,0.0126549,0.86661,6.12323e-17,0.153053,train
1371,7.74061,0.639618,-2.15942,4.07637,6.00344,-3.73925,0.566112,0.0133568,0.631106,0.130526,0.120183,train
1372,11.4671,0.556316,-4.70803,5.4891,5.62443,-3.62439,0.590342,0.0101391,0.703141,0.0654031,0.117885,train
1373,10.849,0.826113,-4.09189,5.58276,5.77253,-2.04059,0.483043,0.006989,0.6241,6.12323e-17,0.100017,train
1374,4.29373,0.657997,-4.03767,0.188194,6.41137,-1.94583,0.0276621,0.000612247,0.0959948,6.12323e-17,-0.000611762,train
1375,6.85775,0.84357,-4.82085,4.37254,5.78533,-1.24074,0.265851,0.00362796,0.397137,6.12323e-17,0.0500975,train
1376,12.5309,0.781937,-1.45349,6.30655,6.67201,-2.44567,0.786456,0.0163293,0.873396,0.0654031,0.174239,train
1377,12.9971,0.77126,-1.34611,8.70149,6.7843,-2.25731,1.02617,0.0269537,1.12292,0.130526,0.22863,train
1378,8.2332,0.977408,-5.86238,2.67532,6.1569,-0.229952,0.0182677,0.00121929,0.179326,6.12323e-17,-0.00926614,train
1379,6.69196,0.337911,-3.32072,-1.46008,5.62555,-0.450771,-0.184406,0.0019413,-0.0663563,0.997859,-0.0450775,test
1380,13.8122,0.283862,-1.54636,2.12396,6.29328,-0.220027,0.162682,0.000735187,0.188767,0.0654031,0.0292837,train
1381,10.8792,0.269989,-5.48687,5.85823,6.43228,-0.827081,0.415489,0.00657067,0.500963,0.0654031,0.0715798,train
1382,11.9272,0.373923,-0.777257,-0.479067,6.45846,-3.76994,0.282543,0.00219733,0.296336,0.321439,0.0575697,train
1383,5.87125,0.52556,-2.629,6.17377,6.31479,-1.98123,0.568539,0.0177479,0.622481,0.19509,0.117824,train
1384,4.15026,0.307577,-4.49364,0.468484,6.18751,-1.14016,-0.0196498,0.000683229,0.0407983,6.12323e-17,-0.0110724,train
1385,9.16942,0.381676,-3.17613,2.06624,6.71275,-1.91755,0.248756,0.00257168,0.305561,0.0654031,0.0447729,train
1386,10.7513,0.699706,-0.491881,9.49079,6.39284,-2.57565,1.08852,0.0365299,1.16235,0.321439,0.242277,train
1387,13.1612,0.410168,-1.68053,8.10015,5.99083,-3.76636,1.0096,0.0253074,1.05129,0.382683,0.210583,train
1388,9.71605,0.401284,-3.62348,1.06245,5.98583,-1.10637,0.054579,0.000535658,0.129972,6.12323e-17,0.00297211,train
1389,10.4204,0.474716,-5.64109,0.993474,6.42422,-3.82409,0.221222,0.00255133,0.34994,6.12323e-17,0.0331554,train
1390,9.01728,0.66102,-5.43778,-0.2886,6.6367,-3.22982,0.0490981,0.00117669,0.189944,6.12323e-17,-0.00270535,test
1391,13.8087,0.522578,-2.85288,0.884354,6.09269,-1.08193,0.0664559,0.00033817,0.142881,6.12323e-17,0.00657424,train
1392,5.7011,0.438428,-0.242944,9.27275,6.7167,-0.568121,0.821653,0.0379882,0.878575,0.55557,0.174965,test
1393,7.16877,0.440365,-4.99139,9.65058,6.04317,-3.47601,0.90476,0.0373889,0.98435,0.19509,0.183021,train
1394,6.42179,0.464561,-1.48411,2.88567,6.16996,-0.635063,0.235213,0.0028201,0.259348,0.19509,0.0474805,train
1395,7.20607,0.827286,-3.32612,6.98825,6.32621,-3.99361,0.795357,0.0283008,0.9396,0.0654031,0.171552,train
1396,10.2927,0.948191,-4.0981,-0.934815,6.54733,-0.729002,-0.191908,0.00231351,-0.0547988,0.997859,-0.0548857,train
1397,7.82891,0.654797,-3.5206,1.79444,6.329,-1.11193,0.116476,0.000910436,0.200691,6.12323e-17,0.0177093,train
1398,13.5271,0.561739,-4.79346,5.418,6.3536,-0.028965,0.317906,0.00294579,0.449541,6.12323e-17,0.0562297,train
1399,11.1965,0.706606,-3.70375,7.72008,6.41399,-0.756221,0.632024,0.0115833,0.757355,0.0654031,0.131727,train
1400,6.18326,0.272351,-4.61146,1.48139,6.16658,-0.400689,-0.00201525,0.000719842,0.0718422,6.12323e-17,-0.00924713,train
1401,5.10634,0.959604,-0.34488,-1.70934,6.23273,-3.36915,0.113587,0.000817238,0.136698,6.12323e-17,0.0249417,train
1402,4.76727,0.364692,-2.74432,9.28122,6.40485,-2.36514,0.81424,0.0448896,0.863506,0.5,0.167186,train
1403,5.31571,0.531151,-2.50549,9.67918,6.1744,-2.98387,0.898675,0.0487513,0.967512,0.321439,0.18975,test
1404,7.06156,0.901041,-0.237326,6.27261,6.45181,-2.44994,0.726955,0.0248496,0.811637,0.130526,0.16389,train
1405,13.7004,0.845731,-0.95364,7.43229,6.71792,-1.79511,0.867773,0.0185719,0.955273,0.0654031,0.196085,test
1406,12.7905,0.984186,-2.63709,4.30301,5.94633,-3.38917,0.565055,0.00823501,0.699736,6.12323e-17,0.124785,train
1407,13.8814,0.988445,-5.01624,0.759601,6.49846,-2.86884,0.122947,0.000948246,0.308264,6.12323e-17,0.0140146,train
1408,5.29809,0.356297,-5.28264,0.00424983,5.64774,-0.876983,-0.097961,0.00145034,-0.0092864,6.12323e-17,-0.0297562,train
1409,12.3631,0.204351,-1.11779,-0.964487,5.91868,-1.26817,-0.0127745,3.53197e-05,0.0117699,6.12323e-17,-0.00526981,train
1410,8.92671,0.403574,-3.51783,8.06402,5.85844,-0.15431,0.56356,0.0118772,0.61754,0.130526,0.111798,train
1411,13.1234,0.211057,-1.98856,0.16461,5.8991,-0.919909,0.0256688,0.000137575,0.0651132,6.12323e-17,0.000229757,train
1412,6.00673,0.791687,-5.64602,3.08552,6.68477,-1.47138,0.171484,0.00246056,0.309576,6.12323e-17,0.0266283,test
1413,11.1401,0.275179,-4.25899,6.54031,6.33429,-3.24985,0.746757,0.0174065,0.797756,0.19509,0.142897,train
1414,5.20034,0.295125,-5.66825,-0.0835805,6.07466,-2.80921,0.0280411,0.00114567,0.107434,6.12323e-17,-0.00405263,train
1415,10.4847,0.346398,-2.30382,4.25807,6.12212,-1.5092,0.429217,0.00592687,0.462112,0.19509,0.0843684,test
1416,4.97325,0.658794,-5.17022,3.03004,5.95443,-1.72316,0.183465,0.00284132,0.27985,6.12323e-17,0.031212,train
1417,11.3149,0.863181,-3.02718,5.22004,5.84868,-0.690319,0.38539,0.00425518,0.497927,6.12323e-17,0.0806823,train
1418,11.7008,0.780117,-5.37059,7.37043,5.7555,-2.97032,0.67009,0.012506,0.848999,6.12323e-17,0.138573,train
1419,11.9548,0.931478,-3.05136,4.87213,5.72461,-3.7572,0.606482,0.0100895,0.74526,6.12323e-17,0.132747,test
1420,13.9812,0.606271,-1.46077,0.064112,6.61125,-1.489,0.0894884,0.000234512,0.133319,6.12323e-17,0.0154941,test
1421,9.5746,0.216938,-2.859,5.38872,6.01145,-3.72431,0.689363,0.0170122,0.714136,0.382683,0.133042,train
1422,8.81208,0.469199,-5.00748,-1.04689,6.65125,-2.43343,-0.0708875,0.0011985,0.0473853,6.12323e-17,-0.0275015,train
1423,7.94612,0.392999,-0.69513,2.07699,6.52076,-3.09629,0.436248,0.00773323,0.459236,0.5,0.09092,train
1424,4.20195,0.797012,-1.06047,0.748558,6.08785,-1.60081,0.133082,0.00135105,0.163303,0.0654031,0.027738,train
1425,7.62313,0.687008,-0.898096,-1.17463,6.77233,-0.87403,-0.0629574,0.000222357,-0.0152741,0.997859,-0.0160324,train
1426,6.09167,0.494203,-5.48834,-1.82372,5.97011,-3.21576,-0.0762334,0.00142401,0.0270313,6.12323e-17,-0.0270714,train
1427,6.55965,0.698151,-0.58544,0.17274,6.79102,-3.78474,0.322585,0.00511869,0.355239,0.19509,0.0700013,train
1428,13.2437,0.888835,-0.362958,9.03527,5.68739,-2.19642,0.939446,0.0231995,1.01555,0.130526,0.216414,train
1429,5.34135,0.301298,-0.186285,4.72867,6.17992,-0.0270131,0.365672,0.00804813,0.39722,0.659346,0.0759464,train
1430,5.9622,0.514979,-1.74767,7.99245,6.04213,-1.91894,0.72061,0.0279927,0.770709,0.321439,0.152357,test
1431,4.84657,0.599342,-2.88549,7.85556,5.80787,-3.95212,0.761288,0.0383498,0.836094,0.258819,0.161002,train
1432,5.67319,0.250949,-2.89446,7.58563,5.6003,-0.458218,0.505043,0.0150847,0.52808,0.442289,0.0989606,train
1433,13.5447,0.681572,-0.984668,9.7475,5.85655,-2.62047,1.05188,0.0272959,1.11865,0.258819,0.233695,test
1434,11.3445,0.237081,-5.11656,0.391499,6.6045,-2.6244,0.0903408,0.00122083,0.191565,6.12323e-17,0.0052464,test
1435,9.54485,0.704147,-5.78965,0.212222,6.30481,-1.27317,-0.0978022,0.00179135,0.0513616,6.12323e-17,-0.0362688,test
1436,7.17465,0.374171,-5.82281,4.98,6.56459,-3.21838,0.504848,0.0127732,0.588976,0.130526,0.0940047,train
1437,7.88264,0.430148,-3.34802,6.34188,6.36362,-3.94019,0.774478,0.0248158,0.831609,0.258819,0.157823,test
1438,7.91569,0.636677,-3.64355,4.1057,6.06501,-1.12549,0.302807,0.00394857,0.390543,0.0654031,0.0586599,train
1439,5.03905,0.249975,-0.916711,-0.275807,6.34775,-3.60119,0.230872,0.00347631,0.244631,0.608761,0.0461162,test
1440,4.78687,0.444489,-0.438309,9.60971,5.99903,-0.289511,0.719363,0.0346544,0.768951,0.55557,0.152951,test
1441,12.7294,0.457312,-2.95554,4.08987,6.72232,-0.462572,0.326262,0.00295939,0.396351,0.0654031,0.0617382,test
1442,7.31025,0.575992,-5.71316,3.89149,6.57786,-3.00807,0.387227,0.00742977,0.512786,0.0654031,0.0717058,test
1443,11.4294,0.416838,-0.177864,2.50059,6.21422,-1.78101,0.385297,0.00422007,0.403695,0.55557,0.081702,train
1444,11.5485,0.456833,-1.80895,9.06941,6.53907,-0.044815,0.797833,0.0179222,0.842814,0.258819,0.166654,train
1445,4.47377,0.302587,-5.24771,-0.812665,6.37393,-2.17424,-0.0630131,0.00118179,0.0164563,6.12323e-17,-0.021768,train
1446,12.8892,0.92572,-0.657125,7.69193,6.16395,-1.61861,0.815447,0.017772,0.901017,0.0654031,0.187067,train
1447,10.0579,0.810039,-2.92866,-0.469561,6.79769,-1.82893,0.00339241,0.000343598,0.0895334,6.12323e-17,-0.00702371,train
1448,7.48255,0.488681,-2.96778,6.89153,5.90058,-1.21672,0.555467,0.0134321,0.610179,0.19509,0.113522,train
1449,11.2058,0.930718,-4.84427,3.39974,5.99747,-3.1452,0.373304,0.00415165,0.549596,6.12323e-17,0.0737185,train
1450,6.96674,0.950651,-1.10286,8.89448,5.95477,-1.83113,0.805842,0.0308809,0.925686,0.0654031,0.18118,train
1451,6.24787,0.772603,-5.04875,4.89804,6.3528,-0.138651,0.227649,0.00321783,0.353153,6.12323e-17,0.0403984,train
1452,9.43981,0.449975,-2.33408,4.49419,6.46623,-3.49088,0.640412,0.0141484,0.686797,0.19509,0.131584,train
1453,13.6406,0.663437,-4.34941,2.38319,6.03655,-3.27857,0.337026,0.00296892,0.46706,6.12323e-17,0.0633967,test
1454,8.32088,0.877049,-0.764157,5.90748,5.61908,-1.46786,0.55012,0.0121109,0.615741,0.0654031,0.123661,test
1455,13.84,0.608623,-4.34676,6.93048,6.04105,-2.98765,0.728371,0.0125989,0.85615,0.0654031,0.14955,train
1456,9.83512,0.945384,-4.80883,6.85407,5.81249,-1.38316,0.497256,0.00813415,0.678301,6.12323e-17,0.103075,train
1457,12.7457,0.695331,-0.261893,4.22358,6.21953,-1.874,0.550887,0.00796081,0.584918,0.321439,0.123012,train
1458,10.4402,0.595612,-1.53912,5.52978,6.57252,-3.00531,0.738976,0.0169767,0.796805,0.19509,0.158604,train
1459,4.95324,0.580614,-3.86435,8.46818,6.37521,-2.01488,0.684098,0.0304017,0.766625,0.19509,0.1417,test
1460,13.4912,0.956955,-5.97284,-1.5506,6.76096,-0.0415869,-0.421517,0.00735471,-0.115015,0.997859,-0.115594,train
1461,12.5991,0.999143,-1.63643,0.408968,6.04443,-2.67133,0.20485,0.0010778,0.276905,6.12323e-17,0.0434155,test
1462,4.39104,0.42918,-4.50246,9.88098,6.68559,-1.72739,0.754303,0.0420591,0.814631,0.321439,0.153154,train
1463,8.51409,0.358014,-4.53292,7.44752,6.38627,-1.36959,0.616569,0.0152709,0.679683,0.19509,0.11929,train
1464,4.55108,0.914526,-4.24877,7.13191,6.75386,-2.07855,0.566195,0.02253,0.726275,6.12323e-17,0.118818,train
1465,5.59386,0.993009,-0.45141,6.93535,6.24848,-2.81162,0.738318,0.0322021,0.856225,6.12323e-17,0.16624,test
1466,9.70098,0.227897,-2.78254,4.66065,6.02992,-3.17663,0.584178,0.0121304,0.608106,0.321439,0.11226,test
1467,10.0125,0.231262,-5.76959,-1.91357,5.77773,-2.54143,-0.144571,0.00145838,-0.0179261,6.12323e-17,-0.0423047,test
1468,11.2599,0.866325,-5.48267,9.81672,5.8478,-3.31304,0.903699,0.023539,1.12181,6.12323e-17,0.193386,train
1469,10.5784,0.812291,-1.71604,0.906384,6.68775,-0.717484,0.0800808,0.000258349,0.135895,6.12323e-17,0.0135288,train
1470,5.78449,0.555555,-3.57574,7.50009,6.1271,-2.08912,0.633324,0.0223913,0.706476,0.19509,0.130688,train
1471,11.5334,0.847848,-1.31917,1.68789,6.36105,-0.625377,0.157122,0.000696256,0.207284,6.12323e-17,0.0323351,train
1472,12.6683,0.662546,-5.18806,8.54194,6.33669,-0.153813,0.59761,0.00940646,0.757036,0.0654031,0.119001,train
1473,6.61327,0.917391,-3.26943,1.50524,6.60153,-0.480603,0.0431082,0.000441949,0.128501,6.12323e-17,0.0027472,test
1474,7.03189,0.934099,-2.72282,0.685735,6.3178,-0.884591,0.0277565,0.000277442,0.0991117,6.12323e-17,0.000421693,train
1475,9.86208,0.835714,-3.99159,7.39128,5.84577,-0.769148,0.529629,0.00920127,0.671052,6.12323e-17,0.110948,train
1476,11.3879,0.898015,-0.465576,3.33167,5.77538,-3.85766,0.587539,0.0103671,0.646132,0.0654031,0.134222,train
1477,7.6359,0.508704,-2.64509,1.2278,5.66918,-2.69495,0.219525,0.00219031,0.268892,0.0654031,0.0419709,train
1478,12.9912,0.783548,-3.55312,3.71341,5.80515,-1.81159,0.33848,0.00293097,0.456357,6.12323e-17,0.0676838,train
1479,6.03374,0.910002,-3.7674,2.74143,6.77836,-3.73667,0.403016,0.0086802,0.538996,6.12323e-17,0.0828478,test
1480,5.69144,0.708731,-0.338655,2.39227,6.06016,-0.597345,0.219341,0.00273248,0.240713,0.258819,0.0478374,train
1481,10.3153,0.996328,-5.79397,1.96213,6.76238,-1.8915,0.1111,0.00137613,0.307771,6.12323e-17,0.0101706,test
1482,8.33792,0.758682,-4.94391,2.7273,6.70069,-2.48716,0.272832,0.00338795,0.415591,6.12323e-17,0.0490683,train
1483,13.0117,0.816804,-2.72602,9.98873,5.75621,-2.85451,0.996038,0.0253688,1.12803,0.0654031,0.220916,train
1484,5.56389,0.711212,-0.211969,1.13673,6.50216,-3.61359,0.376545,0.00825696,0.410523,0.321439,0.0826619,train
1485,6.6871,0.233894,-5.60336,7.32861,6.78777,-2.08631,0.631212,0.0212765,0.675984,0.258819,0.117908,train
1486,5.84838,0.716882,-2.04522,8.68098,6.43333,-0.416938,0.665962,0.0243731,0.749074,0.130526,0.143159,test
1487,7.97909,0.901924,-5.98618,0.513338,5.99294,-0.183108,-0.165625,0.002969,-0.0278656,6.12323e-17,-0.0510758,train
1488,7.33797,0.457713,-1.44434,9.38534,6.28123,-2.64577,0.972504,0.0415228,1.02805,0.442289,0.205476,train
1489,9.65653,0.464005,-3.39229,3.83458,6.61977,-3.27461,0.530159,0.00969136,0.59886,0.130526,0.105401,train
1490,9.32848,0.507135,-2.83074,9.4177,6.25313,-3.4723,1.03613,0.0372591,1.10847,0.258819,0.217714,train
1491,8.85924,0.531551,-2.06347,8.21076,6.26609,-3.84777,0.982988,0.0352653,1.04804,0.258819,0.208907,train
1492,12.5785,0.558232,-2.17966,-0.759404,6.76787,-0.521789,-0.118616,0.000604587,-0.043577,0.997859,-0.0323076,train
1493,5.803,0.330028,-1.69292,-1.05788,6.32075,-3.47583,0.138807,0.00118885,0.157071,0.130526,0.0258866,train
1494,4.1698,0.921411,-1.33962,0.412678,6.40952,-2.82721,0.191844,0.00282039,0.243114,6.12323e-17,0.0405743,test
1495,10.2506,0.739289,-5.27748,-1.4169,5.6599,-1.23076,-0.210573,0.00279688,-0.0716889,0.997859,-0.0601619,train
1496,7.15663,0.568511,-0.977411,7.81125,6.11845,-1.707,0.751599,0.0254927,0.802034,0.382683,0.161912,test
1497,6.2666,0.486412,-2.64098,7.56251,6.22624,-2.83342,0.755389,0.0293404,0.810712,0.321439,0.157309,train
1498,8.09904,0.729297,-5.23319,7.9722,6.04493,-1.41412,0.587253,0.0138972,0.737824,0.0654031,0.119361,train
1499,7.66388,0.967715,-5.32269,4.71204,6.62228,-2.23168,0.394783,0.00677699,0.587118,6.12323e-17,0.0777183,train
1500,12.5623,0.8125,-2.75983,9.89382,6.5409,-1.23433,0.942088,0.0232196,1.08184,0.0654031,0.20685,train
1501,6.93239,0.799626,-5.03797,7.97095,5.76464,-0.711855,0.497147,0.0115925,0.642717,6.12323e-17,0.101309,train
1502,7.26968,0.896904,-1.22664,4.16899,5.69515,-1.10196,0.363049,0.00591145,0.426379,0.0654031,0.0799361,train
1503,13.9254,0.669939,-4.60393,-0.111955,6.46921,-3.5106,0.129212,0.000970951,0.27202,6.12323e-17,0.015458,train
1504,10.9588,0.995713,-0.313102,1.47101,5.87739,-2.11253,0.290813,0.00265266,0.329509,6.12323e-17,0.066824,train
1505,5.89984,0.367331,-3.55614,6.51987,5.83626,-2.69245,0.592297,0.0195985,0.632627,0.258819,0.118406,test
1506,5.66091,0.89596,-2.74056,4.24702,6.35194,-3.72676,0.532824,0.0160894,0.652479,6.12323e-17,0.114361,train
1507,13.6904,0.619687,-1.58425,1.82249,6.05906,-2.31364,0.313115,0.00234247,0.361288,0.0654031,0.0652041,test
1508,9.3663,0.772342,-3.2355,5.85315,6.50165,-3.20526,0.689113,0.0163734,0.815336,0.0654031,0.146909,train
1509,11.3661,0.846267,-5.90146,5.94415,6.11828,-2.82411,0.538401,0.0084427,0.746233,6.12323e-17,0.107594,test
1510,7.66892,0.597931,-1.43293,8.84886,5.93446,-1.70372,0.811189,0.0277657,0.870696,0.258819,0.174897,test
1511,9.84693,0.743957,-3.42411,-1.27385,5.66571,-1.04228,-0.144851,0.00129747,-0.0469725,0.997859,-0.0407519,train
1512,4.23957,0.80935,-5.0756,3.20996,5.79026,-0.0508103,0.069312,0.0010783,0.162808,6.12323e-17,0.00738548,train
1513,4.82408,0.825029,-5.81575,6.23549,6.17124,-0.438799,0.304047,0.0067007,0.44344,6.12323e-17,0.057482,train
1514,7.72372,0.897913,-5.03052,6.49854,5.62185,-0.126687,0.334404,0.0048622,0.486983,6.12323e-17,0.0654771,train
1515,8.12709,0.855085,-3.86103,-0.528855,6.274,-0.0228719,-0.192147,0.0024466,-0.0499106,0.997859,-0.0524191,train
1516,9.63827,0.850611,-1.20583,-0.201192,5.84196,-3.8994,0.261539,0.00230703,0.311905,6.12323e-17,0.0567295,train
1517,8.72135,0.997848,-2.61325,4.87766,6.77319,-0.455882,0.377295,0.00524393,0.501311,6.12323e-17,0.0800848,train
1518,9.42575,0.665724,-2.33821,1.63805,6.22131,-3.71697,0.379858,0.00496781,0.449098,0.0654031,0.0786627,test
1519,6.18782,0.494548,-4.78017,8.4815,5.81992,-0.948556,0.569142,0.0173037,0.647998,0.130526,0.113495,train
1520,12.1479,0.776245,-0.419301,2.72811,6.34868,-2.70653,0.486434,0.00652606,0.526459,0.19509,0.109172,test
1521,6.28464,0.396874,-3.95222,4.82759,5.84487,-0.526983,0.286897,0.00473072,0.340373,0.130526,0.0532562,test
1522,5.85039,0.39112,-4.8914,9.34468,6.36285,-2.70188,0.815375,0.0373497,0.877639,0.258819,0.163381,train
1523,6.68133,0.219858,-4.54364,1.77897,6.05692,-0.60713,0.0434457,0.000811198,0.109148,0.0654031,6.19739e-05,train
1524,9.15531,0.496495,-5.00338,-0.766901,5.95674,-0.260668,-0.227219,0.00285881,-0.0829752,0.997859,-0.0609076,train
1525,7.76974,0.415484,-2.73361,7.28485,6.28,-3.83962,0.860059,0.0308826,0.910416,0.321439,0.177086,train
1526,7.96261,0.89522,-2.22435,6.47975,6.07215,-2.44243,0.653244,0.0174574,0.770391,6.12323e-17,0.143532,train
1527,11.5922,0.860722,-1.94334,5.60542,5.88012,-1.34954,0.521011,0.0077006,0.611172,6.12323e-17,0.114524,train
1528,13.6359,0.928371,-3.62483,1.33172,6.21992,-0.970282,0.0570819,0.000428395,0.180488,6.12323e-17,0.00297962,train
1529,8.11529,0.939633,-5.30475,-0.474162,5.88573,-2.90637,0.000559375,0.000989935,0.138082,6.12323e-17,-0.0116871,train
1530,9.4864,0.806427,-1.35474,0.341679,6.19442,-1.85148,0.13774,0.000655536,0.182567,6.12323e-17,0.0278347,train
1531,13.2099,0.304347,-1.03564,8.75528,5.74,-3.31821,1.01762,0.025752,1.05711,0.608761,0.208034,train
1532,12.6076,0.526144,-3.3704,6.09023,6.38912,-0.472274,0.482925,0.00619273,0.568894,0.0654031,0.0959913,train
1533,13.6806,0.915269,-4.79462,5.65309,5.93145,-0.951288,0.386951,0.00365584,0.56651,6.12323e-17,0.0766175,train
1534,7.16278,0.250692,-5.86787,0.218198,6.71884,-2.76702,0.0513129,0.00144245,0.148275,6.12323e-17,-0.00198116,train
1535,4.83183,0.651693,-3.44317,3.43369,6.45127,-0.178287,0.163296,0.00206181,0.229646,0.0654031,0.029605,train
1536,11.9372,0.240375,-0.857568,-0.229078,6.67826,-0.935425,0.0351013,6.51927e-05,0.0510678,0.0654031,0.00488127,train
1537,11.7477,0.620975,-3.08764,4.58021,6.7044,-2.78304,0.583916,0.00945854,0.679553,0.0654031,0.120598,train
1538,6.33592,0.585225,-3.11328,-1.98661,6.72146,-2.20069,-0.0985424,0.000953355,-0.0333063,0.997859,-0.0280312,train
1539,7.77734,0.759231,-5.79257,-0.982285,5.61691,-2.68865,-0.06933,0.00150075,0.0606811,6.12323e-17,-0.0279248,test
1540,9.18773,0.856806,-0.227767,8.15806,6.62563,-0.582397,0.788405,0.0226524,0.864049,0.19509,0.178303,train
1541,7.45291,0.258857,-0.0456865,5.30698,6.09039,-2.52049,0.652977,0.018515,0.712917,0.75184,0.134249,train
1542,7.20486,0.300355,-4.0349,9.75779,6.6672,-3.79918,1.05892,0.0513028,1.10982,0.442289,0.211655,train
1543,8.03692,0.434401,-0.591956,8.23238,6.31682,-3.79198,1.02761,0.0423835,1.08602,0.55557,0.21829,train
1544,5.23221,0.803481,-1.38298,6.78584,6.26922,-1.93911,0.624722,0.0240763,0.708941,0.130526,0.13638,train
1545,4.55588,0.710819,-2.29392,-0.54196,6.70702,-3.44634,0.147959,0.00164039,0.197491,0.0654031,0.0284839,train
1546,12.9862,0.930038,-1.71035,4.15485,5.6419,-1.52106,0.409741,0.0042895,0.492025,6.12323e-17,0.0907802,train
1547,12.0246,0.786726,-4.19779,-1.0445,6.66247,-1.65185,-0.124877,0.00134322,-0.00079249,6.12323e-17,-0.040198,train
1548,6.57447,0.588146,-3.19645,2.79913,5.9592,-0.0813916,0.117869,0.000959093,0.18127,6.12323e-17,0.0192919,test
1549,6.82212,0.548296,-1.12048,5.06115,6.07451,-0.864629,0.442837,0.00925587,0.475957,0.258819,0.0939697,train
1550,10.8887,0.321064,-5.24025,1.73188,6.51821,-3.20021,0.260706,0.003118,0.360566,0.0654031,0.0408388,train
1551,11.2951,0.383961,-0.904746,-1.92056,6.40576,-0.928669,-0.129068,0.000506906,-0.0393764,0.997859,-0.0296906,train
1552,5.15228,0.535665,-2.7643,-1.51542,6.26797,-1.36206,-0.104833,0.00101456,-0.0308383,0.997859,-0.0276858,train
1553,7.4764,0.909537,-3.07644,7.2977,6.0006,-0.629153,0.526821,0.0119557,0.655549,6.12323e-17,0.113082,train
1554,8.91762,0.627255,-0.962014,3.52936,5.73496,-3.01005,0.499166,0.00909102,0.537654,0.19509,0.108167,train
1555,6.38448,0.545663,-2.25681,8.97675,5.62069,-1.51476,0.71842,0.026035,0.774863,0.258819,0.151826,test
1556,9.6522,0.94887,-4.80188,-0.119994,6.36623,-0.419177,-0.169061,0.00233596,-0.0451617,6.12323e-17,-0.0508954,train
1557,5.70847,0.372795,-4.63281,5.52065,5.74407,-1.88617,0.410279,0.0102285,0.463145,0.130526,0.0782802,train
1558,4.27425,0.56944,-4.13791,0.871874,5.75694,-2.97734,0.142421,0.00196938,0.205135,0.0654031,0.0243769,train
1559,9.99898,0.459706,-5.59362,6.67564,6.40167,-3.22076,0.688107,0.0161426,0.800912,0.0654031,0.133797,test
1560,9.29626,0.922133,-0.858833,5.84386,6.17836,-1.97443,0.639405,0.0147114,0.723781,0.0654031,0.144359,test
1561,6.59548,0.40756,-2.58513,-0.0431181,6.60773,-1.2481,0.00926254,0.000259232,0.0573741,6.12323e-17,-0.00346581,train
1562,6.46571,0.644511,-3.14865,7.773,5.62235,-2.64154,0.680777,0.0230787,0.765149,0.130526,0.143858,test
1563,7.84384,0.720765,-4.52036,7.87659,6.2849,-1.78229,0.653173,0.0175856,0.790879,0.0654031,0.135243,train
1564,13.8168,0.87541,-1.24952,3.14555,6.27736,-2.24077,0.447785,0.00483516,0.51696,6.12323e-17,0.0996835,test
1565,10.3835,0.636089,-2.02779,9.23579,6.18637,-3.70049,1.07332,0.0361753,1.15918,0.19509,0.232805,train
1566,7.61437,0.874385,-3.43657,-1.86714,6.16322,-2.37158,-0.0871178,0.000922857,-0.00845614,6.12323e-17,-0.0273569,train
1567,11.6915,0.883751,-1.75981,8.31857,5.73507,-0.897239,0.707029,0.0142966,0.807066,0.0654031,0.158352,test
1568,8.30001,0.809741,-1.40746,9.45615,6.6997,-2.51886,1.02629,0.0415988,1.14291,0.130526,0.227509,train
1569,8.8228,0.611129,-2.76252,8.46319,6.44195,-1.18304,0.756141,0.020931,0.839415,0.130526,0.159702,test
1570,9.93643,0.789007,-1.79144,-1.2177,5.87084,-2.97476,0.0795799,0.000263486,0.131294,6.12323e-17,0.0136646,train
1571,4.04883,0.489903,-5.58621,9.57155,6.61766,-0.915229,0.607707,0.0299439,0.684907,0.19509,0.121446,train
1572,5.54475,0.327786,-3.86997,2.5383,6.28803,-3.27027,0.334867,0.00713773,0.37418,0.19509,0.0630438,train
1573,5.99167,0.918753,-4.27836,1.7482,6.27363,-3.47993,0.261799,0.0038906,0.389793,6.12323e-17,0.0505636,train
1574,11.9717,0.261054,-3.10781,8.43494,5.75962,-2.7215,0.855432,0.0207396,0.888156,0.321439,0.167352,train
1575,13.3145,0.837381,-5.6562,5.54945,6.70699,-2.12746,0.499934,0.00634881,0.715887,6.12323e-17,0.0976991,train
1576,4.16055,0.844834,-1.14103,7.47866,6.50912,-1.28556,0.607942,0.028607,0.698313,0.130526,0.132794,train
1577,9.40265,0.586101,-2.11112,9.85567,5.91626,-0.406656,0.790627,0.0215549,0.855732,0.19509,0.168764,test
1578,4.78488,0.711714,-4.2956,5.06959,6.35601,-1.3415,0.344733,0.00822066,0.441799,0.0654031,0.0682995,train
1579,9.59803,0.76659,-2.53515,4.96707,6.75895,-0.708856,0.426473,0.00611944,0.51992,0.0654031,0.0892651,train
1580,13.2568,0.537851,-4.38179,1.07878,6.46262,-3.7892,0.284581,0.00246078,0.401879,6.12323e-17,0.0497435,train
1581,8.79879,0.632155,-3.16775,-0.214362,5.95278,-0.636451,-0.0820563,0.000681397,-0.00758937,6.12323e-17,-0.0255006,train
1582,9.47232,0.907057,-2.82761,4.52416,6.73812,-3.62249,0.63646,0.0138435,0.778624,6.12323e-17,0.137941,train
1583,9.35727,0.549942,-0.137171,9.5889,5.91581,-0.200317,0.824583,0.0237275,0.869957,0.5,0.179849,train
1584,5.03032,0.990409,-0.109965,9.72779,5.90437,-0.23866,0.715555,0.0336889,0.823806,6.12323e-17,0.161436,train
1585,13.1317,0.425831,-1.43892,6.38258,6.04745,-2.89306,0.790041,0.0155266,0.825246,0.321439,0.165044,test
1586,5.09844,0.718039,-1.57785,-0.771952,6.64356,-0.292482,-0.0940184,0.000709324,-0.0199781,0.997859,-0.023633,train
1587,10.7125,0.872934,-1.35817,3.87437,5.9267,-1.22088,0.382096,0.00447704,0.447984,6.12323e-17,0.0841444,train
1588,9.50175,0.613027,-5.9008,4.37916,6.39412,-1.38919,0.286325,0.00368751,0.435563,6.12323e-17,0.0483701,train
1589,13.0541,0.440556,-4.66778,-1.65063,6.78466,-0.135885,-0.353618,0.00405197,-0.128657,0.997859,-0.0893396,train
1590,8.58187,0.637679,-1.05578,8.52874,6.02075,-1.53321,0.809306,0.0248542,0.868452,0.258819,0.176473,train
1591,12.0855,0.203649,-3.11668,8.67398,5.6071,-3.07752,0.887934,0.0225671,0.914638,0.382683,0.170544,train
1592,5.89457,0.982469,-3.78905,0.439097,6.59552,-2.87775,0.131058,0.00124832,0.239686,6.12323e-17,0.0220421,test
1593,6.82802,0.707206,-2.5278,-0.583588,6.21898,-3.0388,0.109838,0.000718248,0.169905,6.12323e-17,0.0190145,train
1594,11.3585,0.792924,-5.74827,5.03548,5.72369,-1.19256,0.303576,0.00308934,0.477026,6.12323e-17,0.0545858,train
1595,9.28794,0.267437,-1.27536,9.98056,5.66001,-1.55873,0.904122,0.0288701,0.950231,0.659346,0.182941,train
1596,11.0041,0.388332,-5.6629,-1.81655,6.72978,-1.45334,-0.269041,0.00333688,-0.112438,6.12323e-17,-0.0721631,train
1597,12.5019,0.448431,-3.53199,2.41189,6.39257,-1.61111,0.238189,0.0018453,0.320722,0.0654031,0.0414476,test
1598,12.3808,0.294749,-1.93791,5.86296,5.79972,-0.235109,0.463354,0.00587869,0.486822,0.258819,0.0908783,train
1599,5.94385,0.438122,-0.603714,8.05021,6.43174,-2.36772,0.839623,0.0380797,0.893716,0.55557,0.178142,train
1600,8.08221,0.745234,-1.4344,9.69265,6.04383,-3.28538,1.0262,0.0426531,1.12398,0.19509,0.226459,train
1601,13.5789,0.304641,-2.3689,-0.800571,6.42121,-1.20517,-0.0556853,0.000241617,0.00705838,6.12323e-17,-0.0180549,test
1602,5.76656,0.632746,-2.89707,5.11309,6.32493,-1.45928,0.426021,0.0101663,0.494777,0.130526,0.0876919,train
1603,8.26634,0.946774,-1.92193,3.19488,5.62654,-1.64622,0.308778,0.00372804,0.38917,6.12323e-17,0.0666306,train
1604,6.43158,0.806806,-3.97836,0.951902,5.70936,-3.88031,0.230368,0.00286492,0.332406,6.12323e-17,0.0438505,test
1605,5.62825,0.305079,-5.87701,2.59704,5.80051,-3.30929,0.261376,0.00521843,0.327429,0.0654031,0.0440121,train
1606,8.24863,0.644052,-1.26126,-1.51041,5.83772,-3.7606,0.138149,0.000762603,0.16962,0.0654031,0.0277436,train
1607,9.25761,0.547623,-3.16858,2.014,5.75851,-0.208196,0.0694065,0.00046134,0.140199,6.12323e-17,0.00781428,train
1608,5.0741,0.530684,-2.93119,0.126676,6.09088,-0.290488,-0.0644108,0.000599025,-0.0129819,6.12323e-17,-0.0191281,test
1609,12.4227,0.780804,-1.34993,-1.23263,6.71917,-2.59979,0.0737576,0.000176715,0.119621,6.12323e-17,0.0128348,train
1610,10.0519,0.970429,-0.0689364,5.90864,6.45445,-2.03349,0.714166,0.0174099,0.791596,0.0654031,0.164384,train
1611,8.16809,0.310767,-0.175619,8.54495,6.56527,-3.40949,1.07524,0.0456781,1.15562,0.659346,0.223641,train
1612,8.09038,0.601006,-0.365633,9.73215,5.8208,-0.445212,0.814369,0.0267353,0.86498,0.382683,0.178205,train
1613,6.00087,0.424664,-5.4934,-0.370321,5.92059,-0.130892,-0.200842,0.00325041,-0.072725,0.997859,-0.0532722,train
1614,8.31176,0.537399,-4.53598,4.68313,6.71592,-1.55216,0.392148,0.00648735,0.493525,0.0654031,0.0743238,train
1615,11.493,0.840505,-3.70736,1.05095,6.72729,-2.93212,0.220832,0.00159454,0.351009,6.12323e-17,0.0399673,train
1616,5.71322,0.768582,-0.900556,-0.0886084,6.41635,-3.88521,0.273062,0.00419565,0.312376,0.130526,0.058876,train
1617,11.6117,0.216616,-0.741866,-0.00450968,6.35566,-1.0788,0.0725851,0.000180131,0.0821848,0.130526,0.0127901,train
1618,6.08655,0.444228,-1.26671,5.33437,6.46436,-1.95194,0.562791,0.0167328,0.597263,0.442289,0.117791,train
1619,8.51979,0.815597,-4.89476,4.687,6.51661,-3.04867,0.491901,0.00930768,0.655344,6.12323e-17,0.0991112,train
1620,5.23952,0.59704,-1.83731,8.67586,6.6158,-1.86617,0.789187,0.0381131,0.857912,0.258819,0.168351,train
1621,12.5186,0.329977,-4.3513,4.81605,6.69071,-2.37973,0.532861,0.00821621,0.609223,0.130526,0.0992179,train
1622,10.3622,0.303138,-4.92406,-0.854747,6.7673,-3.41876,0.0505937,0.00100216,0.15572,6.12323e-17,-0.00215917,test
1623,13.7556,0.53898,-1.98997,8.58915,6.67452,-0.984824,0.866964,0.0178194,0.929769,0.19509,0.183832,train
1624,4.68845,0.662086,-2.41742,5.97851,6.6069,-2.92609,0.612478,0.0256132,0.687729,0.19509,0.129707,train
1625,4.50447,0.631855,-3.7323,2.17145,5.71532,-2.51596,0.213313,0.00350922,0.278918,0.0654031,0.0405601,train
1626,11.1616,0.377539,-5.77778,4.50572,6.64959,-3.3726,0.526085,0.00929627,0.638222,0.0654031,0.0957691,test
1627,4.92348,0.889362,-4.86244,-0.20875,6.46685,-1.7167,-0.0510105,0.00117475,0.0424113,6.12323e-17,-0.0201247,train
1628,12.4187,0.312851,-0.455901,9.50525,5.96088,-2.62843,1.07008,0.0300921,1.12425,0.659346,0.221063,train
1629,8.55717,0.684175,-5.21131,9.07651,6.50834,-0.65479,0.664458,0.0168493,0.816404,0.0654031,0.13498,train
1630,4.80471,0.328743,-5.05345,-1.58019,5.72543,-3.96547,0.0192241,0.000847335,0.087721,6.12323e-17,-0.00424986,train
1631,4.11486,0.236495,-5.6906,-0.506693,6.17256,-2.80511,-0.00364121,0.00102415,0.0656846,6.12323e-17,-0.0093681,train
1632,5.85628,0.994262,-0.374259,4.76017,6.65977,-3.0153,0.624213,0.0219649,0.725197,6.12323e-17,0.140445,train
1633,12.3279,0.207065,-0.0106653,3.07001,6.18071,-0.796592,0.356106,0.00339307,0.386618,0.793353,0.0714664,train
1634,11.4341,0.289007,-0.00362485,3.48272,5.60901,-0.0201645,0.294295,0.00247005,0.312955,0.707107,0.0606916,test
1635,4.4567,0.816209,-3.53983,2.32133,6.67087,-2.88193,0.278871,0.00573139,0.371364,6.12323e-17,0.0556465,train
1636,6.40833,0.566394,-2.39294,-1.30913,6.7442,-1.74208,-0.0527103,0.000395734,-0.00253965,6.12323e-17,-0.016534,train
1637,8.35547,0.405127,-0.158324,-0.233607,6.1115,-2.3583,0.176364,0.00120224,0.185747,0.55557,0.0371341,train
1638,4.42342,0.716744,-3.69293,3.53714,6.77514,-2.72808,0.361074,0.00959654,0.449144,0.0654031,0.0728917,train
1639,9.13207,0.340455,-2.0722,8.16923,6.27484,-2.55765,0.878768,0.0276002,0.91807,0.442289,0.179314,train
1640,8.2006,0.335784,-4.17604,0.0894654,5.90418,-2.34814,0.0573913,0.000723733,0.131835,6.12323e-17,0.00295177,train
1641,9.64153,0.55578,-4.29962,8.834,6.73479,-0.513781,0.708102,0.0170487,0.815707,0.0654031,0.143553,test
1642,5.39705,0.269481,-3.70946,8.12246,6.77361,-2.57944,0.767327,0.0360729,0.807135,0.5,0.152289,train
1643,7.50591,0.79584,-3.00426,-1.15887,6.49144,-2.7127,0.017948,0.00034428,0.0935433,6.12323e-17,-0.00278234,test
1644,10.3024,0.341047,-5.97871,-1.24971,6.00939,-3.13194,-0.0544251,0.0012361,0.0786756,6.12323e-17,-0.0258212,test
1645,13.0626,0.509722,-2.94255,1.62418,5.8749,-3.20922,0.314988,0.00262929,0.385734,0.0654031,0.0607584,train
1646,10.0953,0.864412,-4.16859,2.30013,5.8168,-2.81266,0.267312,0.00245768,0.400633,6.12323e-17,0.0509868,train
1647,12.2541,0.906523,-5.42226,2.23653,5.96121,-2.28641,0.176587,0.00138204,0.35515,6.12323e-17,0.0263951,train
1648,7.30836,0.309854,-4.83113,8.59278,6.34641,-3.22485,0.843917,0.0327165,0.894799,0.258819,0.165627,train
1649,8.12392,0.610703,-3.25411,7.37762,6.62072,-2.79146,0.788249,0.0246691,0.882558,0.130526,0.165416,train
1650,6.16902,0.746255,-3.72377,0.767349,6.41927,-2.72793,0.151353,0.00152824,0.240356,6.12323e-17,0.0260162,test
1651,12.2569,0.321946,-5.07062,8.10815,6.77926,-3.6298,0.961121,0.0258335,1.03843,0.19509,0.186279,train
1652,10.5267,0.336434,-3.35158,-1.88771,6.20384,-0.856258,-0.220054,0.00181602,-0.0887711,0.997859,-0.0543491,train
1653,6.76179,0.424045,-1.73049,3.62985,5.77358,-2.19892,0.399427,0.00767059,0.426197,0.258819,0.0817347,train
1654,6.16481,0.540076,-1.93034,7.41114,6.31614,-3.92102,0.860233,0.0385742,0.923234,0.321439,0.182643,test
1655,6.50176,0.288203,-3.60132,3.22882,5.85717,-0.497583,0.175951,0.00205491,0.218783,0.0654031,0.0295911,train
1656,13.9609,0.578758,-3.49385,1.69492,6.2587,-3.6986,0.363078,0.00325907,0.461436,0.0654031,0.0701446,test
1657,12.573,0.420389,-4.95072,3.5855,6.61091,-3.60667,0.497567,0.00717282,0.606907,0.0654031,0.0923258,train
1658,12.7873,0.886448,-3.33562,4.1321,6.0195,-2.66807,0.467215,0.00553956,0.602118,6.12323e-17,0.0987234,train
1659,11.6153,0.26784,-0.767639,-0.163281,6.58279,-1.79901,0.127562,0.000493428,0.137152,0.19509,0.0241773,train
1660,13.2855,0.79493,-3.0855,4.22165,6.36576,-1.43448,0.39991,0.00392957,0.515204,6.12323e-17,0.0823311,train
1661,4.9455,0.960626,-5.04081,7.15622,5.82519,-2.0743,0.495898,0.015957,0.665906,6.12323e-17,0.103077,train
1662,9.9736,0.461484,-5.12428,7.84375,5.75528,-3.58354,0.774491,0.020025,0.871179,0.130526,0.154533,train
1663,11.3488,0.503205,-4.81625,9.44607,6.42263,-1.34566,0.816843,0.0194541,0.928652,0.130526,0.164352,test
1664,6.61744,0.204672,-4.13086,-1.62464,6.23142,-2.07036,-0.101908,0.000942189,-0.0220262,6.12323e-17,-0.0287383,train
1665,9.97579,0.690251,-2.8795,2.33655,5.97371,-1.69445,0.235548,0.00190426,0.315171,6.12323e-17,0.0455508,train
1666,13.7954,0.984559,-3.36162,4.55682,5.91385,-2.44161,0.47703,0.00536633,0.627206,6.12323e-17,0.102404,train
1667,8.46242,0.56372,-4.26333,9.62313,6.67598,-3.18225,1.00416,0.0385309,1.11468,0.130526,0.208878,train
1668,12.5926,0.586416,-0.124306,5.98059,6.11316,-3.49956,0.858175,0.0193516,0.901328,0.442289,0.189071,train
1669,8.7701,0.546869,-2.92734,-0.347603,5.83526,-3.80401,0.180642,0.00140068,0.243649,0.0654031,0.0327364,train
1670,10.1086,0.277501,-2.18341,0.819931,6.67702,-1.63043,0.148127,0.000928455,0.182802,0.0654031,0.0250737,test
1671,12.9274,0.743168,-2.57442,3.44633,5.83958,-0.642071,0.254864,0.00167357,0.337141,6.12323e-17,0.0508722,train
1672,10.6361,0.689027,-2.03831,4.71753,6.77178,-0.410926,0.406253,0.00502446,0.476989,0.0654031,0.0850947,train
1673,4.32536,0.357338,-2.16468,6.42639,5.92738,-2.13823,0.546558,0.0223248,0.579415,0.5,0.111863,test
1674,6.9817,0.432334,-0.99566,4.73879,6.68835,-0.722285,0.445969,0.00917819,0.471942,0.382683,0.0930355,train
1675,4.4662,0.242875,-3.08389,3.1975,6.65692,-0.360647,0.178235,0.00273394,0.200795,0.19509,0.0318024,train
1676,13.7093,0.258293,-5.78641,3.13623,6.60885,-2.79868,0.354688,0.0044647,0.465319,0.0654031,0.0564186,train
1677,13.3696,0.212091,-3.30626,-1.7677,6.00425,-2.09504,-0.0907869,0.000433423,-0.00929245,6.12323e-17,-0.0265584,train
1678,5.11458,0.839104,-2.20182,9.30504,6.58326,-3.64973,0.947266,0.0565746,1.08969,0.130526,0.206783,test
1679,6.0398,0.259637,-2.5641,7.9583,6.06488,-0.804835,0.612593,0.0205701,0.642141,0.5,0.121634,train
1680,12.5084,0.479629,-5.70149,-1.66036,6.38976,-0.886638,-0.307099,0.00382184,-0.121367,0.997859,-0.0821269,train
1681,11.8125,0.850902,-2.31098,6.63817,6.68079,-0.0789976,0.543918,0.00814634,0.652904,6.12323e-17,0.117741,train
1682,8.00835,0.379694,-1.66544,5.6608,6.59819,-1.9354,0.623267,0.015745,0.655572,0.382683,0.127987,train
1683,5.97939,0.237888,-0.988659,0.975998,5.88882,-2.60285,0.245957,0.00335897,0.258214,0.55557,0.0486753,train
1684,10.8563,0.976477,-0.87255,7.46395,6.53819,-2.01287,0.838799,0.0220147,0.952461,6.12323e-17,0.191499,train
1685,7.37019,0.785406,-2.31537,7.98681,5.72021,-1.40529,0.651358,0.0186506,0.746617,0.0654031,0.141458,train
1686,4.91803,0.980658,-3.97116,3.32129,6.12388,-1.77213,0.243511,0.0040133,0.36198,6.12323e-17,0.0478967,train
1687,11.8423,0.570138,-4.79782,9.18208,6.02626,-0.700683,0.693665,0.0134411,0.818416,0.0654031,0.139945,train
1688,12.5674,0.994727,-2.34914,0.265404,6.10703,-0.684651,-0.0129575,0.000211179,0.0615748,6.12323e-17,-0.00939836,train
1689,9.15385,0.54672,-3.23766,5.09832,6.18574,-2.03463,0.501237,0.00900535,0.575282,0.130526,0.101578,test
1690,4.08465,0.943987,-3.72052,7.63641,6.76639,-0.086745,0.452847,0.0160545,0.591418,6.12323e-17,0.0947527,train
1691,6.4445,0.937482,-3.14335,5.66611,5.74805,-3.54319,0.587033,0.0172393,0.725651,6.12323e-17,0.127111,train
1692,13.7266,0.587908,-1.90558,5.35858,6.19902,-0.712225,0.487445,0.00565462,0.544192,0.0654031,0.102353,test
1693,4.37152,0.229937,-5.64931,5.86756,6.25124,-3.92261,0.55394,0.0243771,0.585707,0.321439,0.1053,test
1694,7.49497,0.885883,-1.39707,6.60382,5.87002,-3.56906,0.757738,0.0252347,0.86254,0.0654031,0.168985,train
1695,11.8514,0.282691,-0.0822393,4.52083,5.96028,-1.30399,0.515423,0.00731517,0.547521,0.707107,0.105928,train
1696,9.90889,0.485111,-1.90203,6.54625,6.22988,-1.84231,0.677748,0.0150385,0.722998,0.258819,0.141698,train
1697,10.3137,0.859427,-0.720862,6.76547,5.7629,-1.92374,0.693739,0.0157243,0.764126,0.130526,0.156924,train
1698,11.3261,0.497343,-3.26514,2.89699,6.40662,-3.00623,0.420381,0.00528298,0.496103,0.0654031,0.0824023,test
1699,7.87102,0.369406,-5.1944,8.19975,5.73615,-1.94975,0.641284,0.0178314,0.709894,0.130526,0.124345,train
1700,12.4031,0.863908,-4.09648,8.65764,6.35887,-3.55042,0.958129,0.0241802,1.1497,6.12323e-17,0.208457,test
1701,9.87572,0.506184,-3.466,3.4881,6.18998,-3.90253,0.523871,0.00920141,0.598728,0.130526,0.105033,train
1702,11.4585,0.56438,-0.265308,-1.12621,5.86931,-0.129396,-0.0966793,0.000276851,-0.0219314,0.997859,-0.0219158,train
1703,13.8795,0.852294,-0.87955,2.36973,5.9906,-2.39952,0.390766,0.00369602,0.441067,0.0654031,0.0875389,test
1704,13.4282,0.237408,-4.02163,1.28604,6.46481,-3.01316,0.25914,0.00237145,0.330423,0.0654031,0.0417529,train
1705,11.9814,0.533819,-0.616547,-0.613711,5.61567,-1.14788,0.0222932,2.27846e-05,0.0370853,6.12323e-17,0.00332494,train
1706,11.9078,0.954101,-5.32639,0.566969,6.08889,-3.03314,0.100113,0.000983984,0.274714,6.12323e-17,0.00904731,train
1707,7.02445,0.379108,-2.42426,-0.0986148,5.81191,-3.11129,0.158236,0.00135013,0.192838,0.0654031,0.0285561,train
1708,13.3179,0.29831,-4.88086,6.00997,5.82861,-3.97115,0.706247,0.0133163,0.778451,0.130526,0.133455,train
1709,12.0975,0.746999,-1.65773,0.552624,6.62724,-2.56516,0.228185,0.00140482,0.287083,6.12323e-17,0.0468042,train
1710,11.0275,0.618278,-4.00581,5.38491,6.04623,-2.38967,0.530334,0.00841139,0.640036,0.0654031,0.107139,test
1711,8.23976,0.701676,-0.327771,6.1464,5.86379,-2.14152,0.66489,0.0176554,0.713663,0.321439,0.147474,train
1712,10.2958,0.694544,-3.93861,9.56391,5.73686,-0.433841,0.686272,0.014847,0.807189,0.0654031,0.144107,train
1713,9.36036,0.873383,-1.9538,0.540861,5.97265,-2.72445,0.199617,0.00138405,0.268025,6.12323e-17,0.0408676,test
1714,10.6619,0.940223,-5.4098,6.09866,6.57992,-3.16331,0.628857,0.0119981,0.856236,6.12323e-17,0.130217,train
1715,11.4386,0.48571,-4.03169,-0.969558,5.61037,-1.43375,-0.107236,0.000882574,-0.00781219,6.12323e-17,-0.0331407,train
1716,4.99832,0.319175,-4.81064,4.94568,6.35004,-2.09007,0.393059,0.0109171,0.437627,0.19509,0.0739133,train
1717,11.0187,0.361102,-4.87256,7.02437,5.80357,-2.42346,0.636715,0.0127867,0.714157,0.130526,0.122162,train
1718,13.1826,0.254476,-3.04368,7.1953,5.97443,-2.14242,0.732491,0.0140199,0.765832,0.258819,0.141532,train
1719,5.48581,0.234195,-5.23507,9.17128,6.6703,-2.67476,0.805614,0.0401209,0.844359,0.382683,0.156117,test
1720,4.5118,0.276713,-4.3359,0.482135,5.88093,-3.48701,0.155947,0.00244144,0.196299,0.130526,0.0255514,train
1721,5.24851,0.260135,-3.82634,7.21075,6.26728,-2.49964,0.638448,0.0259644,0.670231,0.442289,0.125351,train
1722,5.31295,0.455279,-3.82036,2.13456,5.60251,-2.47753,0.215598,0.00322034,0.268907,0.0654031,0.039511,train
1723,4.39691,0.380791,-5.7064,2.17628,6.00568,-0.0303545,-0.0149658,0.00109719,0.0662798,6.12323e-17,-0.0123129,train
1724,4.13128,0.281746,-4.1474,7.1739,5.75409,-1.56992,0.484157,0.0190488,0.512126,0.382683,0.0946189,test
1725,8.30615,0.43757,-5.86897,7.94588,6.18458,-0.159074,0.483392,0.0101374,0.588265,0.0654031,0.090016,train
1726,4.90102,0.593666,-5.8407,8.27704,6.278,-2.76394,0.65091,0.0282171,0.763448,0.130526,0.131293,train
1727,10.4085,0.621809,-0.534953,-0.574932,6.38099,-1.45733,0.0591738,0.000112659,0.0738576,0.0654031,0.0116958,test
1728,4.4148,0.493028,-4.45658,-1.39734,5.62027,-1.59775,-0.118232,0.00172137,-0.0399875,0.997859,-0.0324648,train
1729,5.10494,0.832059,-1.36503,9.38831,6.11182,-2.05919,0.812797,0.0419389,0.920966,0.130526,0.178749,train
1730,9.02036,0.727965,-4.77233,0.595023,6.42059,-3.48094,0.173494,0.00166386,0.304652,6.12323e-17,0.0270802,test
1731,11.6487,0.276939,-2.52501,3.55512,6.12643,-1.95962,0.40698,0.004995,0.438462,0.19509,0.0773632,train
1732,4.36197,0.527585,-0.0493963,5.71772,5.9857,-2.28291,0.572462,0.0241204,0.614256,0.5,0.123441,train
1733,4.14023,0.419823,-3.06839,-0.666906,5.6712,-2.96948,0.0680986,0.00064969,0.105631,0.0654031,0.00983831,train
1734,12.1793,0.207891,-4.55593,6.32706,6.44902,-1.65389,0.587127,0.0106905,0.639666,0.130526,0.106379,train
1735,7.24391,0.310192,-2.08971,1.54123,6.79205,-2.5079,0.287753,0.00391737,0.310642,0.19509,0.0554358,train
1736,5.79938,0.508883,-0.198798,3.80868,6.2389,-2.31694,0.483671,0.0129766,0.515727,0.5,0.103992,train
1737,8.66432,0.308125,-4.23721,3.50278,5.79622,-3.30771,0.417873,0.00729915,0.47134,0.130526,0.0776308,train
1738,12.7236,0.453288,-4.74451,8.66565,5.72517,-0.258696,0.595849,0.00956455,0.69553,0.0654031,0.115983,test
1739,12.554,0.587077,-2.39639,6.39393,6.00209,-1.06973,0.573876,0.00855852,0.641561,0.130526,0.120283,train
1740,9.46043,0.853599,-2.24997,9.36714,6.15509,-2.9113,0.972849,0.0329411,1.10841,0.0654031,0.21584,train
1741,12.169,0.294373,-3.80271,1.17389,5.98707,-2.55913,0.194018,0.00154107,0.264118,0.0654031,0.0304865,train
1742,4.61055,0.987695,-2.39065,4.56595,6.14249,-0.522345,0.290712,0.00586102,0.383736,6.12323e-17,0.0613274,train
1743,7.93736,0.416335,-2.12416,2.48758,5.89798,-3.79337,0.443326,0.00811284,0.476006,0.19509,0.0898383,train
1744,13.958,0.441467,-3.67771,7.33185,6.58694,-0.600847,0.629226,0.00956882,0.711871,0.130526,0.124289,test
1745,4.56695,0.773693,-1.84913,1.51847,5.89544,-0.941633,0.116667,0.0010018,0.157908,6.12323e-17,0.0227634,train
1746,5.63923,0.542718,-3.8371,4.14069,6.55145,-1.11524,0.29589,0.0053558,0.365703,0.0654031,0.056611,train
1747,6.87048,0.771102,-5.01588,2.2143,6.63275,-1.91253,0.163212,0.00193952,0.291665,6.12323e-17,0.0254115,train
1748,13.6961,0.831197,-2.98169,7.70936,6.21185,-1.38553,0.713565,0.0121887,0.845989,6.12323e-17,0.155179,train
1749,9.645,0.702903,-1.40414,1.64515,6.3182,-3.77363,0.428022,0.0061583,0.481639,0.130526,0.0920886,test
1750,6.12112,0.821145,-2.68955,9.02134,6.39871,-0.190891,0.652117,0.0223336,0.768176,0.0654031,0.140357,test
1751,6.62065,0.352683,-1.71962,5.789,6.02056,-1.06057,0.49503,0.0120541,0.520571,0.382683,0.100733,train
1752,12.1325,0.769199,-5.50717,4.32615,5.68763,-3.74609,0.470291,0.00612915,0.642817,6.12323e-17,0.0927103,train
1753,13.0372,0.998053,-5.93276,2.46062,5.70774,-0.923174,0.0512904,0.000998449,0.241546,6.12323e-17,-0.00359336,train
1754,7.59391,0.848076,-0.0714011,0.316649,6.41005,-0.682475,0.0827453,0.000297476,0.0920091,0.130526,0.0185047,train
1755,8.18655,0.732309,-0.463174,-1.83025,6.2184,-2.95319,0.0782241,0.000241114,0.0932682,0.0654031,0.016406,train
1756,4.60692,0.379499,-2.98291,-0.291882,6.68407,-0.0931477,-0.115507,0.00124513,-0.0387969,0.997859,-0.029576,train
1757,10.974,0.286015,-1.88225,8.99519,6.17849,-1.5629,0.887677,0.0237059,0.921431,0.5,0.178515,train
1758,8.8091,0.443943,-0.550942,0.697527,5.61269,-1.97207,0.19619,0.00141831,0.207242,0.321439,0.0408289,test
1759,9.23903,0.523668,-3.20583,4.64961,6.16139,-1.08641,0.380272,0.00525378,0.450169,0.0654031,0.0749576,train
1760,5.02254,0.761196,-1.26595,2.42729,5.80827,-1.29629,0.228441,0.0033307,0.268148,0.0654031,0.048452,train
1761,5.91383,0.933027,-5.10114,8.63227,6.04009,-1.68839,0.615626,0.0205513,0.80346,6.12323e-17,0.12925,train
1762,9.54543,0.905697,-0.500027,-1.01027,6.26531,-3.45178,0.193849,0.00129749,0.225083,6.12323e-17,0.0431016,train
1763,9.37489,0.707082,-1.86991,5.64419,5.72889,-0.494621,0.434483,0.00652767,0.496609,0.0654031,0.0928862,test
1764,6.8915,0.513505,-3.93077,3.97015,6.57937,-3.52222,0.503685,0.0121728,0.579663,0.130526,0.100372,train
1765,8.43622,0.640774,-1.99828,6.52804,6.06595,-1.68195,0.619685,0.0147149,0.684879,0.130526,0.132382,train
1766,10.2317,0.765938,-5.08328,5.23817,6.33885,-2.37775,0.480258,0.00750958,0.64388,6.12323e-17,0.0952105,test
1767,12.4407,0.484539,-3.95532,3.06185,6.23337,-1.34384,0.250089,0.00205406,0.3453,0.0654031,0.0433972,test
1768,8.14421,0.232961,-1.4742,9.57582,6.56592,-0.749926,0.878488,0.0311482,0.935179,0.659346,0.176142,test
1769,6.43548,0.411061,-3.27664,6.86681,6.0339,-3.3243,0.706779,0.0252785,0.754706,0.258819,0.143843,train
1770,10.5486,0.468575,-4.12738,0.233154,5.74956,-2.03922,0.0418167,0.000581374,0.135098,6.12323e-17,-0.000978474,train
1771,11.4081,0.910588,-4.08194,4.61102,6.0735,-1.62723,0.38304,0.00421289,0.536215,6.12323e-17,0.0775879,test
1772,11.3944,0.575273,-3.47266,8.29252,6.35719,-2.04286,0.817854,0.0190997,0.914813,0.130526,0.170479,train
1773,11.8032,0.72598,-3.68434,4.84652,6.61915,-3.48473,0.64022,0.0112725,0.772753,0.0654031,0.133667,test
1774,13.3766,0.884884,-0.907255,-0.0677601,5.86332,-1.73089,0.10863,0.00028692,0.143672,6.12323e-17,0.0226498,train
1775,11.8356,0.584571,-2.66313,9.17771,5.65586,-3.24604,0.949734,0.0248821,1.02835,0.130526,0.202874,train
1776,9.0611,0.713501,-4.04796,2.45028,5.71758,-1.62954,0.184476,0.00152688,0.288849,6.12323e-17,0.0319746,train
1777,13.1944,0.831797,-0.428846,0.966569,5.62915,-3.33271,0.345986,0.00308876,0.378009,0.0654031,0.0783616,train
1778,8.93935,0.355795,-3.94375,3.98186,5.63287,-2.53658,0.394831,0.00619669,0.451246,0.130526,0.074354,train
1779,5.91635,0.563061,-2.06533,3.69198,6.19719,-3.09456,0.470517,0.0120395,0.518188,0.19509,0.0982685,train
1780,7.87548,0.21799,-5.17681,4.82883,6.40065,-1.78796,0.396583,0.0079644,0.450098,0.130526,0.0695283,test
1781,10.8813,0.476171,-4.65602,9.68584,6.51975,-1.24781,0.843579,0.0216224,0.944981,0.130526,0.169682,train
1782,11.7257,0.723878,-5.89354,1.71925,5.76534,-3.26564,0.198375,0.00182768,0.365297,6.12323e-17,0.0296468,train
1783,10.9259,0.343991,-0.978288,7.26753,5.87696,-3.74467,0.921323,0.0253056,0.961841,0.55557,0.1907,train
1784,5.14839,0.748203,-0.581504,9.24172,6.47046,-1.84572,0.852289,0.0456985,0.938088,0.258819,0.187292,test
1785,6.76559,0.699202,-5.44851,1.24837,6.4429,-1.56581,0.0341006,0.00114128,0.157124,6.12323e-17,-0.00411936,train
1786,13.8676,0.40202,-3.64959,7.2905,6.6711,-0.180096,0.592662,0.00866946,0.668737,0.130526,0.115368,train
1787,12.1749,0.867342,-1.89772,6.19248,5.92447,-1.4298,0.587678,0.00938842,0.682239,6.12323e-17,0.130102,train
1788,9.33711,0.371039,-1.09447,1.45938,5.96753,-1.46911,0.211708,0.00159808,0.227382,0.19509,0.0421356,train
1789,9.02866,0.648056,-1.85204,3.49907,5.88683,-3.9993,0.557711,0.0111611,0.617861,0.130526,0.119326,train
1790,8.87267,0.811163,-4.26705,3.46035,5.93505,-3.88232,0.449956,0.00743238,0.587298,6.12323e-17,0.091847,train
1791,9.39464,0.877346,-3.94837,-1.10547,5.94815,-2.02366,-0.0740541,0.000894307,0.0273392,6.12323e-17,-0.0263501,train
1792,4.80575,0.679346,-5.69589,-1.13429,6.36245,-0.907923,-0.20834,0.00448122,-0.053508,0.997859,-0.0557245,train
1793,9.81372,0.964954,-1.70148,0.0793952,6.44708,-0.465521,-0.0213476,0.000147177,0.0273447,6.12323e-17,-0.0092452,train
1794,4.44788,0.824644,-2.47588,3.66115,5.63865,-3.91764,0.441213,0.0140185,0.526672,0.0654031,0.0941767,train
1795,5.32004,0.686784,-4.5859,9.32675,6.25937,-2.9847,0.800946,0.0387034,0.927288,0.130526,0.167738,train
1796,10.0461,0.998495,-4.59063,7.42537,6.57087,-0.43687,0.52538,0.00885945,0.727015,6.12323e-17,0.109385,train
1797,12.7681,0.989199,-1.95607,8.60526,5.9388,-2.26143,0.869001,0.0201282,1.01042,6.12323e-17,0.197661,train
1798,13.1728,0.688637,-4.55848,2.5174,5.81414,-0.902712,0.119745,0.000845171,0.250834,6.12323e-17,0.014711,train
1799,10.2749,0.791594,-4.07609,-0.194961,6.41342,-1.30929,-0.0662617,0.000890875,0.0461631,6.12323e-17,-0.0255702,train
1800,10.7813,0.206112,-3.56399,3.82039,5.86151,-2.96181,0.462361,0.00734252,0.496837,0.19509,0.0847367,train
1801,10.5813,0.813485,-0.688831,8.27879,5.75454,-3.38675,0.94689,0.0285421,1.0275,0.19509,0.213863,test
1802,8.54539,0.202726,-1.9277,4.39304,6.34165,-1.85616,0.484751,0.00938381,0.502911,0.442289,0.0937037,train
1803,6.19526,0.235066,-4.4021,-0.841808,6.12515,-2.62737,-0.00145864,0.000637346,0.0666671,6.12323e-17,-0.00860981,train
1804,5.81669,0.559181,-1.87336,7.62978,5.75123,-2.00745,0.663608,0.02434,0.716045,0.258819,0.140824,train
1805,5.25766,0.453185,-0.532253,6.48992,6.47411,-1.53602,0.626298,0.0239198,0.668247,0.5,0.133,train
1806,5.17449,0.368726,-0.671038,3.24325,5.88962,-0.843019,0.284471,0.0050376,0.301412,0.5,0.0589077,train
1807,5.09139,0.616657,-5.09324,5.63896,6.34287,-2.61349,0.469757,0.0143346,0.571739,0.0654031,0.0932526,train
1808,7.47289,0.669219,-4.99246,9.05904,5.72124,-2.47892,0.733961,0.023329,0.865141,0.0654031,0.152101,train
1809,7.38799,0.473313,-2.81474,5.18896,6.12374,-0.0162419,0.334026,0.00505868,0.383314,0.130526,0.065784,test
1810,6.75777,0.266043,-2.22922,1.57005,6.45258,-2.47382,0.267447,0.0037045,0.287056,0.258819,0.0506862,train
1811,12.3931,0.253369,-3.44573,-0.700926,6.50261,-3.32393,0.117491,0.000830703,0.1849,0.0654031,0.0148846,train
1812,7.46577,0.411643,-5.1121,2.71222,6.21687,-2.0012,0.215761,0.00291856,0.304594,0.0654031,0.0348231,train
1813,10.532,0.263061,-1.51846,-0.549865,5.85535,-1.82263,0.0560914,0.000182195,0.0817046,0.0654031,0.00794442,train
1814,10.3051,0.772906,-1.49291,-1.86076,6.41277,-1.33497,-0.109283,0.000541813,-0.0284435,0.997859,-0.0285429,train
1815,10.5863,0.686316,-0.349493,-0.167735,6.46525,-3.42715,0.287322,0.00256014,0.309799,0.19509,0.0632129,train
1816,9.76864,0.965883,-3.09714,6.69563,6.35464,-2.61757,0.699698,0.016325,0.864368,6.12323e-17,0.153275,train
1817,7.99866,0.907399,-5.13802,3.54911,6.66782,-1.22678,0.217509,0.00245422,0.378812,6.12323e-17,0.0372148,train
1818,8.65648,0.744214,-4.10234,-1.54102,6.63825,-0.924188,-0.222798,0.00293285,-0.0607787,0.997859,-0.0599025,train
1819,5.77018,0.374698,-1.16409,8.56829,6.24739,-2.19278,0.825426,0.0379665,0.877176,0.55557,0.172269,train
1820,12.819,0.95836,-4.83439,8.3897,6.59214,-2.40183,0.81797,0.0169314,1.05381,6.12323e-17,0.175813,train
1821,13.6304,0.446562,-1.18059,4.7227,5.94231,-3.06449,0.656743,0.0103467,0.686893,0.321439,0.137933,train
1822,5.06438,0.921821,-3.695,2.63131,6.28876,-1.62443,0.197485,0.00266251,0.299318,6.12323e-17,0.0376298,train
1823,9.25457,0.291575,-2.40152,8.6507,6.29421,-2.40623,0.901517,0.0289458,0.938913,0.442289,0.18104,train
1824,4.69768,0.957486,-5.36197,-0.535874,5.62607,-3.32721,0.0259296,0.000919873,0.133009,6.12323e-17,-0.00298896,test
1825,10.9327,0.818894,-4.44386,3.74016,6.29168,-0.632754,0.212627,0.00169579,0.3547,6.12323e-17,0.0366605,train
1826,10.7673,0.800519,-1.83934,8.19048,5.69416,-0.952393,0.688969,0.0145481,0.77696,0.0654031,0.15218,train
1827,13.455,0.217498,-0.883466,4.98742,6.66158,-2.03029,0.663435,0.0109379,0.693167,0.659346,0.13127,train
1828,13.7767,0.230383,-5.96766,-1.60872,6.57161,-3.9798,-0.0040054,0.00111953,0.136681,6.12323e-17,-0.0171033,train
1829,10.3231,0.262134,-2.2518,4.90996,6.46769,-3.03742,0.655702,0.0139929,0.681339,0.382683,0.128982,test
1830,5.426,0.605066,-5.08742,5.17487,5.72263,-1.99012,0.363356,0.00828791,0.458887,0.0654031,0.0702538,train
1831,12.5808,0.926543,-1.66273,7.40292,6.61356,-3.36407,0.958047,0.0245698,1.09216,6.12323e-17,0.216493,train
1832,9.53916,0.64264,-2.32244,-1.63753,6.50702,-0.783215,-0.172359,0.0013539,-0.0466311,0.997859,-0.044032,train
1833,11.7209,0.779751,-2.87462,7.12134,6.30347,-1.87728,0.705555,0.013828,0.824877,0.0654031,0.152194,test
1834,10.1797,0.500974,-1.30738,3.07929,5.65129,-1.50686,0.332936,0.00354782,0.360928,0.19509,0.069124,test
1835,11.9888,0.919391,-1.52598,-1.18303,5.66653,-2.51242,0.0519712,0.000111394,0.100853,6.12323e-17,0.00814429,train
1836,9.51417,0.40082,-3.71784,1.45519,5.74742,-2.0618,0.161657,0.00132162,0.231181,0.0654031,0.0257816,train
1837,4.64059,0.680214,-2.79707,9.11981,6.11413,-2.77142,0.785227,0.0425718,0.878977,0.19509,0.167524,train
1838,7.01874,0.254022,-0.918494,-0.394393,6.31725,-3.48929,0.230799,0.00252653,0.241078,0.5,0.0456072,train
1839,9.10453,0.464807,-5.75462,3.29054,6.02397,-2.99887,0.327768,0.00478345,0.443137,0.0654031,0.0570138,train
1840,5.06,0.377143,-0.0531595,0.810505,5.92993,-3.29902,0.305358,0.00590932,0.328541,0.608761,0.0644902,train
1841,12.4589,0.908676,-2.86773,3.74535,6.3283,-3.89021,0.582263,0.00887382,0.718265,6.12323e-17,0.12639,train
1842,9.91421,0.477345,-4.55257,6.07168,6.57646,-2.72218,0.640183,0.0138605,0.735925,0.130526,0.126383,train
1843,6.17596,0.7638,-2.59521,2.03673,6.30738,-1.41093,0.185737,0.00189011,0.253202,6.12323e-17,0.0360799,test
1844,6.95234,0.859703,-5.55587,6.55565,6.32733,-2.11462,0.512118,0.0123132,0.691888,6.12323e-17,0.103439,train
1845,10.2566,0.201831,-5.68064,-1.64347,6.37137,-1.6236,-0.21177,0.00211479,-0.0722654,6.12323e-17,-0.0561147,train
1846,11.2535,0.795305,-4.36707,4.01884,6.3256,-3.10329,0.46944,0.00643444,0.621464,6.12323e-17,0.0948589,train
1847,9.52882,0.234776,-5.81833,5.18072,6.24511,-0.305287,0.278797,0.00414439,0.365161,0.0654031,0.0433023,test
1848,13.2383,0.383579,-5.24608,6.41351,6.06304,-1.48006,0.519899,0.00751786,0.625625,0.0654031,0.0959676,train
1849,10.8388,0.748576,-5.47775,1.76264,6.58834,-0.747151,0.00427627,0.00115315,0.163384,6.12323e-17,-0.0138098,train
1850,13.2738,0.667875,-0.830679,-0.125143,5.69015,-1.05143,0.0475554,6.63122e-05,0.0711619,6.12323e-17,0.00846599,train
1851,6.07371,0.44794,-0.422161,0.183547,6.60296,-2.51602,0.213398,0.002409,0.226612,0.442289,0.0447931,test
1852,7.60623,0.721099,-4.24288,0.780193,5.97202,-0.718018,-0.0319504,0.000742669,0.0649125,6.12323e-17,-0.0163882,train
1853,8.5633,0.553328,-5.40408,4.54571,6.59712,-0.333048,0.230031,0.0028965,0.353718,6.12323e-17,0.0370734,train
1854,8.83045,0.229167,-4.48124,-0.819737,5.82151,-3.17937,0.0449061,0.000730929,0.120125,6.12323e-17,-0.000496073,test
1855,8.4729,0.747865,-4.1326,8.00484,6.79754,-3.00044,0.844816,0.0271303,0.998863,0.0654031,0.178651,train
1856,13.4766,0.501993,-1.91317,8.34673,6.25049,-0.841556,0.785365,0.0149433,0.836938,0.19509,0.165344,train
1857,5.81023,0.240581,-4.27432,5.7586,5.84626,-3.03407,0.538803,0.0172577,0.567838,0.321439,0.103038,train
1858,6.78127,0.505263,-2.37457,3.40778,5.63339,-3.87076,0.480091,0.0110122,0.524439,0.19509,0.0990912,train
1859,11.0052,0.293431,-5.63168,3.18894,6.23702,-0.311256,0.107376,0.0014615,0.219968,6.12323e-17,0.00813715,train
1860,5.45735,0.678232,-5.47164,-1.72165,6.52801,-0.986012,-0.25364,0.00541055,-0.0625134,0.997859,-0.0662289,train
1861,10.9754,0.747553,-1.17275,1.84102,5.8533,-0.516903,0.156121,0.000722928,0.193727,0.0654031,0.0322969,train
1862,9.21001,0.786137,-4.50864,-1.53572,6.00095,-3.99464,0.0359151,0.00070121,0.155318,6.12323e-17,-0.00265013,train
1863,10.8152,0.232265,-0.652055,2.70789,6.73091,-1.10428,0.344773,0.0036558,0.360243,0.608761,0.0684324,test
1864,4.43968,0.773272,-1.48727,4.78303,5.73837,-1.36506,0.379539,0.0104079,0.436191,0.130526,0.081615,train
1865,7.64715,0.281145,-0.449252,1.67035,6.12179,-0.314157,0.151894,0.00099283,0.158798,0.5,0.0304708,train
1866,9.22312,0.719049,-1.08509,7.74867,6.73327,-2.02526,0.866131,0.0265942,0.943707,0.19509,0.19061,train
1867,12.9091,0.543697,-4.38521,8.09735,6.7599,-3.82783,0.998621,0.0252644,1.12056,0.130526,0.205734,train
1868,8.11359,0.528895,-0.441464,1.50165,5.73162,-1.66372,0.239621,0.0022892,0.254452,0.321439,0.0511395,train
1869,5.12285,0.712403,-1.62806,6.58593,6.51441,-3.96776,0.778319,0.038018,0.864308,0.19509,0.168398,train
1870,4.58747,0.696933,-1.91533,7.19184,6.22795,-2.18048,0.63362,0.0280534,0.708329,0.19509,0.135888,train
1871,12.3433,0.881532,-1.46193,0.339037,5.83209,-2.86213,0.21737,0.00124318,0.275577,6.12323e-17,0.0462674,train
1872,12.1558,0.805815,-4.20777,1.38866,6.52461,-1.7498,0.116145,0.000825657,0.252529,6.12323e-17,0.0146201,test
1873,4.81095,0.668304,-2.14851,9.90516,6.14146,-1.21194,0.759983,0.0385078,0.841211,0.19509,0.162914,train
1874,11.6341,0.880028,-3.37498,3.77177,6.09472,-1.52763,0.332026,0.00310385,0.456899,6.12323e-17,0.0673618,train
1875,8.25878,0.853125,-5.78238,3.6267,6.00682,-1.23887,0.185546,0.00208146,0.347439,6.12323e-17,0.0289195,test
1876,8.20919,0.693281,-4.95885,7.35481,6.36062,-1.92944,0.617338,0.0151419,0.759859,0.0654031,0.125595,train
1877,11.583,0.645683,-5.82987,4.33275,5.97845,-2.9302,0.411091,0.00528913,0.571183,6.12323e-17,0.0763519,train
1878,13.3281,0.270385,-3.9059,0.431844,6.10634,-0.905783,-0.0241392,0.00045458,0.0677744,6.12323e-17,-0.0151563,train
1879,5.67559,0.495153,-3.35949,6.64543,6.65494,-3.92418,0.762398,0.0330225,0.828145,0.258819,0.1575,train
1880,4.85963,0.717353,-4.45405,3.93724,6.23583,-1.43661,0.257761,0.0047546,0.352758,0.0654031,0.0489499,train
1881,8.73032,0.842593,-3.11034,8.7104,5.74322,-1.09812,0.676245,0.0169954,0.803013,0.0654031,0.146552,test
1882,5.37249,0.315999,-3.28101,3.40384,5.89213,-1.27017,0.249694,0.00417225,0.281034,0.130526,0.0464394,train
1883,5.7352,0.631251,-4.53615,3.90922,6.40445,-2.32869,0.34431,0.00703985,0.440815,0.0654031,0.0665391,train
1884,11.445,0.517899,-1.84205,1.94042,6.65367,-3.30322,0.429936,0.00527341,0.476321,0.130526,0.0884555,test
1885,7.40164,0.99493,-2.52984,1.27147,5.76667,-0.801565,0.0709202,0.000346481,0.143125,6.12323e-17,0.0109322,train
1886,13.4874,0.862308,-4.27046,7.65041,6.63481,-3.25736,0.871219,0.0183194,1.06873,6.12323e-17,0.187536,train
1887,8.78405,0.437675,-4.0148,-0.0719801,6.55968,-3.98986,0.201606,0.00205482,0.281994,0.0654031,0.0334261,train
1888,9.38067,0.724873,-0.655063,8.75096,6.00145,-0.036682,0.722843,0.0183811,0.780052,0.258819,0.160441,test
1889,8.37603,0.900584,-1.23508,2.55589,5.99639,-3.23983,0.431869,0.00730197,0.503356,0.0654031,0.0956316,train
1890,4.63755,0.348207,-2.06087,6.71864,6.40913,-2.53465,0.646033,0.0290476,0.685827,0.5,0.132571,train
1891,4.88236,0.481502,-2.32781,6.43051,6.09759,-2.15095,0.570715,0.0214576,0.614324,0.321439,0.118519,test
1892,10.0909,0.751013,-4.82342,-1.93879,6.0049,-3.99042,-0.0103477,0.000842024,0.118085,6.12323e-17,-0.0142904,train
1893,4.38567,0.231151,-5.62545,8.0473,6.18713,-2.06413,0.575025,0.0260567,0.606842,0.321439,0.109706,train
1894,6.58123,0.599945,-4.68463,9.95043,6.42695,-0.120864,0.675141,0.0225012,0.783338,0.130526,0.137777,train
1895,6.74241,0.721602,-1.15118,9.14476,5.82476,-3.07154,0.911987,0.0401798,0.994859,0.258819,0.200508,train
1896,7.90595,0.368178,-0.893339,5.39497,6.3709,-2.25112,0.637762,0.0166234,0.671631,0.55557,0.132567,test
1897,13.9925,0.375242,-0.0187957,-0.697519,5.74468,-2.54513,0.161876,0.000612185,0.169236,0.608761,0.0341337,train
1898,8.28864,0.963904,-3.20957,-0.267787,6.41787,-0.428801,-0.113223,0.00112748,-0.0329966,0.997859,-0.0334596,train
1899,8.34218,0.694981,-5.68735,1.70357,6.0892,-1.45448,0.0530354,0.00118477,0.191613,6.12323e-17,-0.00128804,train
1900,9.49349,0.646764,-3.85194,8.33939,6.20196,-3.68716,0.907806,0.02809,1.02649,0.130526,0.191757,train
1901,6.1152,0.598785,-4.90325,-1.3398,6.42818,-3.44047,-0.00322146,0.00092262,0.0951912,6.12323e-17,-0.0106244,train
1902,6.92835,0.451709,-5.3895,9.73644,6.79927,-3.5025,0.978,0.0451526,1.07074,0.19509,0.197583,train
1903,12.0457,0.323151,-4.35414,9.87915,6.41187,-3.41244,1.0901,0.033106,1.15121,0.258819,0.215644,test
1904,6.70248,0.525889,-4.96304,2.82694,6.31458,-0.539009,0.101855,0.00133652,0.198698,6.12323e-17,0.0116537,train
1905,4.12487,0.238704,-1.62585,9.00515,6.38795,-0.54864,0.656859,0.0339109,0.719007,0.707107,0.133333,train
1906,7.53763,0.221075,-5.33933,6.44477,5.81474,-0.018216,0.346448,0.00655053,0.401291,0.130526,0.0597697,train
1907,13.3715,0.697537,-1.27928,-1.77746,5.60202,-2.17294,-0.0153089,6.18444e-05,0.0200719,6.12323e-17,-0.0068127,train
1908,7.12911,0.86648,-0.459344,3.95621,6.24594,-0.883468,0.382752,0.00676072,0.430244,0.130526,0.0854061,train
1909,10.6447,0.932367,-4.01366,-1.57721,6.19295,-1.52297,-0.167865,0.00185834,-0.0517187,0.997859,-0.0489948,test
1910,6.45868,0.696744,-4.6893,-0.591211,6.70194,-1.57082,-0.0937805,0.00147589,0.00690275,6.12323e-17,-0.0306973,train
1911,7.80867,0.429608,-4.74835,7.51792,6.12311,-0.373843,0.496648,0.0108661,0.574368,0.130526,0.0955964,test
1912,6.07697,0.576187,-5.51052,0.954314,6.21674,-3.14739,0.137192,0.00195345,0.243088,6.12323e-17,0.0189568,train
1913,8.65288,0.835074,-0.86939,6.56407,5.69727,-3.44806,0.768606,0.0227198,0.848397,0.130526,0.172492,train
1914,5.51813,0.775537,-2.20282,0.521788,6.42012,-1.87902,0.113381,0.000843499,0.166645,6.12323e-17,0.020951,test
1915,4.5152,0.53608,-1.13473,8.86022,6.7494,-3.3901,0.92607,0.0608189,0.9955,0.442289,0.197865,train
1916,11.8939,0.219101,-5.82405,8.9355,5.63612,-3.149,0.825674,0.0209574,0.885683,0.19509,0.152734,train
1917,10.2698,0.518234,-5.49753,6.70454,6.70135,-0.618389,0.471963,0.00780609,0.603578,0.0654031,0.0880214,test
1918,10.492,0.228316,-1.95988,0.476833,6.4557,-0.0602419,-0.0240708,0.000133393,0.0192198,6.12323e-17,-0.00968136,train
1919,12.7554,0.74026,-1.07809,6.89293,6.0052,-0.942233,0.655393,0.0111985,0.714701,0.130526,0.145384,train
1920,4.10432,0.650396,-4.54716,5.3776,6.52535,-3.62126,0.520739,0.0213733,0.615709,0.130526,0.106195,train
1921,5.72879,0.557034,-1.22069,7.18447,6.60956,-0.0525746,0.557608,0.0174163,0.601018,0.321439,0.118577,train
1922,13.3555,0.796782,-5.02253,-1.43791,6.22907,-1.94741,-0.164492,0.00192201,-0.0158767,6.12323e-17,-0.0516871,test
1923,4.67991,0.652373,-3.37939,6.3988,6.2998,-2.90475,0.590856,0.0239307,0.675218,0.130526,0.123394,train
1924,9.00573,0.558699,-0.505539,1.83647,6.57503,-1.61686,0.296623,0.00316004,0.316645,0.321439,0.0635262,train
1925,6.06152,0.252854,-3.02146,-0.443279,5.76577,-3.84187,0.165016,0.00184447,0.194819,0.130526,0.0284674,train
1926,11.1318,0.236127,-5.45885,9.09957,6.57073,-2.52949,0.900825,0.0259392,0.959426,0.19509,0.169344,train
1927,10.7277,0.682824,-3.40665,9.81329,6.22699,-2.01753,0.927148,0.026014,1.04754,0.0654031,0.198245,test
1928,7.58014,0.287679,-2.02214,6.24402,6.55321,-3.18123,0.763809,0.0252139,0.800969,0.55557,0.153965,train
1929,6.88081,0.789649,-2.55488,6.35208,6.53681,-1.48785,0.571178,0.0152415,0.672891,0.0654031,0.122102,train
1930,7.10942,0.996803,-3.49647,3.47574,6.21444,-0.106965,0.162175,0.00137067,0.272981,6.12323e-17,0.0295294,test
1931,8.40945,0.47691,-0.873341,2.98066,5.88021,-0.831313,0.285151,0.00313132,0.303995,0.258819,0.0595041,train
1932,11.8251,0.49083,-3.12431,6.14121,5.88802,-3.02034,0.684901,0.0130185,0.753776,0.130526,0.140403,train
1933,11.74,0.721401,-3.84135,8.43052,6.49061,-3.58023,0.969596,0.026015,1.11824,0.0654031,0.207386,train
1934,7.86993,0.449457,-5.44128,4.05011,6.27089,-2.79574,0.390091,0.00715601,0.488784,0.0654031,0.0713798,train
1935,13.5676,0.347853,-5.3608,-0.00908454,6.01806,-3.59769,0.1227,0.00126643,0.243978,6.12323e-17,0.0114286,train
1936,7.14212,0.598319,-2.39859,1.0295,6.67322,-0.878354,0.0758473,0.000445381,0.128982,6.12323e-17,0.0112346,train
1937,7.14801,0.698586,-1.63951,3.1745,6.29875,-1.27891,0.313047,0.00441278,0.363763,0.0654031,0.0658433,train
1938,4.86209,0.362952,-5.35665,9.26214,6.75286,-3.40094,0.843048,0.0480501,0.901889,0.321439,0.168427,train
1939,12.2421,0.569703,-0.409642,0.150631,6.15758,-2.10917,0.189929,0.000961273,0.203553,0.19509,0.0406694,train
1940,4.31171,0.961764,-2.33145,7.10653,6.59632,-3.66053,0.725793,0.0392959,0.882591,6.12323e-17,0.158263,train
1941,11.471,0.206786,-0.794842,-0.661781,5.91937,-1.76719,0.0691604,0.000170265,0.0790997,0.130526,0.0120093,test
1942,11.0585,0.677893,-0.133536,-1.2111,5.62825,-2.54902,0.106007,0.000336037,0.113547,0.19509,0.0233974,train
1943,5.94775,0.484016,-3.60636,4.07826,6.43552,-3.07855,0.462934,0.0118817,0.522469,0.130526,0.0924046,train
1944,9.27834,0.875832,-3.76046,-0.19022,5.79413,-0.78723,-0.0916231,0.000964661,0.00127564,6.12323e-17,-0.0297356,train
1945,4.62079,0.782286,-1.56864,2.3912,6.43914,-2.32185,0.304773,0.00643228,0.359737,0.0654031,0.0646737,train
1946,6.25614,0.748858,-0.889964,-1.07429,5.98854,-3.97496,0.19577,0.00196938,0.226577,0.0654031,0.0417967,test
1947,12.4382,0.970846,-1.78168,5.68826,6.52957,-3.63234,0.801859,0.0173799,0.93603,6.12323e-17,0.181054,test
1948,13.2022,0.239869,-4.37323,4.83513,6.68519,-0.793455,0.384143,0.00465183,0.455363,0.0654031,0.0660771,train
1949,11.2463,0.892636,-2.66439,7.59545,5.87643,-1.41958,0.664885,0.012912,0.791506,6.12323e-17,0.146194,train
1950,7.731,0.977009,-1.07125,2.95719,6.62412,-0.335943,0.245405,0.00251977,0.305093,6.12323e-17,0.0535209,test
1951,8.90867,0.933655,-4.28114,6.30038,6.69446,-0.109772,0.405994,0.00604323,0.571625,6.12323e-17,0.0820336,train
1952,4.09156,0.808143,-3.89367,9.55597,5.80937,-1.03204,0.601981,0.0283327,0.723706,0.0654031,0.127309,train
1953,8.0553,0.672851,-0.0633472,1.98174,6.77094,-1.88128,0.350308,0.0049811,0.375651,0.382683,0.077366,train
1954,11.5776,0.653279,-3.92397,4.46645,6.38158,-1.71053,0.412266,0.00494218,0.527876,0.0654031,0.0811416,train
1955,5.50622,0.528652,-4.52969,5.89933,6.28979,-3.31537,0.576368,0.0197396,0.656781,0.130526,0.116087,train
1956,9.21536,0.683951,-2.08416,-0.307262,6.0847,-1.99731,0.0655381,0.000264168,0.119319,6.12323e-17,0.00958941,train
1957,9.47724,0.268748,-3.50501,8.95027,6.37012,-1.33387,0.803284,0.0230186,0.839767,0.321439,0.156983,train
1958,13.1104,0.426108,-1.78877,9.78672,6.75567,-1.36791,1.04273,0.0270197,1.09109,0.321439,0.217694,train
1959,12.1075,0.421397,-1.11226,9.86039,6.02739,-1.46587,0.976444,0.0256455,1.01783,0.442289,0.205597,train
1960,7.35753,0.980361,-5.51365,4.28617,5.80989,-3.43313,0.405707,0.00734686,0.592047,6.12323e-17,0.0812396,train
1961,8.05333,0.531839,-0.971927,-0.999045,6.31931,-2.53231,0.0967417,0.00039532,0.117247,0.0654031,0.0187877,train
1962,11.2932,0.513791,-1.53773,4.85741,6.3749,-0.247638,0.413326,0.00492766,0.451107,0.130526,0.0857715,test
1963,9.5309,0.398779,-1.8054,8.62838,5.91797,-1.0955,0.765649,0.0200051,0.802278,0.382683,0.158352,train
1964,12.0287,0.376115,-1.33671,-1.84625,5.92771,-1.12707,-0.113842,0.000404957,-0.0417583,0.997859,-0.027458,test
1965,12.2104,0.842007,-1.07565,1.52416,5.66387,-2.56618,0.301745,0.0024633,0.349907,0.0654031,0.0664899,train
1966,5.98591,0.936258,-5.52361,0.0733039,5.94375,-3.78666,0.103658,0.00137463,0.239776,6.12323e-17,0.0127961,train
1967,10.4967,0.467598,-0.922311,-0.870133,6.42611,-2.78766,0.141185,0.000634454,0.160406,0.130526,0.0280228,train
1968,4.95771,0.753028,-4.84773,1.90811,6.66497,-3.57421,0.265707,0.00504415,0.377122,6.12323e-17,0.0497933,test
1969,11.205,0.760753,-0.559273,7.70211,6.19675,-1.52862,0.806471,0.0193983,0.869094,0.19509,0.180801,train
1970,4.48719,0.408665,-5.51553,7.79598,5.62461,-2.42665,0.547753,0.0223359,0.606779,0.19509,0.107691,train
1971,13.7501,0.84423,-2.01094,-0.46044,5.77705,-0.477102,-0.0787528,0.00035543,-0.0217193,6.12323e-17,-0.0235779,train
1972,7.0936,0.530005,-2.1298,5.08902,5.67532,-2.5918,0.526214,0.0126088,0.572067,0.19509,0.109921,test
1973,6.51847,0.278415,-0.561349,6.31932,6.38183,-1.49545,0.638382,0.0202113,0.688678,0.707107,0.131161,train
1974,11.5,0.393401,-1.29417,7.0708,6.43947,-2.62389,0.864884,0.0211568,0.902483,0.442289,0.180019,train
1975,11.6237,0.431609,-1.44139,9.92094,6.24003,-3.05781,1.13895,0.0362824,1.18985,0.442289,0.239889,train
1976,5.40825,0.785881,-2.91361,5.79689,6.75161,-1.42408,0.48677,0.014038,0.586853,0.0654031,0.102326,train
1977,7.65754,0.277679,-4.50587,1.32246,6.18147,-1.88409,0.114537,0.00133115,0.184367,0.0654031,0.0140875,train
1978,7.34899,0.603508,-1.63087,0.690547,5.82732,-2.63459,0.20838,0.00193091,0.245346,0.0654031,0.0422971,train
1979,5.63221,0.312189,-1.40381,6.36715,5.64361,-2.9199,0.644423,0.023875,0.68298,0.608761,0.132079,test
1980,7.71001,0.782403,-3.75685,0.295048,6.05424,-3.06748,0.138107,0.00111291,0.236554,6.12323e-17,0.0226877,train
1981,9.24374,0.417933,-3.78457,1.42561,5.79324,-0.36824,0.015157,0.000474339,0.0942955,6.12323e-17,-0.00544902,train
1982,11.1707,0.324256,-0.542636,8.17341,6.06128,-0.890395,0.791166,0.0182436,0.830395,0.608761,0.163603,train
1983,6.60631,0.463594,-5.91104,4.44831,5.98432,-0.370827,0.183101,0.00275995,0.285705,0.0654031,0.0273791,train
1984,12.8991,0.337017,-3.99535,5.48767,6.55382,-0.119483,0.384763,0.00437978,0.461225,0.0654031,0.0694191,train
1985,6.4865,0.774917,-3.45551,2.59534,6.59933,-3.50544,0.386671,0.00747986,0.49112,0.0654031,0.0788136,train
1986,7.52227,0.689811,-5.26942,1.11425,5.60316,-2.40209,0.0909499,0.00112873,0.208844,6.12323e-17,0.00916249,train
1987,7.98941,0.265797,-0.699417,0.0309439,5.84835,-3.65557,0.279016,0.00320927,0.29192,0.55557,0.0559603,test
1988,7.53147,0.934684,-2.31837,-1.6878,6.24085,-0.810304,-0.160819,0.00156036,-0.0345541,0.997859,-0.0417477,train
1989,5.61896,0.222134,-3.92557,6.6333,6.19822,-0.253682,0.418455,0.0110169,0.443502,0.258819,0.0786472,test
1990,4.33233,0.300404,-0.269727,-1.31104,5.68821,-1.22859,-0.0135369,1.53204e-05,-0.00459781,0.997859,-0.00324002,train
1991,6.64283,0.990887,-2.67016,2.69233,6.56071,-2.01194,0.29261,0.0041408,0.40045,6.12323e-17,0.0608147,test
1992,8.90037,0.585085,-2.13121,5.04128,5.717,-1.37938,0.447345,0.00729028,0.500241,0.130526,0.0934266,train
1993,12.655,0.798282,-5.22736,1.85691,5.93313,-3.08514,0.224993,0.00177074,0.389896,6.12323e-17,0.0373134,train
1994,10.4471,0.371753,-0.475488,9.72036,6.20023,-2.45243,1.08063,0.0362346,1.13719,0.608761,0.226892,train
1995,13.1443,0.975426,-5.68473,4.63608,6.17663,-3.47196,0.495385,0.00614422,0.725706,6.12323e-17,0.0996529,train
1996,10.0641,0.511531,-2.38031,8.61532,5.73014,-1.24344,0.738038,0.0175889,0.793621,0.19509,0.154706,train
1997,10.8033,0.472335,-3.88473,4.1219,6.47127,-3.64428,0.571597,0.0101427,0.654688,0.130526,0.113029,train
1998,13.4229,0.265274,-2.16992,2.41611,6.01352,-1.90331,0.313026,0.00264057,0.342955,0.130526,0.058406,train
1999,10.1215,0.637239,-1.65432,2.73972,6.12936,-0.802893,0.24754,0.0019765,0.294079,0.0654031,0.0507272,train
