sample_id,max_camber_m,camber_pos_p,thickness_t,alpha_deg,mach,reynolds,CL,CD,CM_c4,L_over_D,Cp_min,split
0,0.0584705,0.434393,0.0632394,1.55815,0.255058,3.07345e+06,0.937613,0.00867515,-0.174593,108.08,-0.921131,test
1,0.0527774,0.34197,0.0992203,4.94851,0.272194,1.36458e+06,1.26441,0.0111424,-0.142706,113.477,-1.63841,train
2,0.0360841,0.438541,0.170512,2.31587,0.490541,2.06305e+06,0.911013,0.0114506,-0.130597,79.5601,-1.37085,train
3,0.0153431,0.336129,0.196236,7.70285,0.324563,318254,1.24595,0.0181011,-0.0634908,68.8329,-2.67011,train
4,0.0323138,0.289772,0.0832636,3.75203,0.0919184,484406,0.809405,0.0124884,-0.076373,64.8125,-1.19838,train
5,0.0228698,0.235021,0.0758785,-2.43803,0.194685,645730,-0.0332406,0.0112098,-0.0442415,-2.96533,-1.80443,train
6,0.0107359,0.352595,0.109006,-2.2466,0.409682,2.55008e+06,-0.148552,0.00927228,-0.0264721,-16.0211,-0.967606,train
7,0.00846846,0.342717,0.158453,1.38753,0.229516,245123,0.288163,0.0160576,-0.0247707,17.9455,-0.822919,test
8,0.0101317,0.581575,0.193664,7.86314,0.122671,1.13766e+06,1.16914,0.0139014,-0.0613431,84.1023,-2.7282,train
9,0.0583883,0.510054,0.0930997,-2.37708,0.150687,3.23799e+06,0.532134,0.00877155,-0.190583,60.6658,-0.843892,train
10,0.019412,0.524946,0.0973625,-0.985467,0.130455,9.58521e+06,0.160457,0.00726995,-0.0654259,22.0713,-0.423165,train
11,0.00674853,0.391274,0.177499,4.25343,0.178519,1.49379e+06,0.634379,0.0120312,-0.02948,52.7278,-1.46745,train
12,0.000655645,0.379174,0.196507,-2.5331,0.18422,834049,-0.318234,0.0137989,0.00537978,-23.0622,-1.08725,train
13,0.0263994,0.392617,0.1826,6.07664,0.418721,913547,1.23578,0.0142154,-0.098178,86.9327,-2.21657,train
14,0.0285997,0.279566,0.130671,4.55199,0.0572067,2.57273e+06,0.893232,0.0101019,-0.070824,88.4224,-1.45834,train
15,0.045577,0.444802,0.127728,6.18106,0.256318,776689,1.40186,0.013329,-0.152855,105.174,-2.42205,train
16,0.000411348,0.437347,0.0763781,7.812,0.235285,3.49387e+06,0.934705,0.0086892,-0.00828706,107.571,-7.44682,train
17,0.0276596,0.5001,0.0734303,4.15966,0.171761,6.85279e+06,0.865762,0.00766566,-0.0945577,112.94,-2.46251,train
18,0.0127093,0.309113,0.14927,-3.25169,0.468187,1.219e+06,-0.272433,0.0115,-0.0265106,-23.6897,-1.31579,train
19,0.046268,0.251495,0.187628,2.94223,0.322019,1.21229e+06,1.00376,0.0132633,-0.108674,75.6798,-1.80133,train
20,0.0498585,0.355686,0.169704,4.20841,0.0752537,5.58721e+06,1.17903,0.00994149,-0.139101,118.597,-1.68245,train
21,0.0554834,0.53503,0.176697,-1.41779,0.232445,703133,0.694407,0.0138846,-0.197847,50.0128,-0.98967,train
22,0.0213314,0.249518,0.118262,-2.31325,0.192178,994762,-0.0307243,0.0111729,-0.0412382,-2.74989,-1.05675,train
23,0.0146664,0.527885,0.0680731,-1.46205,0.405481,361201,0.0373681,0.0123927,-0.0529351,3.01534,-0.650869,test
24,0.0155259,0.243131,0.161552,2.63816,0.179544,3.66817e+06,0.523467,0.00983009,-0.0376568,53.2515,-1.13531,train
25,0.0565271,0.57328,0.128391,-0.516194,0.1515,3.89075e+06,0.812813,0.00929077,-0.21162,87.4861,-0.876428,train
26,0.0585053,0.229263,0.0806393,5.10621,0.345209,6.50895e+06,1.31401,0.00827254,-0.128794,158.839,-1.98105,test
27,0.027444,0.302703,0.081387,2.23478,0.0890065,3.10244e+06,0.577992,0.00867466,-0.0652105,66.6299,-0.804142,train
28,0.020047,0.363089,0.157696,6.41332,0.0834561,1.32504e+06,1.05399,0.0122455,-0.0663264,86.0721,-2.18734,train
29,0.0411766,0.392154,0.188225,-1.84084,0.237723,489968,0.342805,0.0149888,-0.111729,22.8708,-0.896512,train
30,0.0424071,0.50988,0.182275,2.6551,0.371886,2.72938e+06,1.04918,0.0113802,-0.163513,92.1933,-1.44855,train
31,0.0179565,0.398987,0.138478,3.84339,0.380345,1.05195e+06,0.760171,0.011905,-0.0613414,63.8531,-1.42303,train
32,0.0400385,0.506737,0.122963,-1.68249,0.486893,228535,0.420421,0.015235,-0.148894,27.5957,-0.689195,train
33,0.0179428,0.421107,0.0878965,5.48174,0.414836,1.53995e+06,0.953626,0.010272,-0.062449,92.8373,-3.22495,train
34,0.0469057,0.431372,0.134895,3.98394,0.104395,2.08488e+06,1.1167,0.0108434,-0.145788,102.985,-1.41402,train
35,0.0491199,0.460241,0.187151,5.23792,0.423121,7.73855e+06,1.51008,0.0103059,-0.186395,146.525,-2.10117,train
36,0.00349323,0.570347,0.0939157,0.879112,0.401482,1.30673e+06,0.169835,0.0101655,-0.0151156,16.7069,-0.522885,train
37,0.0573591,0.387911,0.0756088,4.51345,0.348205,804632,1.29824,0.0118281,-0.168227,109.759,-1.94501,train
38,0.00996118,0.504852,0.124574,-2.79102,0.334275,397523,-0.205845,0.013538,-0.0305116,-15.205,-1.03974,train
39,0.0296878,0.368439,0.166791,3.65161,0.140119,2.44777e+06,0.853798,0.0109532,-0.0876233,77.9497,-1.38212,train
40,0.0130806,0.466009,0.138925,4.17258,0.134162,239266,0.695805,0.01586,-0.048785,43.8718,-1.4763,train
41,0.0253876,0.562654,0.0925431,1.15383,0.070064,2.29429e+06,0.510722,0.00929206,-0.093608,54.9633,-0.638393,train
42,0.0197472,0.222014,0.162805,0.6263,0.149871,275313,0.31853,0.0158445,-0.0395184,20.1035,-0.913119,train
43,0.0361506,0.266574,0.0991424,6.24247,0.369605,2.68019e+06,1.23573,0.00983795,-0.0920183,125.608,-2.46718,train
44,0.00543389,0.2508,0.148462,-2.00508,0.372898,224340,-0.194671,0.015968,-0.0078857,-12.1913,-0.880526,train
45,0.0455238,0.598344,0.183375,-0.428687,0.475544,7.63444e+06,0.800873,0.00934845,-0.20439,85.669,-1.10904,train
46,0.00787474,0.305149,0.115689,5.11294,0.385108,4.29019e+06,0.76375,0.00887613,-0.0276678,86.0454,-2.15048,train
47,0.0168619,0.324038,0.156109,6.58323,0.152017,1.23843e+06,1.03463,0.0123276,-0.055301,83.9278,-2.26937,test
48,0.00400634,0.514417,0.17526,6.01437,0.103904,3.27561e+06,0.815804,0.0105787,-0.0282696,77.1179,-2.03126,train
49,0.0396564,0.540777,0.0801245,0.267333,0.254152,3.44195e+06,0.612282,0.00852187,-0.142305,71.8483,-0.614631,train
50,0.00871084,0.588101,0.0604399,4.48475,0.127403,1.93755e+06,0.646935,0.00911281,-0.036068,70.9918,-3.85972,train
51,0.0387372,0.273519,0.0855583,4.11903,0.2843,8.78422e+06,0.958634,0.0076004,-0.0920718,126.129,-1.3181,train
52,0.0574226,0.207652,0.147743,4.97087,0.234428,444745,1.31483,0.0152723,-0.120376,86.0925,-2.29344,train
53,0.00226205,0.223209,0.13144,-2.29737,0.433645,2.46225e+06,-0.279535,0.00977517,-0.000635001,-28.5965,-0.964548,train
54,0.0544923,0.343853,0.19671,-0.768412,0.467054,4.19182e+06,0.712996,0.0105946,-0.151904,67.2978,-1.38231,train
55,0.0436793,0.588922,0.100777,5.30532,0.420331,799491,1.42174,0.0126298,-0.191099,112.57,-3.15034,train
56,0.0336213,0.465225,0.19039,4.72236,0.376338,231525,1.17322,0.0188598,-0.129226,62.2073,-1.85007,train
57,0.057746,0.580536,0.193341,7.52636,0.362548,979365,2.02463,0.0164466,-0.264494,123.104,-3.06414,train
58,0.0050494,0.22939,0.130625,4.68766,0.191134,329066,0.636909,0.0145415,-0.0179833,43.7995,-1.67712,test
59,0.0314836,0.209639,0.141096,7.93609,0.219698,911631,1.36177,0.0132036,-0.0764706,103.136,-2.69518,train
60,0.0253282,0.203318,0.181859,0.543939,0.10843,1.71668e+06,0.378555,0.0116755,-0.0473444,32.4231,-1.07099,train
61,0.0216791,0.372419,0.115419,-3.83572,0.132333,310391,-0.188472,0.0139772,-0.0518576,-13.4842,-1.60768,train
62,0.0359191,0.21589,0.0757482,-0.597627,0.228974,8.8054e+06,0.328002,0.00711818,-0.0697758,46.0794,-0.937996,train
63,0.0415641,0.299449,0.145444,1.56535,0.0720128,417728,0.704741,0.014359,-0.0983066,49.08,-1.17411,test
64,0.00385607,0.598772,0.124132,-1.5419,0.426568,8.6541e+06,-0.137449,0.00777158,-0.0140845,-17.6861,-0.7206,train
65,0.0311429,0.433695,0.0956056,2.68197,0.363084,2.39716e+06,0.770565,0.00945525,-0.100622,81.496,-1.04128,train
66,0.0125151,0.349328,0.170013,4.37669,0.0675657,5.2294e+06,0.710009,0.00956514,-0.0420976,74.2288,-1.4773,test
67,0.00664813,0.444877,0.0932375,-3.17935,0.31458,7.28079e+06,-0.30243,0.00757289,-0.0170508,-39.936,-1.40228,train
68,0.0421248,0.596591,0.140814,-2.81401,0.075633,228142,0.332124,0.0157297,-0.159328,21.1145,-0.754433,train
69,0.0512917,0.587157,0.151354,-0.144403,0.392075,1.37989e+06,0.869133,0.0117507,-0.214243,73.964,-1.01403,train
70,0.00553971,0.579432,0.193601,2.75264,0.223098,7.69811e+06,0.451945,0.00933409,-0.0297905,48.4187,-1.17708,train
71,0.0303927,0.563801,0.0873726,1.1339,0.132011,6.54979e+06,0.583387,0.00773591,-0.11235,75.4129,-0.647669,train
72,0.0536759,0.297652,0.128821,-2.01831,0.113125,373307,0.404857,0.013925,-0.118963,29.0741,-1.06276,train
73,0.0549018,0.503414,0.185287,-1.32567,0.130922,1.63318e+06,0.663288,0.0120888,-0.182154,54.8678,-1.01627,train
74,0.0250919,0.227529,0.11286,-0.939424,0.168076,1.50989e+06,0.175761,0.0102592,-0.0484043,17.132,-0.615996,train
75,0.00884424,0.334767,0.0834396,1.33258,0.354861,7.65481e+06,0.277893,0.00737119,-0.0243838,37.7,-0.579224,train
76,0.0292747,0.264751,0.110643,6.23434,0.222013,8.08345e+06,1.10707,0.00821102,-0.0732559,134.827,-2.30313,test
77,0.00470606,0.562384,0.145877,-2.59897,0.313891,729219,-0.258074,0.0125681,-0.0131966,-20.534,-0.986457,train
78,0.0232223,0.475639,0.148849,2.25867,0.103645,1.39975e+06,0.609737,0.0114016,-0.0788603,53.4782,-1.00477,test
79,0.0102986,0.353118,0.168769,7.17948,0.420794,2.16129e+06,1.13045,0.0116012,-0.0473063,97.4432,-2.72742,train
80,0.0178397,0.545084,0.1951,-0.276077,0.482461,2.66623e+06,0.284531,0.0111198,-0.0734765,25.5879,-0.894738,train
81,0.0100768,0.478736,0.0718794,0.441622,0.256635,2.43367e+06,0.190252,0.00873754,-0.0328423,21.7741,-0.368154,train
82,0.0215929,0.274011,0.186132,-3.80436,0.254906,984866,-0.213084,0.0129862,-0.0382934,-16.4085,-1.34376,train
83,0.0175312,0.311306,0.0611935,-0.535558,0.107802,4.85263e+06,0.137624,0.00760462,-0.0403835,18.0974,-0.421365,test
84,0.0447355,0.276692,0.145588,0.384541,0.490857,1.99622e+06,0.676843,0.0106768,-0.112512,63.3938,-1.2654,test
85,0.0542203,0.500609,0.189237,3.09071,0.17921,4.74696e+06,1.22408,0.010767,-0.194199,113.688,-1.57339,train
86,0.0383889,0.317193,0.0657399,7.68572,0.266076,341244,1.36579,0.0138785,-0.100753,98.4107,-6.811,train
87,0.0474145,0.269586,0.155085,0.261627,0.309562,4.38377e+06,0.642361,0.00948069,-0.107273,67.7547,-1.23438,train
88,0.0359571,0.219008,0.14093,-0.0329371,0.192447,6.58587e+06,0.424121,0.00848308,-0.0697205,49.9961,-0.994697,train
89,0.0165117,0.404823,0.12509,-1.74354,0.306185,8.30384e+06,0.00510077,0.00782945,-0.0454807,0.651484,-0.735051,train
90,0.0347435,0.248771,0.155757,0.912036,0.142629,346859,0.537752,0.0150501,-0.0736174,35.7309,-1.11431,train
91,0.00157094,0.465642,0.184963,2.28809,0.329576,3.03721e+06,0.329588,0.0106165,-0.0114973,31.045,-1.05871,test
92,0.0578367,0.580874,0.152429,7.09297,0.177723,8.37888e+06,1.80329,0.00987808,-0.240922,182.555,-3.02473,train
93,0.0462773,0.31996,0.15569,-1.59317,0.178642,2.9301e+06,0.392805,0.0100161,-0.108519,39.2173,-0.90661,train
94,0.0114317,0.289381,0.0773082,-0.363828,0.264882,1.21064e+06,0.0907039,0.00998785,-0.0260423,9.08142,-0.346329,train
95,0.0487432,0.227903,0.181632,7.18696,0.219318,1.78276e+06,1.5334,0.0131127,-0.117569,116.941,-2.64337,train
96,0.0385822,0.545716,0.10934,0.0232948,0.141723,6.35213e+06,0.573584,0.00809304,-0.137803,70.8737,-0.675997,train
97,0.0128193,0.353989,0.137979,0.902114,0.246889,371327,0.281221,0.0141259,-0.0353549,19.9082,-0.70972,train
98,0.0514553,0.468812,0.119277,6.76036,0.0611558,7.79968e+06,1.50819,0.00888816,-0.172187,169.685,-2.9009,train
99,0.0105273,0.264129,0.0795463,3.94041,0.093508,3.81686e+06,0.578283,0.00834398,-0.0261558,69.3054,-1.76106,train
100,0.0527369,0.552886,0.166077,7.62349,0.172439,1.39129e+06,1.78098,0.0137972,-0.21524,129.083,-3.02564,train
101,0.0270687,0.382512,0.140853,2.92361,0.096875,270915,0.711186,0.0155373,-0.0786659,45.7729,-1.11557,test
102,0.0400806,0.338905,0.138902,-2.56005,0.314119,1.0053e+06,0.200806,0.0116418,-0.0992732,17.2487,-1.0844,train
103,0.036298,0.583486,0.096268,-3.52247,0.304855,1.60965e+06,0.14039,0.00982455,-0.138333,14.2897,-1.30361,train
104,0.0356865,0.582867,0.0990922,7.8078,0.0971362,295789,1.46161,0.0154108,-0.145056,94.8432,-5.31581,train
105,0.022973,0.387565,0.0630464,-2.26714,0.426172,337033,0.01697,0.0124517,-0.065403,1.36287,-1.59667,test
106,0.0338809,0.421911,0.165541,-1.09855,0.130178,2.48562e+06,0.332321,0.0105058,-0.0966163,31.6322,-0.769081,train
107,0.0153763,0.274422,0.142699,6.22875,0.426988,399466,1.04414,0.014904,-0.0499864,70.0578,-2.37722,train
108,0.0426871,0.550936,0.168029,2.9551,0.35581,5.78364e+06,1.10288,0.00975229,-0.174293,113.09,-1.44397,train
109,0.0284992,0.225916,0.0908708,-0.908318,0.325868,5.19223e+06,0.221137,0.00795242,-0.0577179,27.8075,-0.785064,train
110,0.0415284,0.243725,0.138403,-3.85998,0.217484,2.31064e+06,0.019794,0.00997757,-0.0793184,1.98385,-1.89046,train
111,0.040176,0.359213,0.172548,-1.20763,0.156589,443345,0.383917,0.014751,-0.102053,26.0265,-0.89735,train
112,0.0499844,0.533833,0.146558,1.04792,0.0866961,359251,0.878275,0.0150717,-0.178054,58.2733,-1.03675,train
113,0.0442252,0.329789,0.154394,2.24314,0.447177,322391,0.935129,0.015756,-0.125728,59.3507,-1.44244,test
114,0.0216594,0.40208,0.11356,-1.64059,0.127527,692707,0.0825408,0.0118624,-0.0580173,6.95819,-0.678206,train
115,0.0254076,0.403807,0.131234,4.46885,0.307049,4.33296e+06,0.916326,0.00926906,-0.0826285,98.8585,-1.61043,test
116,0.00120539,0.55536,0.16419,4.52623,0.164957,4.67916e+06,0.587955,0.00952871,-0.0145444,61.7035,-1.54455,test
117,0.0378866,0.273228,0.104044,-0.787571,0.29483,1.67837e+06,0.360503,0.00995805,-0.0844222,36.2022,-0.751415,train
118,0.00694319,0.388239,0.155565,2.09719,0.0687938,445281,0.351497,0.0141699,-0.0233118,24.8059,-0.901346,train
119,0.015134,0.219382,0.153925,-0.617766,0.330446,434649,0.109881,0.0140938,-0.0291592,7.79644,-0.689412,train
120,0.0324294,0.327003,0.16144,0.732465,0.240864,4.83762e+06,0.519869,0.00937619,-0.0825857,55.4456,-1.01384,train
121,0.0160631,0.421463,0.196033,5.85629,0.386303,553232,1.0512,0.015806,-0.069012,66.5066,-2.10598,train
122,0.0410938,0.261119,0.0814797,7.66652,0.313103,206160,1.41867,0.0159762,-0.100526,88.7989,-4.30772,train
123,0.0494454,0.509261,0.175515,-2.85423,0.131768,6.274e+06,0.386855,0.00920552,-0.161333,42.0242,-0.843106,train
124,0.0381672,0.325194,0.106258,-3.0564,0.133999,8.26179e+06,0.0949919,0.00756302,-0.0879982,12.56,-1.57174,train
125,0.00355556,0.261533,0.0706598,-1.6597,0.397393,955217,-0.166111,0.0103235,-0.0066774,-16.0906,-0.831625,test
126,0.0567704,0.208374,0.0903887,-0.307951,0.31506,2.13725e+06,0.616269,0.00943777,-0.111313,65.2982,-1.17531,train
127,0.00525283,0.586613,0.178945,1.04274,0.352925,350842,0.232331,0.015605,-0.0247163,14.8882,-0.853721,train
128,0.0324736,0.409656,0.0731337,2.77996,0.138753,293060,0.729682,0.0134664,-0.0932851,54.1855,-1.07126,train
129,0.0174103,0.303423,0.0948213,-2.51096,0.278807,2.56017e+06,-0.0961781,0.00901726,-0.0386366,-10.666,-1.22657,train
130,0.0321629,0.265435,0.122193,3.8748,0.365263,440944,0.905482,0.0138142,-0.0802406,65.5473,-1.42436,train
131,0.0387142,0.455783,0.173145,-0.157873,0.404772,585775,0.582027,0.0141443,-0.130349,41.1492,-1.00755,train
132,0.0444414,0.599603,0.170446,-3.82814,0.220604,556142,0.262028,0.0139738,-0.170668,18.7513,-1.02575,train
133,0.0159313,0.212645,0.102071,2.82426,0.400234,1.19067e+06,0.558493,0.0106763,-0.0367261,52.3116,-1.04131,train
134,0.0237805,0.415397,0.198215,3.34454,0.111204,568110,0.766237,0.0153525,-0.0790846,49.9096,-1.3954,train
135,0.0180746,0.324206,0.147837,-2.88732,0.441227,5.12844e+06,-0.141546,0.00888422,-0.0423378,-15.9323,-1.17923,train
136,0.00612845,0.585203,0.146263,0.573856,0.420045,623575,0.185247,0.0129374,-0.0272577,14.3187,-0.682225,train
137,0.043657,0.531409,0.185507,4.65198,0.0651161,2.12614e+06,1.26197,0.0123159,-0.168173,102.467,-1.78208,train
138,0.0227063,0.586201,0.104742,-3.97344,0.445315,455708,-0.137541,0.0126682,-0.0904043,-10.8572,-1.64208,train
139,0.0486592,0.501174,0.10571,5.27815,0.265796,377090,1.34662,0.0145971,-0.173298,92.2528,-2.41942,train
140,0.042848,0.484182,0.168946,1.10004,0.3316,1.11064e+06,0.806166,0.0126343,-0.150156,63.8077,-1.14136,train
141,0.00668024,0.234935,0.116149,7.379,0.267846,202672,0.992845,0.0161613,-0.024872,61.4334,-3.60018,train
142,0.0257352,0.244202,0.123212,5.85257,0.279891,4.24336e+06,1.04261,0.00928584,-0.0644506,112.28,-2.01082,test
143,0.0588851,0.552386,0.185412,1.40328,0.165956,748375,1.12004,0.014641,-0.222652,76.5001,-1.35078,train
144,0.0591923,0.33555,0.126253,-1.00955,0.422149,908165,0.669474,0.0118525,-0.157282,56.4838,-1.10185,train
145,0.0556876,0.470044,0.149635,-3.67677,0.411942,1.61392e+06,0.36283,0.0109724,-0.182456,33.0674,-1.27343,train
146,0.0366828,0.347831,0.160098,0.643933,0.270809,2.24619e+06,0.575146,0.0107049,-0.0976082,53.7276,-1.04112,test
147,0.00295116,0.560622,0.168473,4.1793,0.168818,406715,0.57464,0.0150286,-0.0207568,38.2365,-1.44477,train
148,0.0490645,0.545985,0.158656,3.15515,0.490018,212703,1.30737,0.0181551,-0.211038,72.0112,-1.59514,test
149,0.0173811,0.357758,0.129239,6.90476,0.186128,5.86143e+06,1.06886,0.00892959,-0.0571919,119.699,-2.80329,train
150,0.0302371,0.237807,0.171714,6.78812,0.387251,3.7865e+06,1.3154,0.0108636,-0.0836309,121.084,-2.38188,train
151,0.0288925,0.360724,0.0803639,4.29679,0.15977,207261,0.85595,0.0148345,-0.0789374,57.7001,-1.86669,train
152,0.0589186,0.298367,0.116692,5.9753,0.441697,2.80145e+06,1.57369,0.0106169,-0.161188,148.226,-2.15599,train
153,0.0443174,0.468846,0.11642,7.29132,0.322973,8.28245e+06,1.5517,0.00881538,-0.158315,176.022,-3.58492,train
154,0.0399296,0.517128,0.16411,6.20276,0.149224,3.92279e+06,1.37732,0.0107101,-0.153752,128.6,-2.26848,train
155,0.0286074,0.486071,0.126692,-2.67077,0.299007,1.01059e+06,0.082288,0.0113277,-0.0916858,7.26434,-0.950466,test
156,0.0132794,0.480832,0.130833,-0.806523,0.337929,2.71053e+06,0.0941324,0.00956115,-0.0436368,9.8453,-0.525287,train
157,0.0411402,0.362911,0.175056,-2.46506,0.340683,246421,0.251907,0.016633,-0.107375,15.145,-0.950597,train
158,0.0336341,0.433662,0.0954673,-0.293506,0.3252,815687,0.422925,0.0112304,-0.102791,37.659,-0.611509,test
159,0.0233486,0.282723,0.103817,-3.08404,0.103413,594026,-0.0946462,0.0119988,-0.0478625,-7.88798,-1.51229,train
160,0.0185835,0.594952,0.0632708,3.11215,0.453019,3.38387e+06,0.711488,0.00835176,-0.0817863,85.1902,-2.28789,train
161,0.0561029,0.378923,0.161642,-0.0653881,0.133639,3.20596e+06,0.739079,0.0102234,-0.150947,72.2927,-1.15675,train
162,0.0537486,0.409941,0.152698,-2.44293,0.49169,1.27754e+06,0.481396,0.0115925,-0.167877,41.5264,-0.983228,train
163,0.0470084,0.273052,0.189725,-1.27724,0.400843,2.27688e+06,0.47519,0.011375,-0.106662,41.775,-1.20453,train
164,0.0292075,0.400699,0.0883099,7.24582,0.127746,2.04053e+06,1.2179,0.010093,-0.0890736,120.669,-4.54532,train
165,0.0339726,0.290234,0.0843826,1.10579,0.449339,5.23711e+06,0.579349,0.0079817,-0.0860562,72.5846,-0.868458,test
166,0.0196161,0.357482,0.165153,-0.495045,0.403025,2.98285e+06,0.213606,0.0101293,-0.0540032,21.088,-0.759785,train
167,0.0103506,0.445594,0.195593,7.83472,0.382239,4.99706e+06,1.23395,0.0108622,-0.0579265,113.6,-2.84333,test
168,0.00361655,0.582451,0.129582,7.36121,0.256823,3.20348e+06,0.976305,0.00979012,-0.0265385,99.7235,-3.38783,test
169,0.0250406,0.542118,0.0792398,-0.166572,0.379846,1.32261e+06,0.363279,0.00993482,-0.0939613,36.5662,-0.46025,train
170,0.0304795,0.248491,0.141752,3.07617,0.283186,2.43805e+06,0.768971,0.0103045,-0.0711239,74.6247,-1.34493,train
171,0.0242309,0.489226,0.0954457,3.91932,0.105201,3.23583e+06,0.795228,0.00899213,-0.0826348,88.436,-1.67563,train
172,0.041428,0.54952,0.0733878,4.77155,0.259114,2.42036e+06,1.17767,0.00947925,-0.155498,124.236,-3.4071,train
173,0.0561712,0.358429,0.185621,5.49653,0.411559,6.73981e+06,1.57765,0.0106173,-0.177213,148.593,-2.23997,train
174,0.011802,0.594632,0.19217,-2.23045,0.257844,1.22739e+06,-0.0867998,0.0126269,-0.0423993,-6.87422,-0.945638,train
175,0.0463584,0.239251,0.132983,2.74025,0.237207,2.06488e+06,0.899917,0.0105564,-0.100657,85.2487,-1.51199,test
176,0.0283754,0.289328,0.0712242,5.51656,0.0832729,3.57353e+06,0.958558,0.00859683,-0.0684523,111.501,-3.00392,train
177,0.0324885,0.532434,0.128873,-3.82359,0.48454,414659,0.0181847,0.013504,-0.121774,1.34662,-1.42842,test
178,0.0148325,0.27017,0.146293,0.639606,0.338521,4.25941e+06,0.274281,0.0091664,-0.0351498,29.9224,-0.7867,train
179,0.00717438,0.413258,0.127357,-0.770895,0.154804,3.8978e+06,0.00129569,0.00891563,-0.0193335,0.145328,-0.516423,train
180,0.0308708,0.398677,0.0653476,-2.95969,0.294482,284589,0.0356254,0.0129441,-0.0847441,2.75226,-2.17067,train
181,0.00283678,0.461061,0.0690506,-2.18695,0.40425,534253,-0.235833,0.0115237,-0.00744786,-20.465,-1.10678,train
182,0.0544054,0.399078,0.155254,-3.12146,0.133037,1.00143e+06,0.342094,0.0121109,-0.144824,28.2469,-1.09656,train
183,0.0547149,0.338579,0.159831,4.02814,0.126315,1.27048e+06,1.20669,0.0126386,-0.146355,95.4763,-1.70381,train
184,0.0595588,0.280975,0.128578,5.7931,0.129181,376391,1.41768,0.0154193,-0.143355,91.9418,-2.04505,train
185,0.0260715,0.464534,0.0719944,4.9435,0.0882303,1.5593e+06,0.911888,0.00991123,-0.0839944,92.0056,-3.1893,train
186,0.0117145,0.21759,0.139043,-2.96332,0.346958,1.64923e+06,-0.23906,0.0106452,-0.0182135,-22.4571,-1.1909,train
187,0.0225497,0.561376,0.169823,7.2566,0.415258,260446,1.38032,0.018034,-0.111095,76.54,-2.93752,test
188,0.0204611,0.480488,0.148838,1.72864,0.187795,381825,0.512941,0.0145232,-0.0703762,35.3186,-0.908278,train
189,0.00102786,0.446115,0.0937558,0.395845,0.212795,1.34163e+06,0.0614126,0.0100984,-0.00357358,6.0814,-0.388019,train
190,0.0133874,0.346407,0.0976995,5.54433,0.263609,6.06184e+06,0.844092,0.00816043,-0.0414739,103.437,-2.67757,test
191,0.0107103,0.413342,0.193748,4.69113,0.235739,6.80408e+06,0.766213,0.009744,-0.0451203,78.6343,-1.64368,train
192,0.0117622,0.476802,0.177924,3.22707,0.23698,1.14078e+06,0.593187,0.0126156,-0.0471849,47.02,-1.26255,train
193,0.0422528,0.310419,0.173638,-0.114481,0.0962209,900219,0.528048,0.0129977,-0.0990135,40.6262,-1.08305,train
194,0.0426159,0.587876,0.182176,0.349064,0.240901,823648,0.767387,0.0137343,-0.17245,55.8737,-1.06247,train
195,0.0495218,0.330197,0.109845,3.99321,0.336589,758077,1.13825,0.0124728,-0.133718,91.2584,-1.4794,train
196,0.0586005,0.522386,0.0642424,4.46291,0.331417,697816,1.38411,0.0120537,-0.211535,114.828,-3.53545,train
197,0.0296298,0.238766,0.118694,4.49843,0.0911332,5.64253e+06,0.883371,0.00862445,-0.0667506,102.426,-1.44857,test
198,0.0530967,0.421265,0.198255,0.53144,0.139771,270260,0.827922,0.0179204,-0.1579,46.2,-1.29443,train
199,0.0461989,0.48356,0.0828114,7.44679,0.0541709,1.45068e+06,1.47908,0.0110359,-0.154418,134.024,-5.49992,train
200,0.0294305,0.226918,0.125234,3.74871,0.193305,302463,0.805742,0.0148462,-0.0647623,54.2728,-1.38035,train
201,0.00569431,0.479038,0.19162,1.59021,0.11415,2.86001e+06,0.287904,0.0108895,-0.0229409,26.4388,-0.935358,train
202,0.038977,0.258349,0.189326,5.51022,0.300621,474379,1.24249,0.0164113,-0.101695,75.7094,-2.12841,train
203,0.000526744,0.552781,0.16495,4.96502,0.176071,237998,0.633768,0.0167019,-0.0130563,37.9459,-1.69214,train
204,0.0023084,0.366859,0.156648,4.40061,0.168553,1.85086e+06,0.580897,0.0110006,-0.0153569,52.8062,-1.50729,train
205,0.0291664,0.547015,0.0818643,-3.19863,0.255138,4.84507e+06,0.0455747,0.00789114,-0.102323,5.77542,-1.41467,train
206,0.00354623,0.472673,0.160999,2.50862,0.257203,2.65826e+06,0.373893,0.0102968,-0.017238,36.3115,-1.02005,test
207,0.0343265,0.216225,0.0812206,1.06201,0.304717,493003,0.522559,0.0121253,-0.0698542,43.0965,-0.912601,train
208,0.0388496,0.28629,0.192343,1.21956,0.379366,535790,0.706613,0.0152192,-0.0969194,46.4291,-1.40674,train
209,0.00093285,0.561747,0.109499,0.799269,0.336831,1.77002e+06,0.115937,0.00989574,-0.00474385,11.7159,-0.526572,train
210,0.00449629,0.329124,0.10361,5.75385,0.421952,1.89401e+06,0.81023,0.0100419,-0.0199162,80.6847,-3.00783,train
211,0.0370159,0.412436,0.0739544,7.88616,0.128053,988718,1.37655,0.0114732,-0.11186,119.98,-6.83844,train
212,0.0501984,0.36519,0.125355,-3.4947,0.448404,5.92489e+06,0.234465,0.00830578,-0.138459,28.2292,-1.70518,train
213,0.0112524,0.214781,0.159869,2.28122,0.200895,1.873e+06,0.425014,0.0109526,-0.0265313,38.8049,-1.04349,train
214,0.0177165,0.48053,0.0850458,1.89135,0.204071,6.19242e+06,0.467693,0.00771892,-0.0587829,60.5905,-0.771925,test
215,0.0525647,0.506547,0.111105,7.74846,0.0943514,307610,1.65796,0.0161449,-0.187352,102.693,-4.13577,train
216,0.0293187,0.265886,0.179357,5.77185,0.413353,2.33774e+06,1.19589,0.0118266,-0.0850032,101.118,-2.11291,train
217,0.015499,0.385453,0.0616401,0.856429,0.326897,4.06207e+06,0.300328,0.00787591,-0.0439912,38.1324,-0.431459,train
218,0.0378357,0.423198,0.113861,-0.409127,0.119988,9.26126e+06,0.447872,0.00761876,-0.108534,58.7853,-0.687506,train
219,0.0273382,0.483823,0.174317,7.5086,0.0932247,333487,1.33907,0.0172174,-0.108182,77.7739,-2.67737,test
220,0.0182442,0.556857,0.180164,2.24769,0.305442,2.21698e+06,0.601047,0.0112542,-0.0770503,53.4062,-1.14923,train
221,0.0237136,0.22311,0.0996747,-3.18525,0.109614,485062,-0.112275,0.0123906,-0.042511,-9.06126,-1.83157,train
222,0.0575323,0.319521,0.135454,-3.21982,0.158249,207318,0.319765,0.0158678,-0.132026,20.1519,-1.50693,train
223,0.0261286,0.214517,0.142015,2.1806,0.114377,914963,0.575082,0.0121319,-0.0536434,47.4026,-1.15527,train
224,0.0559729,0.508814,0.108271,2.46966,0.241172,1.34856e+06,1.10925,0.0111279,-0.194822,99.6823,-1.12854,train
225,0.0588239,0.532649,0.172812,4.1855,0.442876,1.48596e+06,1.58008,0.0133728,-0.244076,118.156,-1.91125,train
226,0.0485142,0.531801,0.185122,2.83538,0.356306,1.09876e+06,1.18423,0.0137234,-0.192467,86.2928,-1.54141,train
227,0.0201641,0.526989,0.191218,0.789558,0.463864,4.03764e+06,0.467189,0.0103364,-0.0828233,45.1984,-1.04128,train
228,0.020055,0.206816,0.146507,-1.79562,0.0565734,462814,0.0146392,0.0136931,-0.0336883,1.06909,-0.78624,train
229,0.00541028,0.478602,0.103154,7.9042,0.113826,509376,1.0128,0.013102,-0.0269707,77.3009,-4.82168,train
230,0.020476,0.500195,0.108777,-1.81533,0.410665,3.48324e+06,0.0768067,0.00877282,-0.0708202,8.75507,-0.727162,test
231,0.0599288,0.547957,0.154358,-3.35118,0.285296,975309,0.521537,0.0122596,-0.215677,42.5412,-0.912198,train
232,0.0590608,0.28709,0.100205,2.91755,0.130279,5.02804e+06,1.03756,0.00863436,-0.136117,120.167,-1.44434,train
233,0.0504494,0.307752,0.0685729,2.35307,0.117243,383377,0.849568,0.0127859,-0.118845,66.4457,-1.05549,train
234,0.0207693,0.452235,0.0705311,2.71087,0.34966,1.86557e+06,0.618048,0.00932527,-0.0683951,66.2767,-1.2988,train
235,0.0522801,0.463642,0.10097,-2.42533,0.0878599,458562,0.410277,0.0126763,-0.156482,32.3657,-0.949809,train
236,0.0470285,0.398424,0.0960378,0.838878,0.376571,389962,0.74237,0.0132679,-0.139468,55.9524,-0.916884,train
237,0.0191733,0.495446,0.197255,-2.73527,0.225337,2.36061e+06,-0.0583892,0.0113697,-0.0579042,-5.13553,-1.02458,train
238,0.056456,0.26922,0.169532,0.251672,0.144147,1.89049e+06,0.738002,0.0114148,-0.122387,64.6532,-1.38175,train
239,0.0206397,0.431853,0.105282,3.65893,0.349332,320195,0.75005,0.0140554,-0.0692024,53.3637,-1.44988,train
240,0.00169479,0.56275,0.157497,-1.51013,0.322754,439212,-0.168883,0.0141873,-0.00334619,-11.9038,-0.795025,train
241,0.0480193,0.37688,0.0612702,-1.72795,0.429157,1.15366e+06,0.410431,0.00988039,-0.136082,41.5399,-1.56368,train
242,0.00744561,0.487462,0.186801,4.82829,0.354635,5.87118e+06,0.769185,0.00981408,-0.0397028,78.3757,-1.74052,train
243,0.0282382,0.490658,0.139672,0.943752,0.351543,8.60558e+06,0.553007,0.00816101,-0.100068,67.762,-0.857364,train
244,0.0156476,0.597728,0.112028,-1.33351,0.263529,7.04792e+06,0.0897006,0.00784564,-0.0612143,11.4332,-0.530844,test
245,0.0013663,0.575154,0.194243,5.86998,0.382484,4.00806e+06,0.828753,0.0107183,-0.023041,77.3213,-2.07739,test
246,0.0309698,0.354753,0.078683,-1.5865,0.14195,451079,0.185642,0.01211,-0.077016,15.3297,-0.90464,train
247,0.047592,0.266784,0.0981109,6.20688,0.0759344,6.48312e+06,1.27675,0.00850314,-0.110488,150.15,-2.03021,test
248,0.0342516,0.512316,0.0855128,0.4283,0.250003,1.03955e+06,0.539912,0.0106061,-0.117514,50.9059,-0.602735,test
249,0.0132368,0.518593,0.179864,-3.2987,0.362587,746883,-0.227373,0.0134815,-0.0404691,-16.8656,-1.19989,train
250,0.019257,0.309648,0.0620232,-0.522345,0.267916,8.33001e+06,0.163735,0.00697089,-0.0456774,23.4884,-0.446394,train
251,0.00031982,0.249341,0.060925,0.0513376,0.405798,2.73718e+06,0.0102409,0.00837226,-0.000757318,1.22319,-0.237632,test
252,0.00399829,0.411544,0.146045,3.6965,0.128494,732057,0.509897,0.0127084,-0.0185041,40.1228,-1.2839,test
253,0.0348049,0.276054,0.135643,2.85623,0.40833,667463,0.83728,0.012993,-0.0886522,64.441,-1.36287,train
254,0.0504654,0.43617,0.106022,6.13839,0.0723196,1.03314e+06,1.38651,0.0120894,-0.157529,114.688,-2.63188,train
255,0.00439329,0.212297,0.16668,0.923483,0.303915,4.73594e+06,0.175917,0.00938578,-0.010745,18.7429,-0.789027,train
256,0.0548694,0.235194,0.101041,-1.60077,0.273382,617820,0.443927,0.01198,-0.111041,37.0556,-1.55135,train
257,0.00424944,0.59587,0.113824,1.1869,0.435041,3.11275e+06,0.231576,0.00905575,-0.0201734,25.5723,-0.666947,train
258,0.0216478,0.460503,0.163093,7.77501,0.387653,618585,1.37281,0.0149236,-0.0921735,91.9895,-3.10221,train
259,0.027547,0.403335,0.126775,1.23876,0.323836,1.51718e+06,0.53698,0.0106913,-0.0831235,50.2259,-0.846811,train
260,0.0180864,0.436497,0.121289,-2.35816,0.131473,630887,-0.0428319,0.0122544,-0.05012,-3.49522,-0.87384,train
261,0.00351625,0.310262,0.177658,7.86688,0.239403,2.58839e+06,1.05825,0.0113722,-0.0281752,93.0558,-2.82001,train
262,0.00778017,0.523267,0.0639513,4.36713,0.185529,3.47019e+06,0.618448,0.00826612,-0.0298167,74.8172,-3.30079,train
263,0.0501047,0.479761,0.0708522,-1.76637,0.339643,4.80587e+06,0.481398,0.00785139,-0.163151,61.3137,-0.858894,train
264,0.0317048,0.510201,0.108578,-3.59598,0.273625,4.48153e+06,0.0194494,0.00839929,-0.104328,2.3156,-1.38948,train
265,0.0365953,0.450137,0.0967651,6.62346,0.278014,231778,1.30794,0.015773,-0.122927,82.9227,-3.65852,train
266,0.0110992,0.241547,0.163764,-3.00707,0.317856,544955,-0.251133,0.0138146,-0.0166339,-18.1789,-1.14322,train
267,0.0248773,0.573953,0.159131,5.94872,0.30564,5.96622e+06,1.18398,0.00961055,-0.112738,123.196,-2.31126,test
268,0.0464705,0.576097,0.0823693,0.229479,0.391138,424008,0.774121,0.01276,-0.186179,60.6678,-0.715195,train
269,0.00723078,0.523755,0.167564,-1.96286,0.0699676,1.70566e+06,-0.134717,0.0112212,-0.0208332,-12.0056,-0.836572,train
270,0.0545903,0.500725,0.123576,-0.0213528,0.215895,6.39014e+06,0.786048,0.00844956,-0.183152,93.0282,-0.916595,test
271,0.0329404,0.210726,0.148235,-2.73214,0.124039,373733,0.0514157,0.0143433,-0.0567505,3.58465,-1.20917,train
272,0.046475,0.287208,0.160701,7.54596,0.294113,1.40548e+06,1.5735,0.0131306,-0.12792,119.835,-2.50166,train
273,0.0276801,0.345723,0.111455,-0.0853159,0.345671,226405,0.350516,0.0148842,-0.0733719,23.5495,-0.676145,train
274,0.0509397,0.514842,0.145081,-0.66717,0.265474,9.19534e+06,0.688206,0.00824529,-0.177385,83.4666,-0.904424,train
275,0.0543705,0.371262,0.173096,7.79048,0.151278,702644,1.70577,0.0157193,-0.167502,108.515,-2.58008,train
276,0.0183914,0.495031,0.10544,7.24498,0.0900902,897550,1.11487,0.0119454,-0.0694201,93.3302,-3.97559,test
277,0.047838,0.326471,0.0738126,7.85932,0.16108,4.02575e+06,1.4762,0.00907059,-0.124526,162.746,-5.56458,test
278,0.0537595,0.472837,0.164672,0.713822,0.391407,5.21611e+06,0.932229,0.00965524,-0.186953,96.5516,-1.23308,train
279,0.018763,0.483465,0.112208,4.10105,0.453957,1.50771e+06,0.838417,0.0106617,-0.0736081,78.6381,-1.77461,train
280,0.0331651,0.444629,0.13469,0.982915,0.219072,242081,0.584068,0.0155558,-0.103694,37.5465,-0.861693,train
281,0.0528257,0.557536,0.180931,3.24203,0.0627031,2.15058e+06,1.24315,0.012124,-0.204717,102.536,-1.53774,test
282,0.0553568,0.411476,0.111218,4.0403,0.188305,645202,1.21247,0.013023,-0.164674,93.1019,-1.39444,test
283,0.0231148,0.300916,0.188551,0.0891988,0.482199,1.42888e+06,0.354105,0.0122556,-0.0608501,28.8933,-1.04895,train
284,0.0461504,0.384217,0.109914,-3.40401,0.232392,1.1744e+06,0.178641,0.0106828,-0.121358,16.7223,-1.62126,train
285,0.0562904,0.531931,0.157785,-0.446524,0.271354,2.04627e+06,0.82277,0.0110486,-0.203437,74.4685,-1.02996,train
286,0.0373244,0.590735,0.116316,7.19325,0.0788055,960981,1.43846,0.0125937,-0.155044,114.22,-3.84251,train
287,0.00341728,0.433377,0.0917047,4.96407,0.383725,497058,0.67806,0.0124767,-0.016565,54.3462,-2.70989,train
288,0.0540632,0.222257,0.130199,4.34825,0.259364,2.94813e+06,1.18957,0.0102044,-0.11607,116.574,-1.97757,train
289,0.0178844,0.275161,0.118001,-3.24901,0.383869,6.05264e+06,-0.193839,0.00815103,-0.037018,-23.7809,-1.48095,train
290,0.00388242,0.367894,0.154514,7.5893,0.385518,2.77081e+06,1.06461,0.0106754,-0.0276982,99.7252,-3.11845,train
291,0.0445984,0.256394,0.144787,3.41098,0.268934,213680,0.986875,0.0169058,-0.103564,58.375,-1.61171,train
292,0.0048435,0.238919,0.162231,3.16464,0.23057,284024,0.463069,0.0158292,-0.0169881,29.2541,-1.17161,train
293,0.00232877,0.555585,0.0856446,2.08138,0.42969,1.51997e+06,0.306894,0.00977834,-0.011537,31.3851,-0.927719,train
294,0.0109477,0.234033,0.124957,4.13994,0.136202,1.77122e+06,0.630856,0.0104271,-0.0285383,60.5018,-1.39834,train
295,0.0309878,0.592209,0.0746743,5.38996,0.133136,971621,1.09618,0.0110953,-0.123658,98.7972,-4.17164,train
296,0.0399215,0.444052,0.136264,5.29876,0.156491,969197,1.19792,0.0126326,-0.13146,94.8275,-1.88911,test
297,0.00988256,0.214312,0.166296,4.56807,0.228353,295338,0.704217,0.0161103,-0.0296241,43.7123,-1.56452,test
298,0.0231961,0.32942,0.0787969,3.68022,0.0641256,8.12143e+06,0.699656,0.00741725,-0.0594513,94.3283,-1.44558,train
299,0.0357011,0.272979,0.0913474,-1.12855,0.233303,4.13627e+06,0.281942,0.00828462,-0.0777633,34.0319,-0.844506,train
300,0.0275638,0.228655,0.149111,-3.09001,0.495366,314705,-0.0604947,0.0148795,-0.0551471,-4.06564,-1.44052,train
301,0.046079,0.537237,0.17707,3.84895,0.186552,6.519e+06,1.21307,0.00990285,-0.177825,122.497,-1.60922,train
302,0.0557348,0.343309,0.145774,2.5334,0.470554,801494,1.1499,0.0132674,-0.163457,86.671,-1.61466,test
303,0.0276102,0.336404,0.0929405,-0.372277,0.0698135,3.3416e+06,0.286091,0.00861803,-0.067064,33.1968,-0.547279,train
304,0.0474303,0.287727,0.180082,-2.7259,0.199395,279918,0.263597,0.0163999,-0.10083,16.0731,-1.04515,test
305,0.0070178,0.40405,0.0732914,0.679293,0.0980293,849543,0.165908,0.0106045,-0.0199088,15.645,-0.383344,train
306,0.0317963,0.243515,0.0990337,1.32224,0.345806,1.26332e+06,0.549248,0.0104947,-0.0703975,52.3355,-0.949983,train
307,0.0456665,0.514217,0.120946,1.14123,0.398568,608153,0.860965,0.0128807,-0.169358,66.8415,-0.979691,train
308,0.0403231,0.327458,0.167968,2.92707,0.410516,8.42279e+06,0.966764,0.00902446,-0.115041,107.127,-1.53161,train
309,0.0403743,0.269393,0.157843,3.2722,0.356542,4.21031e+06,0.961157,0.00989014,-0.100397,97.1834,-1.60171,test
310,0.0115018,0.516016,0.181919,3.33063,0.456555,3.11183e+06,0.667498,0.010705,-0.0541698,62.3539,-1.42225,test
311,0.0407,0.451797,0.145494,2.9653,0.154814,580470,0.935284,0.0137565,-0.131595,67.9887,-1.23562,train
312,0.00745153,0.350806,0.165395,-0.950306,0.142308,389503,-0.0210323,0.0147621,-0.0170232,-1.42475,-0.658637,train
313,0.0524611,0.218094,0.097782,-3.85364,0.0892549,304878,0.126549,0.0135557,-0.0963538,9.3355,-3.54214,train
314,0.0248697,0.269028,0.168112,5.56009,0.436589,542366,1.10944,0.0149379,-0.0739331,74.27,-2.01383,train
315,0.0485763,0.559514,0.0647586,2.00608,0.180784,372279,0.93581,0.0128854,-0.177328,72.6254,-1.13846,test
316,0.0204184,0.34654,0.0862406,5.73853,0.174607,7.71502e+06,0.926748,0.00774506,-0.0578074,119.657,-3.05158,train
317,0.0198931,0.558047,0.1733,0.290817,0.0908922,6.96087e+06,0.352807,0.00898965,-0.0747774,39.2459,-0.789502,train
318,0.0452814,0.201807,0.183977,3.89991,0.351306,1.42384e+06,1.11121,0.0129276,-0.0982792,85.9564,-2.10481,test
319,0.0146069,0.36745,0.110006,7.87844,0.300208,3.48454e+06,1.16932,0.00951058,-0.0512028,122.95,-4.29336,test
320,0.0551202,0.260606,0.195488,3.74164,0.463022,1.08139e+06,1.32314,0.0143984,-0.142767,91.8951,-2.2502,train
321,0.0352311,0.238462,0.0728704,2.27478,0.191462,736201,0.660321,0.011155,-0.0740567,59.1948,-0.982726,train
322,0.0583329,0.431243,0.144125,5.60077,0.427416,272342,1.62314,0.0175623,-0.202949,92.422,-2.10382,train
323,0.0257829,0.302256,0.176826,-1.10075,0.440046,954769,0.213226,0.0127728,-0.063115,16.6938,-0.86127,train
324,0.00783685,0.445001,0.162625,0.889168,0.270528,2.62454e+06,0.228556,0.010303,-0.0266793,22.1836,-0.759791,train
325,0.0471804,0.284289,0.108653,-1.99339,0.058956,1.15664e+06,0.31443,0.0107303,-0.101399,29.3029,-1.20949,train
326,0.0477206,0.546832,0.165696,-0.630763,0.0682117,7.5846e+06,0.660051,0.00887349,-0.170975,74.3846,-0.91187,train
327,0.0110139,0.551913,0.13747,-1.27196,0.434675,235724,0.0142442,0.0154149,-0.0418325,0.924055,-0.662976,train
328,0.0194713,0.240663,0.0707594,1.24215,0.214151,7.09279e+06,0.36465,0.00731698,-0.0412322,49.8361,-0.615882,train
329,0.0217963,0.467904,0.0790199,2.88697,0.280854,2.09637e+06,0.647443,0.00929648,-0.0724909,69.6439,-1.28324,train
330,0.0593723,0.502669,0.0768963,-0.350868,0.0947052,650830,0.762615,0.0116041,-0.191909,65.7194,-0.762879,train
331,0.0323657,0.564576,0.117458,7.66057,0.0745172,9.82913e+06,1.40274,0.00839436,-0.131041,167.105,-4.05663,train
332,0.0534832,0.431599,0.120614,0.781104,0.458063,1.16945e+06,0.899493,0.0114195,-0.176383,78.7684,-1.11237,train
333,0.019955,0.562151,0.12394,2.99837,0.100991,3.13122e+06,0.666801,0.00943997,-0.078385,70.6359,-1.16557,train
334,0.0129416,0.562167,0.1595,3.80328,0.222531,472313,0.690204,0.0144227,-0.057707,47.8553,-1.40198,train
335,0.0140885,0.289021,0.118449,5.94138,0.371173,333030,0.945175,0.0145704,-0.0435861,64.8694,-2.48338,train
336,0.051651,0.246169,0.139355,4.31276,0.417899,859629,1.24888,0.0130914,-0.125153,95.397,-1.99923,train
337,0.0245362,0.382315,0.116261,-1.07067,0.194128,408908,0.186029,0.0132414,-0.0651577,14.049,-0.536612,train
338,0.00575669,0.554392,0.155151,3.23055,0.189667,8.30436e+06,0.496211,0.00844878,-0.0282083,58.7317,-1.18763,train
339,0.0472037,0.337441,0.10745,-2.25537,0.264835,2.45624e+06,0.313766,0.00934867,-0.116346,33.5626,-1.20506,train
340,0.0106622,0.596485,0.145692,0.215477,0.0996146,247680,0.199895,0.0155535,-0.0425878,12.8521,-0.605941,train
341,0.0182874,0.52146,0.116901,1.60933,0.204756,1.75416e+06,0.465985,0.0101749,-0.0661144,45.7977,-0.768992,train
342,0.0437489,0.473986,0.167027,5.40419,0.244233,509966,1.33796,0.0155534,-0.157665,86.0236,-1.95557,test
343,0.014269,0.339375,0.1336,1.71778,0.287799,559473,0.403743,0.0129749,-0.0399555,31.1172,-0.837523,train
344,0.0342135,0.259109,0.109778,2.80376,0.472768,1.60818e+06,0.826634,0.0104778,-0.0859372,78.8937,-1.29807,train
345,0.0261679,0.35224,0.10768,2.22534,0.208384,3.63555e+06,0.598341,0.00887442,-0.0705859,67.423,-0.882467,train
346,0.0119843,0.462842,0.107952,4.65765,0.297612,5.27118e+06,0.748107,0.00843829,-0.0450297,88.6562,-2.01249,train
347,0.0443744,0.356544,0.0845676,-3.07945,0.347746,1.49575e+06,0.182336,0.00975197,-0.115602,18.6973,-2.11386,train
348,0.0397649,0.250655,0.0958869,2.22295,0.166705,4.32393e+06,0.721095,0.00850989,-0.0857413,84.7361,-1.11745,test
349,0.0390175,0.259366,0.0842768,-2.62574,0.187342,418418,0.132479,0.0124059,-0.0804248,10.6787,-2.1093,train
350,0.049697,0.501646,0.192662,-0.903924,0.192791,264644,0.649185,0.017472,-0.167482,37.1558,-1.03901,test
351,0.0360244,0.383487,0.123238,3.77336,0.14954,916778,0.922765,0.0120393,-0.104029,76.6463,-1.28392,train
352,0.0349019,0.577094,0.191347,-0.821153,0.0551413,5.38938e+06,0.46959,0.00985139,-0.13219,47.6674,-0.863464,test
353,0.0558689,0.248178,0.168263,4.97906,0.367235,554820,1.39765,0.0154776,-0.136101,90.3016,-2.29218,train
354,0.0382225,0.49668,0.0686364,-2.2099,0.269873,708568,0.264525,0.0109119,-0.124663,24.242,-1.07841,test
355,0.0346097,0.265613,0.0655569,6.94274,0.0762257,364711,1.17983,0.013339,-0.0799424,88.4493,-4.92092,train
356,0.0298971,0.277765,0.114352,-3.28536,0.110536,6.6846e+06,-0.0424907,0.00794602,-0.0610195,-5.34742,-1.59957,train
357,0.0288314,0.259855,0.127068,2.34293,0.285519,6.36313e+06,0.64916,0.00841659,-0.0672269,77.1287,-1.12399,train
358,0.0568503,0.345906,0.175362,6.82029,0.166267,8.53918e+06,1.6125,0.0100258,-0.164756,160.835,-2.30405,train
359,0.0408243,0.485932,0.0925598,0.25789,0.163683,878886,0.589949,0.0111245,-0.131387,53.0316,-0.674925,train
360,0.0030081,0.494787,0.0829998,3.18529,0.22167,3.06585e+06,0.422645,0.0086384,-0.0130883,48.9263,-1.47142,train
361,0.057584,0.498126,0.111897,4.22313,0.317593,266564,1.3721,0.0159088,-0.205079,86.2476,-1.72468,test
362,0.0403286,0.249999,0.141364,4.23543,0.189013,2.99845e+06,1.01323,0.0101823,-0.0928227,99.509,-1.64668,train
363,0.0247153,0.453633,0.189287,-1.57103,0.464697,7.83847e+06,0.180027,0.00911242,-0.0816401,19.7563,-0.828473,train
364,0.0308311,0.45041,0.0837087,3.45757,0.193634,672532,0.817753,0.0117344,-0.0973424,69.6884,-1.46782,train
365,0.00161248,0.40941,0.124866,-2.38382,0.150744,598956,-0.269152,0.0125174,-0.000845107,-21.5023,-0.892222,train
366,0.0189467,0.599324,0.187317,-0.877838,0.232235,278919,0.214288,0.0166795,-0.0757186,12.8474,-0.717499,train
367,0.0479487,0.593974,0.0873123,-2.92327,0.273716,209713,0.39941,0.0144934,-0.185591,27.558,-0.948915,test
368,0.00240041,0.374399,0.122791,-3.42007,0.428474,1.20684e+06,-0.421414,0.0109894,-0.00126755,-38.3475,-1.36957,train
369,0.0367985,0.44073,0.0802974,3.46185,0.353944,203149,0.933096,0.0150137,-0.118937,62.1498,-1.52806,train
370,0.0499336,0.355332,0.107579,-0.955552,0.370015,401787,0.536284,0.0132692,-0.134262,40.4159,-0.858801,train
371,0.0466877,0.359704,0.0715657,5.38008,0.0950185,3.70157e+06,1.17692,0.00877735,-0.124266,134.086,-2.78545,test
372,0.0411703,0.589511,0.113424,-0.205322,0.0975063,3.90857e+06,0.615592,0.00887217,-0.157756,69.3846,-0.68708,train
373,0.0511617,0.500437,0.148073,-0.884285,0.344787,268508,0.672628,0.0157513,-0.178077,42.7029,-0.928774,train
374,0.0506167,0.417539,0.137907,0.061498,0.329953,2.49856e+06,0.720284,0.0101374,-0.152972,71.0521,-1.02103,train
375,0.0152101,0.566869,0.177881,4.22579,0.442016,1.10851e+06,0.861716,0.0129727,-0.0756316,66.4254,-1.68876,test
376,0.0295348,0.539113,0.144418,-3.34797,0.245197,851450,0.0363886,0.0121191,-0.101241,3.00259,-1.07059,train
377,0.0281075,0.223474,0.15904,2.38242,0.109081,3.80083e+06,0.634477,0.00979069,-0.059461,64.8041,-1.27184,train
378,0.00366105,0.447175,0.0836131,-1.06421,0.242982,7.29294e+06,-0.0792165,0.00740047,-0.0101093,-10.7042,-0.493772,train
379,0.0138405,0.346189,0.15491,3.43307,0.0594843,1.98261e+06,0.601572,0.0108413,-0.0420366,55.4887,-1.20945,train
380,0.00811189,0.333132,0.0607647,-0.758378,0.484917,7.62423e+06,0.00710322,0.00704424,-0.0217188,1.00837,-0.474774,test
381,0.0128342,0.381615,0.154056,-3.02058,0.458677,2.20395e+06,-0.228282,0.0104271,-0.032044,-21.8931,-1.19923,train
382,0.0391465,0.527217,0.166592,0.0312943,0.436244,1.12782e+06,0.664152,0.0123803,-0.152103,53.6458,-0.999838,train
383,0.0313685,0.514804,0.0613356,-1.71798,0.368615,7.87398e+06,0.243842,0.00703974,-0.10949,34.638,-0.828266,test
384,0.0210019,0.558936,0.0817523,-0.541458,0.136775,794538,0.244132,0.010928,-0.0754931,22.3402,-0.372895,train
385,0.0354557,0.37792,0.065643,5.23272,0.2505,9.45825e+06,1.05687,0.00732384,-0.100389,144.305,-3.44282,train
386,0.0407869,0.202294,0.193947,1.64737,0.111409,3.72088e+06,0.714971,0.0107368,-0.0782077,66.5909,-1.54345,train
387,0.0590414,0.377358,0.187399,-0.561338,0.181566,593026,0.740605,0.0147802,-0.158818,50.1079,-1.25539,train
388,0.0189078,0.228496,0.0642811,5.05629,0.393261,2.27525e+06,0.852222,0.00908008,-0.044787,93.8562,-3.14925,train
389,0.0295636,0.291277,0.150401,-1.22323,0.119324,3.01438e+06,0.215474,0.00979189,-0.0644545,22.0053,-0.724785,test
390,0.0103908,0.338026,0.177195,4.85631,0.342997,814361,0.791324,0.0136307,-0.0401965,58.0547,-1.71539,train
391,0.0201181,0.380629,0.149535,-1.28044,0.240308,762324,0.109679,0.012517,-0.0530246,8.76235,-0.641357,train
392,0.0506257,0.271638,0.107286,-0.629954,0.29555,3.82324e+06,0.534928,0.00875495,-0.112801,61.1,-0.966469,train
393,0.0197684,0.393007,0.117957,-0.72332,0.486627,984495,0.190352,0.0112118,-0.0604038,16.9779,-0.565307,train
394,0.0354201,0.518794,0.172026,3.71718,0.299994,1.0069e+06,1.04618,0.0132907,-0.137986,78.7154,-1.53045,train
395,0.0277216,0.233397,0.102285,-3.47972,0.148482,2.42736e+06,-0.101005,0.00922916,-0.0513828,-10.9442,-2.05127,train
396,0.0599972,0.456088,0.162541,5.1651,0.0784219,1.36962e+06,1.48286,0.0130546,-0.198508,113.589,-1.85354,train
397,0.0213971,0.286762,0.119082,4.14712,0.180128,206817,0.763042,0.0158133,-0.0548848,48.2533,-1.37075,train
398,0.0352073,0.364819,0.117269,-1.77063,0.231466,1.19532e+06,0.23397,0.0108127,-0.0907067,21.6383,-0.7924,train
399,0.00618387,0.202923,0.0967163,-1.50806,0.33325,3.98884e+06,-0.116297,0.00838553,-0.0102876,-13.8688,-0.708223,train
400,0.0528579,0.217709,0.0916714,2.63301,0.276564,231198,0.927758,0.0149106,-0.108411,62.2213,-1.50642,train
401,0.0417373,0.502077,0.0701932,6.68854,0.197051,5.42598e+06,1.35373,0.00841257,-0.14424,160.917,-6.10251,train
402,0.0443497,0.387178,0.162975,0.632217,0.229668,9.89837e+06,0.687762,0.00846696,-0.125369,81.2289,-1.10118,train
403,0.0348329,0.593734,0.0786492,-3.91646,0.243596,967189,0.0716962,0.0104366,-0.132111,6.86967,-1.81948,test
404,0.0323321,0.206848,0.153572,-0.487945,0.480085,1.26582e+06,0.365829,0.0115665,-0.066722,31.6284,-1.05091,test
405,0.0421364,0.510792,0.14725,4.05667,0.325789,5.41255e+06,1.17529,0.0095113,-0.159515,123.568,-1.60102,train
406,0.0312063,0.318828,0.130726,-3.22861,0.105981,8.43654e+06,-0.00818429,0.00789648,-0.0691219,-1.03645,-1.33493,train
407,0.0457711,0.246507,0.138026,-1.22598,0.283803,9.77065e+06,0.408024,0.00790382,-0.0947578,51.6237,-0.966802,train
408,0.00705429,0.340302,0.129378,4.11042,0.346553,6.53988e+06,0.622757,0.00840038,-0.0258153,74.1344,-1.52336,test
409,0.0510211,0.207129,0.105827,-2.29341,0.414222,2.25467e+06,0.324232,0.00946543,-0.101159,34.2543,-2.17463,train
410,0.0281563,0.356739,0.152258,6.1572,0.450419,2.21959e+06,1.25135,0.0113135,-0.0956793,110.607,-2.29995,train
411,0.0372174,0.263138,0.195394,-3.81524,0.493615,6.75022e+06,-0.0135905,0.00946453,-0.0782524,-1.43594,-1.49578,train
412,0.046315,0.212082,0.122399,-2.18372,0.334932,465956,0.280296,0.01309,-0.088925,21.4131,-1.52388,train
413,0.0235143,0.240926,0.0981786,0.683511,0.262735,7.32056e+06,0.358378,0.00765239,-0.0499636,46.8322,-0.721699,train
414,0.0282705,0.407607,0.117596,6.93512,0.106533,2.05583e+06,1.19885,0.0106196,-0.0904487,112.89,-3.00996,train
415,0.00689303,0.590267,0.0858477,7.909,0.171413,1.85382e+06,1.04032,0.00999497,-0.0345714,104.085,-6.39172,test
416,0.0535324,0.508065,0.0754848,2.11992,0.17552,261995,0.985806,0.0141934,-0.179791,69.4552,-0.926912,train
417,0.0572962,0.452932,0.0809717,3.31141,0.43595,2.78958e+06,1.24822,0.00946483,-0.194,131.88,-1.41277,train
418,0.00123499,0.440418,0.156984,4.56191,0.286916,769131,0.604982,0.0129659,-0.0137081,46.6593,-1.61083,test
419,0.0299268,0.525241,0.16368,1.1836,0.404125,607763,0.655021,0.0138178,-0.116992,47.4043,-1.03252,train
420,0.0226347,0.31745,0.167087,7.10525,0.156997,600737,1.18287,0.0147471,-0.0715795,80.2104,-2.38947,test
421,0.0204431,0.207393,0.198687,-1.05285,0.40619,335329,0.13109,0.0165051,-0.037315,7.94238,-0.910973,train
422,0.0413669,0.306487,0.199848,4.0954,0.28659,214817,1.10913,0.0194687,-0.113455,56.9698,-1.84375,train
423,0.00514956,0.566351,0.192736,4.69622,0.274439,215295,0.705152,0.018324,-0.0335554,38.4825,-1.65858,train
424,0.0209841,0.315952,0.101995,5.13343,0.085806,1.15193e+06,0.858467,0.011009,-0.0562483,77.9785,-2.01234,train
425,0.0404562,0.207221,0.128742,-1.70311,0.410284,9.00835e+06,0.281736,0.00781976,-0.0793229,36.0287,-1.14628,train
426,0.0316753,0.395968,0.108414,-1.70758,0.107165,2.67324e+06,0.199698,0.00919579,-0.0845041,21.7163,-0.725306,train
427,0.0483542,0.236097,0.166035,-2.16262,0.248903,473442,0.326724,0.0143112,-0.0938046,22.83,-1.01198,test
428,0.00537607,0.271462,0.0716776,5.93539,0.125376,7.14778e+06,0.750507,0.00750749,-0.016676,99.9678,-4.52606,train
429,0.0338499,0.313144,0.140523,-3.66264,0.362779,5.15876e+06,-0.0309777,0.00873217,-0.0782642,-3.54754,-1.57604,train
430,0.0266386,0.261702,0.0667874,4.61829,0.0902748,990603,0.827498,0.0105821,-0.0602419,78.1981,-2.17665,train
431,0.0597961,0.296639,0.18181,0.134711,0.400467,2.02045e+06,0.850394,0.0117303,-0.148311,72.4957,-1.537,test
432,0.0439458,0.244151,0.127123,3.50725,0.42323,729779,1.03184,0.012821,-0.105035,80.4805,-1.66299,test
433,0.0599091,0.315608,0.146016,-2.7111,0.0738689,882181,0.41177,0.0122002,-0.135805,33.7512,-1.19817,train
434,0.0379343,0.425661,0.112332,4.24053,0.174927,4.18034e+06,1.01501,0.0090879,-0.117519,111.688,-1.52746,test
435,0.0147163,0.251788,0.12385,7.43449,0.218707,1.74673e+06,1.08947,0.0109129,-0.0434058,99.8333,-3.15315,test
436,0.0555033,0.564694,0.165254,2.25489,0.321407,1.67566e+06,1.21467,0.0121767,-0.223977,99.7536,-1.39809,train
437,0.0594439,0.401494,0.174431,-2.39721,0.461945,1.21532e+06,0.572843,0.01235,-0.179785,46.384,-1.111,train
438,0.0526979,0.581063,0.107052,7.80149,0.271456,1.59615e+06,1.78167,0.011937,-0.218052,149.256,-5.06675,train
439,0.0285136,0.36166,0.104454,1.73533,0.486005,2.71935e+06,0.636715,0.00929969,-0.086261,68.4663,-0.915762,train
440,0.0307917,0.422608,0.060177,-0.0616803,0.197665,242684,0.380019,0.0133654,-0.0882472,28.4331,-0.461096,train
441,0.0318946,0.507927,0.157139,-0.733692,0.353179,9.30294e+06,0.406226,0.00829111,-0.113237,48.9953,-0.768812,train
442,0.0237298,0.524195,0.0906643,-1.689,0.18974,391875,0.138155,0.0127187,-0.0799191,10.8623,-0.620929,train
443,0.0421617,0.528471,0.103923,1.66889,0.312767,614080,0.841836,0.0124245,-0.154448,67.7559,-0.900927,train
444,0.0210272,0.561185,0.124222,5.9157,0.0541054,388863,1.02969,0.0144164,-0.0865572,71.4253,-2.54073,train
445,0.0553422,0.229118,0.107609,5.89308,0.301383,258944,1.3872,0.0159112,-0.1236,87.1839,-2.1734,test
446,0.0347514,0.35712,0.144652,4.82136,0.194475,3.68929e+06,1.05233,0.00993795,-0.100839,105.89,-1.61279,train
447,0.0391626,0.434216,0.153896,-2.94238,0.109398,5.53105e+06,0.175668,0.0088922,-0.110125,19.7553,-0.992245,train
448,0.0578752,0.589067,0.0987551,-0.251631,0.207385,5.16555e+06,0.867188,0.00841565,-0.223144,103.045,-0.811179,train
449,0.0392656,0.497337,0.0995637,5.61284,0.158645,2.91953e+06,1.21554,0.00967398,-0.136695,125.65,-2.77682,train
450,0.0156824,0.553618,0.141209,-3.30473,0.072562,226302,-0.163814,0.0156906,-0.0511318,-10.4403,-1.08299,train
451,0.00021406,0.461285,0.12467,1.92419,0.225949,872460,0.24093,0.0116341,-0.00374077,20.709,-0.783778,test
452,0.00604584,0.34551,0.158815,4.95001,0.428731,1.06421e+06,0.762406,0.0124011,-0.0284228,61.479,-1.83536,train
453,0.0569879,0.37771,0.106847,-0.506928,0.224243,1.34447e+06,0.665673,0.0106158,-0.152833,62.706,-0.92873,train
454,0.0471244,0.278444,0.195369,-3.04693,0.0967963,3.05432e+06,0.217362,0.0108462,-0.0947727,20.0404,-1.08465,train
455,0.0267446,0.597103,0.100406,-3.57996,0.458343,316681,-0.0104925,0.0135038,-0.11103,-0.777004,-1.4224,test
456,0.0140294,0.212842,0.16061,-2.96672,0.33171,1.2366e+06,-0.211876,0.0117325,-0.0211698,-18.0589,-1.1471,train
457,0.0175031,0.252502,0.159197,7.74156,0.272177,3.97045e+06,1.211,0.0103276,-0.0552875,117.259,-2.78056,train
458,0.00607041,0.326765,0.184542,2.58902,0.278972,7.43215e+06,0.422264,0.00916419,-0.0222936,46.0776,-1.12808,train
459,0.037954,0.322318,0.0740577,0.0945311,0.47249,378068,0.509742,0.0126066,-0.101839,40.4344,-0.739962,test
460,0.0509711,0.496375,0.0818949,1.77454,0.335267,335045,0.948496,0.0135993,-0.175729,69.7461,-0.912133,train
461,0.0167821,0.40272,0.18092,3.82593,0.400641,407468,0.776106,0.0157135,-0.0622604,49.3909,-1.50837,train
462,0.0518421,0.371964,0.072904,-1.01598,0.353402,788582,0.536407,0.0109151,-0.141682,49.1433,-0.820069,train
463,0.00979502,0.573334,0.119158,1.81324,0.385957,7.98978e+06,0.398502,0.00786269,-0.0426055,50.6826,-0.842591,train
464,0.0245848,0.448362,0.108439,-0.242037,0.42117,1.82872e+06,0.328274,0.00987399,-0.0807477,33.2464,-0.588658,train
465,0.0463445,0.397109,0.0815432,3.18002,0.409086,296618,1.03076,0.0140613,-0.141527,73.3049,-1.18077,test
466,0.0140553,0.258812,0.110815,-0.0263426,0.178909,200932,0.162008,0.0151563,-0.0299062,10.6892,-0.536593,train
467,0.0538625,0.400007,0.176849,7.95806,0.250232,612248,1.77713,0.0164908,-0.178937,107.765,-2.75008,train
468,0.0562569,0.346016,0.0618225,6.27555,0.0534237,344515,1.36872,0.0137588,-0.144887,99.4793,-4.26887,test
469,0.0561756,0.226787,0.0867477,-2.19812,0.164637,334382,0.365374,0.0131274,-0.108544,27.8329,-2.49113,train
470,0.0205856,0.493979,0.109069,-3.36351,0.17541,3.88108e+06,-0.116409,0.00862108,-0.0630936,-13.5028,-1.27475,train
471,0.0505693,0.349414,0.0735066,-3.86591,0.360236,636998,0.156398,0.0112064,-0.130133,13.9561,-3.69666,train
472,0.0330315,0.485658,0.0680314,2.26986,0.219943,690391,0.714563,0.0112426,-0.108399,63.5583,-1.02082,test
473,0.0574616,0.536345,0.192206,-0.584127,0.47328,1.51229e+06,0.934237,0.0127864,-0.230393,73.065,-1.27502,train
474,0.0231725,0.347253,0.140658,2.3337,0.352704,3.22575e+06,0.617421,0.00967396,-0.0669416,63.823,-1.06061,train
475,0.0393773,0.574779,0.0863623,7.68383,0.21137,3.12084e+06,1.50751,0.00974221,-0.157616,154.74,-6.32893,train
476,0.0593247,0.319302,0.160477,1.03866,0.0602457,2.02858e+06,0.879918,0.0111934,-0.143645,78.6103,-1.39415,train
477,0.0405814,0.37341,0.159551,7.64287,0.350694,1.58775e+06,1.57108,0.0128057,-0.134414,122.686,-2.78507,train
478,0.0329218,0.521867,0.145966,4.39069,0.0839496,2.46704e+06,1.02628,0.0106508,-0.12268,96.3575,-1.6151,train
479,0.0181791,0.493356,0.156465,5.02954,0.20207,611125,0.901919,0.0138916,-0.071968,64.9256,-1.78763,train
480,0.0274532,0.376332,0.196396,3.75613,0.263048,1.82369e+06,0.88383,0.0124299,-0.0877444,71.1052,-1.54454,train
481,0.0109768,0.314685,0.16317,0.559126,0.111604,1.23121e+06,0.210041,0.0118081,-0.0273465,17.7879,-0.737471,train
482,0.0371348,0.482278,0.090158,5.12529,0.127171,2.96968e+06,1.10651,0.00934717,-0.124182,118.379,-2.59242,test
483,0.0513612,0.496936,0.186862,3.47141,0.274963,355603,1.25276,0.0173016,-0.188521,72.4073,-1.63741,train
484,0.0409792,0.274742,0.143841,-0.431156,0.276783,1.25404e+06,0.460949,0.0114048,-0.091493,40.4171,-0.985667,test
485,0.0259184,0.580101,0.19942,2.12781,0.27704,875287,0.729847,0.014132,-0.111359,51.6451,-1.26189,train
486,0.0451695,0.543833,0.155902,-1.08206,0.377477,1.94326e+06,0.600228,0.0109024,-0.171873,55.0548,-0.870245,test
487,0.052941,0.451485,0.136938,-0.612793,0.138331,937442,0.654785,0.0120214,-0.160379,54.4683,-0.90964,train
488,0.0370867,0.234596,0.119872,1.8054,0.211034,3.84363e+06,0.658187,0.00903661,-0.0781196,72.8356,-1.16337,train
489,0.0177281,0.277568,0.141706,-3.27533,0.270961,755638,-0.192347,0.012354,-0.0341187,-15.5695,-1.28276,test
490,0.0405652,0.203443,0.147554,2.58325,0.371645,7.78062e+06,0.851031,0.00863942,-0.0854431,98.5056,-1.61533,train
491,0.059254,0.290111,0.0827587,-0.657145,0.149692,750779,0.604446,0.011269,-0.132125,53.6377,-0.934053,train
492,0.0147415,0.393283,0.120561,1.02713,0.211442,5.06219e+06,0.319848,0.00847087,-0.0427377,37.7586,-0.660666,train
493,0.0157757,0.523912,0.125767,3.67505,0.0614621,6.64986e+06,0.673535,0.00835025,-0.0601909,80.6605,-1.35623,train
494,0.0435655,0.278205,0.185794,-3.1002,0.399316,1.27929e+06,0.175793,0.0123511,-0.094931,14.233,-1.22036,train
495,0.0467695,0.469885,0.115253,-1.96673,0.455054,946635,0.450011,0.0113479,-0.159355,39.6558,-0.777429,train
496,0.00833002,0.237422,0.188491,1.25993,0.394186,592160,0.286257,0.0144227,-0.0215211,19.8477,-1.00422,train
497,0.0494155,0.536571,0.156151,6.66805,0.338638,2.08961e+06,1.66011,0.0122835,-0.202453,135.15,-2.71662,train
498,0.0236808,0.437069,0.0649911,-3.87319,0.173883,1.16314e+06,-0.1505,0.00984677,-0.0663344,-15.2842,-2.90217,test
499,0.0579524,0.246961,0.166125,-2.10065,0.287068,648842,0.463082,0.0135469,-0.117773,34.1836,-1.14327,test
500,0.0163083,0.430912,0.174722,5.55004,0.0876167,1.91076e+06,0.92396,0.0117374,-0.0620924,78.7193,-1.86555,train
501,0.00363752,0.50754,0.0636104,2.60866,0.0922666,772235,0.350085,0.0106694,-0.0138371,32.8119,-1.3926,train
502,0.0368868,0.473226,0.106769,0.653631,0.107253,4.88568e+06,0.580823,0.00841706,-0.116601,69.0055,-0.724756,train
503,0.0417156,0.389179,0.0849302,2.05889,0.397771,793409,0.820697,0.0113982,-0.124145,72.0024,-0.952329,train
504,0.0236357,0.478304,0.185936,1.97354,0.169267,588586,0.606315,0.0145936,-0.0829062,41.5466,-1.11631,test
505,0.0595025,0.505556,0.114436,4.99511,0.302789,229625,1.49763,0.0168091,-0.215077,89.0967,-2.12744,train
506,0.0266235,0.372702,0.0748197,-3.9016,0.378193,395809,-0.143296,0.0123318,-0.0707537,-11.62,-2.89474,train
507,0.0116841,0.230655,0.0928925,-1.02914,0.0804471,451308,0.0092135,0.0124026,-0.0219767,0.742871,-0.555746,test
508,0.0416157,0.479856,0.0893827,3.08431,0.384657,4.42536e+06,0.994251,0.00860408,-0.145335,115.556,-1.32208,train
509,0.0472325,0.286334,0.0741442,2.73866,0.0586206,4.265e+06,0.850305,0.00829334,-0.107163,102.529,-1.1145,train
510,0.0532955,0.419883,0.167201,6.71612,0.396195,549955,1.69786,0.0162389,-0.187083,104.555,-2.45941,train
511,0.0539184,0.454235,0.121093,0.964821,0.31113,4.30711e+06,0.885921,0.0090675,-0.173325,97.7028,-1.04866,train
512,0.0152933,0.437212,0.166435,1.53658,0.0794519,516312,0.405831,0.0141304,-0.0493773,28.7204,-0.897141,train
513,0.0225769,0.318018,0.0890203,3.95477,0.123161,1.96378e+06,0.732906,0.00964484,-0.0580566,75.9895,-1.47236,train
514,0.00159216,0.404993,0.194027,7.28463,0.323479,486174,0.99709,0.0160279,-0.0257266,62.2097,-2.54321,train
515,0.0221334,0.341396,0.0665782,-2.12815,0.346217,1.49937e+06,0.0128988,0.0094141,-0.0559033,1.37016,-1.44551,train
516,0.024391,0.20797,0.167714,4.44717,0.183413,1.62031e+06,0.859245,0.0118182,-0.0562479,72.7049,-1.6618,train
517,0.0414852,0.57969,0.0997796,1.82986,0.497153,1.41047e+06,0.970197,0.0106878,-0.181574,90.7759,-1.04211,train
518,0.00955951,0.31397,0.0875884,1.94232,0.406268,1.04915e+06,0.370932,0.0105318,-0.0266793,35.2201,-0.773784,train
519,0.0021393,0.485694,0.174344,1.79191,0.370297,318555,0.275043,0.0157626,-0.0121151,17.449,-0.94685,test
520,0.0178563,0.475812,0.188618,6.10722,0.125973,222024,1.04071,0.018634,-0.0746397,55.85,-2.0693,train
521,0.0542385,0.432743,0.0956422,1.36049,0.197844,663478,0.875444,0.0120936,-0.161743,72.3891,-0.97203,train
522,0.0116184,0.233942,0.126089,-0.995705,0.122093,5.48508e+06,0.0147846,0.0083972,-0.0216087,1.76066,-0.552082,train
523,0.0103426,0.217253,0.0641817,-1.36486,0.451042,4.60838e+06,-0.0518837,0.00770534,-0.0210743,-6.73347,-0.944336,train
524,0.0577039,0.555765,0.0641273,2.76087,0.311958,4.91213e+06,1.18905,0.00826778,-0.216814,143.818,-1.82715,train
525,0.0162017,0.48127,0.177785,-2.11918,0.0664428,439850,-0.027632,0.0148258,-0.047471,-1.86378,-0.850231,train
526,0.0330663,0.248918,0.177351,3.56853,0.359551,1.21506e+06,0.917078,0.0128107,-0.081975,71.5869,-1.67338,train
527,0.0498299,0.572092,0.118843,3.2146,0.312397,5.55478e+06,1.20064,0.00897717,-0.200419,133.743,-1.44706,train
528,0.000143007,0.301606,0.138774,-0.163217,0.170723,207824,-0.0183915,0.0158694,-3.99328e-05,-1.15893,-0.500112,train
529,0.0313369,0.262599,0.193891,5.9119,0.184899,498617,1.16504,0.0162706,-0.0846132,71.6038,-2.07022,train
530,0.0264774,0.415292,0.186185,4.54272,0.317126,3.55355e+06,0.992647,0.0109064,-0.0935723,91.0155,-1.69629,train
531,0.0259787,0.410234,0.133504,0.563756,0.41655,6.84471e+06,0.452064,0.00831601,-0.0816811,54.3607,-0.806523,train
532,0.0406635,0.540322,0.170551,5.22063,0.0836583,588080,1.27873,0.0151203,-0.159389,84.5701,-1.92144,test
533,0.0351482,0.222523,0.187461,6.47159,0.110113,7.00722e+06,1.25456,0.0100914,-0.0856782,124.319,-2.27243,train
534,0.0335401,0.200475,0.0752872,5.37466,0.131744,9.29241e+06,0.990073,0.0074176,-0.0677378,133.476,-1.90001,train
535,0.00966085,0.211253,0.169879,0.368432,0.48121,7.45114e+06,0.185197,0.0087731,-0.0213685,21.1096,-0.866496,test
536,0.0150987,0.515846,0.131348,7.42818,0.125235,3.78331e+06,1.12303,0.00971536,-0.064222,115.593,-3.29915,train
537,0.0119206,0.400485,0.0756611,-3.05036,0.0781568,556861,-0.20771,0.0115608,-0.0298838,-17.9667,-1.5917,test
538,0.00822621,0.410676,0.158968,5.67096,0.135755,7.47911e+06,0.818405,0.00888213,-0.0357647,92.1406,-1.9564,train
539,0.024787,0.395123,0.151342,5.9212,0.0622567,809406,1.05586,0.0132441,-0.0808902,79.7231,-2.02598,train
540,0.0113598,0.55713,0.194777,2.06326,0.269545,1.7286e+06,0.462267,0.0120913,-0.0499671,38.2314,-1.10563,train
541,0.0332765,0.576604,0.121234,-0.51044,0.342033,6.94396e+06,0.479233,0.0081109,-0.13199,59.0851,-0.653317,train
542,0.0531684,0.570671,0.0989301,3.39535,0.0547023,3.34602e+06,1.19096,0.00940721,-0.200341,126.601,-1.57745,train
543,0.0105943,0.344559,0.17408,3.86747,0.204427,581696,0.635105,0.0142483,-0.0367153,44.5742,-1.3753,test
544,0.0367151,0.525822,0.0831625,2.62364,0.200745,437759,0.835131,0.0127699,-0.12975,65.3985,-1.174,train
545,0.0106819,0.531175,0.182418,1.44317,0.401359,257910,0.379135,0.0168477,-0.0454075,22.5037,-0.993242,train
546,0.00899898,0.462494,0.0865408,-3.66842,0.2292,3.53561e+06,-0.319031,0.00844536,-0.0243164,-37.776,-1.78587,test
547,0.00853118,0.299867,0.120249,4.64659,0.234881,5.33167e+06,0.678245,0.00857186,-0.0272666,79.1246,-1.73405,train
548,0.0193449,0.419157,0.110487,4.98393,0.324871,375723,0.891653,0.0139274,-0.065634,64.0215,-2.1001,train
549,0.0366156,0.563889,0.12264,-0.911088,0.255465,4.71846e+06,0.460552,0.00866216,-0.137347,53.1683,-0.636822,train
550,0.0590198,0.300814,0.142609,0.871477,0.424224,299978,0.915862,0.0155665,-0.15079,58.8355,-1.46121,train
551,0.0229014,0.314466,0.194353,3.01753,0.434791,806813,0.758371,0.0141998,-0.0696466,53.4073,-1.48759,test
552,0.0196901,0.505979,0.0940265,5.4052,0.25187,677610,0.936754,0.0120853,-0.0734008,77.5116,-2.89071,train
553,0.0166564,0.583555,0.197097,7.41422,0.371219,340305,1.30855,0.0180532,-0.0926913,72.483,-2.75879,train
554,0.00803303,0.335994,0.111183,5.78267,0.0580739,1.53292e+06,0.78687,0.0105579,-0.0276562,74.5287,-2.4911,train
555,0.0337383,0.458254,0.0647091,-0.274818,0.0549388,1.48822e+06,0.400704,0.00948515,-0.100829,42.2454,-0.469191,train
556,0.0426593,0.366638,0.150202,2.39398,0.315849,205806,0.891622,0.0170594,-0.12275,52.2657,-1.29425,train
557,0.0268372,0.29241,0.088587,-0.636746,0.305989,475788,0.246038,0.0122211,-0.0624313,20.1323,-0.54992,train
558,0.0304304,0.20356,0.138083,5.08795,0.148165,366414,0.980157,0.0149126,-0.0661363,65.7266,-1.75592,train
559,0.0222293,0.222463,0.0629568,3.08634,0.227114,317411,0.608089,0.0128817,-0.0466849,47.2056,-1.02903,train
560,0.0458504,0.479247,0.158008,6.80989,0.132753,424941,1.5042,0.0162099,-0.164603,92.7951,-2.48287,train
561,0.0597366,0.492986,0.121644,1.41702,0.216306,8.89969e+06,1.02779,0.008178,-0.200276,125.677,-1.11,train
562,0.0353861,0.410835,0.179118,5.97209,0.291892,2.58228e+06,1.29045,0.0117664,-0.122327,109.672,-2.09248,train
563,0.00733576,0.393769,0.11333,6.65919,0.382778,5.49209e+06,0.959319,0.00864368,-0.0316966,110.985,-3.39027,train
564,0.00485637,0.395653,0.159984,-1.08897,0.177647,5.19505e+06,-0.0706932,0.00909078,-0.0113128,-7.77636,-0.684197,train
565,0.00462105,0.34737,0.0901995,6.69401,0.170867,1.64146e+06,0.85089,0.0100897,-0.0189418,84.3327,-4.24224,train
566,0.0149603,0.428275,0.187007,7.31261,0.38498,837136,1.22463,0.0145858,-0.0690217,83.9609,-2.66372,train
567,0.0592822,0.378338,0.0658879,0.125189,0.385397,1.09647e+06,0.780527,0.0103217,-0.166988,75.6198,-0.907634,train
568,0.0569084,0.334626,0.0996288,-1.42225,0.493068,2.05154e+06,0.588607,0.00965116,-0.156228,60.9882,-1.05262,train
569,0.0032637,0.450888,0.180689,4.30739,0.140971,2.97625e+06,0.593167,0.010697,-0.0209846,55.4517,-1.4724,train
570,0.0105145,0.486957,0.0761315,3.3211,0.137991,6.64081e+06,0.530357,0.00753515,-0.0365842,70.3844,-1.64713,train
571,0.0521918,0.442767,0.169235,3.26019,0.247848,276966,1.1721,0.0172738,-0.170951,67.8545,-1.5254,train
572,0.033309,0.412127,0.186383,-2.52796,0.0831103,4.07665e+06,0.14571,0.0100773,-0.0890296,14.4593,-0.902659,train
573,0.055837,0.599978,0.124093,-3.78287,0.330575,382044,0.449179,0.0137635,-0.222288,32.6356,-1.05944,train
574,0.0241491,0.46768,0.189609,-0.983665,0.0546065,1.51444e+06,0.23034,0.0121064,-0.0741435,19.0262,-0.748738,train
575,0.0108699,0.466325,0.154176,-1.02375,0.254596,7.56855e+06,0.0287821,0.0084349,-0.0331237,3.41227,-0.632426,train
576,0.0311074,0.268334,0.152689,-1.63177,0.418605,1.07945e+06,0.195928,0.0118217,-0.0695904,16.5736,-0.821272,train
577,0.0352631,0.309744,0.156408,-0.554398,0.120786,3.74221e+06,0.376681,0.00961157,-0.0817631,39.1904,-0.877616,test
578,0.0439206,0.495733,0.177096,4.02113,0.184398,605792,1.17294,0.0150477,-0.159247,77.948,-1.60924,test
579,0.00573898,0.55382,0.116371,0.0757844,0.209296,213456,0.096994,0.015108,-0.0212897,6.42005,-0.452624,train
580,0.0264517,0.584176,0.146663,4.50128,0.2204,4.94694e+06,0.9946,0.00943384,-0.113418,105.429,-1.7424,train
581,0.0490976,0.477715,0.142059,7.34747,0.196694,5.75614e+06,1.61042,0.00993938,-0.175219,162.024,-2.94408,test
582,0.0334634,0.460916,0.110331,2.9782,0.272657,1.87974e+06,0.835828,0.010208,-0.110929,81.8799,-1.13641,test
583,0.0545111,0.469002,0.151227,2.19763,0.323749,494119,1.09522,0.0146347,-0.185878,74.8373,-1.33021,train
584,0.0507184,0.593509,0.1611,7.71999,0.22874,5.07503e+06,1.81323,0.0109502,-0.223129,165.588,-3.29537,train
585,0.0154023,0.474054,0.119929,7.92817,0.16259,825686,1.17409,0.0125679,-0.0612387,93.4197,-3.99532,train
586,0.0262053,0.49716,0.121068,-1.17711,0.274168,726101,0.237026,0.0119616,-0.0871866,19.8156,-0.521648,test
587,0.0469588,0.270093,0.140328,4.7302,0.313706,1.71894e+06,1.19915,0.0114686,-0.116244,104.559,-1.83762,train
588,0.0382396,0.342346,0.119753,5.72361,0.0812192,272737,1.15872,0.0156053,-0.1048,74.2519,-1.95458,train
589,0.0230896,0.491401,0.0824002,3.57432,0.19856,7.64339e+06,0.741992,0.00756701,-0.0789441,98.0563,-1.70224,train
590,0.0233116,0.536251,0.142464,0.202367,0.390171,2.79175e+06,0.406709,0.00982961,-0.0897646,41.3758,-0.741702,train
591,0.0497591,0.512395,0.0902281,2.29455,0.079334,1.31852e+06,0.959398,0.0106185,-0.168106,90.3516,-0.962785,train
592,0.0460666,0.511037,0.158558,-3.73646,0.307178,229789,0.229643,0.0162496,-0.154611,14.1323,-1.16083,train
593,0.0195595,0.515542,0.130446,3.54349,0.473527,8.74921e+06,0.808043,0.00815316,-0.0821002,99.1079,-1.47367,train
594,0.0187908,0.335034,0.199744,3.03226,0.347213,9.53506e+06,0.679503,0.00930061,-0.0589734,73.0601,-1.40222,test
595,0.0493114,0.465126,0.135309,0.905396,0.307913,6.2916e+06,0.831348,0.00870672,-0.162457,95.4835,-1.04061,test
596,0.0432847,0.348689,0.0778123,-2.7842,0.447343,570299,0.209564,0.011553,-0.116844,18.1393,-2.19246,train
597,0.055988,0.529625,0.099955,5.18452,0.124444,307125,1.41383,0.0152054,-0.2008,92.9823,-2.55099,train
598,0.0200025,0.307639,0.137743,3.03866,0.389481,1.25796e+06,0.667774,0.0114127,-0.0564779,58.5117,-1.18981,train
599,0.0215362,0.296235,0.144825,6.6531,0.451837,9.49191e+06,1.20501,0.00866701,-0.069612,139.034,-2.56093,test
600,0.0186377,0.31689,0.0709787,7.25398,0.258806,533523,1.08539,0.0123438,-0.0518924,87.9296,-6.30266,train
601,0.00640124,0.417423,0.112763,0.379635,0.304459,2.60024e+06,0.13492,0.00930449,-0.0196507,14.5005,-0.495699,train
602,0.0218695,0.41893,0.1123,5.82692,0.126594,945071,0.984841,0.0118014,-0.0712749,83.4512,-2.47119,train
603,0.0440218,0.500977,0.0922819,-3.93363,0.328604,3.86273e+06,0.14885,0.00836706,-0.145897,17.79,-1.88783,train
604,0.0363557,0.554659,0.165712,1.654,0.261351,2.89916e+06,0.800709,0.0105553,-0.142248,75.8586,-1.11346,train
605,0.0461092,0.596148,0.151882,2.42802,0.490365,2.09176e+06,1.19534,0.0113378,-0.213634,105.43,-1.41859,train
606,0.0547432,0.349524,0.0764373,3.30037,0.304193,2.25095e+06,1.07866,0.00953516,-0.14656,113.125,-1.23996,train
607,0.00393635,0.468158,0.114648,-3.69793,0.294953,5.47367e+06,-0.406285,0.00829791,-0.007392,-48.9623,-1.45167,train
608,0.0306675,0.445242,0.0869085,2.82684,0.0937359,2.50985e+06,0.730359,0.00919826,-0.0941473,79.4018,-1.07503,train
609,0.0526588,0.546969,0.0927603,2.17768,0.397039,4.96828e+06,1.10297,0.00860068,-0.204711,128.242,-1.08169,train
610,0.0485476,0.444456,0.0880164,0.603452,0.124711,1.61673e+06,0.703124,0.00994382,-0.144666,70.7097,-0.78731,train
611,0.0379202,0.596282,0.0821326,1.01493,0.316132,997533,0.730812,0.0107741,-0.154031,67.8307,-0.697018,test
612,0.0154513,0.508343,0.13132,0.187822,0.423563,3.45189e+06,0.271064,0.00921443,-0.0574968,29.4173,-0.637762,train
613,0.026751,0.370186,0.187175,-0.25739,0.050275,8.07502e+06,0.329743,0.00906239,-0.0702535,36.3859,-0.876539,train
614,0.0541789,0.491763,0.0699333,-1.33643,0.206963,5.91113e+06,0.575801,0.0076173,-0.1735,75.5912,-0.63327,train
615,0.0185621,0.496251,0.14814,6.72681,0.103557,691881,1.09555,0.0136196,-0.0749265,80.4389,-2.55896,train
616,0.0344808,0.256937,0.182843,7.75222,0.348791,506254,1.49411,0.0165496,-0.0994279,90.2812,-2.66813,train
617,0.0425262,0.383083,0.19996,5.42434,0.175876,2.2478e+06,1.29481,0.0127083,-0.134764,101.887,-1.9798,train
618,0.0548303,0.413667,0.146922,5.61936,0.368091,325290,1.52309,0.016756,-0.181304,90.8982,-2.02168,train
619,0.0550986,0.361186,0.126267,-2.65143,0.344532,827277,0.395183,0.0118575,-0.145416,33.3278,-1.23822,test
620,0.0176146,0.308284,0.11961,4.61048,0.391606,9.57465e+06,0.830677,0.00788431,-0.0521841,105.358,-1.72034,train
621,0.0351203,0.372618,0.196807,-3.09898,0.406951,386228,0.093988,0.0159554,-0.0927819,5.89067,-1.1511,train
622,0.0360425,0.340745,0.0942083,5.58137,0.205043,1.79821e+06,1.1091,0.0102902,-0.0979023,107.783,-2.32372,train
623,0.00612004,0.491126,0.112557,-3.29018,0.317297,8.85781e+06,-0.324233,0.00761131,-0.0160938,-42.5988,-1.27841,train
624,0.0430448,0.460003,0.110347,4.25672,0.422339,220417,1.19447,0.0160967,-0.152165,74.2061,-1.74292,train
625,0.00780303,0.214102,0.106387,4.93153,0.329832,2.18385e+06,0.712209,0.00975737,-0.0225005,72.9919,-2.05407,train
626,0.0287422,0.494367,0.182483,6.95984,0.379508,727270,1.40387,0.015201,-0.123216,92.3539,-2.60927,train
627,0.0321819,0.320758,0.0716165,5.52568,0.296655,3.59655e+06,1.05456,0.00868798,-0.0850255,121.381,-3.1865,train
628,0.0507451,0.277878,0.0911405,-0.341296,0.126947,4.56843e+06,0.543344,0.00824862,-0.110624,65.8709,-0.894553,train
629,0.0223502,0.355484,0.18503,0.106829,0.498783,405360,0.360012,0.0154523,-0.0666727,23.2983,-1.00061,train
630,0.00730847,0.238008,0.0854682,2.46341,0.0555775,987927,0.369492,0.0106086,-0.0171745,34.8294,-0.886272,train
631,0.00268042,0.287946,0.187952,-3.61832,0.246813,1.15999e+06,-0.435789,0.0127632,0.00358479,-34.1441,-1.31135,train
632,0.0587882,0.548464,0.187735,6.35082,0.0643345,235252,1.72128,0.020315,-0.23398,84.7297,-2.37499,train
633,0.0225225,0.298816,0.146604,3.7068,0.284727,1.79221e+06,0.762625,0.010986,-0.061322,69.4181,-1.33597,train
634,0.0546241,0.391402,0.0769542,6.7148,0.0717772,1.68278e+06,1.44339,0.0105704,-0.154733,136.55,-4.0605,train
635,0.0503011,0.363996,0.10283,-2.67993,0.355913,3.72656e+06,0.320134,0.00862574,-0.133972,37.1138,-1.47586,train
636,0.0510596,0.277131,0.124006,-3.87909,0.0972695,1.47618e+06,0.136502,0.0105166,-0.10546,12.9796,-2.14069,train
637,0.0533214,0.396816,0.165853,5.05171,0.125706,9.08785e+06,1.35174,0.00932187,-0.161963,145.007,-1.81247,train
638,0.0347115,0.473737,0.182114,6.08573,0.0770002,6.21204e+06,1.27211,0.0101843,-0.127984,124.908,-2.10036,test
639,0.0115281,0.447503,0.175952,-3.89537,0.160024,1.31126e+06,-0.327711,0.0120635,-0.0262213,-27.1655,-1.3114,train
640,0.0278843,0.309245,0.155655,1.3996,0.160808,2.14757e+06,0.52904,0.0106543,-0.068962,49.6552,-1.01527,train
641,0.0515624,0.521119,0.193495,6.06403,0.0766858,7.77544e+06,1.56138,0.0105499,-0.198939,147.999,-2.2147,train
642,0.0525365,0.281946,0.128148,5.69544,0.384235,725214,1.42014,0.013553,-0.136983,104.784,-2.05705,train
643,0.0429417,0.447465,0.0887516,3.11665,0.301832,784767,0.966405,0.0116749,-0.137452,82.7761,-1.21351,test
644,0.000463819,0.435419,0.189078,-3.32437,0.330947,8.45772e+06,-0.438003,0.00908196,0.00783647,-48.2278,-1.28499,train
645,0.00878569,0.315235,0.111409,2.56018,0.184662,1.01967e+06,0.417751,0.0110914,-0.0246121,37.6642,-0.922773,train
646,0.00975521,0.285424,0.142196,-0.671028,0.0763312,2.61065e+06,0.036989,0.00984279,-0.0204952,3.75798,-0.522286,train
647,0.000522277,0.369465,0.0660989,1.68546,0.267428,4.33749e+06,0.207808,0.00783067,-0.00273283,26.5377,-0.766844,train
648,0.0461475,0.453337,0.097055,2.57691,0.121126,362804,0.916724,0.0137137,-0.142993,66.8472,-0.996875,train
649,0.0431794,0.274259,0.10813,1.76376,0.155712,3.49549e+06,0.720086,0.00902611,-0.0970376,79.7781,-1.11502,test
650,0.0258408,0.435784,0.0975585,-2.50913,0.0927792,599342,0.0394086,0.0118342,-0.0726227,3.33005,-1.02761,train
651,0.0333796,0.425191,0.0853727,-1.78276,0.151851,1.02938e+06,0.217505,0.0104698,-0.0942155,20.7744,-0.816918,train
652,0.0244086,0.242935,0.189166,0.436448,0.0694677,6.01112e+06,0.361457,0.00957071,-0.0501469,37.767,-1.0299,train
653,0.0113387,0.48485,0.165796,4.48772,0.394693,5.03725e+06,0.785544,0.00959627,-0.0511324,81.8593,-1.67321,train
654,0.0439928,0.362488,0.179066,5.6797,0.12501,4.12467e+06,1.30446,0.0108758,-0.131192,119.942,-1.94945,train
655,0.0323926,0.490107,0.162488,-0.263626,0.0570021,1.17792e+06,0.440137,0.0119931,-0.105631,36.6991,-0.796088,train
656,0.0125962,0.253885,0.157537,5.30331,0.228163,1.12469e+06,0.828309,0.0123148,-0.0383706,67.2613,-1.78257,train
657,0.0144978,0.318997,0.167113,-2.02921,0.301526,947702,-0.0703095,0.0124768,-0.031511,-5.6352,-0.876569,train
658,0.0437631,0.372298,0.114096,0.3631,0.403592,2.89551e+06,0.645852,0.009374,-0.125627,68.8983,-0.935922,train
659,0.04151,0.227328,0.0622772,-2.56713,0.179846,1.28771e+06,0.152372,0.0096166,-0.0805058,15.8447,-3.65988,train
660,0.0385196,0.224753,0.105361,4.67837,0.189946,3.8686e+06,1.00575,0.00907843,-0.0829776,110.785,-1.59846,train
661,0.0407633,0.291357,0.189003,-1.23399,0.313338,1.08875e+06,0.386804,0.0129167,-0.0928707,29.9461,-1.05795,train
662,0.0319803,0.432242,0.141495,6.50135,0.323961,1.2339e+06,1.29124,0.0123649,-0.112946,104.428,-2.51295,train
663,0.0211331,0.449435,0.174519,7.23553,0.377126,1.83826e+06,1.29615,0.0123704,-0.0891389,104.779,-2.7065,train
664,0.0474995,0.368306,0.138262,2.53931,0.129446,604302,0.923972,0.0134321,-0.130104,68.7882,-1.26036,train
665,0.039747,0.253079,0.160283,0.00917843,0.229436,7.72097e+06,0.497996,0.00864611,-0.0841782,57.5977,-1.10079,test
666,0.0355241,0.378716,0.192263,3.80969,0.298118,774074,1.01287,0.0146084,-0.111805,69.3348,-1.62234,train
667,0.0595371,0.301167,0.164405,4.77592,0.412315,6.67419e+06,1.46774,0.00994273,-0.163281,147.619,-2.17201,train
668,0.0245048,0.51174,0.0675103,1.29531,0.337505,322752,0.511577,0.0128631,-0.0866689,39.7707,-0.627725,train
669,0.0325302,0.530742,0.101726,-0.829503,0.248575,3.75363e+06,0.379292,0.00861862,-0.114285,44.0084,-0.534475,train
670,0.0126854,0.448769,0.0838314,2.09478,0.173725,3.75553e+06,0.415146,0.00835242,-0.0404007,49.7037,-0.827854,train
671,0.0591305,0.474973,0.0746004,4.1975,0.381894,5.79806e+06,1.36037,0.00839578,-0.202538,162.031,-2.31408,train
672,0.0126423,0.343162,0.168194,5.64996,0.276223,283341,0.900842,0.0166178,-0.0465658,54.2094,-1.94087,train
673,0.0370396,0.370971,0.136677,0.521766,0.475934,6.70474e+06,0.611828,0.0084822,-0.111615,72.1308,-1.00244,train
674,0.0134076,0.334865,0.101453,0.32146,0.323196,4.95609e+06,0.210657,0.00817065,-0.0349693,25.7822,-0.519778,train
675,0.0496543,0.232002,0.154763,-1.15988,0.461907,2.31534e+06,0.506695,0.0104792,-0.107081,48.3522,-1.20637,test
676,0.050913,0.367584,0.137348,6.85509,0.320913,3.62748e+06,1.5601,0.0105516,-0.155371,147.855,-2.44356,train
677,0.0393551,0.356027,0.151444,6.35705,0.342538,5.36574e+06,1.36619,0.00986794,-0.122288,138.448,-2.21748,train
678,0.0437963,0.374047,0.171446,5.31538,0.266276,680171,1.2895,0.0147539,-0.135133,87.4007,-1.8864,test
679,0.000600751,0.346676,0.0934776,2.13906,0.259608,5.31736e+06,0.267962,0.00796991,-0.00400079,33.6217,-0.853047,test
680,0.00289692,0.470858,0.0910705,-0.298294,0.22633,570494,0.00372108,0.0118049,-0.00887552,0.315214,-0.34665,train
681,0.0525788,0.316203,0.104857,6.31293,0.0727508,1.5357e+06,1.37307,0.0111936,-0.133919,122.666,-2.15932,train
682,0.0555973,0.538134,0.0604869,6.0249,0.175716,217906,1.47374,0.0153269,-0.198761,96.1541,-6.62643,train
683,0.00620615,0.40545,0.175697,-0.678817,0.413624,1.8144e+06,0.000360556,0.011295,-0.0174958,0.0319218,-0.716463,train
684,0.0209319,0.546169,0.15873,4.44151,0.468464,2.19152e+06,0.98459,0.0111221,-0.0964613,88.5253,-1.80292,train
685,0.0321294,0.239452,0.0964899,-3.93565,0.284078,504366,-0.107961,0.0122228,-0.0627731,-8.83277,-2.79138,train
686,0.0355595,0.25628,0.0969548,3.54943,0.363899,232948,0.882106,0.0149621,-0.0843654,58.9561,-1.31044,train
687,0.0428215,0.243897,0.148622,-2.79763,0.0511625,208278,0.167637,0.0162151,-0.0813107,10.3383,-1.26373,train
688,0.0413764,0.361145,0.17798,6.77144,0.34277,7.76231e+06,1.48278,0.0100315,-0.134061,147.813,-2.35656,train
689,0.0382527,0.379645,0.123598,-0.185872,0.169605,1.37519e+06,0.470997,0.0107744,-0.102827,43.7146,-0.78,train
690,0.0288078,0.266325,0.137783,4.10671,0.438391,2.30503e+06,0.938338,0.0104957,-0.0767984,89.4022,-1.55543,test
691,0.0286957,0.430268,0.0789011,5.44371,0.107636,8.93394e+06,0.999772,0.00752234,-0.088442,132.907,-3.22727,train
692,0.0248475,0.525423,0.109664,7.99858,0.185765,2.41415e+06,1.3254,0.0103476,-0.0978864,128.088,-4.62488,train
693,0.0373978,0.572864,0.176658,-1.76186,0.376676,3.40247e+06,0.411904,0.0102427,-0.148435,40.2144,-0.79699,train
694,0.0234314,0.3749,0.132107,5.29444,0.216327,894786,0.962145,0.0123593,-0.0730349,77.8479,-1.8866,train
695,0.0498081,0.53854,0.060079,-2.22003,0.287339,244606,0.451964,0.0133886,-0.175155,33.7575,-1.05419,train
696,0.0441196,0.48511,0.0731185,-3.76273,0.0544203,394844,0.147735,0.0123005,-0.134582,12.0105,-2.27194,train
697,0.00654565,0.572641,0.0628515,-3.1495,0.217118,352176,-0.273119,0.0123921,-0.022099,-22.0398,-1.90074,train
698,0.0202706,0.526784,0.131706,2.5586,0.0964367,7.10812e+06,0.610306,0.00831724,-0.0748479,73.3785,-1.02007,train
699,0.0487631,0.30731,0.0887618,3.59197,0.337269,595524,1.04736,0.0124246,-0.124069,84.2979,-1.34924,train
700,0.00499645,0.221503,0.0834647,-3.88428,0.31931,243200,-0.420245,0.0139665,-0.00624664,-30.0895,-2.21326,train
701,0.0510261,0.223991,0.141605,7.5232,0.234248,714885,1.55259,0.0142568,-0.118027,108.902,-2.58588,test
702,0.00683471,0.23753,0.149718,1.01607,0.248015,6.8741e+06,0.213016,0.00851038,-0.0160958,25.0302,-0.747208,train
703,0.0299592,0.245785,0.169366,4.92962,0.480566,2.78195e+06,1.11681,0.0110949,-0.0828359,100.66,-1.97961,train
704,0.0580573,0.341737,0.191723,0.111647,0.14291,610043,0.792483,0.0149275,-0.146612,53.0889,-1.37036,train
705,0.0384056,0.549679,0.197619,2.67338,0.48951,514352,1.09306,0.01618,-0.171025,67.556,-1.5944,train
706,0.0262992,0.220715,0.106816,5.15251,0.0948522,952349,0.910837,0.0115704,-0.0580706,78.7214,-1.65775,train
707,0.0381157,0.227469,0.109955,-2.203,0.150121,7.865e+06,0.170869,0.00768614,-0.0723317,22.2308,-1.40245,train
708,0.0389554,0.373182,0.168635,-0.313929,0.147977,4.49745e+06,0.483391,0.00962514,-0.103683,50.2218,-0.948856,train
709,0.0312901,0.263442,0.124591,-0.00250906,0.302434,1.24992e+06,0.38599,0.0109384,-0.0694252,35.2877,-0.841216,train
710,0.0279144,0.534315,0.103993,3.19568,0.435632,3.50367e+06,0.866908,0.00907419,-0.112221,95.5356,-1.42975,test
711,0.0286603,0.581824,0.19689,2.0757,0.31973,534679,0.780272,0.0155015,-0.124164,50.3351,-1.28407,train
712,0.00384445,0.308835,0.126859,5.537,0.297701,3.2426e+06,0.747425,0.00949984,-0.0185985,78.6776,-2.22722,test
713,0.0518841,0.24537,0.184432,-2.47395,0.473046,624439,0.376871,0.014184,-0.111652,26.5701,-1.16408,train
714,0.00555937,0.272257,0.187551,-3.71238,0.136394,1.07014e+06,-0.401606,0.0129205,-0.0023499,-31.0828,-1.29654,test
715,0.0212615,0.571066,0.114961,-0.46365,0.297999,285060,0.280795,0.0142474,-0.0820055,19.7085,-0.517023,train
716,0.0395448,0.226134,0.122096,6.93066,0.318023,5.57891e+06,1.35318,0.00922142,-0.0938806,146.743,-2.29154,train
717,0.0169528,0.305608,0.160199,3.66103,0.0519226,2.20288e+06,0.666464,0.0108158,-0.0473744,61.6196,-1.28793,train
718,0.0157599,0.420221,0.151705,7.08722,0.113688,238357,1.08815,0.0169649,-0.0603348,64.1414,-2.62765,train
719,0.0149921,0.354652,0.181608,-1.89128,0.338235,211100,-0.0406869,0.0173845,-0.0358828,-2.34041,-0.883891,test
720,0.0406776,0.487946,0.167249,4.90403,0.387875,3.51357e+06,1.30216,0.0108712,-0.157271,119.78,-1.90218,train
721,0.0570538,0.347846,0.123148,-2.99268,0.364545,3.87299e+06,0.371029,0.00892535,-0.147487,41.5703,-1.50758,train
722,0.0326078,0.297144,0.182639,4.41951,0.256014,1.72576e+06,1.0056,0.0122898,-0.0891065,81.8243,-1.70927,train
723,0.00183348,0.364019,0.0687435,-1.31966,0.153045,1.32429e+06,-0.132058,0.00967769,-0.00367055,-13.6456,-0.582833,train
724,0.0224546,0.303812,0.0857422,-3.63237,0.247792,368890,-0.170514,0.012766,-0.0493442,-13.3569,-2.26388,train
725,0.0265245,0.574423,0.0917913,5.60595,0.28115,3.96687e+06,1.09544,0.00890912,-0.108981,122.957,-3.42375,train
726,0.0477278,0.425928,0.153724,-2.04533,0.0613239,251361,0.397976,0.0158827,-0.134505,25.0572,-0.79149,train
727,0.0353243,0.245017,0.101698,5.87239,0.412238,379678,1.1997,0.0141753,-0.0877902,84.6328,-2.13585,train
728,0.0321035,0.522629,0.066027,-1.85827,0.0845101,273679,0.226268,0.0131039,-0.105975,17.2672,-0.790871,train
729,0.0319382,0.208637,0.182257,3.05918,0.194371,3.0298e+06,0.788597,0.0108742,-0.0677897,72.52,-1.59174,train
730,0.00390355,0.386194,0.145034,-2.63739,0.332963,3.51083e+06,-0.287838,0.0094523,-0.00600097,-30.4516,-1.02237,train
731,0.0345136,0.240098,0.156254,-1.88322,0.446797,1.35795e+06,0.204028,0.0114216,-0.072882,17.8633,-0.943447,train
732,0.025193,0.373819,0.193824,5.53195,0.0954407,518681,1.04776,0.0159099,-0.0835483,65.8559,-1.86977,train
733,0.0249041,0.29069,0.17756,-0.122027,0.369833,9.66596e+06,0.323873,0.00859925,-0.0598459,37.663,-0.948345,test
734,0.0268978,0.378081,0.0666233,-3.98015,0.12103,1.99262e+06,-0.137984,0.00895608,-0.0674801,-15.4067,-3.25248,test
735,0.055781,0.288068,0.19377,0.299121,0.408686,4.0455e+06,0.827302,0.0106871,-0.136934,77.4115,-1.56678,train
736,0.0252034,0.308138,0.12836,6.11493,0.423907,501250,1.15076,0.0140252,-0.0763753,82.0495,-2.36149,train
737,0.0244723,0.582716,0.0900033,3.49302,0.23036,4.8233e+06,0.798804,0.00832157,-0.0984123,95.992,-1.70719,train
738,0.0465075,0.395718,0.190163,3.7338,0.365123,262698,1.19446,0.0184119,-0.150626,64.8744,-1.74209,train
739,0.0472546,0.347527,0.111715,2.21062,0.0976552,758781,0.846056,0.0121108,-0.121957,69.8596,-1.12105,train
740,0.029723,0.523113,0.115729,-1.29833,0.477226,1.33992e+06,0.310174,0.0105834,-0.113154,29.3076,-0.572065,train
741,0.00162839,0.4251,0.179456,-0.170483,0.495009,4.54864e+06,0.00164754,0.00971564,-0.00501916,0.169576,-0.720719,train
742,0.00328183,0.589806,0.198935,7.94302,0.31449,6.13834e+06,1.11923,0.0104312,-0.0371713,107.296,-2.80189,train
743,0.0295872,0.283555,0.172337,2.44866,0.143938,1.11173e+06,0.684294,0.0125971,-0.072093,54.3216,-1.27725,test
744,0.0276461,0.389079,0.199573,0.406025,0.0529954,818045,0.436365,0.0140346,-0.0774075,31.0922,-1.0027,train
745,0.0111438,0.459287,0.0791073,3.56131,0.146464,694369,0.564959,0.0113318,-0.0373969,49.8561,-1.73481,train
746,0.0490302,0.318381,0.0676716,0.606265,0.305793,5.50999e+06,0.661619,0.0077228,-0.121003,85.6708,-0.863123,train
747,0.00194287,0.564345,0.193075,7.50493,0.424684,8.71073e+06,1.08216,0.00966039,-0.0304641,112.021,-2.76823,test
748,0.0198551,0.282967,0.173856,4.27653,0.428105,8.82715e+06,0.866845,0.00898376,-0.0600898,96.4902,-1.64717,train
749,0.0225504,0.494095,0.0739337,-2.70107,0.15669,2.65305e+06,-0.0109271,0.00862025,-0.0704632,-1.26761,-1.30296,train
750,0.0335031,0.578285,0.0678878,-0.412432,0.327775,2.6922e+06,0.468782,0.00861603,-0.130209,54.4081,-0.466561,train
751,8.46798e-05,0.448049,0.113648,1.88397,0.0603688,3.29424e+06,0.226576,0.00896357,-0.00287325,25.2774,-0.73864,test
752,0.0143578,0.429258,0.179495,6.42983,0.469361,537733,1.13907,0.0154215,-0.0664137,73.8626,-2.43853,train
753,0.00434966,0.516416,0.0797152,-0.216506,0.474856,245730,0.0396754,0.0136974,-0.0162389,2.89655,-0.319481,train
754,0.00892289,0.327197,0.0694822,1.71267,0.155413,697001,0.304404,0.0109781,-0.0229764,27.7283,-0.658742,test
755,0.0275155,0.529459,0.121805,3.92085,0.260412,639135,0.902428,0.0128324,-0.105108,70.3242,-1.55503,test
756,0.0551952,0.282099,0.181374,-2.55667,0.085884,8.1307e+06,0.376786,0.00894297,-0.115174,42.1321,-1.02993,train
757,0.0239269,0.40727,0.125437,0.766889,0.179612,1.49074e+06,0.411291,0.0106222,-0.0693545,38.72,-0.717736,train
758,0.00678877,0.490402,0.120376,1.80463,0.0715963,3.5275e+06,0.312548,0.00899876,-0.0247296,34.7324,-0.75094,train
759,0.0404346,0.255847,0.161974,3.32978,0.372516,219658,0.975711,0.0174162,-0.0987136,56.0232,-1.67279,train
760,0.0497239,0.384633,0.133061,7.61431,0.422717,7.66847e+06,1.71621,0.00948093,-0.164567,181.017,-3.12865,train
761,0.0116713,0.488027,0.0863943,-1.41078,0.401781,2.83102e+06,-0.00816149,0.00871962,-0.0389581,-0.935992,-0.619862,train
762,0.040648,0.201339,0.064817,-3.37888,0.0729397,1.93161e+06,0.0418078,0.00896685,-0.072776,4.66249,-4.96257,train
763,0.0374413,0.331964,0.13248,5.01706,0.291734,6.96788e+06,1.11874,0.00878844,-0.105146,127.297,-1.67869,train
764,0.0375123,0.380174,0.134997,5.03452,0.415815,4.14912e+06,1.20067,0.00973117,-0.12068,123.384,-1.83432,train
765,0.048959,0.247815,0.198846,1.74206,0.124148,789581,0.847393,0.0145438,-0.105008,58.2648,-1.63083,train
766,0.0451427,0.585447,0.163508,-0.466446,0.375719,1.80957e+06,0.722507,0.0113344,-0.186813,63.7448,-0.95859,train
767,0.00309963,0.318304,0.120786,4.6248,0.394471,8.47381e+06,0.64468,0.00793184,-0.0155279,81.2775,-1.89336,train
768,0.0409271,0.384753,0.187686,-1.91738,0.139296,2.14247e+06,0.319665,0.0113561,-0.107122,28.1493,-0.871492,test
769,0.0388175,0.593116,0.189915,-3.77162,0.168308,355053,0.172831,0.0159664,-0.144738,10.8247,-1.0544,train
770,0.000700742,0.228044,0.188209,-2.09299,0.167582,379040,-0.259292,0.0157259,0.00421346,-16.4882,-0.972143,train
771,0.0398784,0.577437,0.198309,2.04444,0.487154,1.23141e+06,1.05041,0.0136618,-0.183237,76.8865,-1.50022,train
772,0.0293353,0.348221,0.170207,-2.69101,0.456791,3.4635e+06,0.0537513,0.00996013,-0.0764067,5.39665,-1.09551,train
773,0.0080573,0.255275,0.109357,5.07231,0.341275,423297,0.740064,0.0133779,-0.0251219,55.3198,-2.14005,train
774,0.0378545,0.557763,0.0624409,2.70901,0.320243,261481,0.894282,0.0137299,-0.144054,65.1341,-1.77683,train
775,0.0130268,0.244463,0.170781,2.62848,0.462725,2.78119e+06,0.549867,0.0105442,-0.0365963,52.1486,-1.26597,train
776,0.0296082,0.407077,0.104199,3.58055,0.20648,313137,0.818829,0.0141791,-0.0891089,57.7491,-1.28908,train
777,0.0560181,0.28566,0.0905827,7.78342,0.332278,278810,1.64153,0.0158118,-0.143077,103.816,-3.60115,train
778,0.00165541,0.51509,0.169171,-0.749022,0.134193,2.22457e+06,-0.0689624,0.010733,-0.00401467,-6.42524,-0.676314,train
779,0.0106192,0.291521,0.0902988,5.37655,0.246023,1.17189e+06,0.775692,0.0106559,-0.0306167,72.7947,-2.70864,train
780,0.0458068,0.493551,0.0778694,-1.63719,0.46563,480995,0.478649,0.0120786,-0.162825,39.6278,-0.728561,train
781,0.000958092,0.58685,0.062789,-1.80364,0.488511,5.46712e+06,-0.221119,0.00748995,-0.00260839,-29.5221,-0.951732,train
782,0.0539916,0.50501,0.100057,3.62864,0.488304,498031,1.34559,0.0136649,-0.208962,98.4703,-1.67859,train
783,0.0129839,0.279014,0.195698,4.1806,0.417659,5.22361e+06,0.7673,0.0102313,-0.0442085,74.9957,-1.64739,train
784,0.0523944,0.347034,0.169416,7.96896,0.187534,337602,1.6954,0.0179765,-0.156538,94.3123,-2.63341,train
785,0.0386732,0.293279,0.190122,2.35919,0.481762,6.00011e+06,0.908389,0.00999325,-0.107125,90.9002,-1.64135,train
786,0.0532014,0.489364,0.104359,1.24547,0.195024,222549,0.892842,0.0153318,-0.175166,58.2347,-0.944894,train
787,0.0115786,0.403016,0.167476,6.62907,0.398455,421207,1.06748,0.0155993,-0.0520102,68.4313,-2.47721,train
788,0.0223751,0.544766,0.0797372,2.5236,0.386094,363212,0.663524,0.012978,-0.0874949,51.1268,-1.23955,test
789,0.0230536,0.292563,0.172177,5.98265,0.360748,502703,1.11011,0.0153048,-0.0715239,72.533,-2.07708,train
790,0.0488361,0.30579,0.0780241,-1.72105,0.307734,1.09106e+06,0.377382,0.0102771,-0.115571,36.7207,-1.52866,test
791,0.0420304,0.426517,0.197467,1.81608,0.466093,3.30863e+06,0.937288,0.0112906,-0.146242,83.0146,-1.47758,train
792,0.0267019,0.542852,0.128945,-2.34785,0.408888,7.41185e+06,0.125189,0.0080435,-0.099497,15.5641,-0.834974,train
793,0.03327,0.57356,0.153485,-2.55132,0.423359,1.05605e+06,0.233013,0.0119015,-0.132616,19.5785,-0.847664,train
794,0.053882,0.219763,0.191455,-3.51614,0.119669,366756,0.21985,0.0159413,-0.0934803,13.7912,-1.34619,train
795,0.0114887,0.351367,0.0872688,-3.14053,0.46354,397156,-0.259413,0.0126423,-0.0288752,-20.5195,-1.69184,train
796,0.0101805,0.304256,0.195863,-1.30574,0.308303,904554,-0.0344871,0.0134858,-0.0209567,-2.55728,-0.822779,train
797,0.0262729,0.263633,0.10649,0.723933,0.198018,6.09805e+06,0.396911,0.0080224,-0.0577035,49.4754,-0.762546,train
798,0.0157494,0.331638,0.139448,-2.92852,0.0917611,1.10416e+06,-0.160448,0.0114432,-0.0333822,-14.0213,-1.08268,train
799,0.0530153,0.270554,0.16216,2.05102,0.073143,5.4502e+06,0.908293,0.00950753,-0.118775,95.534,-1.53333,train
800,0.0161732,0.430492,0.165495,0.490746,0.128329,3.05821e+06,0.28775,0.0101159,-0.0492783,28.4454,-0.761655,train
801,0.0450662,0.474671,0.164717,1.86453,0.364876,2.03112e+06,0.943285,0.0113715,-0.158987,82.9518,-1.26617,train
802,0.00506713,0.477581,0.0880695,6.84721,0.112666,1.74192e+06,0.87271,0.00996497,-0.0230692,87.5778,-4.59669,train
803,0.0124019,0.411146,0.188665,5.82155,0.23106,1.45176e+06,0.932039,0.0127648,-0.0525764,73.0163,-1.97374,train
804,0.009517,0.333288,0.0940779,-1.36839,0.449884,209660,-0.0532998,0.0145389,-0.0241628,-3.66601,-0.67718,test
805,0.0583147,0.366442,0.159582,2.81547,0.429961,3.56386e+06,1.22728,0.0105514,-0.176086,116.315,-1.6861,train
806,0.0494669,0.320231,0.0729911,4.58975,0.445607,7.53034e+06,1.22732,0.00787014,-0.135511,155.946,-1.85248,train
807,0.00587264,0.469167,0.176428,0.115621,0.479207,1.83104e+06,0.113666,0.0113047,-0.021573,10.0548,-0.7569,train
808,0.00958705,0.285884,0.121469,-0.0814354,0.055998,7.15745e+06,0.104491,0.00796995,-0.0212005,13.1106,-0.498537,train
809,0.0466362,0.442616,0.137127,4.72595,0.226926,3.99624e+06,1.23692,0.00988341,-0.152706,125.151,-1.67869,train
810,0.0270294,0.288537,0.188278,-2.40605,0.131263,3.22918e+06,0.0428809,0.0105235,-0.0545477,4.07479,-0.926723,train
811,0.0380749,0.482714,0.146153,-3.25592,0.454859,241261,0.160087,0.0156402,-0.129895,10.2356,-1.17098,train
812,0.0400568,0.467519,0.130262,-2.60243,0.146884,4.27694e+06,0.240106,0.00885741,-0.121236,27.1079,-0.890841,train
813,0.0597708,0.574296,0.178482,-3.10501,0.328171,2.34033e+06,0.602587,0.011104,-0.230003,54.2675,-0.915776,train
814,0.00510791,0.224374,0.119332,4.75301,0.0715535,281648,0.629501,0.0146758,-0.0170025,42.8937,-1.76216,test
815,0.0297435,0.378205,0.174105,7.76229,0.388902,1.95214e+06,1.47912,0.0125649,-0.108189,117.718,-2.85634,test
816,0.0135485,0.202815,0.108024,1.55401,0.0851571,501913,0.337395,0.012577,-0.0271229,26.8264,-0.751259,train
817,0.00515183,0.35891,0.0737308,-0.329056,0.450631,905254,0.025873,0.0104698,-0.0142929,2.47119,-0.324916,train
818,0.0365225,0.580321,0.11466,-3.88658,0.365852,528242,0.102178,0.0125311,-0.141111,8.15395,-1.35671,train
819,0.0294924,0.345016,0.124229,1.58688,0.147087,3.13842e+06,0.563244,0.00937125,-0.07701,60.1033,-0.894885,train
820,0.0482304,0.463984,0.103243,2.10293,0.415056,1.90186e+06,0.981497,0.0102053,-0.165623,96.1753,-1.07004,train
821,0.0172613,0.228904,0.179002,7.75767,0.289935,7.18414e+06,1.2334,0.00981792,-0.055758,125.627,-2.674,train
822,0.0182122,0.575409,0.19048,4.64108,0.145666,1.06748e+06,0.893922,0.0135146,-0.0835663,66.1449,-1.68514,test
823,0.0376407,0.406904,0.083927,0.461615,0.0695196,1.02173e+06,0.524318,0.0105991,-0.104543,49.4682,-0.65858,train
824,0.0535837,0.406571,0.125179,1.44753,0.440271,5.71343e+06,0.969057,0.00879468,-0.169141,110.187,-1.22407,test
825,0.0533616,0.205621,0.0923808,-0.55664,0.085274,316799,0.520847,0.0135204,-0.0987497,38.5232,-1.17769,train
826,0.00251366,0.511445,0.129477,3.92822,0.485625,8.16645e+06,0.584326,0.00808078,-0.0169762,72.3106,-1.60651,train
827,0.0552258,0.303004,0.13685,2.60003,0.208552,625960,1.01144,0.0134314,-0.134905,75.3046,-1.49222,train
828,0.0576768,0.364623,0.132651,2.61538,0.213643,8.53011e+06,1.07138,0.00845756,-0.157904,126.677,-1.40131,train
829,0.0524113,0.365075,0.197747,-3.58713,0.33604,441873,0.270097,0.0156303,-0.134529,17.2804,-1.22182,train
830,0.0345264,0.201514,0.140421,0.303486,0.319529,602154,0.460854,0.0130064,-0.0669573,35.4328,-1.07784,train
831,0.0257563,0.391144,0.19907,4.26785,0.225074,1.48121e+06,0.92378,0.0130483,-0.0860495,70.7967,-1.6281,train
832,0.0504155,0.359542,0.112981,1.37569,0.226475,3.04748e+06,0.808566,0.00940011,-0.134264,86.0166,-1.08034,train
833,0.0350442,0.455574,0.10775,5.21594,0.258932,4.62187e+06,1.12343,0.00897437,-0.117725,125.182,-2.22969,train
834,0.0356141,0.507253,0.068416,4.78779,0.303593,864325,1.08132,0.0111929,-0.126395,96.6069,-3.52166,test
835,0.058981,0.323173,0.146701,3.14565,0.172002,3.30132e+06,1.13771,0.0102791,-0.150325,110.681,-1.61729,test
836,0.0024728,0.400835,0.188748,2.41002,0.289371,1.50449e+06,0.353882,0.0121471,-0.0139255,29.133,-1.08579,train
837,0.00218059,0.402645,0.110706,1.40812,0.152535,2.73522e+06,0.198071,0.00919847,-0.00802476,21.533,-0.626628,test
838,0.0599726,0.323084,0.198642,0.748722,0.188562,4.7651e+06,0.902931,0.0106065,-0.148933,85.1296,-1.54494,train
839,0.0229302,0.400241,0.0816078,6.77625,0.275006,785381,1.11269,0.0117206,-0.0723581,94.9346,-4.68608,train
840,0.0108862,0.327843,0.150028,6.09819,0.373492,4.29351e+06,0.953016,0.00968513,-0.0415617,98.4,-2.28465,train
841,0.043401,0.49158,0.172965,4.91492,0.163898,3.83317e+06,1.26616,0.0107972,-0.157761,117.267,-1.80311,train
842,0.0102555,0.354349,0.170723,6.19955,0.240571,812955,0.933003,0.0136211,-0.0420585,68.4968,-2.12969,test
843,0.0527184,0.406247,0.190982,-3.77633,0.401108,276252,0.277069,0.0168969,-0.151034,16.3976,-1.28005,test
844,0.0532451,0.498667,0.147696,-3.15999,0.0652717,743115,0.380862,0.0126295,-0.168683,30.1566,-0.944694,train
845,0.00312917,0.44145,0.0621635,5.04443,0.243169,298901,0.636425,0.0130488,-0.0131263,48.7728,-4.48918,train
846,0.0290264,0.555079,0.189515,0.758174,0.292935,2.1793e+06,0.585894,0.011537,-0.114651,50.784,-1.03354,train
847,0.0416942,0.423618,0.117485,6.80114,0.066943,432245,1.35798,0.0145487,-0.131455,93.3406,-2.84798,train
848,0.0267772,0.20576,0.0798834,-1.04371,0.0648568,277968,0.168518,0.0133782,-0.0490302,12.5965,-0.947005,train
849,0.0540051,0.495925,0.17589,-1.49826,0.200468,2.91292e+06,0.623417,0.0106384,-0.178133,58.6005,-0.970631,test
850,0.0444508,0.598137,0.153843,2.54627,0.311426,252859,1.08746,0.0168331,-0.190273,64.6026,-1.32283,train
851,0.0446922,0.235736,0.122714,-3.26894,0.053568,7.06142e+06,0.121788,0.00800874,-0.0840897,15.2069,-1.88548,train
852,0.02028,0.415849,0.191283,6.49536,0.329304,370688,1.16914,0.0171546,-0.081266,68.1535,-2.27637,train
853,0.0431184,0.30632,0.119,-0.224083,0.244466,756423,0.505938,0.0119625,-0.102271,42.2935,-0.897865,train
854,0.0221978,0.332528,0.117299,4.60052,0.462291,700021,0.92584,0.0125314,-0.0688626,73.8816,-1.77911,train
855,0.0565188,0.487649,0.0821874,-3.50327,0.189343,352692,0.351836,0.0128712,-0.176795,27.3352,-1.80689,train
856,0.0486924,0.537148,0.144962,1.70513,0.146196,1.55625e+06,0.94749,0.0114362,-0.1771,82.8499,-1.1052,train
857,0.0206179,0.535668,0.0871246,1.6932,0.237884,3.41773e+06,0.505469,0.0085816,-0.0751517,58.9015,-0.755394,train
858,0.0357715,0.302161,0.110988,6.96672,0.347946,5.08532e+06,1.33392,0.00914224,-0.0989682,145.907,-2.88977,train
859,0.00549606,0.236607,0.195823,-1.13151,0.436366,8.86434e+06,-0.0829381,0.00906784,-0.00852124,-9.1464,-0.861752,train
860,0.0550077,0.441848,0.150165,-1.60947,0.202941,4.23822e+06,0.56873,0.00938611,-0.163914,60.5927,-0.90967,train
861,0.0433575,0.267964,0.112935,6.73526,0.311607,6.27142e+06,1.37256,0.0089125,-0.10904,154.004,-2.34719,train
862,0.0398206,0.394831,0.0691078,4.7844,0.262988,8.20664e+06,1.07132,0.00755408,-0.115752,141.821,-2.73039,test
863,0.00317475,0.480287,0.0763313,-2.2819,0.0506039,4.39195e+06,-0.222987,0.00796457,-0.00791378,-27.9973,-0.985759,train
864,0.00380941,0.534136,0.0744691,4.92218,0.184049,2.49111e+06,0.633676,0.00893432,-0.0176008,70.926,-3.29501,train
865,0.0383254,0.533179,0.124439,2.16432,0.116576,244199,0.82747,0.0155236,-0.138038,53.3041,-1.00186,test
866,0.0416278,0.49604,0.1565,2.79542,0.258517,3.92984e+06,0.982879,0.0100012,-0.148734,98.2757,-1.29121,train
867,0.0249936,0.307363,0.100948,-3.44952,0.308627,449906,-0.119535,0.0126073,-0.0563797,-9.48143,-1.83695,test
868,0.0469974,0.587773,0.172749,-1.40465,0.165755,2.08423e+06,0.598265,0.011179,-0.181439,53.517,-0.862697,test
869,0.0259402,0.565322,0.0911668,6.28149,0.189308,6.93669e+06,1.13674,0.00814887,-0.103443,139.497,-4.03996,train
870,0.0222733,0.543889,0.0725191,-0.816203,0.291473,438206,0.230341,0.0120569,-0.0802531,19.1044,-0.34639,train
871,0.00647505,0.508629,0.154682,-1.98759,0.391876,1.35153e+06,-0.162285,0.0113824,-0.0194019,-14.2575,-0.882478,train
872,0.0486215,0.275484,0.106068,-2.26403,0.246277,2.60266e+06,0.303412,0.00922692,-0.105416,32.8834,-1.50104,train
873,0.00695928,0.284566,0.189903,2.37147,0.11814,1.78619e+06,0.391821,0.0118309,-0.0219146,33.1185,-1.08275,test
874,0.00909147,0.486559,0.0760991,0.102608,0.0735655,7.06734e+06,0.133568,0.00734228,-0.0289028,18.1916,-0.324437,train
875,0.0546552,0.331002,0.0621338,3.59857,0.149072,2.47505e+06,1.04951,0.00910394,-0.13563,115.281,-1.19534,train
876,0.010793,0.544074,0.0777862,7.10032,0.253798,374640,1.00789,0.0132839,-0.0456131,75.8734,-6.15733,test
877,0.00228656,0.304384,0.0848151,-0.650696,0.280121,3.66009e+06,-0.0516587,0.0083196,-0.0047917,-6.20927,-0.405395,train
878,0.00274406,0.339872,0.0988517,6.14781,0.0984114,959182,0.761099,0.0112216,-0.0140717,67.8243,-3.25042,train
879,0.0473912,0.292848,0.162297,-0.332991,0.214419,263044,0.562938,0.0161815,-0.108441,34.789,-1.12489,train
880,0.0543226,0.251618,0.134916,6.07113,0.33815,4.27784e+06,1.46025,0.0100486,-0.132016,145.318,-2.26055,train
881,0.0315882,0.586342,0.116819,5.19817,0.437076,1.11994e+06,1.23285,0.0118924,-0.142856,103.667,-2.59264,train
882,0.0515264,0.230853,0.0601612,-2.13436,0.328941,3.47348e+06,0.324674,0.00807431,-0.105474,40.2108,-3.89378,train
883,0.0199086,0.576293,0.133348,1.78594,0.465322,4.87469e+06,0.594913,0.00887239,-0.0884257,67.0522,-0.977017,train
884,0.0591015,0.595297,0.181777,-0.23387,0.245407,660130,0.974969,0.0146134,-0.2392,66.7173,-1.16163,train
885,0.0326643,0.312644,0.164492,3.4392,0.327387,1.70103e+06,0.889346,0.0116657,-0.0898332,76.2356,-1.46638,train
886,0.0289868,0.249264,0.183245,5.63088,0.365612,634780,1.14692,0.0150825,-0.0797723,76.0432,-2.06796,train
887,0.045438,0.336888,0.0839029,3.42949,0.3976,1.06527e+06,1.01926,0.0109908,-0.124859,92.737,-1.23512,train
888,0.0175791,0.232592,0.0735864,4.76092,0.322121,1.24604e+06,0.7838,0.0102265,-0.0413504,76.6442,-2.40499,train
889,0.00720694,0.435219,0.190252,-2.4867,0.101863,5.45414e+06,-0.212668,0.00970307,-0.0150665,-21.9176,-1.01036,train
890,4.40076e-05,0.569228,0.0927246,0.588361,0.247174,256012,0.0720589,0.0139121,-0.000833251,5.17958,-0.416066,train
891,0.0220254,0.321331,0.0885465,-2.28964,0.308799,783412,-0.0103146,0.011055,-0.0523348,-0.933028,-1.20794,train
892,0.0512066,0.573715,0.0722301,-2.88136,0.295882,4.02888e+06,0.430713,0.00808659,-0.19182,53.2626,-1.15722,train
893,0.0457411,0.232186,0.0951414,0.472889,0.268692,354708,0.587795,0.0133396,-0.0942867,44.0639,-1.03693,train
894,0.00624351,0.465852,0.071772,6.55177,0.292447,386989,0.874707,0.0128686,-0.0255929,67.9723,-5.93514,train
895,0.0238934,0.562842,0.133667,7.60248,0.0552564,9.78789e+06,1.28395,0.00852213,-0.101492,150.661,-3.44282,train
896,0.0301983,0.263953,0.0796498,-2.00001,0.259721,3.71504e+06,0.108571,0.00822499,-0.064135,13.2002,-1.46809,train
897,0.0290504,0.33618,0.184775,-3.44222,0.436776,1.74979e+06,-0.0572686,0.0116205,-0.0701032,-4.92826,-1.30676,train
898,0.0482663,0.233078,0.133494,3.20528,0.0564609,653950,0.952677,0.0131426,-0.101316,72.4877,-1.59488,train
899,0.0387644,0.423027,0.1914,-0.662638,0.0526528,4.14591e+06,0.46429,0.0102932,-0.111676,45.1063,-0.95591,train
900,0.0521012,0.20184,0.102335,4.49347,0.271695,517376,1.15071,0.013262,-0.106191,86.7673,-1.93264,train
901,0.0541693,0.241264,0.0868346,6.24515,0.147555,455203,1.34368,0.0135708,-0.118588,99.0129,-1.97751,train
902,0.0343674,0.281508,0.0939788,7.39059,0.329035,511887,1.33387,0.0134166,-0.0900686,99.4194,-3.74266,train
903,0.039997,0.333929,0.121321,2.69509,0.344103,224955,0.86688,0.0157568,-0.108683,55.0162,-1.21889,train
904,0.00474346,0.492349,0.0607413,-2.87697,0.411363,3.83577e+06,-0.293016,0.00793785,-0.0142839,-36.9138,-1.89356,test
905,0.0224199,0.203078,0.136736,3.9306,0.0873927,724540,0.738829,0.0127038,-0.048363,58.1581,-1.3937,train
906,0.000371902,0.568088,0.118913,0.915657,0.361347,739771,0.123865,0.0118407,-0.00291669,10.461,-0.581057,test
907,0.0384935,0.445362,0.150313,-0.79581,0.467387,364139,0.490531,0.0146886,-0.129254,33.3954,-0.876601,train
908,0.00894617,0.460817,0.10715,1.43876,0.402743,961439,0.318085,0.0110759,-0.031959,28.7186,-0.699431,train
909,0.0384498,0.319025,0.113737,-1.78707,0.411737,2.89021e+06,0.273433,0.00918278,-0.0969722,29.7767,-0.971036,train
910,0.0193861,0.357305,0.184629,2.01411,0.169659,1.03563e+06,0.520338,0.0129906,-0.0561644,40.0551,-1.10192,test
911,0.0395617,0.365532,0.0620462,-0.84813,0.419295,603458,0.405509,0.0111828,-0.110115,36.2618,-0.754628,train
912,0.000277166,0.585027,0.178854,-0.204612,0.0880092,348632,-0.0211919,0.0155716,-0.000580651,-1.36093,-0.641057,train
913,0.0182505,0.255524,0.166892,3.17981,0.215436,856494,0.634222,0.0130132,-0.0462386,48.7367,-1.28114,train
914,0.0414713,0.420963,0.171167,5.95539,0.214986,260407,1.34232,0.0179894,-0.138947,74.6173,-2.05505,train
915,0.0250183,0.540924,0.077069,-0.396833,0.470069,2.51281e+06,0.348705,0.00881616,-0.0978465,39.553,-0.453262,train
916,0.0118608,0.385914,0.151152,1.84908,0.3841,9.16799e+06,0.415443,0.00820826,-0.0388486,50.6128,-0.938481,test
917,0.0219527,0.296836,0.158169,1.7754,0.158131,2.71784e+06,0.499462,0.0102602,-0.0544465,48.6794,-1.01476,train
918,0.0524977,0.411801,0.162718,5.43851,0.461567,2.16796e+06,1.55772,0.0121704,-0.183805,127.992,-2.09596,train
919,0.000780012,0.571207,0.109731,0.0835674,0.208921,1.5605e+06,0.0222729,0.0101195,-0.00307442,2.201,-0.397549,train
920,0.010212,0.35241,0.0850062,-2.02077,0.357947,7.82189e+06,-0.122005,0.007339,-0.0252879,-16.6243,-0.945023,train
921,0.0570002,0.359025,0.0840548,5.88226,0.441094,429848,1.521,0.0140319,-0.169411,108.396,-2.78485,train
922,0.0136992,0.547276,0.138861,0.590059,0.0736692,1.01704e+06,0.280168,0.0116422,-0.0504655,24.0649,-0.646622,train
923,0.0241544,0.559434,0.0662219,0.846781,0.0679546,1.29071e+06,0.44395,0.0097829,-0.0870281,45.3803,-0.491842,train
924,0.0131121,0.556521,0.0953939,-3.39231,0.0773628,380771,-0.207706,0.0129228,-0.0433385,-16.0728,-1.35094,train
925,0.0499719,0.243375,0.119246,3.57958,0.0914556,1.08582e+06,1.00966,0.0116859,-0.107456,86.3999,-1.59284,train
926,0.0169483,0.519604,0.0723575,-0.178516,0.433454,5.80956e+06,0.235806,0.00754848,-0.0626053,31.2389,-0.374697,test
927,0.0537807,0.424249,0.118502,4.35782,0.487894,2.51718e+06,1.40198,0.0105647,-0.185722,132.704,-1.69683,train
928,0.030372,0.293738,0.151534,-3.41679,0.470926,1.9194e+06,-0.0512897,0.0105973,-0.0701955,-4.8399,-1.47668,train
929,0.0145265,0.387004,0.156551,-0.195507,0.264407,267101,0.174925,0.0156602,-0.0405666,11.1701,-0.658422,train
930,0.0283463,0.311154,0.0733215,5.41967,0.113396,2.6339e+06,0.956445,0.00909467,-0.0713559,105.166,-2.93254,train
931,0.0123222,0.475105,0.100153,2.41884,0.456271,1.25279e+06,0.50833,0.0105059,-0.046622,48.3853,-1.03088,train
932,0.000595463,0.397996,0.147618,1.90165,0.367279,689563,0.259058,0.0127501,-0.00568935,20.3182,-0.871352,train
933,0.0318691,0.340392,0.190288,0.318812,0.341672,2.30095e+06,0.493347,0.0113818,-0.0855506,43.3453,-1.09857,train
934,0.0554004,0.203857,0.0619696,-3.33517,0.056824,409727,0.202111,0.0119775,-0.100356,16.8742,-6.57179,train
935,0.0173268,0.459668,0.0998146,-0.960651,0.457315,225317,0.131628,0.0144861,-0.0579886,9.08651,-0.506998,train
936,0.03106,0.325699,0.0915141,0.549402,0.306388,328090,0.453134,0.0133508,-0.0786115,33.9406,-0.709155,train
937,0.0581512,0.55304,0.119144,-2.65663,0.377293,5.61594e+06,0.586618,0.00842269,-0.219068,69.6474,-0.778608,train
938,0.0212314,0.229861,0.106189,5.01215,0.118489,1.0541e+06,0.839926,0.0112594,-0.0489165,74.5981,-1.71146,train
939,0.0110263,0.288461,0.164542,6.05606,0.0749484,1.61168e+06,0.889943,0.0117817,-0.0383637,75.5359,-2.01343,train
940,0.0416584,0.582062,0.141189,-2.76545,0.174422,9.48546e+06,0.322993,0.0079633,-0.15544,40.5601,-0.772894,train
941,0.029517,0.408597,0.122512,-2.11089,0.112495,6.11978e+06,0.13093,0.00819729,-0.0798671,15.9723,-0.814549,train
942,0.0246637,0.497864,0.195035,3.06565,0.290758,503501,0.796981,0.0156344,-0.0956849,50.976,-1.39403,train
943,0.0260863,0.339282,0.131807,0.236831,0.172811,435937,0.359371,0.013552,-0.0658729,26.518,-0.739647,test
944,0.0479222,0.551537,0.131224,0.760358,0.159497,2.19459e+06,0.822204,0.0103269,-0.175933,79.6175,-0.926444,test
945,0.0265975,0.570255,0.0932618,0.843514,0.116512,549005,0.498117,0.0121195,-0.0994042,41.1005,-0.601366,train
946,0.00645536,0.530387,0.123714,0.311142,0.476782,8.4885e+06,0.150267,0.00779127,-0.0260532,19.2866,-0.571664,train
947,0.045386,0.249052,0.0810825,3.0983,0.429625,283940,0.95668,0.0140581,-0.10667,68.0516,-1.38296,test
948,0.0317266,0.305248,0.178295,5.8005,0.286125,9.60114e+06,1.18018,0.00928575,-0.0926807,127.096,-1.99738,train
949,0.0201961,0.482101,0.127536,7.0782,0.115773,897212,1.14015,0.0125022,-0.0767746,91.196,-3.09568,train
950,0.0035844,0.482985,0.121172,1.15779,0.0747546,2.3842e+06,0.189528,0.0096105,-0.013231,19.721,-0.607901,train
951,0.0315178,0.436619,0.192369,2.19111,0.434083,1.16172e+06,0.808375,0.0132563,-0.112002,60.9804,-1.36604,test
952,0.0418619,0.598501,0.199359,3.53558,0.185071,894374,1.17656,0.0147692,-0.181654,79.6631,-1.64052,train
953,0.0127347,0.488717,0.12741,4.70659,0.198491,1.92641e+06,0.761394,0.010431,-0.0497864,72.9932,-1.78573,train
954,0.0167742,0.510577,0.129172,-3.41062,0.190662,767683,-0.173667,0.0120053,-0.0517063,-14.4659,-1.1851,train
955,0.0393047,0.549898,0.13284,-3.24014,0.137143,1.79434e+06,0.200279,0.0103444,-0.136391,19.3612,-0.97698,test
956,0.0184389,0.330553,0.137081,7.33086,0.28482,394216,1.16533,0.014996,-0.0608203,77.7095,-2.933,train
957,0.0479877,0.394995,0.0655064,3.9019,0.38321,271860,1.11246,0.0140398,-0.143485,79.2361,-1.92292,train
958,0.0074115,0.571404,0.105878,3.81115,0.361493,446281,0.604852,0.0130129,-0.0346931,46.481,-1.65467,train
959,0.049215,0.33704,0.116086,-2.13625,0.267062,257035,0.357694,0.0146288,-0.12148,24.4513,-1.09211,train
960,0.0515219,0.383852,0.19103,4.04886,0.158558,2.19946e+06,1.2302,0.0123573,-0.154072,99.5524,-1.76325,train
961,0.00932014,0.314029,0.143585,-3.02585,0.309364,1.58556e+06,-0.267052,0.0108305,-0.0172703,-24.6574,-1.14554,train
962,0.0523286,0.328172,0.0930381,4.16141,0.375889,269099,1.19417,0.0149516,-0.14148,79.8695,-1.48441,test
963,0.0369999,0.40671,0.0759446,-0.929261,0.466021,4.36373e+06,0.394831,0.00801821,-0.113881,49.2418,-0.585283,test
964,0.0280526,0.26099,0.0617938,0.867631,0.206211,488688,0.415376,0.0116536,-0.0608068,35.6436,-0.629552,train
965,0.00196623,0.439174,0.0937824,2.45346,0.222138,1.60037e+06,0.322128,0.00983909,-0.0087136,32.7396,-0.972558,train
966,0.0493429,0.211066,0.126201,4.71272,0.136853,286679,1.14161,0.0156065,-0.101801,73.1495,-1.9314,train
967,0.000157057,0.446519,0.0602974,3.38609,0.311248,380273,0.410164,0.012213,-0.00296711,33.5841,-2.34026,test
968,0.0105719,0.404573,0.190727,-3.61478,0.0780131,6.68992e+06,-0.310902,0.00942117,-0.0203932,-33.0003,-1.24816,train
969,0.0287851,0.406426,0.149058,6.49378,0.247537,1.69687e+06,1.21496,0.0117298,-0.0975395,103.578,-2.35433,train
970,0.0274191,0.360985,0.134641,3.49703,0.36359,1.53895e+06,0.828707,0.0110859,-0.0826697,74.7532,-1.29603,train
971,0.0135791,0.379054,0.14373,7.014,0.183174,353425,1.0481,0.015315,-0.0504682,68.4362,-2.69623,train
972,0.0536142,0.230052,0.129635,7.91216,0.41611,941681,1.72764,0.0136071,-0.13308,126.966,-2.80736,train
973,0.0538378,0.254266,0.0696111,2.78279,0.137237,308750,0.920421,0.0134804,-0.11504,68.2784,-1.28888,test
974,0.0299103,0.451926,0.0702144,-2.3211,0.375362,4.10377e+06,0.123572,0.00795066,-0.0934866,15.5424,-1.29173,train
975,0.0254498,0.453101,0.138305,2.98012,0.415463,513258,0.782894,0.0136774,-0.0913478,57.2401,-1.22879,train
976,0.0333508,0.221068,0.162899,6.88381,0.422409,1.10681e+06,1.37833,0.0133719,-0.0882199,103.077,-2.47059,train
977,0.0596548,0.218441,0.0801703,5.49321,0.333652,4.43976e+06,1.36413,0.00887334,-0.128199,153.733,-2.12199,train
978,0.0142387,0.490171,0.142546,1.61119,0.233047,1.22395e+06,0.411845,0.0113963,-0.0508054,36.1385,-0.835106,train
979,0.0131819,0.498275,0.0867823,5.70108,0.222728,1.68523e+06,0.866673,0.00999475,-0.04985,86.7128,-3.48878,train
980,0.0596148,0.287522,0.0907456,-3.53441,0.27771,1.43242e+06,0.278268,0.00996724,-0.132731,27.9182,-3.09665,train
981,0.0252354,0.234795,0.140682,7.32029,0.121516,2.51975e+06,1.19457,0.0107177,-0.0647618,111.457,-2.51166,train
982,0.0214963,0.414127,0.0613479,7.22097,0.207728,4.36143e+06,1.11169,0.00830934,-0.0666825,133.788,-8.09564,train
983,0.0101208,0.456554,0.126634,5.65309,0.44444,2.92296e+06,0.91349,0.00982217,-0.0446294,93.0029,-2.47231,test
984,0.00927259,0.473441,0.10372,-3.91118,0.393116,246184,-0.367525,0.0144259,-0.0261901,-25.4768,-1.74575,train
985,0.0239945,0.23993,0.127308,6.74195,0.217762,309962,1.11665,0.0153442,-0.0612489,72.7735,-2.41797,train
986,0.000475443,0.330145,0.116704,-1.5223,0.42882,3.43327e+06,-0.195345,0.00894515,0.001137,-21.8381,-0.723229,test
987,0.00043914,0.301902,0.10853,7.38508,0.282312,7.3614e+06,0.918513,0.00812656,-0.0110742,113.026,-4.1557,train
988,0.0519381,0.281369,0.108611,-3.15351,0.43105,2.66521e+06,0.254274,0.00921767,-0.121236,27.5855,-2.18859,train
989,0.055285,0.541295,0.182906,2.68847,0.340002,240850,1.27286,0.0186116,-0.219336,68.3904,-1.55866,train
990,0.0194946,0.376161,0.091215,1.97753,0.274795,636042,0.490113,0.0117283,-0.0554852,41.7888,-0.754831,train
991,0.0527506,0.408469,0.0794609,2.51551,0.154256,1.58261e+06,0.95739,0.0100689,-0.15013,95.0834,-1.01827,train
992,0.0256481,0.254994,0.136949,-3.69407,0.0844497,1.26951e+06,-0.145421,0.0110929,-0.0471756,-13.1094,-1.53707,train
993,0.0465743,0.566229,0.0973063,2.07052,0.310549,266217,0.980973,0.0147163,-0.181466,66.659,-1.02515,train
994,0.0516375,0.456269,0.0617266,1.87246,0.0638833,1.97214e+06,0.871881,0.00928763,-0.155501,93.8755,-0.818579,test
995,0.0265653,0.48639,0.112393,-2.61535,0.330769,8.09183e+06,0.0581867,0.00767424,-0.0860758,7.58209,-0.982982,train
996,0.0202348,0.39173,0.117775,-2.50184,0.0508916,678420,-0.0413521,0.0120025,-0.0513787,-3.44529,-0.960068,train
997,0.0209114,0.200872,0.110099,6.01585,0.143341,833856,0.958192,0.0119975,-0.0474395,79.8659,-2.15771,train
998,0.00857399,0.507794,0.0726991,1.08964,0.301121,1.02829e+06,0.254452,0.010243,-0.0304024,24.8416,-0.520603,train
999,0.0429113,0.438753,0.173368,-1.39309,0.435865,3.02439e+06,0.476006,0.0104076,-0.138844,45.7363,-0.949049,train
1000,0.00967831,0.337635,0.117679,0.244616,0.450101,310967,0.165852,0.0140258,-0.0270595,11.8248,-0.568356,train
1001,0.0305898,0.420097,0.164875,6.48276,0.077852,1.15107e+06,1.22408,0.0130455,-0.104253,93.8313,-2.21151,test
1002,0.0567109,0.394656,0.105108,-1.12062,0.365473,7.51468e+06,0.623749,0.00783852,-0.163062,79.5749,-0.888472,train
1003,0.0208133,0.401647,0.153116,5.62441,0.420556,841650,1.06707,0.0132139,-0.0770286,80.7536,-2.1088,train
1004,0.027196,0.482665,0.130561,-2.71859,0.334725,4.67614e+06,0.0554986,0.00870194,-0.0874038,6.37773,-0.979901,train
1005,0.0290059,0.403305,0.174164,3.38456,0.298867,4.72755e+06,0.858157,0.00995449,-0.094384,86.208,-1.40035,test
1006,0.0454675,0.463046,0.176051,-3.26406,0.261039,327447,0.253097,0.0157264,-0.138561,16.0937,-1.04131,train
1007,0.00590929,0.241155,0.0958679,6.69933,0.137812,538950,0.861723,0.0125792,-0.0198647,68.5037,-3.7566,test
1008,0.00589275,0.230714,0.106944,-2.95279,0.322479,8.51476e+06,-0.300138,0.00757252,-0.00827549,-39.6352,-1.25712,train
1009,0.00725445,0.292823,0.1333,4.06061,0.201442,1.27234e+06,0.591785,0.0112244,-0.0237585,52.7231,-1.41405,test
1010,0.0191938,0.455078,0.147175,6.12785,0.392631,613826,1.10341,0.0139228,-0.0771785,79.2522,-2.41245,train
1011,0.0316089,0.451094,0.135837,2.97335,0.120139,319164,0.79883,0.0149866,-0.102119,53.3029,-1.13994,train
1012,0.0422136,0.453239,0.186246,-0.608502,0.123101,6.50195e+06,0.535351,0.00946672,-0.129497,56.5508,-0.971242,train
1013,0.0392835,0.293164,0.190076,7.11332,0.11491,7.95604e+06,1.40898,0.0101735,-0.110391,138.495,-2.34758,train
1014,0.0427902,0.279229,0.184316,3.00581,0.333943,1.37147e+06,0.976659,0.0128225,-0.107951,76.1675,-1.68757,train
1015,0.0169956,0.365952,0.183635,5.42926,0.415719,6.52462e+06,1.00044,0.00979722,-0.0647185,102.115,-1.97253,train
1016,0.0581131,0.590655,0.171841,1.57258,0.0617104,1.65721e+06,1.14238,0.0122688,-0.231047,93.1133,-1.28956,train
1017,0.00199567,0.456472,0.0711603,2.64325,0.40464,5.0436e+06,0.362096,0.00774615,-0.00892378,46.7453,-1.37778,test
1018,0.0317719,0.22537,0.139701,-1.99894,0.290152,1.94903e+06,0.134068,0.0103209,-0.0606015,12.9899,-0.986458,train
1019,0.0495902,0.509675,0.0654795,1.76913,0.351125,3.32613e+06,0.929197,0.00858528,-0.174449,108.231,-0.853748,train
1020,0.000919491,0.293559,0.126354,0.553013,0.201649,3.62098e+06,0.0794005,0.00901394,-0.00301006,8.80864,-0.52268,train
1021,0.0475634,0.436799,0.178227,4.83722,0.355139,390986,1.36144,0.016883,-0.166324,80.6398,-1.8857,train
1022,0.0114607,0.219223,0.0709234,1.16949,0.471111,5.53758e+06,0.293443,0.00760274,-0.0261011,38.597,-0.580036,train
1023,0.0301238,0.294325,0.0867069,0.486386,0.482128,527512,0.4603,0.0120424,-0.0778781,38.2233,-0.759655,train
1024,0.00658614,0.557458,0.128059,1.25166,0.347099,1.05111e+06,0.267761,0.0113192,-0.0277666,23.6556,-0.708544,train
1025,0.0252903,0.394271,0.139579,1.20444,0.348956,2.818e+06,0.510133,0.0098108,-0.0764571,51.9971,-0.887178,train
1026,0.0113025,0.219965,0.153404,-2.10857,0.196835,2.84407e+06,-0.127863,0.00993655,-0.0176716,-12.8679,-0.859738,train
1027,0.0193142,0.492194,0.100581,3.61426,0.116259,402272,0.69691,0.0132466,-0.0671738,52.6106,-1.45379,test
1028,0.0282916,0.300247,0.0935735,-1.39866,0.262074,1.9598e+06,0.170452,0.00944211,-0.0650826,18.0523,-0.812332,train
1029,0.0584409,0.363382,0.17181,-2.45254,0.234842,2.00156e+06,0.477213,0.0111493,-0.149617,42.802,-1.0142,train
1030,0.0139927,0.364444,0.0822309,2.70217,0.299421,1.29113e+06,0.506557,0.0101079,-0.0403812,50.1151,-1.06989,train
1031,0.0366484,0.384071,0.174629,-1.14003,0.310905,2.29788e+06,0.369386,0.0108924,-0.101559,33.9123,-0.886142,train
1032,0.0217632,0.35861,0.177762,3.9484,0.429029,204850,0.866855,0.0181149,-0.0733656,47.8531,-1.57432,test
1033,0.00494415,0.258312,0.0983733,6.9115,0.0573278,1.13176e+06,0.871201,0.0109849,-0.0185747,79.3093,-3.8715,train
1034,0.0334793,0.308806,0.11351,3.16513,0.445634,903303,0.868938,0.0117841,-0.0921649,73.7385,-1.26209,train
1035,0.0215211,0.488274,0.0751624,1.73012,0.479176,2.82052e+06,0.555521,0.00870625,-0.0794561,63.8071,-0.816718,train
1036,0.00875074,0.450174,0.126993,-1.7566,0.494083,3.55076e+06,-0.107221,0.00905832,-0.0272253,-11.8367,-0.809781,test
1037,0.0313228,0.284051,0.0836751,7.46894,0.212386,6.66362e+06,1.25198,0.00821482,-0.0793453,152.404,-4.43444,test
1038,0.0400062,0.254128,0.0851071,-1.00121,0.498971,210524,0.380927,0.0144109,-0.0943211,26.4333,-1.10472,train
1039,0.0250535,0.213982,0.0965916,-1.56813,0.471185,1.50473e+06,0.105025,0.00994588,-0.0518399,10.5597,-1.10826,train
1040,0.0272315,0.376579,0.0994886,5.83761,0.0805714,1.38049e+06,1.02742,0.0107936,-0.0794828,95.1879,-2.61312,train
1041,0.0580393,0.403898,0.160869,-2.05907,0.202026,238823,0.535714,0.0164282,-0.160475,32.6094,-0.970074,train
1042,0.0522343,0.290343,0.104913,-3.76771,0.0788849,706825,0.162294,0.0116391,-0.111797,13.9438,-2.49012,train
1043,0.050819,0.478043,0.158213,-0.843472,0.0510503,1.32954e+06,0.623219,0.0117537,-0.160336,53.0232,-0.920206,train
1044,0.0456323,0.261985,0.153289,-3.40646,0.278525,252264,0.138409,0.0157249,-0.0929961,8.80185,-1.51924,train
1045,0.056139,0.469602,0.0640827,1.46092,0.334598,2.28346e+06,0.945132,0.00915812,-0.182582,103.202,-0.882745,train
1046,0.0205382,0.235653,0.0824769,1.208,0.448759,287132,0.411321,0.013465,-0.0471493,30.5474,-0.7418,train
1047,0.0214278,0.556697,0.183951,5.13541,0.386404,1.14574e+06,1.06934,0.013384,-0.100802,79.8965,-1.96518,test
1048,0.051229,0.588389,0.125957,-3.23722,0.171179,2.59313e+06,0.413987,0.00963618,-0.192326,42.9617,-0.869446,train
1049,0.0503935,0.407415,0.114825,-0.764083,0.279656,215192,0.579862,0.0153326,-0.144643,37.8189,-0.841109,train
1050,0.0337783,0.317975,0.116012,2.72716,0.376909,5.7034e+06,0.791983,0.00848981,-0.0907707,93.2863,-1.15605,test
1051,0.0151106,0.539319,0.0774272,-0.976815,0.27799,957116,0.104258,0.0104374,-0.0535079,9.98892,-0.416372,train
1052,0.0434939,0.443264,0.158397,-3.45233,0.188131,359920,0.179828,0.0147963,-0.125203,12.1535,-1.13908,train
1053,0.0253206,0.235841,0.0921161,-0.640425,0.353672,7.81646e+06,0.221629,0.00745148,-0.0531951,29.7429,-0.592947,train
1054,0.0432601,0.319468,0.165298,0.214846,0.38871,298493,0.626963,0.0159431,-0.112393,39.3249,-1.18003,train
1055,0.0525181,0.422681,0.0771411,-1.05945,0.449475,1.59105e+06,0.597989,0.00969833,-0.164357,61.6589,-0.749245,train
1056,0.0468699,0.443548,0.161873,3.01369,0.48332,342627,1.1707,0.0162655,-0.169513,71.9745,-1.54817,train
1057,0.0531293,0.422325,0.157437,2.54211,0.483994,387559,1.18359,0.0157396,-0.182498,75.1982,-1.54016,train
1058,0.0148939,0.36268,0.173214,-3.1703,0.248542,9.73642e+06,-0.204992,0.00847041,-0.0324132,-24.2009,-1.1476,test
1059,0.00944823,0.324994,0.101936,4.31726,0.173397,5.30469e+06,0.632875,0.00825804,-0.0284253,76.6375,-1.73763,train
1060,0.00322232,0.53341,0.0765821,1.3548,0.153336,201000,0.20492,0.0142395,-0.0123974,14.391,-0.58316,train
1061,0.0390427,0.231007,0.195944,4.12838,0.393847,1.70652e+06,1.10053,0.0128738,-0.0955983,85.4859,-2.03669,train
1062,0.051439,0.401789,0.0929741,7.15689,0.320035,826722,1.56013,0.0126431,-0.159464,123.397,-3.96965,train
1063,0.0141424,0.498478,0.078326,-2.03865,0.464169,1.62689e+06,-0.0515138,0.00947848,-0.0493847,-5.43481,-0.949767,train
1064,0.0438164,0.410133,0.0947452,6.9272,0.11874,878176,1.37302,0.0121803,-0.132377,112.725,-3.63647,train
1065,0.0480868,0.457039,0.13982,-3.78873,0.0978182,240546,0.201054,0.0154606,-0.140226,13.0043,-1.29286,train
1066,0.0119686,0.484341,0.19197,1.07638,0.102521,1.14618e+06,0.316912,0.0128521,-0.0423867,24.6584,-0.903901,train
1067,0.0209647,0.20981,0.113104,0.176012,0.455521,3.0709e+06,0.28915,0.00908078,-0.0443718,31.842,-0.77078,test
1068,0.00376491,0.587532,0.169259,7.48027,0.23156,1.26728e+06,1.01759,0.0126141,-0.0325149,80.6707,-2.76827,test
1069,0.0130001,0.512549,0.0726029,-0.390779,0.0635558,3.0876e+06,0.13261,0.00838472,-0.0426367,15.8157,-0.291208,train
1070,0.0077738,0.585918,0.136124,6.03879,0.39176,6.23694e+06,0.928929,0.00881998,-0.0438229,105.321,-2.58322,test
1071,0.00446167,0.373063,0.120059,5.57212,0.105825,2.10339e+06,0.727964,0.0100943,-0.0201288,72.1166,-2.27903,train
1072,0.0449774,0.396262,0.163775,-3.21385,0.0657671,6.40157e+06,0.205116,0.00887515,-0.117129,23.1113,-1.09355,test
1073,0.0409035,0.332249,0.134349,3.86343,0.346277,9.70682e+06,1.04019,0.00828083,-0.114075,125.614,-1.47623,train
1074,0.000327698,0.583694,0.136196,-2.93611,0.418075,521879,-0.386925,0.0132108,0.00420125,-29.2884,-1.14725,train
1075,0.00322939,0.575931,0.109173,6.85363,0.221196,6.30224e+06,0.884512,0.00831711,-0.021605,106.348,-3.61745,test
1076,0.0188373,0.59798,0.0841446,0.595912,0.0500596,4.57571e+06,0.358032,0.00806112,-0.0732343,44.4147,-0.486171,train
1077,0.00215033,0.592046,0.187914,-2.75784,0.144744,264965,-0.315528,0.016936,-0.00130019,-18.6306,-1.08678,test
1078,0.0395189,0.414752,0.132403,4.0917,0.335074,566539,1.07816,0.0136792,-0.127203,78.8177,-1.48622,train
1079,0.0158786,0.348957,0.164637,1.82131,0.37086,1.58211e+06,0.465881,0.0114343,-0.0477195,40.744,-1.02115,test
1080,0.0140045,0.540047,0.155529,3.12919,0.253589,4.25343e+06,0.619411,0.0095221,-0.0584301,65.0498,-1.21837,train
1081,0.0396158,0.417974,0.0610784,7.15346,0.134789,680429,1.31311,0.0119183,-0.117914,110.176,-7.43116,train
1082,0.0315303,0.434828,0.195561,0.477571,0.32237,543563,0.541571,0.0151177,-0.101236,35.8237,-1.07291,train
1083,0.00271076,0.446405,0.168367,-1.93594,0.0630469,3.52256e+06,-0.203109,0.00991251,-0.00386717,-20.4902,-0.861191,test
1084,0.0550557,0.279481,0.0634756,2.61318,0.337023,6.47837e+06,0.96582,0.00767736,-0.129467,125.801,-1.25548,test
1085,0.0171073,0.404424,0.18913,7.97589,0.0797274,443075,1.24438,0.0166307,-0.0703638,74.8243,-2.70267,train
1086,0.0442624,0.429845,0.0742623,6.60475,0.161798,1.38323e+06,1.33428,0.0107228,-0.13551,124.433,-4.77951,train
1087,0.0266716,0.576396,0.160935,-1.44914,0.135608,5.89806e+06,0.24896,0.0089502,-0.0993103,27.8162,-0.61682,train
1088,0.0331878,0.466713,0.165184,-0.0197691,0.380418,3.14374e+06,0.510327,0.0101675,-0.112802,50.1921,-0.913292,test
1089,0.000695435,0.240451,0.121978,-1.2937,0.181743,1.00301e+06,-0.149967,0.0112505,0.000564302,-13.3298,-0.626273,train
1090,0.0584222,0.476893,0.0805224,-0.0474347,0.215567,4.1116e+06,0.783111,0.00838932,-0.184956,93.3462,-0.814087,train
1091,0.0211857,0.432335,0.196108,-1.73001,0.385746,687046,0.0907626,0.0142244,-0.0632817,6.38079,-0.868231,train
1092,0.0560491,0.435139,0.157192,-1.21965,0.202572,6.20265e+06,0.632397,0.00898154,-0.166099,70.4108,-0.987855,train
1093,0.0226245,0.386711,0.101219,6.8345,0.0754533,1.77588e+06,1.09081,0.0104245,-0.0697363,104.639,-3.45379,train
1094,0.0328512,0.548195,0.0986428,3.24647,0.311763,5.28232e+06,0.905385,0.00841517,-0.126827,107.59,-1.45556,test
1095,0.0405137,0.579629,0.0814603,-0.115307,0.360584,889077,0.629834,0.0109078,-0.16091,57.7414,-0.612385,train
1096,0.00318713,0.504393,0.18041,1.47158,0.356013,3.35205e+06,0.249171,0.0102947,-0.0154655,24.2039,-0.913085,train
1097,0.0466619,0.211482,0.125583,-0.704962,0.0505264,5.75278e+06,0.448504,0.00842314,-0.0864595,53.2467,-1.00452,test
1098,0.0180381,0.218854,0.0650797,-0.78421,0.153865,4.09681e+06,0.104261,0.00787668,-0.0344878,13.2366,-0.695364,train
1099,0.00346955,0.479513,0.15727,-1.8208,0.193844,8.03078e+06,-0.178251,0.00842557,-0.00752163,-21.156,-0.817419,test
1100,0.0165796,0.231207,0.0737079,3.78721,0.167315,1.44173e+06,0.627662,0.00983248,-0.0366607,63.8355,-1.5292,train
1101,0.0185191,0.458372,0.172063,6.21533,0.440605,1.20808e+06,1.15581,0.013025,-0.0807716,88.7379,-2.35866,train
1102,0.0459242,0.271081,0.189767,6.44142,0.296472,213077,1.45827,0.0199576,-0.123265,73.0687,-2.38803,train
1103,0.0513352,0.539821,0.147139,-0.866401,0.336137,2.44535e+06,0.707205,0.0103596,-0.190773,68.2654,-0.910962,train
1104,0.0371504,0.519359,0.0773289,1.63133,0.205347,5.95704e+06,0.716608,0.00779344,-0.128379,91.9501,-0.748616,train
1105,0.025675,0.332872,0.132915,-3.48219,0.288515,569203,-0.107938,0.0127976,-0.0593867,-8.43422,-1.42053,train
1106,0.0284237,0.585571,0.1958,-2.62231,0.191891,2.5448e+06,0.143193,0.0111903,-0.10576,12.7962,-0.896095,train
1107,0.0598423,0.518075,0.157957,1.75959,0.31039,1.08409e+06,1.16085,0.0128835,-0.219566,90.1039,-1.33463,test
1108,0.00205071,0.422145,0.171245,-0.855074,0.236283,8.36268e+06,-0.080512,0.00862277,-0.00410936,-9.33714,-0.71053,train
1109,0.0153744,0.5781,0.150815,-0.91731,0.452022,626701,0.147409,0.0130393,-0.0636773,11.305,-0.608586,train
1110,0.050065,0.231611,0.148759,-1.45715,0.44582,791887,0.462702,0.0125568,-0.106497,36.8488,-1.13513,train
1111,0.051478,0.278884,0.158103,7.95067,0.137687,1.24148e+06,1.62299,0.0134664,-0.133722,120.522,-2.5382,train
1112,0.020745,0.227013,0.199288,-1.77904,0.0592033,1.57593e+06,0.0337294,0.012282,-0.0347895,2.74625,-0.787385,train
1113,0.043133,0.218327,0.175477,3.72283,0.138878,5.35952e+06,0.998341,0.009924,-0.0917564,100.599,-1.83347,train
1114,0.00867158,0.395241,0.127838,-1.62449,0.198238,9.74571e+06,-0.0854752,0.0076746,-0.0216211,-11.1374,-0.697007,train
1115,0.022311,0.291896,0.0948295,-1.79152,0.493405,4.09197e+06,0.0546436,0.008315,-0.0551427,6.57169,-1.03845,train
1116,0.0514042,0.433967,0.0998975,-2.83545,0.47508,466530,0.374894,0.0125872,-0.164676,29.7837,-1.41498,test
1117,0.0399719,0.20898,0.167636,3.70183,0.22448,862736,0.963254,0.0134182,-0.0847235,71.7873,-1.79482,train
1118,0.0238453,0.282275,0.067352,-1.37592,0.232006,5.82508e+06,0.11055,0.00745716,-0.05255,14.8247,-1.01104,train
1119,0.00661106,0.456947,0.0965451,0.156048,0.0871696,5.59114e+06,0.106325,0.00791979,-0.0202747,13.4252,-0.38853,train
1120,0.0398519,0.315495,0.0795319,1.27942,0.106397,2.02505e+06,0.613066,0.00933877,-0.0949465,65.6474,-0.826673,train
1121,0.010401,0.398269,0.117171,4.47614,0.15912,6.04188e+06,0.677474,0.00834583,-0.0356053,81.1751,-1.69604,test
1122,0.00304654,0.274855,0.0883926,-1.8471,0.147454,2.27108e+06,-0.183712,0.00911405,-0.00473365,-20.157,-0.764807,train
1123,0.0133427,0.534642,0.088671,-1.93364,0.359002,861406,-0.0394959,0.0108614,-0.0471119,-3.63635,-0.77404,train
1124,0.044867,0.466454,0.157074,6.41886,0.422878,297919,1.5682,0.0175597,-0.1718,89.3064,-2.50655,train
1125,0.0374974,0.475334,0.0667441,5.84204,0.241943,2.76772e+06,1.19333,0.00916699,-0.12468,130.177,-4.96889,test
1126,0.00860911,0.450558,0.173702,-2.04178,0.24901,571604,-0.136893,0.0139624,-0.0223039,-9.80438,-0.893737,train
1127,0.007957,0.546353,0.155018,-3.65832,0.463231,574607,-0.370601,0.0134728,-0.0240164,-27.5073,-1.37253,train
1128,0.0320727,0.256774,0.183748,4.9378,0.183864,1.03681e+06,1.03915,0.0135791,-0.0813208,76.526,-1.83776,train
1129,0.0314305,0.417154,0.0699934,-2.27176,0.464362,551691,0.143512,0.0114473,-0.0968834,12.5368,-1.44592,train
1130,0.0459729,0.255035,0.132087,7.58244,0.417825,253453,1.60101,0.0173309,-0.121603,92.3789,-2.64178,train
1131,0.0457216,0.251842,0.133783,1.98683,0.0827477,2.53246e+06,0.782849,0.0100848,-0.0981079,77.6268,-1.32723,train
1132,4.10015e-06,0.39614,0.0614566,2.75521,0.247437,8.72449e+06,0.326118,0.00694471,-0.00203134,46.9592,-1.63092,train
1133,0.0535607,0.530209,0.167792,7.93084,0.307287,6.24919e+06,1.87799,0.0108664,-0.219415,172.825,-3.19966,train
1134,0.024621,0.521646,0.0830982,4.24905,0.377578,221022,0.904112,0.0147803,-0.0941849,61.1698,-2.39041,train
1135,0.0420922,0.218709,0.112483,0.703478,0.454745,3.00748e+06,0.628554,0.00927213,-0.0914622,67.7895,-1.19562,test
1136,0.0141021,0.280544,0.168568,1.75448,0.0992026,576037,0.396612,0.0138924,-0.0351823,28.5489,-0.968578,train
1137,0.0513233,0.279985,0.0637644,0.0958469,0.187874,4.07087e+06,0.590083,0.00802535,-0.113521,73.5274,-0.848653,train
1138,0.0280359,0.383515,0.113189,4.00836,0.467584,641130,0.94078,0.0126656,-0.0915294,74.2785,-1.55518,train
1139,0.0385673,0.599794,0.135511,6.2914,0.306669,5.9936e+06,1.44525,0.00948726,-0.171657,152.336,-2.87999,train
1140,0.030129,0.20604,0.0848996,5.00533,0.0598854,488372,0.912988,0.0126345,-0.0618048,72.2613,-1.62171,train
1141,0.0153077,0.363681,0.142332,-1.1186,0.264588,2.55776e+06,0.0622492,0.00988231,-0.0390826,6.29906,-0.612295,train
1142,0.0263021,0.568628,0.0663027,2.77306,0.213905,224597,0.715596,0.0140365,-0.099934,50.9809,-1.64556,train
1143,0.0239097,0.37549,0.0881821,-1.58295,0.350184,367874,0.113861,0.0128179,-0.0649582,8.88294,-0.786878,test
1144,0.0263272,0.427336,0.0895668,-1.16919,0.238772,4.04733e+06,0.205158,0.00826951,-0.0763493,24.8089,-0.541082,train
1145,0.0325172,0.524532,0.134014,-0.874534,0.143447,628753,0.374944,0.0126779,-0.111496,29.5747,-0.632243,train
1146,0.0198352,0.483002,0.161828,6.61072,0.129948,1.02576e+06,1.11179,0.0130464,-0.079576,85.2179,-2.36816,train
1147,0.000760463,0.587211,0.125475,-0.38436,0.296306,8.63968e+06,-0.0360125,0.00778584,-0.00243027,-4.62539,-0.495648,train
1148,0.0573266,0.35413,0.104617,3.17216,0.241653,932929,1.1072,0.0118294,-0.153919,93.5967,-1.36241,train
1149,0.0419517,0.262717,0.176159,0.000592118,0.29057,2.46076e+06,0.545854,0.0109045,-0.0922544,50.0576,-1.20265,train
1150,0.059203,0.519899,0.184369,-0.385375,0.425967,8.40991e+06,0.943076,0.00935727,-0.224686,100.785,-1.25689,train
1151,0.0501459,0.300341,0.181042,2.84717,0.159539,236063,1.01123,0.0179979,-0.12418,56.1863,-1.64321,train
1152,0.00714331,0.297272,0.0803259,2.72157,0.480284,7.27254e+06,0.454281,0.00744783,-0.0213607,60.9951,-1.22551,train
1153,0.00703968,0.367198,0.183438,4.99094,0.120601,528528,0.727072,0.0149525,-0.0315444,48.6253,-1.6658,train
1154,0.0263671,0.544859,0.13954,1.50253,0.195659,1.32881e+06,0.592386,0.011277,-0.0990582,52.5307,-0.885402,train
1155,0.0502845,0.301736,0.0615488,0.936157,0.0798132,1.4477e+06,0.673382,0.00964291,-0.114983,69.8318,-0.872954,test
1156,0.0234942,0.201072,0.164459,-1.67895,0.451405,1.46467e+06,0.0797591,0.011446,-0.0434744,6.96827,-0.826659,train
1157,0.0139623,0.252245,0.115141,7.63893,0.206635,1.53093e+06,1.09465,0.0109965,-0.0410222,99.5446,-3.57525,train
1158,0.0139298,0.493059,0.122826,7.00363,0.278741,2.13382e+06,1.07758,0.0104942,-0.0584703,102.683,-3.29295,test
1159,0.00456894,0.40929,0.172237,1.85425,0.191643,670150,0.299734,0.013551,-0.0176846,22.119,-0.913949,train
1160,0.0320359,0.592822,0.0985677,-0.708673,0.347836,1.57831e+06,0.435628,0.0100025,-0.129849,43.552,-0.539084,train
1161,0.0273762,0.20933,0.179551,1.6591,0.3961,3.69575e+06,0.589287,0.0102756,-0.0592946,57.3483,-1.35884,test
1162,0.0468201,0.47449,0.183033,2.4734,0.093427,900457,0.999041,0.013854,-0.15743,72.112,-1.3679,test
1163,0.0161295,0.390127,0.15009,3.41702,0.164203,1.28079e+06,0.640847,0.0116452,-0.0516252,55.0311,-1.22173,test
1164,0.0121632,0.22768,0.198108,-0.211657,0.182293,1.24088e+06,0.127793,0.0128014,-0.0231181,9.98275,-0.830429,test
1165,0.0183627,0.414556,0.127719,-1.09498,0.312309,398398,0.115229,0.0135919,-0.0530049,8.47771,-0.568751,train
1166,0.027499,0.557834,0.151481,4.41409,0.241345,2.35329e+06,0.996045,0.0108272,-0.113598,91.9949,-1.6818,train
1167,0.0439522,0.557303,0.115793,-2.40262,0.184555,523617,0.374228,0.0126776,-0.157416,29.5187,-0.707228,train
1168,0.020702,0.513217,0.100511,0.249005,0.300459,7.40176e+06,0.335812,0.0076646,-0.0727844,43.8134,-0.533657,test
1169,0.0401124,0.32852,0.0671369,-2.91152,0.190473,6.07915e+06,0.12808,0.00740364,-0.0948926,17.2997,-2.60587,train
1170,0.0218134,0.267468,0.0876861,-1.16037,0.378694,631806,0.119883,0.0115118,-0.0489328,10.4139,-0.748858,train
1171,0.0585904,0.285745,0.149995,-0.532405,0.132501,2.64642e+06,0.657034,0.0102379,-0.129664,64.1764,-1.2075,train
1172,0.0471385,0.471652,0.197364,-1.24037,0.146133,6.90273e+06,0.545062,0.00964675,-0.148386,56.5021,-0.998547,train
1173,0.0188073,0.379853,0.094681,0.232626,0.368343,5.60706e+06,0.279351,0.00792041,-0.0537498,35.2698,-0.532419,train
1174,0.057441,0.295795,0.153383,0.821498,0.292714,254047,0.84816,0.0163642,-0.13777,51.8302,-1.40765,train
1175,0.00751057,0.420461,0.154857,-0.44065,0.239665,686015,0.0493877,0.0129102,-0.0214551,3.82547,-0.557064,train
1176,0.03942,0.290525,0.106559,1.38328,0.172172,2.15975e+06,0.635793,0.00972102,-0.091389,65.404,-0.984697,train
1177,0.0505181,0.331423,0.129974,1.35923,0.432719,2.37984e+06,0.873993,0.0102068,-0.138764,85.6289,-1.28611,train
1178,0.00699413,0.334211,0.0949948,4.42453,0.446999,7.1275e+06,0.674958,0.00778958,-0.0246672,86.6489,-2.15875,test
1179,0.0467911,0.299738,0.147978,-1.71298,0.186691,5.11715e+06,0.373276,0.00895367,-0.105235,41.6897,-0.890776,train
1180,0.0240064,0.245263,0.152025,5.50647,0.302941,1.72181e+06,1.01105,0.0114783,-0.0632328,88.0838,-1.85712,test
1181,0.00107237,0.502654,0.185591,5.16417,0.20175,7.03824e+06,0.680252,0.00942635,-0.017261,72.1649,-1.73696,train
1182,0.0136492,0.31219,0.0749356,-3.01948,0.211949,345126,-0.197677,0.0126933,-0.0297824,-15.5733,-1.80474,train
1183,0.0567344,0.289875,0.148513,1.86829,0.287952,9.79457e+06,0.964784,0.00844009,-0.136574,114.31,-1.52776,train
1184,0.0500822,0.56576,0.117853,1.2215,0.209176,234924,0.920755,0.0155965,-0.189821,59.0361,-0.948629,train
1185,0.0558245,0.352983,0.150716,-2.97425,0.396467,2.4011e+06,0.379658,0.0102542,-0.147281,37.0245,-1.25713,train
1186,0.0362407,0.281328,0.1805,6.54987,0.433383,323907,1.41682,0.0177785,-0.108221,79.6931,-2.38303,train
1187,0.0564779,0.54896,0.0805742,1.09236,0.0838282,202127,0.933566,0.015038,-0.1998,62.0804,-0.830859,train
1188,0.0227396,0.257623,0.11593,1.70199,0.352297,3.94104e+06,0.49987,0.0088347,-0.0534478,56.5803,-0.924334,train
1189,0.048126,0.503001,0.163421,-2.80208,0.461192,564506,0.406662,0.0137933,-0.173445,29.4827,-0.939422,test
1190,0.0577549,0.40113,0.0881585,0.271352,0.499936,3.41362e+06,0.865191,0.00885023,-0.182031,97.7592,-1.03292,train
1191,0.00336931,0.343497,0.171084,6.73251,0.407528,8.33234e+06,0.965155,0.00910316,-0.0263171,106.024,-2.51834,train
1192,0.0449243,0.345374,0.0636508,7.48537,0.0670977,2.63978e+06,1.37855,0.00943281,-0.118027,146.144,-6.56584,train
1193,0.0110507,0.418784,0.123932,6.30929,0.245853,520097,0.931156,0.0134529,-0.0427753,69.2158,-2.70192,test
1194,0.0233901,0.32775,0.171581,-0.0795103,0.275486,1.84075e+06,0.304013,0.0112205,-0.0589042,27.0944,-0.853918,test
1195,0.0375345,0.516577,0.180207,5.25398,0.0945227,8.62758e+06,1.23215,0.00955596,-0.144177,128.94,-1.89658,train
1196,0.00545172,0.597632,0.120996,-2.12291,0.152834,275113,-0.170667,0.014476,-0.0183385,-11.7897,-0.785704,train
1197,0.0228274,0.514158,0.174781,-2.45844,0.208769,745355,0.0384723,0.0132859,-0.0740092,2.89573,-0.889006,train
1198,0.0571687,0.449657,0.145272,-1.26884,0.473571,590325,0.715368,0.0134216,-0.192781,53.2999,-1.04894,test
1199,0.0327549,0.237909,0.081153,0.199053,0.0894788,720790,0.385988,0.01118,-0.0660007,34.5249,-0.710871,test
1200,0.0598235,0.553459,0.0952355,-0.101728,0.177105,236925,0.86845,0.0148417,-0.215262,58.5143,-0.836264,train
1201,0.0532584,0.302975,0.106985,6.39006,0.43798,1.86659e+06,1.53918,0.0111336,-0.147245,138.246,-2.32343,train
1202,0.0185255,0.272799,0.18674,-2.68856,0.377962,2.23729e+06,-0.11259,0.0111832,-0.0356483,-10.0677,-1.08275,train
1203,0.000390972,0.452093,0.183685,0.810272,0.498105,1.8568e+06,0.124137,0.0114754,-0.0037735,10.8176,-0.858147,train
1204,0.00479721,0.587471,0.184924,0.584263,0.210771,731513,0.156726,0.0136793,-0.0208119,11.4571,-0.768066,train
1205,0.0414182,0.217023,0.187785,-3.38397,0.0583902,597314,0.0811969,0.0143086,-0.0693365,5.67468,-1.23688,train
1206,0.0176986,0.558225,0.0914001,7.45308,0.297344,1.0726e+06,1.18296,0.0113554,-0.0752693,104.176,-5.4279,test
1207,0.0133674,0.245536,0.0913044,3.88841,0.212303,2.00522e+06,0.620097,0.00956387,-0.0323017,64.8375,-1.46972,train
1208,0.00118169,0.429407,0.128194,3.60177,0.197485,3.29644e+06,0.459556,0.00930628,-0.00940687,49.3812,-1.30035,train
1209,0.0390594,0.469368,0.0748941,-2.21446,0.478072,4.66359e+06,0.288308,0.00787957,-0.133397,36.5893,-1.19372,train
1210,0.0463807,0.508186,0.0878664,6.12094,0.143575,288873,1.36303,0.0149439,-0.161747,91.2094,-3.76444,train
1211,0.0221208,0.516793,0.141815,6.54441,0.395796,949760,1.21903,0.0128607,-0.0956058,94.7871,-2.78741,train
1212,0.0176728,0.204755,0.144737,6.9747,0.290289,2.81253e+06,1.10326,0.0104794,-0.048218,105.279,-2.48482,train
1213,0.0423972,0.257985,0.119637,-2.37396,0.339474,218862,0.221754,0.0151594,-0.0903708,14.6281,-1.38282,test
1214,0.0358335,0.334408,0.16386,5.14646,0.0662723,4.79219e+06,1.09904,0.00996425,-0.10063,110.299,-1.72141,test
1215,0.0281376,0.246381,0.19357,-1.30101,0.238155,3.08549e+06,0.194812,0.0107716,-0.0548174,18.0858,-0.899906,train
1216,0.0298008,0.599087,0.183566,-3.30548,0.374883,1.33363e+06,0.0894376,0.0121742,-0.118956,7.3465,-1.05982,test
1217,0.0529802,0.275197,0.092834,6.98597,0.245671,648793,1.46587,0.0130412,-0.128501,112.403,-2.69002,train
1218,0.0588403,0.34972,0.0968414,-3.46277,0.134385,414375,0.302182,0.0127767,-0.143093,23.651,-2.21665,train
1219,0.0563107,0.416009,0.0899397,3.69399,0.288896,461309,1.19239,0.0133296,-0.170067,89.454,-1.32335,train
1220,0.0367303,0.373628,0.186315,-1.03753,0.182711,1.55012e+06,0.372376,0.0120187,-0.0966483,30.983,-0.918005,train
1221,0.0488675,0.385579,0.066672,-1.75411,0.200306,4.29984e+06,0.392273,0.00790242,-0.129739,49.6396,-1.29911,train
1222,0.0438945,0.595005,0.110545,6.3342,0.293375,6.01557e+06,1.49559,0.0091034,-0.187225,164.289,-3.5549,train
1223,0.0554348,0.537719,0.0826482,-3.23042,0.313464,383222,0.424675,0.0127112,-0.195965,33.4096,-1.38684,train
1224,0.0296739,0.468499,0.182967,1.67938,0.0810772,2.62979e+06,0.645828,0.0110319,-0.0989435,58.542,-1.09762,train
1225,0.00791162,0.526204,0.0747758,4.79606,0.320953,1.13641e+06,0.701949,0.0103509,-0.0326584,67.8153,-3.26415,train
1226,0.037678,0.443923,0.0710496,3.13975,0.213422,301670,0.860528,0.0134973,-0.115976,63.7554,-1.40839,train
1227,0.0446401,0.411922,0.12691,-3.13467,0.387112,200537,0.222676,0.0156613,-0.130438,14.2182,-1.29727,test
1228,0.023472,0.219647,0.177184,3.63095,0.105554,4.13172e+06,0.744655,0.0101483,-0.0537776,73.3773,-1.49267,train
1229,0.0118469,0.486282,0.0894932,4.40847,0.121955,777551,0.681184,0.0113987,-0.0426634,59.7598,-2.15207,test
1230,0.0402701,0.376485,0.104292,6.17939,0.119162,294220,1.23808,0.0150778,-0.115858,82.1129,-2.55892,train
1231,0.0161854,0.328815,0.077527,2.34763,0.434294,413764,0.51215,0.0124614,-0.0455316,41.0988,-0.922784,train
1232,0.0132139,0.396547,0.142893,4.88958,0.299631,3.42908e+06,0.807119,0.00976936,-0.0478483,82.6174,-1.76357,test
1233,0.048777,0.414228,0.106693,0.8035,0.282045,403234,0.751628,0.0134541,-0.144063,55.866,-0.933017,train
1234,0.0332204,0.515676,0.179321,6.10312,0.19532,583777,1.29058,0.0154811,-0.133022,83.3648,-2.18814,train
1235,0.0435979,0.582254,0.133149,3.88031,0.253003,8.96722e+06,1.18732,0.00852141,-0.178941,139.333,-1.63876,train
1236,0.00558509,0.361753,0.161574,-3.16062,0.0522765,1.80196e+06,-0.318646,0.0110181,-0.00775613,-28.9202,-1.11749,train
1237,0.0367633,0.515202,0.155406,-3.99869,0.442444,9.20925e+06,0.0574864,0.00819406,-0.130052,7.01561,-1.36635,test
1238,0.042997,0.588285,0.178081,0.121724,0.220225,208517,0.738249,0.0178469,-0.172324,41.3656,-1.01595,train
1239,0.00464182,0.357939,0.0926437,0.0254278,0.224701,3.77071e+06,0.0608153,0.00839778,-0.0121301,7.24183,-0.358257,train
1240,0.0303449,0.506079,0.110112,1.02268,0.243489,369972,0.565485,0.0135808,-0.104962,41.6386,-0.730792,train
1241,0.0581973,0.382119,0.10929,1.33862,0.0606728,358523,0.889173,0.0140241,-0.156738,63.403,-1.1087,train
1242,0.045899,0.520393,0.0626181,1.22827,0.1689,492301,0.775014,0.0119506,-0.155595,64.8517,-0.68382,train
1243,0.0388778,0.349136,0.114264,2.96292,0.327128,343627,0.880358,0.014266,-0.108042,61.71,-1.18428,train
1244,0.0435439,0.248154,0.11095,0.0437196,0.225605,3.56037e+06,0.51803,0.00891406,-0.0913989,58.1137,-0.972451,train
1245,0.0340875,0.59577,0.11697,-3.63674,0.193461,872929,0.100508,0.0114283,-0.128697,8.79474,-1.14778,train
1246,0.0188653,0.333562,0.18836,3.02263,0.351778,205189,0.673592,0.018262,-0.0583449,36.8849,-1.35605,train
1247,0.00919236,0.320909,0.185349,-1.55668,0.32426,499400,-0.0805208,0.0147291,-0.0190729,-5.46679,-0.850093,test
1248,0.00940858,0.57775,0.101128,-1.10683,0.360365,6.56461e+06,0.0124571,0.00777317,-0.0362851,1.60258,-0.513931,train
1249,0.0335804,0.224199,0.0813372,-2.17954,0.339137,221324,0.120403,0.0140522,-0.0671372,8.56822,-1.96013,train
1250,0.0174387,0.545495,0.100343,-3.01285,0.102485,411552,-0.102971,0.0128154,-0.0581572,-8.03494,-1.111,train
1251,0.0582472,0.558778,0.0957414,0.864071,0.0638672,5.20715e+06,0.953338,0.00843289,-0.210276,113.05,-0.884114,test
1252,0.0348741,0.256502,0.092203,-0.718299,0.288453,1.69842e+06,0.323038,0.00970628,-0.0749742,33.2813,-0.695227,train
1253,0.0464068,0.528065,0.139115,1.543,0.117562,2.6991e+06,0.878516,0.0101738,-0.164936,86.3511,-1.03435,train
1254,0.0322149,0.434556,0.111847,1.05571,0.412681,633699,0.603427,0.0122861,-0.105073,49.1148,-0.825299,test
1255,0.030316,0.364298,0.0693353,5.81778,0.15326,342164,1.04068,0.0133728,-0.0836614,77.8206,-3.92965,train
1256,0.0238632,0.330992,0.132954,1.29067,0.0644976,412480,0.453607,0.013796,-0.0604329,32.8795,-0.834796,train
1257,0.0360618,0.461401,0.171918,1.64103,0.166914,1.97873e+06,0.731035,0.0113777,-0.118296,64.2516,-1.11514,train
1258,0.019707,0.202116,0.19807,2.32332,0.459774,2.21181e+06,0.607369,0.0117778,-0.0470892,51.5688,-1.48026,train
1259,0.0450946,0.225189,0.115221,3.66648,0.493035,1.24506e+06,1.09296,0.0114187,-0.107219,95.7167,-1.78634,train
1260,0.0170163,0.459138,0.124464,4.957,0.45069,4.47197e+06,0.927119,0.00910821,-0.0673385,101.789,-2.09326,train
1261,0.018141,0.399922,0.168703,6.56001,0.162011,5.85123e+06,1.07379,0.00971393,-0.0669978,110.542,-2.25001,train
1262,0.0534158,0.577228,0.19532,3.36292,0.0897078,4.05746e+06,1.3045,0.0113528,-0.216519,114.905,-1.64352,train
1263,0.0526154,0.512106,0.129123,1.17228,0.413453,1.47355e+06,0.984766,0.0112318,-0.196113,87.6766,-1.10365,train
1264,0.0159107,0.287377,0.137651,-1.28585,0.265305,1.33254e+06,0.0378604,0.0109974,-0.0344455,3.44266,-0.651647,test
1265,0.0163578,0.325429,0.144346,1.32805,0.239877,1.34617e+06,0.378305,0.011223,-0.0432248,33.7079,-0.834102,train
1266,0.0548242,0.499967,0.10941,3.05419,0.430364,4.5187e+06,1.24533,0.00918227,-0.203492,135.623,-1.32129,train
1267,0.0364875,0.217419,0.164039,5.65867,0.0709956,8.76755e+06,1.13985,0.00907138,-0.0825762,125.653,-2.02232,train
1268,0.0373687,0.403562,0.150529,2.9527,0.198823,206307,0.87779,0.0170386,-0.113067,51.5178,-1.25178,train
1269,0.0503299,0.493305,0.0870288,-2.15073,0.484351,963848,0.489368,0.0107537,-0.180522,45.5069,-0.946964,train
1270,0.0223389,0.487824,0.183194,7.20203,0.0673584,3.80658e+06,1.2358,0.0110292,-0.0925266,112.049,-2.48896,train
1271,0.0372268,0.481954,0.0644289,2.59306,0.354251,259415,0.839129,0.0137269,-0.126403,61.1301,-1.3208,test
1272,0.0540485,0.251209,0.115583,-0.891565,0.161356,775476,0.523555,0.011841,-0.111146,44.2155,-1.01325,test
1273,0.0418803,0.458559,0.186456,-2.76038,0.188724,2.35138e+06,0.262316,0.0111152,-0.125073,23.5998,-0.911402,train
1274,0.0280958,0.494199,0.0725737,-1.91038,0.315292,9.46808e+06,0.162991,0.00696111,-0.0926399,23.4145,-0.8594,train
1275,0.0125506,0.311689,0.0874685,4.32671,0.395033,6.71013e+06,0.709679,0.00778059,-0.0367976,91.2114,-2.05926,train
1276,0.0235433,0.332667,0.175192,-3.74482,0.288238,3.85748e+06,-0.169698,0.00990742,-0.0511006,-17.1284,-1.33751,train
1277,0.0442067,0.276222,0.0841568,7.28536,0.203882,6.45799e+06,1.37486,0.00841084,-0.107094,163.463,-3.61351,train
1278,0.0566041,0.235468,0.123799,-3.83402,0.112273,4.92736e+06,0.190941,0.00852917,-0.107238,22.3868,-2.51427,test
1279,0.0198049,0.273408,0.0918601,5.99919,0.375293,5.25402e+06,1.00173,0.00840526,-0.0536852,119.179,-3.00817,train
1280,0.0029891,0.428142,0.143313,-3.98946,0.249543,2.48942e+06,-0.461208,0.010074,-0.00146388,-45.7821,-1.42234,train
1281,0.00468595,0.441216,0.143176,-0.284762,0.195834,3.73213e+06,0.029962,0.00927263,-0.0137647,3.23123,-0.506298,train
1282,0.0518661,0.59134,0.172845,1.83591,0.139246,1.03827e+06,1.0857,0.0133027,-0.20966,81.6149,-1.28524,train
1283,0.0394422,0.375228,0.135052,6.25312,0.407663,255200,1.38093,0.016815,-0.127575,82.1245,-2.36025,train
1284,0.00840629,0.438206,0.171695,3.60543,0.0820748,368157,0.569499,0.0154398,-0.0337931,36.885,-1.28365,train
1285,0.0362501,0.560968,0.103286,3.9579,0.242352,1.3949e+06,1.03539,0.0108596,-0.141095,95.3428,-1.80877,train
1286,0.0222801,0.332401,0.0846177,-0.472888,0.0532438,8.18574e+06,0.207558,0.00729216,-0.0534426,28.4631,-0.451287,train
1287,0.015833,0.414955,0.192499,0.535354,0.310184,3.77736e+06,0.305895,0.0104105,-0.0496745,29.3832,-0.910094,train
1288,0.0593493,0.384987,0.181439,-3.03526,0.13953,5.5188e+06,0.424636,0.00955352,-0.153978,44.4481,-1.01157,train
1289,0.0100652,0.246715,0.147396,-3.72576,0.455813,745139,-0.377518,0.0126131,-0.0151604,-29.9306,-1.50173,train
1290,0.0191402,0.295371,0.123504,5.71334,0.358368,829999,0.980261,0.0123502,-0.0563128,79.372,-2.18966,train
1291,0.0115585,0.388555,0.15597,7.94634,0.297181,5.73025e+06,1.18219,0.00960648,-0.0504165,123.062,-3.14819,train
1292,0.0453693,0.456692,0.101818,-3.03397,0.461161,1.66061e+06,0.272461,0.00990284,-0.149543,27.5135,-1.40352,train
1293,0.0271463,0.480873,0.0781037,-3.51454,0.237632,662116,-0.0497817,0.0112021,-0.0838542,-4.44397,-1.90502,train
1294,0.029119,0.511927,0.180717,1.08019,0.477671,582344,0.656889,0.0144941,-0.116686,45.3211,-1.13161,train
1295,0.0523744,0.39442,0.0915646,7.69279,0.0912704,312846,1.55202,0.0152427,-0.153116,101.821,-4.35552,train
1296,0.00819181,0.430699,0.168306,1.52983,0.139926,1.30944e+06,0.307455,0.0118464,-0.0279956,25.9534,-0.859784,train
1297,0.0524478,0.453965,0.0793035,-0.851317,0.476647,1.01142e+06,0.656993,0.0106272,-0.176412,61.8217,-0.768583,train
1298,0.0478773,0.492816,0.10566,4.75793,0.437575,992451,1.35789,0.0121207,-0.179545,112.031,-2.20564,train
1299,0.020688,0.31863,0.148668,1.03172,0.209468,9.6414e+06,0.394434,0.00809134,-0.0524255,48.7477,-0.855791,train
1300,0.0334278,0.536667,0.0879575,0.147068,0.12276,7.23009e+06,0.495974,0.00757754,-0.11649,65.4531,-0.560377,train
1301,0.00294691,0.423855,0.189807,4.73605,0.174771,1.39598e+06,0.649765,0.0125645,-0.0215833,51.7142,-1.60391,train
1302,0.0517839,0.295241,0.192602,6.48973,0.192991,9.23598e+06,1.51367,0.0101584,-0.140109,149.006,-2.36816,train
1303,0.00277382,0.33962,0.129913,2.90613,0.164811,2.87941e+06,0.391211,0.00952565,-0.0117773,41.0693,-1.04578,train
1304,0.0496254,0.482397,0.15907,1.83372,0.138151,1.07543e+06,0.94843,0.0126123,-0.165681,75.1986,-1.20358,train
1305,0.0069082,0.55499,0.192966,5.45592,0.145821,1.35482e+06,0.809725,0.0129082,-0.0409425,62.7297,-1.84274,train
1306,0.0559312,0.350658,0.151651,6.00027,0.214459,2.23333e+06,1.48313,0.0116789,-0.159499,126.992,-2.02127,train
1307,0.00523696,0.262285,0.172684,4.87384,0.21026,4.64461e+06,0.68811,0.00979957,-0.0230444,70.2184,-1.64579,test
1308,0.0245561,0.447878,0.176328,3.39162,0.425045,464082,0.854216,0.0152581,-0.0922627,55.9843,-1.4578,train
1309,0.0449677,0.522049,0.0714343,4.45069,0.191321,2.87078e+06,1.15036,0.00913609,-0.157729,125.914,-2.93676,train
1310,0.0261942,0.371611,0.0643423,0.620023,0.299197,6.59898e+06,0.400496,0.00732979,-0.0713122,54.6395,-0.521166,train
1311,0.00825306,0.216008,0.112686,3.29864,0.172325,3.64816e+06,0.494192,0.00889358,-0.0206002,55.5673,-1.1403,train
1312,0.0363104,0.534965,0.170872,-1.37409,0.405072,2.18825e+06,0.422672,0.010919,-0.137212,38.7098,-0.816397,train
1313,0.0395949,0.355547,0.175094,6.94897,0.215291,351937,1.41928,0.0172662,-0.123062,82.1998,-2.32013,train
1314,0.0430686,0.468332,0.0663648,-3.99151,0.377804,980160,0.104169,0.0101834,-0.137294,10.2293,-3.18864,train
1315,0.0529638,0.397821,0.0816446,-3.07455,0.381479,1.35692e+06,0.317197,0.00991339,-0.151021,31.9969,-2.10149,train
1316,0.0434294,0.354974,0.075021,-3.95288,0.348441,430389,0.0586398,0.0121194,-0.11201,4.8385,-3.41672,test
1317,0.0452107,0.550192,0.104117,0.402905,0.12347,290187,0.714236,0.0142661,-0.162355,50.0651,-0.751373,train
1318,0.050666,0.420587,0.114068,-3.7089,0.0515327,3.97505e+06,0.214482,0.0086846,-0.138406,24.6968,-1.58477,train
1319,0.0259598,0.463463,0.0835137,-0.285066,0.25036,6.3316e+06,0.317576,0.00761561,-0.0812854,41.7006,-0.467502,train
1320,0.0258861,0.244943,0.19344,-2.87337,0.484149,2.96894e+06,-0.0445435,0.0108166,-0.0507311,-4.11808,-1.17978,train
1321,0.0402211,0.322996,0.103461,2.10852,0.2274,6.88994e+06,0.749375,0.00800621,-0.101326,93.5993,-1.03708,train
1322,0.00736098,0.455301,0.185878,5.41244,0.0758322,3.14859e+06,0.789775,0.010899,-0.0370315,72.4629,-1.79906,test
1323,0.00175626,0.518483,0.146839,4.57647,0.193121,444086,0.597146,0.0141105,-0.0149854,42.3192,-1.61447,train
1324,0.00147629,0.252491,0.0700986,6.52207,0.195159,1.00088e+06,0.782478,0.0105813,-0.00849921,73.9491,-5.91335,train
1325,0.0220971,0.499198,0.11835,0.65853,0.0883607,506636,0.391887,0.0128329,-0.0737709,30.5378,-0.637095,train
1326,0.0196313,0.560211,0.0766273,0.465659,0.491263,6.78648e+06,0.388222,0.00745726,-0.0813662,52.0596,-0.502167,test
1327,0.0598561,0.392237,0.16149,-1.50321,0.187134,360713,0.621945,0.0152066,-0.162832,40.8998,-1.05486,train
1328,0.0446053,0.476369,0.119977,-1.13796,0.213696,8.35602e+06,0.488266,0.00785507,-0.141603,62.1593,-0.708216,train
1329,0.025352,0.552632,0.109562,1.00956,0.251505,3.16881e+06,0.511795,0.00906692,-0.0953988,56.4464,-0.694537,train
1330,0.00238639,0.410425,0.130315,2.21617,0.244968,212118,0.308864,0.015624,-0.0106942,19.7686,-0.87437,train
1331,0.0467187,0.471408,0.106086,1.11863,0.18034,495856,0.775884,0.0129266,-0.149053,60.0221,-0.87691,train
1332,0.00625548,0.336512,0.0645511,2.91396,0.431219,869995,0.451323,0.0104996,-0.0192517,42.9848,-1.65259,train
1333,0.0428939,0.532152,0.101312,-0.401183,0.333428,399187,0.600242,0.0131879,-0.15584,45.5146,-0.688918,train
1334,0.0252553,0.457203,0.141275,4.74521,0.298316,2.1125e+06,0.970881,0.0107728,-0.0908012,90.1236,-1.74297,train
1335,0.0489387,0.247246,0.169781,3.12265,0.431728,507688,1.095,0.0151631,-0.118758,72.2148,-1.8963,train
1336,0.0392445,0.512832,0.170977,-1.43296,0.497188,3.25297e+06,0.472829,0.0102193,-0.150219,46.2684,-0.893431,train
1337,0.00793533,0.379391,0.134794,6.74667,0.151062,5.26565e+06,0.929276,0.00904714,-0.0332002,102.715,-2.71049,train
1338,0.0305327,0.519753,0.174824,5.68506,0.421373,258703,1.29141,0.0180353,-0.132453,71.6049,-2.20962,test
1339,0.0137663,0.491313,0.194508,-2.97884,0.190869,1.93596e+06,-0.173583,0.0117117,-0.0381971,-14.8213,-1.09567,train
1340,0.0420067,0.423335,0.168969,7.16721,0.417415,6.43367e+06,1.61249,0.0103458,-0.154838,155.859,-2.69289,train
1341,0.0137863,0.522955,0.197155,5.27101,0.374265,933908,0.952527,0.014181,-0.0683448,67.1692,-1.94051,test
1342,0.0505286,0.452813,0.160674,2.85265,0.190125,3.62852e+06,1.07959,0.0103466,-0.164426,104.342,-1.38211,train
1343,0.0460078,0.592934,0.078602,1.30884,0.163565,1.75953e+06,0.854239,0.00975833,-0.178194,87.5395,-0.782905,train
1344,0.0357769,0.467388,0.178657,-0.154762,0.330163,3.58374e+06,0.528677,0.0102667,-0.119344,51.4943,-0.962218,train
1345,0.0508776,0.275744,0.162957,4.00251,0.429354,1.25641e+06,1.24362,0.0128158,-0.133031,97.0383,-1.96906,train
1346,0.000232168,0.563019,0.110629,0.649668,0.492393,214026,0.0929759,0.014935,-0.00197996,6.22539,-0.540385,train
1347,0.0124904,0.538791,0.115307,4.16521,0.180605,483466,0.691865,0.0131253,-0.0506549,52.7125,-1.65993,test
1348,0.0122406,0.463813,0.135682,-0.972073,0.276336,9.94985e+06,0.053733,0.00776738,-0.0378005,6.91778,-0.566379,train
1349,0.0145836,0.369989,0.0775811,4.08169,0.368886,500576,0.698117,0.0121609,-0.0446645,57.4068,-2.13841,train
1350,0.0552672,0.383774,0.164309,-1.56116,0.126783,249247,0.544724,0.016417,-0.146343,33.1805,-0.997884,test
1351,0.0268086,0.38087,0.102758,-1.57707,0.378491,275871,0.159038,0.0139729,-0.0746178,11.3819,-0.748904,train
1352,0.00190063,0.283325,0.125645,2.66692,0.49378,838170,0.395685,0.011814,-0.00963921,33.4928,-1.10297,train
1353,0.0596267,0.310969,0.123092,0.452016,0.492519,2.75632e+06,0.889288,0.00982988,-0.160192,90.4678,-1.36005,train
1354,0.0202237,0.288832,0.146745,-1.89994,0.117726,2.33033e+06,0.0152301,0.0101351,-0.0419159,1.5027,-0.797781,train
1355,0.00677463,0.427825,0.151288,-2.2383,0.109712,577780,-0.183748,0.0132692,-0.015519,-13.8477,-0.871174,train
1356,0.0227539,0.529882,0.144922,2.90369,0.38997,540430,0.754126,0.0136898,-0.0924449,55.0867,-1.23772,train
1357,0.0273241,0.471283,0.14411,-2.66822,0.053128,217125,0.0580201,0.0158998,-0.0810881,3.64911,-0.904671,train
1358,0.0167308,0.535946,0.136479,-2.34491,0.441391,261079,-0.0394769,0.0150623,-0.061046,-2.62092,-0.90387,train
1359,0.044398,0.439058,0.140967,7.44226,0.0983276,2.74936e+06,1.51032,0.0110606,-0.148194,136.55,-2.86263,train
1360,0.0279604,0.213833,0.127191,2.48926,0.443578,5.77615e+06,0.693194,0.00858389,-0.0634288,80.7553,-1.2986,train
1361,0.0203806,0.277416,0.197392,4.0725,0.179112,2.34731e+06,0.792105,0.0118111,-0.0570477,67.0642,-1.56801,train
1362,0.0186098,0.311588,0.17238,3.00047,0.471891,9.54758e+06,0.694512,0.00870417,-0.0577656,79.7907,-1.3707,test
1363,0.0521407,0.35042,0.166729,4.13281,0.282478,2.16758e+06,1.24073,0.0117099,-0.148798,105.956,-1.75768,train
1364,0.00170836,0.272085,0.190524,-1.9031,0.108285,2.25824e+06,-0.220281,0.0112945,0.00142035,-19.5034,-0.931164,train
1365,0.00882323,0.493729,0.197891,0.890616,0.0513177,852716,0.247487,0.0137577,-0.0320249,17.989,-0.872111,train
1366,0.0272933,0.449681,0.135192,-2.58894,0.162248,311481,0.0591816,0.01449,-0.0790275,4.08429,-0.917289,test
1367,0.0464317,0.217874,0.0959861,-0.897772,0.461475,6.08749e+06,0.460449,0.00789484,-0.0987868,58.3228,-1.19963,test
1368,0.00331098,0.388074,0.179726,6.00704,0.172978,1.54316e+06,0.809613,0.0122021,-0.024278,66.3501,-2.01827,train
1369,0.0329578,0.417726,0.0943683,-1.47203,0.318772,336362,0.259617,0.0132444,-0.096199,19.6021,-0.68248,train
1370,0.000115974,0.520729,0.183502,-0.0519763,0.24247,2.72724e+06,-0.00490615,0.0107084,-0.000280547,-0.45816,-0.656189,train
1371,0.0554734,0.556488,0.13197,0.419585,0.0904211,6.60732e+06,0.890897,0.00863006,-0.202397,103.232,-0.960488,train
1372,0.0217473,0.213117,0.152953,1.94792,0.227969,2.79889e+06,0.510235,0.0101002,-0.0458719,50.5173,-1.12144,train
1373,0.0264243,0.300061,0.137415,7.13352,0.209879,471717,1.21301,0.0145711,-0.0757045,83.2475,-2.59651,train
1374,0.0328233,0.571571,0.182912,0.666664,0.186435,6.03134e+06,0.626156,0.00956622,-0.12887,65.455,-1.00112,train
1375,0.0519132,0.428895,0.0829245,6.78157,0.298756,939213,1.51135,0.0120223,-0.164689,125.712,-4.32582,train
1376,0.0358785,0.577615,0.16392,-2.98191,0.165316,403941,0.207096,0.0146439,-0.131676,14.1422,-0.873854,train
1377,0.0374202,0.514656,0.190925,-0.778172,0.156173,1.06048e+06,0.48115,0.013106,-0.128316,36.7121,-0.905322,train
1378,0.00600936,0.283704,0.131569,-3.67024,0.16401,280375,-0.377144,0.0148212,-0.00737289,-25.4463,-1.35685,train
1379,0.0573219,0.454047,0.116806,-1.19011,0.309975,236451,0.657764,0.0151758,-0.179504,43.3431,-0.873786,test
1380,0.0279763,0.473663,0.089319,0.619576,0.438644,2.0142e+06,0.495854,0.00944405,-0.0973852,52.5044,-0.632855,train
1381,0.0496222,0.422849,0.0935249,-1.34451,0.196568,9.87841e+06,0.483439,0.00727331,-0.141775,66.4676,-0.68223,train
1382,0.00564263,0.540514,0.144468,6.36451,0.112083,710380,0.866801,0.0131097,-0.0321144,66.1191,-2.43039,train
1383,0.0270188,0.481078,0.0741028,0.0594461,0.45273,1.81739e+06,0.408411,0.00931122,-0.0947295,43.8623,-0.508439,train
1384,0.00802113,0.427883,0.105498,6.88661,0.152359,228861,0.92986,0.0153338,-0.0323685,60.641,-3.62759,train
1385,0.0581396,0.379683,0.0732289,-2.57963,0.282717,5.60228e+06,0.416336,0.00765973,-0.155178,54.3539,-2.02786,train
1386,0.0116378,0.256117,0.167901,4.80961,0.314368,741191,0.78021,0.0135682,-0.0371347,57.5028,-1.67038,train
1387,0.0497789,0.320632,0.139464,-1.67022,0.252208,1.52781e+06,0.426335,0.0108831,-0.119072,39.1742,-0.899669,train
1388,0.0203587,0.392438,0.15458,-2.33627,0.177179,470196,-0.0175388,0.0138857,-0.0519579,-1.26309,-0.885119,train
1389,0.0579393,0.298085,0.10463,2.14836,0.157937,2.17356e+06,0.946019,0.00995317,-0.136041,95.047,-1.32649,train
1390,0.0230491,0.34849,0.0942984,0.166828,0.289572,9.06182e+06,0.310696,0.00732539,-0.0602989,42.4136,-0.567539,test
1391,0.000803163,0.265766,0.135728,0.482658,0.412547,3.68604e+06,0.0749047,0.00915498,-0.00278929,8.18186,-0.585956,train
1392,0.0366544,0.555937,0.156208,7.31957,0.369087,1.64588e+06,1.57431,0.0126373,-0.162069,124.576,-3.10736,test
1393,0.049525,0.471926,0.198546,1.51706,0.0802043,4.1821e+06,0.928502,0.0108687,-0.163574,85.4289,-1.33429,train
1394,0.0077006,0.375577,0.14237,5.20839,0.141528,223962,0.741868,0.0162566,-0.0303696,45.6348,-1.84385,train
1395,0.00152864,0.233721,0.157749,5.54632,0.0966045,2.03744e+06,0.705437,0.0109419,-0.0146188,64.4712,-1.90262,train
1396,0.00807603,0.490672,0.0625644,0.689819,0.215161,2.87541e+06,0.19037,0.00834387,-0.0266917,22.8156,-0.37445,train
1397,0.0178162,0.342589,0.142826,1.56349,0.455942,5.74118e+06,0.467803,0.00873146,-0.0532166,53.5767,-0.947131,train
1398,0.038456,0.499731,0.126095,-1.2005,0.282675,8.38866e+06,0.417419,0.00791382,-0.129514,52.7456,-0.66195,train
1399,0.0282204,0.209143,0.130789,7.70747,0.150446,253050,1.26662,0.0164297,-0.0673817,77.093,-2.70402,train
1400,0.0305052,0.591992,0.131877,-1.74918,0.265121,2.09915e+06,0.281264,0.0100633,-0.119317,27.9495,-0.578054,train
1401,0.0564205,0.564839,0.159927,5.84793,0.0988358,622126,1.60529,0.0153557,-0.225223,104.54,-2.28118,train
1402,0.0574804,0.431053,0.0933516,5.26493,0.263956,3.12657e+06,1.40158,0.00970446,-0.179542,144.426,-2.30158,train
1403,0.0170693,0.374754,0.0908309,-0.648874,0.460026,681565,0.149748,0.0114161,-0.0494906,13.1172,-0.445254,test
1404,0.00922989,0.575624,0.183287,0.0455402,0.100537,454560,0.157233,0.0149462,-0.035759,10.5199,-0.711883,train
1405,0.0536627,0.503693,0.0987219,4.67202,0.20004,254270,1.31581,0.0155456,-0.186097,84.6422,-2.11046,test
1406,0.00832453,0.401969,0.198159,-3.56273,0.242749,2.28549e+06,-0.346823,0.0115417,-0.0139326,-30.0495,-1.29061,train
1407,0.0272168,0.312455,0.0979742,5.09199,0.235235,572547,0.946641,0.0125903,-0.0720631,75.1879,-1.98352,train
1408,0.0338172,0.224603,0.0859745,1.11324,0.218078,4.79685e+06,0.514778,0.00808966,-0.0685464,63.6341,-0.894503,train
1409,0.0522165,0.439394,0.111663,3.23995,0.472967,7.53166e+06,1.21751,0.0084414,-0.180305,144.231,-1.36984,train
1410,0.00579135,0.446746,0.104928,7.12603,0.289667,1.88933e+06,0.960345,0.0102257,-0.0274666,93.9152,-4.05393,train
1411,0.0441844,0.360041,0.0961896,4.14311,0.199686,4.55597e+06,1.04503,0.00872091,-0.12055,119.83,-1.38255,train
1412,0.0397854,0.484714,0.0957858,-3.11393,0.360991,477917,0.18396,0.0123535,-0.130645,14.8914,-1.35603,test
1413,0.0219145,0.571673,0.0804638,3.48306,0.462556,3.28032e+06,0.820401,0.00874829,-0.0945051,93.7785,-2.03827,train
1414,0.0100295,0.476293,0.128443,-0.99017,0.291556,8.24388e+06,0.0209882,0.00789056,-0.0315263,2.65992,-0.560883,train
1415,0.00110598,0.422478,0.156345,-2.44883,0.227735,2.10567e+06,-0.294685,0.0105855,0.00187641,-27.8385,-0.967354,test
1416,0.0213187,0.448167,0.186653,2.84119,0.238426,203507,0.684351,0.0182323,-0.0751257,37.5351,-1.26843,train
1417,0.0412322,0.511638,0.0898734,5.88523,0.0633,6.97887e+06,1.25877,0.00825365,-0.144046,152.51,-3.41768,train
1418,0.0242517,0.32697,0.122281,-2.86322,0.136492,1.36273e+06,-0.0482675,0.0106248,-0.0546071,-4.54291,-1.17824,train
1419,0.0575646,0.283951,0.123352,0.989414,0.144591,354072,0.810725,0.0143325,-0.129857,56.5655,-1.27937,test
1420,0.0566834,0.365668,0.135911,5.92561,0.453379,5.9429e+06,1.61132,0.00976557,-0.17909,165,-2.12757,test
1421,0.0440944,0.496505,0.196462,-3.60106,0.0818001,1.73439e+06,0.209378,0.0120143,-0.136973,17.4274,-1.06387,train
1422,0.0478105,0.337956,0.150837,3.99885,0.430927,4.76206e+06,1.21497,0.0098421,-0.140696,123.447,-1.72355,train
1423,0.0163919,0.536867,0.188057,7.27581,0.428353,5.17219e+06,1.29625,0.0106884,-0.0865568,121.276,-2.77784,train
1424,0.0467455,0.281135,0.173785,2.59945,0.161544,764263,0.922944,0.013865,-0.110716,66.5667,-1.55925,train
1425,0.0520149,0.374214,0.147007,1.92778,0.437821,997939,1.01219,0.0125525,-0.157443,80.6363,-1.40421,train
1426,0.0357326,0.492502,0.167814,2.48215,0.209679,4.5042e+06,0.851475,0.00988402,-0.126502,86.1467,-1.22699,train
1427,0.0150174,0.54464,0.130083,-2.54025,0.205728,676764,-0.0842259,0.0123034,-0.050437,-6.84573,-0.884364,train
1428,0.0233712,0.300646,0.0969937,3.79897,0.160277,562240,0.729835,0.012351,-0.0587465,59.091,-1.28876,train
1429,0.0390924,0.457597,0.189643,-2.36617,0.394898,3.38865e+06,0.291693,0.0105245,-0.125265,27.7157,-0.894099,train
1430,0.00633999,0.549012,0.181257,-2.0799,0.306734,663906,-0.169303,0.0138162,-0.0189238,-12.2539,-0.94408,test
1431,0.040849,0.570588,0.10506,1.66056,0.254224,1.97015e+06,0.837014,0.0100242,-0.158144,83.4997,-0.892999,train
1432,0.0557029,0.595371,0.076499,-3.13908,0.353908,6.8358e+06,0.502566,0.00749177,-0.221217,67.0824,-1.16461,train
1433,0.0243582,0.23238,0.0825281,4.15105,0.258329,412084,0.77805,0.012841,-0.0543779,60.591,-1.44738,test
1434,0.040383,0.564172,0.0794059,3.46876,0.281324,3.26494e+06,1.03022,0.00893415,-0.155766,115.313,-1.95858,test
1435,0.0537202,0.307041,0.0602685,1.23017,0.439353,4.5281e+06,0.828695,0.00798792,-0.137796,103.743,-1.04173,test
1436,0.00999439,0.504548,0.180795,-1.86163,0.201274,2.05801e+06,-0.0848958,0.0111833,-0.0297915,-7.59133,-0.856051,train
1437,0.0113863,0.426208,0.0797783,-1.48849,0.345345,821609,-0.0311953,0.0107817,-0.0331301,-2.89335,-0.678039,test
1438,0.0155119,0.271678,0.104548,2.42412,0.059075,564958,0.467712,0.0122856,-0.0366035,38.07,-0.849712,train
1439,0.00339838,0.38521,0.0874821,3.52582,0.100359,1.8811e+06,0.4566,0.00950656,-0.0127527,48.03,-1.55566,test
1440,0.0412018,0.358308,0.158604,-2.06663,0.344317,460538,0.297706,0.0141393,-0.108025,21.0553,-0.855368,test
1441,0.0284692,0.200547,0.17962,-3.6425,0.452435,2.95325e+06,-0.126969,0.0104733,-0.0476965,-12.1231,-1.46094,test
1442,0.0533992,0.419221,0.192861,7.1849,0.114643,7.33394e+06,1.66402,0.010818,-0.178909,153.82,-2.44263,test
1443,0.0507796,0.419817,0.0861614,-3.45915,0.34048,459726,0.249886,0.0122511,-0.147504,20.397,-2.10212,train
1444,0.0381268,0.398536,0.160445,-1.26459,0.110768,4.08113e+06,0.357267,0.00954662,-0.103636,37.4234,-0.792727,train
1445,0.0512565,0.439642,0.194546,-3.70071,0.343578,5.8337e+06,0.281272,0.00971974,-0.152711,28.9382,-1.18407,train
1446,0.0533306,0.376778,0.180274,-1.31488,0.283025,326110,0.575249,0.0161514,-0.144729,35.616,-1.09914,train
1447,0.0353446,0.225138,0.151079,6.26572,0.439517,9.0114e+06,1.3203,0.00899737,-0.0911368,146.743,-2.2835,train
1448,0.0269846,0.368649,0.0678534,-3.75488,0.223909,5.29444e+06,-0.115335,0.00758387,-0.0679378,-15.2079,-2.97739,train
1449,0.00344539,0.335429,0.108908,1.63791,0.302574,708078,0.24839,0.0117476,-0.0111149,21.1439,-0.699949,train
1450,0.0177686,0.310797,0.089701,6.91711,0.357577,239923,1.08707,0.0150123,-0.052579,72.4117,-4.2726,train
1451,0.0143354,0.416952,0.192591,0.735954,0.464438,2.57044e+06,0.333661,0.01114,-0.0492372,29.9517,-0.991129,train
1452,0.0241164,0.288921,0.182037,0.519006,0.195924,1.47136e+06,0.380028,0.0120113,-0.0563366,31.6391,-0.985974,train
1453,0.00285674,0.36777,0.0610451,2.98638,0.486748,2.56414e+06,0.430396,0.00856413,-0.0107992,50.2557,-2.00673,test
1454,0.0491788,0.325885,0.169935,1.50671,0.206848,512692,0.837415,0.0147175,-0.125167,56.8994,-1.3645,test
1455,0.0142144,0.470435,0.0669552,-0.184909,0.32615,209249,0.172961,0.0138634,-0.0458929,12.4761,-0.319298,train
1456,0.0288732,0.392697,0.19321,-3.56535,0.447709,711442,-0.0591664,0.0140213,-0.0784698,-4.21976,-1.31756,train
1457,0.013477,0.465467,0.0831312,-1.6911,0.451703,2.61479e+06,-0.0224464,0.00878868,-0.0442899,-2.55401,-0.770907,train
1458,0.0236067,0.241941,0.194426,7.42414,0.159226,1.73788e+06,1.24997,0.0130331,-0.0695901,95.9068,-2.4421,train
1459,0.0544265,0.542373,0.135145,-2.14242,0.438981,559089,0.612761,0.0131813,-0.209162,46.4872,-0.834044,test
1460,0.0470737,0.323452,0.0753882,2.43737,0.147187,6.16435e+06,0.835867,0.00780535,-0.11524,107.089,-1.0268,train
1461,0.0472881,0.528508,0.0872155,0.671457,0.332733,919340,0.786834,0.0110969,-0.171169,70.9057,-0.775056,test
1462,0.0380109,0.323801,0.0605378,2.00285,0.447662,1.8604e+06,0.740646,0.00925065,-0.102237,80.0642,-0.88146,train
1463,0.0368546,0.286988,0.145325,6.28643,0.0997247,217641,1.22165,0.0173551,-0.0957171,70.3916,-2.00046,train
1464,0.000826457,0.56818,0.10636,7.71153,0.300728,4.3535e+06,0.970149,0.0088798,-0.013451,109.253,-4.65609,train
1465,0.011107,0.394011,0.109608,0.336399,0.411257,7.33979e+06,0.198714,0.00777283,-0.0336813,25.5652,-0.538368,test
1466,0.0396496,0.423811,0.118788,4.63773,0.39675,9.41313e+06,1.16996,0.00820207,-0.132517,142.642,-1.779,test
1467,0.0240381,0.558393,0.175998,1.46686,0.2036,5.14136e+06,0.577055,0.00962927,-0.094866,59.9271,-1.01361,test
1468,0.0289389,0.502288,0.132336,-1.9415,0.236512,7.21207e+06,0.184396,0.00814289,-0.0951173,22.645,-0.695259,train
1469,0.00208415,0.254705,0.118116,4.98807,0.409398,332502,0.680935,0.0142094,-0.0126971,47.9215,-2.14596,train
1470,0.00281114,0.380156,0.140158,4.90577,0.333706,230204,0.672052,0.0159981,-0.0173141,42.0083,-1.83921,train
1471,0.0205633,0.280239,0.161721,3.8335,0.453625,9.10506e+06,0.818062,0.00865547,-0.0602406,94.5139,-1.52366,train
1472,0.0338546,0.324344,0.145647,7.09616,0.326956,1.42266e+06,1.36204,0.0122751,-0.101871,110.96,-2.54519,train
1473,0.0433117,0.58668,0.0703916,4.6281,0.0624099,2.37354e+06,1.17454,0.00945613,-0.166813,124.209,-3.56845,test
1474,0.0380387,0.550503,0.183846,1.43005,0.162384,303468,0.791455,0.0168192,-0.145146,47.0567,-1.14911,train
1475,0.0302646,0.205857,0.086995,-0.0958507,0.457497,810858,0.358648,0.0110362,-0.0632542,32.4975,-0.785394,train
1476,0.0258743,0.210648,0.0966353,-3.75684,0.346,1.11545e+06,-0.167361,0.0105185,-0.0475307,-15.9111,-2.61624,train
1477,0.0504846,0.4705,0.116565,2.86199,0.263318,801996,1.06667,0.0123886,-0.167727,86.1006,-1.19038,train
1478,0.0168361,0.236451,0.0692755,0.431536,0.210005,1.57342e+06,0.23825,0.00941017,-0.0347426,25.3183,-0.484582,train
1479,0.00100442,0.408174,0.104413,-0.684967,0.217258,1.0946e+06,-0.0700903,0.0106943,-0.00198811,-6.55402,-0.462516,test
1480,0.0235809,0.278682,0.142302,2.29904,0.148405,563483,0.57267,0.0133167,-0.0565613,43.0038,-1.05722,train
1481,0.058698,0.530636,0.170293,2.04625,0.0898975,5.92673e+06,1.15057,0.00982182,-0.212159,117.144,-1.35219,test
1482,0.0476473,0.294894,0.176288,-3.62072,0.396625,1.29993e+06,0.163098,0.012034,-0.107934,13.5531,-1.44175,train
1483,0.0417606,0.537623,0.138371,-2.21571,0.296909,7.3929e+06,0.369779,0.00825955,-0.149389,44.7698,-0.699635,train
1484,0.0520436,0.259777,0.180823,3.2249,0.180003,1.11816e+06,1.0712,0.0133463,-0.11943,80.2615,-1.82637,train
1485,0.00420032,0.52915,0.0723911,-3.5838,0.3813,226992,-0.385108,0.013862,-0.0121702,-27.7816,-2.14368,train
1486,0.0122114,0.316527,0.152083,7.47382,0.320429,6.42892e+06,1.12796,0.00928258,-0.0466578,121.513,-2.89286,test
1487,0.019107,0.478474,0.150914,2.43308,0.492814,8.68385e+06,0.656547,0.0084032,-0.0759517,78.1306,-1.16904,train
1488,0.0408631,0.241356,0.189461,1.5978,0.480487,2.45341e+06,0.812043,0.0115072,-0.097907,70.568,-1.6429,train
1489,0.0421974,0.202526,0.0864676,1.96729,0.135029,295086,0.695353,0.0137397,-0.0807917,50.6089,-1.19194,train
1490,0.00921101,0.529196,0.178789,7.04667,0.242009,666430,1.05397,0.0146146,-0.0513867,72.1178,-2.50933,train
1491,0.0346923,0.549498,0.0888592,3.02721,0.0575219,259981,0.855757,0.0143702,-0.126343,59.5507,-1.3714,train
1492,0.0137463,0.5746,0.186507,3.44823,0.192043,1.39209e+06,0.671531,0.0124895,-0.0629818,53.7677,-1.35706,train
1493,0.00896988,0.418377,0.0985269,-0.420299,0.424833,659095,0.0721156,0.0116423,-0.027528,6.19428,-0.398362,train
1494,0.0334063,0.307889,0.0852421,-0.603454,0.40605,251999,0.34612,0.013862,-0.0835834,24.969,-0.638462,test
1495,0.0298524,0.520317,0.181467,-2.51927,0.208165,5.38221e+06,0.143112,0.00950306,-0.0993454,15.0595,-0.873165,train
1496,0.0188786,0.426713,0.0742012,4.89417,0.25161,721630,0.829563,0.0113905,-0.0601817,72.8297,-3.07086,test
1497,0.0598942,0.304819,0.0618791,1.88549,0.101093,312532,0.893362,0.0132213,-0.138677,67.5701,-1.11235,train
1498,0.00948389,0.246087,0.0638204,-3.55705,0.332176,240299,-0.323905,0.0134507,-0.0177568,-24.0809,-2.90105,train
1499,0.0510923,0.596871,0.133679,4.59816,0.348554,250349,1.45526,0.0170268,-0.222077,85.4688,-2.08242,train
