sample_id,diameter_mm,length_mm,k_W_mK,h_W_m2K,T_base_C,T_inf_C,heat_rate_W,T_tip_C,fin_efficiency,fin_effectiveness,biot_number,split
0,9.93093,18.1368,22.4524,24.7015,135.22,30.9495,1.56031,126.243,0.941688,7.82089,0.00273143,test
1,15.0806,126.145,17.0744,91.223,234.669,9.5344,25.8443,12.9502,0.204451,7.04518,0.0201427,train
2,17.3082,83.6982,51.8636,10.3853,195.963,1.44882,8.65811,165.706,0.895456,18.2163,0.00086646,train
3,18.3483,103.649,16.9093,114.996,237.695,19.4132,37.5603,26.2689,0.239833,5.65908,0.0311955,train
4,12.9413,131.55,127.844,202.569,284.047,25.356,95.7785,51.558,0.333537,13.8953,0.00512638,train
5,10.0987,108.193,76.4659,6.88492,247.305,6.72071,5.09644,202.871,0.875929,38.4129,0.00022732,train
6,2.08062,76.0131,269.768,9.92561,112.275,4.86248,0.470139,93.3118,0.881495,129.699,1.91381e-05,train
7,10.5004,118.561,34.9086,67.8122,285.785,14.5975,22.2398,34.6916,0.302514,13.9653,0.00509944,test
8,16.2696,16.1811,201.03,261.852,172.548,26.4467,37.9599,163.813,0.958729,4.77278,0.00529798,train
9,3.82118,133.588,43.5769,26.6293,276.333,25.7761,3.15987,42.4382,0.293219,41.297,0.000583768,train
10,6.58688,75.9248,124.08,182.631,120.091,22.6135,12.086,41.6274,0.422931,19.9228,0.00242377,train
11,10.7896,54.4099,62.1139,44.1327,299.869,34.9811,17.8022,216.438,0.786684,16.655,0.00191655,train
12,5.75135,134.929,289.663,14.1652,205.987,11.334,5.65,157.337,0.831646,78.8743,7.03137e-05,train
13,18.1339,146.533,22.2369,390.711,141.126,0.452095,50.296,0.476053,0.10633,3.54319,0.0796548,train
14,19.4239,92.4785,70.2325,58.0634,147.286,16.9615,30.2164,84.9398,0.672294,13.4756,0.00401459,train
15,16.3465,106.171,178.752,454.058,60.2801,18.1779,39.0559,23.571,0.360817,9.73491,0.0103807,train
16,9.71872,115.751,184.659,21.3094,233.849,37.4915,12.458,182.917,0.825141,40.135,0.000280381,train
17,15.9463,81.2412,39.1368,68.8005,79.2828,13.4152,10.2246,34.8904,0.528436,11.2973,0.0070082,train
18,2.12823,141.538,218.459,382.6,228.361,22.6383,9.17249,22.757,0.122684,32.7592,0.000931822,train
19,18.6423,53.1185,32.9825,66.2623,288.231,27.6731,40.5996,172.264,0.694914,8.61513,0.00936317,train
20,8.81204,68.4322,294.629,48.2419,157.557,10.9718,12.3393,134.049,0.892336,28.611,0.000360715,train
21,18.508,63.1151,76.7447,23.8011,230.17,38.644,16.3163,204.187,0.908714,13.3041,0.00143499,train
22,3.93953,89.3852,268.497,302.833,171.19,3.25544,18.5175,19.006,0.325551,29.8717,0.00111083,train
23,13.6559,59.3879,18.2742,40.9289,223.158,34.1153,11.9616,107.148,0.573792,10.5552,0.00764636,test
24,15.7222,140.283,55.8953,21.0568,141.825,30.4631,10.5044,81.7337,0.628885,23.0741,0.00148071,train
25,12.5305,97.4385,15.627,237.763,279.444,29.985,33.5029,30.4454,0.142674,4.58047,0.0476626,train
26,13.1433,44.6069,393.408,85.2049,83.7038,33.5008,8.05707,80.1505,0.95249,13.8831,0.000711647,test
27,15.3366,141.144,16.384,119.934,249.42,32.7063,28.6599,33.4848,0.157859,5.96901,0.0280666,train
28,11.4073,59.4916,19.6946,5.26518,116.953,28.6672,0.92844,103.024,0.893983,19.5433,0.000762408,train
29,16.5324,100.997,170.551,6.01901,280.349,11.476,8.56869,268.161,0.969688,24.665,0.000145864,train
30,8.75769,44.9665,20.3377,44.2911,269.977,20.7916,8.6925,128.195,0.607057,13.0748,0.00476809,train
31,6.54356,83.3096,17.9754,12.3052,277.903,23.886,2.95255,110.628,0.540929,28.0884,0.00111986,train
32,4.15123,90.6597,59.5893,37.6101,118.758,30.2643,1.72227,48.5159,0.432713,38.2332,0.000655017,train
33,7.06827,90.39,48.0249,297.762,236.233,10.9501,25.146,12.8786,0.183181,9.55338,0.0109561,train
34,7.79737,27.4641,38.3602,87.935,56.1754,29.2283,1.29532,46.6141,0.758681,11.4476,0.00446857,train
35,4.17077,79.5076,43.8791,10.2178,134.248,36.0096,0.734711,90.1021,0.693493,53.5739,0.000242805,train
36,2.21438,45.7038,44.6873,60.7461,98.7144,20.3801,0.654533,36.0563,0.427444,35.7165,0.000752533,train
37,3.59818,109.375,42.781,12.0438,160.285,4.30699,1.15282,47.7803,0.492294,60.3501,0.000253241,train
38,14.1107,112.019,35.8853,6.27338,200.261,28.9257,4.54487,155.931,0.825503,27.0388,0.000616699,train
39,17.7051,31.4495,254.177,10.6623,99.0529,19.3142,1.6897,98.5764,0.995961,8.07245,0.000185675,train
40,13.0113,53.6825,128.153,33.4693,110.572,15.2663,6.84037,99.421,0.921428,16.128,0.000849536,train
41,8.59703,104.916,16.299,112.585,261.001,35.4778,12.0962,36.5278,0.164751,8.20712,0.014846,train
42,13.7413,50.8373,17.8001,16.0624,134.054,26.5075,3.24964,102.764,0.802916,12.6847,0.00309997,train
43,19.4241,69.8006,26.4432,160.682,277.797,15.3362,72.0173,53.0695,0.374841,5.7628,0.0295076,train
44,4.36613,79.1973,24.8568,111.59,198.594,1.67277,4.69963,3.96428,0.194198,14.2844,0.00490024,train
45,19.5077,68.8962,81.9063,19.9134,169.714,35.7921,11.0738,153.465,0.918425,13.893,0.0011857,train
46,16.4959,82.9816,114.824,26.3853,160.854,29.4511,13.764,137.303,0.879437,18.5752,0.000947644,train
47,16.5493,30.5475,215.79,14.9411,145.355,4.44022,3.77148,143.968,0.993354,8.32766,0.000286465,test
48,15.3289,47.2505,63.4408,5.63293,60.5908,6.67426,0.732425,59.0098,0.980331,13.0676,0.000340264,train
49,19.2875,123.283,25.3903,33.5907,102.374,30.2839,8.6078,47.3638,0.457935,12.1662,0.00637921,train
50,6.02155,88.011,149.698,365.27,293.484,10.0357,48.5767,25.4803,0.277063,16.4753,0.00367322,train
51,4.3486,129.822,94.073,243.371,241.485,31.3088,14.3249,32.018,0.156592,18.856,0.00281251,train
52,7.84093,124.339,45.3639,393.406,60.8834,7.76632,7.73893,7.79038,0.119039,7.66974,0.0169996,train
53,4.27941,123.163,118.073,5.07091,75.1347,2.69725,0.51191,57.3227,0.834402,96.8916,4.59473e-05,train
54,17.3449,79.5918,17.8451,8.66937,76.7589,28.1224,1.54246,62.3792,0.799902,15.4822,0.0021066,train
55,17.3581,60.8722,41.5363,101.356,150.941,26.5013,26.4886,77.4696,0.590572,8.87474,0.0105892,train
56,8.76304,12.125,123.206,206.227,229.175,19.1212,16.2365,214.091,0.951041,6.21466,0.00366698,train
57,8.68912,20.3764,324.636,10.1691,141.956,0.543981,0.882995,141.444,0.997565,10.3549,6.80461e-05,train
58,16.765,97.8835,152.987,20.661,230.577,26.2878,20.4527,200.554,0.901327,21.9511,0.000566031,test
59,5.59386,72.3158,136.208,17.9746,77.6428,25.5665,1.04054,66.6555,0.858115,45.232,0.000184547,train
60,11.1221,105.239,27.9065,68.3043,251.838,39.1949,17.0489,56.4736,0.311,12.082,0.00680563,train
61,19.5868,91.8956,37.7804,280.648,128.219,24.3721,45.9951,29.2355,0.264974,5.23771,0.0363746,train
62,6.92699,15.3907,150.527,157.836,106.592,5.74187,5.60381,98.3417,0.9448,9.34157,0.00181584,train
63,2.53858,133.169,77.2032,19.8588,110.211,23.6927,0.674426,35.3419,0.367846,77.5538,0.000163248,test
64,5.71739,120.352,66.0025,67.559,122.95,2.06461,5.46551,11.3487,0.305944,26.0667,0.00146306,train
65,14.0555,35.0894,166.539,12.0981,205.697,29.7776,3.59107,203.043,0.989863,10.8746,0.000255261,train
66,8.4363,38.6146,25.6555,32.7014,299.398,5.11661,7.90663,195.912,0.761225,14.6983,0.0026883,test
67,6.29363,64.1318,140.023,226.219,258.224,39.5504,29.631,92.1017,0.461076,19.2545,0.00254197,train
68,2.67155,131.392,180.073,132.147,115.091,33.5908,2.72609,35.6378,0.22837,45.1551,0.000490132,train
69,11.7116,101.512,70.6744,10.4055,101.66,2.19239,3.3806,79.4942,0.849997,30.3198,0.000431079,train
70,18.74,32.1923,145.561,467.486,198.892,5.03691,152.224,134.896,0.773677,6.08989,0.0150464,train
71,4.44001,125.824,77.2115,18.7233,240.533,20.6257,3.70753,86.4607,0.508569,58.1572,0.000269169,train
72,8.0055,30.8632,53.6176,11.3468,102.935,5.86265,0.877262,97.6628,0.963601,15.8233,0.000423539,train
73,6.51553,43.5809,162.204,80.4122,294.599,22.7267,16.8701,227.61,0.83387,23.1441,0.000807515,train
74,17.0403,100.898,123.91,133.298,268.949,35.8053,97.5442,120.681,0.557554,13.7629,0.00458283,train
75,15.9982,121.856,71.9665,59.3192,269.722,6.98495,51.7005,91.1299,0.524426,16.5023,0.00329668,train
76,11.0006,52.8525,223.644,70.4001,266.596,15.6857,30.4356,228.014,0.896657,18.1286,0.000865711,test
77,15.7944,67.2825,99.8253,33.3335,93.2985,27.7509,6.77969,81.4113,0.877906,15.837,0.00131851,train
78,7.79597,92.9082,63.0265,106.624,149.15,6.82832,12.5211,24.1927,0.355159,17.2855,0.00329719,test
79,3.22205,36.6081,63.5513,6.71501,162.312,9.68214,0.366015,149.303,0.94298,43.7985,8.51128e-05,train
80,5.74262,136.215,66.8071,11.3061,64.1604,29.5339,0.588169,44.3286,0.604983,58.0057,0.000242964,train
81,5.14992,42.4568,222.031,74.3958,110.45,13.5396,4.396,90.4991,0.861522,29.2716,0.000431396,train
82,18.5795,114.407,47.0855,426.358,68.0348,1.83533,37.3105,2.53851,0.190231,4.8758,0.0420592,train
83,9.33136,108.412,35.7733,6.12058,77.4255,19.1559,0.902273,58.416,0.779264,36.9934,0.000399134,test
84,15.2657,101.453,18.9923,7.68365,124.881,23.8027,2.87467,85.214,0.733154,20.2229,0.00154399,test
85,2.41152,101.957,274.505,11.2243,239.705,12.0668,1.61772,177.213,0.814858,138.621,2.46513e-05,train
86,19.733,75.1657,376.407,140.247,168.19,28.3478,84.2086,140.124,0.864676,14.0393,0.0018381,train
87,14.3064,19.726,38.4748,7.21971,94.0046,7.85362,0.645331,92.8203,0.990644,6.45431,0.000671142,train
88,2.0523,25.7763,31.79,11.0253,205.069,31.8937,0.281153,171.247,0.86875,44.5137,0.000177942,train
89,17.1335,66.8789,386.851,67.0238,224.606,18.3387,49.6134,205.214,0.936901,15.5653,0.000742115,train
90,11.2185,81.5005,54.8856,62.2647,181.52,36.6594,14.7764,88.1706,0.551363,16.5735,0.0031817,train
91,17.3709,112.277,53.4194,55.7696,251.677,34.6653,40.3677,104.113,0.524095,14.0741,0.00453377,test
92,12.8153,108.614,283.17,6.75668,168.367,2.46369,4.89536,160.937,0.970075,33.8568,7.64463e-05,train
93,12.473,108.163,15.0346,41.2477,74.4804,23.1233,2.79089,26.9189,0.302136,10.7823,0.00855495,train
94,4.39148,146.337,45.2588,24.3512,118.361,3.24088,1.74192,12.0349,0.305489,41.0247,0.000590702,train
95,4.7497,52.0021,104.934,17.4012,78.2263,30.9969,0.578079,70.2232,0.886245,39.6985,0.000196911,train
96,13.7988,132.404,103.052,26.1315,296.693,5.22629,31.6784,171.039,0.706231,27.8122,0.000874765,train
97,9.50502,42.4978,15.3084,150.63,166.323,30.6285,9.4263,45.8614,0.344168,6.4994,0.0233817,train
98,19.0624,51.1425,271.086,31.9086,182.252,7.67721,18.1853,175.77,0.975051,11.4389,0.000560945,train
99,19.183,116.72,127.066,456.438,136.589,22.7458,114.127,30.9852,0.299916,7.59931,0.017227,train
100,11.9028,144.131,60.5183,287.982,68.349,1.13988,18.0985,1.51699,0.169987,8.40348,0.0141602,train
101,2.70256,96.5089,88.9523,198.86,106.091,8.46542,2.86541,9.19501,0.178877,25.7297,0.00151045,test
102,10.7072,126.961,27.6304,25.5798,213.129,34.3894,8.13769,66.2493,0.408156,19.7672,0.00247813,train
103,3.24029,30.9974,17.9148,66.1346,97.4309,7.6207,0.87155,28.3495,0.453183,17.7942,0.00299048,train
104,19.5096,97.0467,201.765,49.7882,59.253,4.02197,14.6908,47.3829,0.855188,17.8711,0.00120356,train
105,12.8824,37.3661,46.8258,130.988,290.252,8.36103,42.2155,165.216,0.696034,8.77159,0.0090091,test
106,13.1557,18.8803,65.9354,364.818,65.3492,35.3013,7.96621,56.3086,0.793134,5.34617,0.0181975,train
107,17.7906,70.8504,119.977,13.384,137.756,25.1814,6.05656,130.226,0.955156,16.1706,0.000496156,train
108,9.49526,26.7473,280.634,407.71,134.625,9.1406,38.0761,108.041,0.856735,10.5101,0.00344873,train
109,13.7666,105.049,193.624,63.83,285.17,21.9748,58.3779,184.662,0.740587,23.3456,0.00113457,train
110,5.33285,37.4549,193.282,12.5729,219.751,37.9597,1.45,213.284,0.97623,28.4021,8.67246e-05,train
111,9.22249,63.1567,33.5333,140.859,78.3334,39.6825,3.66804,44.4146,0.355223,10.0857,0.00968492,train
112,10.9113,129.347,253.594,440.18,129.803,5.12834,74.3858,14.0476,0.299388,14.4956,0.00473489,train
113,17.1975,33.2361,144.347,51.3618,63.6022,16.9388,4.68017,61.0413,0.962916,8.40667,0.00152981,test
114,4.24075,15.8895,369.751,5.16032,232.783,24.321,0.242611,232.391,0.998742,15.9673,1.47962e-05,train
115,13.1415,120.385,57.909,14.1912,70.0208,9.88213,3.21781,46.8656,0.738461,27.7976,0.000805115,test
116,14.6854,130.702,303.011,205.036,172.385,20.2664,100.615,68.1638,0.520359,19.0453,0.00248426,test
117,14.0783,129.492,134.283,34.1038,112.633,26.9923,12.3325,77.1208,0.717758,27.1254,0.000893865,train
118,10.8409,110.829,103.514,178.505,224.249,38.2277,44.5429,59.4283,0.346902,14.5327,0.00467364,train
119,17.2458,114.836,25.9047,16.3128,66.9412,30.6787,2.36999,46.9707,0.620643,17.1516,0.00271501,train
120,19.2028,28.1697,134.335,308.3,253.854,20.7759,122.468,205.091,0.856861,5.88477,0.0110176,train
121,5.01823,19.4398,61.4457,23.2605,131.456,16.6048,0.83589,124.441,0.95905,15.8198,0.000474917,train
122,4.27025,106.833,178.711,161.198,196.059,0.751006,14.4756,17.695,0.317636,32.1041,0.000962944,train
123,4.65806,27.6276,397.029,8.10443,229.106,15.1055,0.727226,227.563,0.995185,24.6055,2.37708e-05,train
124,8.27226,144.049,30.3253,241.485,186.623,6.68182,18.1985,6.72367,0.11029,7.79247,0.0164683,train
125,6.81383,117.886,28.9621,20.1442,94.3272,24.4255,1.46814,36.8093,0.407284,28.5929,0.00118482,test
126,16.7973,93.8674,114.129,144.256,296.425,20.761,113.165,118.349,0.549906,12.8419,0.00530782,train
127,12.3348,149.457,91.2843,62.5116,275.397,6.41415,42.8063,61.2912,0.430681,21.3044,0.00211172,train
128,5.4077,120.853,353.881,156.726,162.783,11.2335,21.7659,44.039,0.4414,39.8995,0.000598736,train
129,14.0644,32.1404,27.6947,9.78579,290.186,5.01377,4.21856,273.056,0.959517,9.7304,0.00124239,train
130,6.28016,44.407,48.4433,14.3858,137.226,3.72275,1.54194,114.387,0.885075,25.9185,0.000466242,train
131,19.5811,112.481,282.112,27.7523,228.578,35.6334,35.4506,204.679,0.916909,21.9852,0.000481563,train
132,17.3211,42.0031,34.1239,340.781,119.384,37.8827,30.7495,55.6293,0.439113,4.69844,0.0432446,train
133,2.28652,142.893,15.3862,160.882,149.185,36.7548,0.960687,36.7548,0.0515375,12.9346,0.00597711,train
134,19.7529,99.9997,59.5177,68.0883,175.175,27.5868,37.7453,85.1507,0.5768,12.2571,0.00564933,train
135,3.28812,136.474,316.477,288.481,260.416,11.5048,22.2701,16.6524,0.218678,36.5238,0.000749313,train
136,7.22133,99.3292,127.975,309.749,74.7303,15.7503,11.3055,18.662,0.269718,15.1095,0.0043696,train
137,19.7229,65.5447,182.486,94.895,84.2209,14.1912,24.8292,69.2485,0.855618,12.2294,0.00256404,train
138,16.9467,26.5516,15.3328,104.072,251.217,2.91727,29.0006,138.153,0.68466,4.97549,0.0287567,train
139,5.77967,11.0238,27.48,14.5534,115.446,4.8852,0.35753,112.41,0.981457,8.46936,0.00076523,train
140,8.10448,146.572,48.751,158.797,250.192,6.18812,24.6043,7.45345,0.167836,12.3093,0.00659968,train
141,19.8651,45.8684,223.985,19.4809,166.783,3.57372,9.93756,163.193,0.985196,10.0845,0.000431939,train
142,5.64542,66.6859,34.0727,479.277,239.26,9.76361,19.5405,10.2804,0.147095,7.09726,0.0198526,test
143,11.1659,60.8021,146.036,471.938,68.4905,10.1523,27.6458,23.4393,0.450124,10.2544,0.00902109,train
144,2.15152,109.161,114.392,277.25,204.076,8.2859,5.4659,8.53427,0.135801,27.6962,0.00130364,train
145,10.5513,104.705,55.1966,5.31588,137.618,12.4198,2.08379,115.238,0.879937,35.8077,0.000254044,train
146,9.00191,103.998,34.6046,5.70157,187.379,17.2843,2.31011,135.223,0.792762,37.4273,0.000370796,test
147,8.28283,78.0036,350.688,138.724,272.798,1.18179,56.957,163.157,0.72547,28.0539,0.000819123,train
148,15.1777,28.7344,23.3296,6.62573,201.385,34.7219,1.669,195.082,0.97445,8.35377,0.00107764,test
149,19.3775,86.9162,148.071,253.423,179.529,12.4431,128.701,70.3925,0.544117,10.3065,0.00829111,train
150,5.0982,71.9754,166.028,23.0528,131.16,20.9474,2.50981,105.294,0.842002,48.3909,0.00017697,train
151,3.91951,38.3775,183.627,17.2574,226.489,14.7834,1.68782,211.69,0.953255,38.2881,9.20896e-05,train
152,9.34526,71.5818,18.7639,47.5156,253.487,8.77522,10.2108,51.5017,0.404646,12.8025,0.00591622,train
153,3.94645,25.97,23.796,87.0921,104.924,21.4813,1.37241,52.6809,0.565062,15.4388,0.00361096,train
154,13.5584,65.6415,35.0293,401.859,156.203,16.2741,41.1445,21.4045,0.248844,5.06784,0.0388859,train
155,13.6922,96.8139,16.2079,13.4802,80.0661,2.88376,2.62948,33.9227,0.586146,17.1641,0.00284696,test
156,5.48303,29.0991,117.613,268.782,276.863,0.0404907,26.5755,147.586,0.680515,15.1268,0.0031326,train
157,9.95187,31.8859,351.526,10.2682,231.637,10.3712,2.43048,230.119,0.995403,13.7525,7.26745e-05,train
158,3.90828,37.7543,29.7132,29.9371,237.225,24.4727,2.06153,137.788,0.680626,26.9802,0.00098443,test
159,8.47749,41.4025,15.2859,144.874,269.647,22.7037,14.1641,49.7657,0.341567,7.01417,0.0200866,train
160,16.9895,68.2655,105.462,119.199,66.5849,31.4037,11.3664,51.1578,0.700317,11.9561,0.00480058,train
161,2.59691,71.966,50.3316,27.0014,220.223,37.5228,1.35768,82.1579,0.464557,51.9601,0.000348291,train
162,9.84909,62.0324,23.7132,103.929,146.836,15.4891,9.92516,32.7893,0.364344,9.54333,0.0107915,train
163,3.7802,110.069,357.786,5.88675,249.703,0.371723,1.8076,225.156,0.934127,109.731,1.55492e-05,train
164,19.6565,42.1161,20.8496,10.4796,81.1711,37.2181,1.24529,76.6765,0.930911,8.90921,0.00246996,train
165,15.7802,42.5769,102.868,5.84986,157.072,37.4985,1.59668,155.243,0.989735,11.6714,0.000224345,test
166,18.7771,68.8358,93.6826,16.6983,85.0164,28.172,3.85688,79.6635,0.936772,14.6734,0.000836722,train
167,9.56779,20.5198,34.0229,83.4707,282.42,23.0779,12.7076,226.027,0.852388,8.16476,0.00586833,test
168,17.5771,115.606,315.536,5.37156,161.135,16.8549,5.04213,157.207,0.981811,26.8117,7.48063e-05,test
169,13.3436,83.9884,239.506,75.6767,130.942,6.13402,28.1123,96.3992,0.813075,21.2839,0.00105405,train
170,15.1556,13.7407,19.9109,27.2023,227.396,18.5306,4.57594,216.842,0.964968,4.46449,0.0051764,train
171,17.8602,65.0187,384.971,343.428,220.811,33.6719,192.368,156.838,0.767739,11.9473,0.00398321,train
172,2.45567,24.2023,23.4475,427.004,135.406,24.1047,2.128,27.2199,0.233875,9.45387,0.0111801,train
173,19.5401,140.187,225.19,9.03489,283.62,29.9632,19.3093,263.195,0.946108,28.0969,0.000195993,train
174,7.5327,109.658,67.8101,6.14118,204.59,9.42807,2.65423,157.922,0.838986,49.6937,0.000170549,train
175,8.58167,115.217,164.134,13.2611,179.973,1.22196,6.42587,141.899,0.856748,46.8673,0.000173338,test
176,6.93401,147.308,54.147,11.876,163.18,15.3489,3.17022,68.7892,0.556173,47.818,0.000380209,train
177,13.3658,104.182,54.6508,39.0612,158.72,5.97239,15.7158,66.8194,0.5834,18.7731,0.00238828,test
178,15.1334,124.446,157.083,43.0933,246.568,20.7091,43.3416,157.021,0.730442,24.7568,0.00103791,train
179,19.3499,85.1284,92.753,31.0192,67.8166,4.05138,9.16811,53.4038,0.847539,15.7623,0.00161778,train
180,9.39215,65.2798,30.972,269.318,237.162,29.272,27.1323,36.1184,0.242855,6.99469,0.0204174,train
181,16.47,131.039,163.726,20.7873,60.4215,35.9817,3.00817,54.8574,0.846695,27.7928,0.000522771,train
182,18.7557,96.3664,254.767,40.0646,77.5149,6.95889,15.1418,66.9675,0.899578,19.3876,0.000737379,train
183,13.2511,83.5441,51.5793,83.9059,292.555,38.3616,38.3975,111.185,0.497899,13.0543,0.005389,train
184,7.55743,79.8301,29.0413,12.2334,148.45,26.9706,1.98426,92.9632,0.688176,29.7654,0.000795874,train
185,14.0427,73.379,95.5218,132.59,145.273,18.5954,33.9207,71.1745,0.595369,13.0396,0.00487303,train
186,4.93308,72.3733,97.2083,260.12,143.693,14.5859,11.1499,22.9645,0.291047,17.3709,0.00330011,train
187,17.1145,41.4438,69.6399,65.1995,213.542,8.97434,28.5636,174.595,0.871142,9.30925,0.0040058,test
188,9.44802,38.8637,62.5143,362.803,200.12,35.9894,34.4807,78.0893,0.473214,8.25933,0.0137079,train
189,6.9921,76.2653,40.4069,331.012,268.205,27.716,25.5421,30.0366,0.187237,8.35626,0.0143198,train
190,13.4224,74.3587,73.7467,438.744,87.6046,24.124,27.8123,28.9756,0.304722,7.05723,0.0199636,test
191,6.76723,148.675,180.841,18.5563,53.7123,33.3643,0.849961,44.8763,0.704164,62.5856,0.000173598,train
192,2.94381,113.274,203.897,169.402,95.4815,33.1922,2.90171,35.8945,0.260807,40.403,0.000611442,train
193,11.3359,141.579,324.435,24.633,217.83,12.3598,22.0658,171.333,0.847704,43.1972,0.000215171,train
194,15.865,29.7429,161.561,14.1149,292.825,9.85861,6.65509,289.369,0.991753,8.42891,0.000346514,train
195,7.60083,76.797,116.659,9.507,181.278,12.2505,2.77804,161.084,0.919958,38.1002,0.000154855,train
196,17.6193,131.215,131.984,65.3795,256.989,11.3767,74.8773,121.87,0.621152,19.1246,0.00218198,train
197,2.80158,99.8089,62.737,11.1187,133.168,17.27,0.657022,62.2874,0.576356,82.7093,0.000124129,test
198,3.97011,72.8062,53.6619,322.144,126.608,16.3989,5.69364,17.1099,0.174229,12.9547,0.00595836,train
199,14.0172,112.396,89.266,14.614,126.241,9.59887,7.24448,97.2894,0.832693,27.5404,0.0005737,train
200,8.30349,17.3519,63.6109,17.1604,287.565,36.0709,2.15216,281.589,0.983984,9.20894,0.00056001,train
201,5.17992,110.205,36.8284,28.9635,233.92,23.7601,3.98663,50.594,0.360958,31.0791,0.00101843,train
202,19.2827,27.8234,16.4793,20.1739,252.742,34.5695,7.99727,226.774,0.918821,6.22197,0.00590142,train
203,15.1167,76.3923,31.1495,7.76991,89.4366,16.5557,1.89532,76.3355,0.879078,18.6488,0.000942675,train
204,14.909,102.094,160.083,9.36585,194.771,5.71871,8.29561,179.31,0.945256,26.837,0.000218067,train
205,4.12648,121.163,21.1245,81.6182,86.3841,33.3302,0.917259,33.3903,0.133724,15.8394,0.00398585,train
206,6.50892,10.9244,61.7266,217.06,63.1858,20.6825,2.13176,56.9532,0.900277,6.94431,0.00572211,test
207,10.3467,114.091,85.7672,174.732,172.876,22.8119,30.2832,34.18,0.304519,13.736,0.00526977,train
208,8.29781,29.4719,48.1414,16.3749,81.2616,37.8047,0.55532,77.9562,0.948952,14.4308,0.000705607,train
209,8.56323,50.0017,163.306,53.3824,52.7064,25.2461,1.81219,47.8577,0.881298,21.4653,0.000699801,train
210,4.29813,57.1481,21.238,9.74298,128.574,2.67527,0.669003,72.0497,0.693735,37.5894,0.000492944,train
211,3.43516,37.8411,50.2271,47.3616,151.115,16.0257,1.786,85.6416,0.668387,30.1198,0.000809795,train
212,15.1692,64.1609,88.7269,163.366,113.065,5.51603,34.3781,51.4987,0.604214,10.8268,0.00698248,train
213,9.47573,37.5034,56.6446,31.0367,263.354,26.0083,7.80926,225.66,0.893141,15.0328,0.00129798,train
214,16.6293,33.4038,48.3977,9.13687,225.441,14.0636,3.71102,218.926,0.979205,8.84704,0.000784852,test
215,6.28799,119.7,45.6838,8.50145,160.783,0.698058,2.14146,80.5779,0.656818,50.6704,0.000292538,train
216,14.1426,111.557,48.5593,86.2312,229.511,3.45404,38.2041,37.6409,0.383264,12.476,0.00627859,train
217,4.01047,113.558,48.5955,34.8605,118.554,8.9049,1.79262,19.1242,0.324916,37.1254,0.000719238,train
218,16.2444,78.5387,392.255,6.43141,278.198,32.3028,6.60584,274.858,0.990919,20.1546,6.65859e-05,train
219,18.982,99.8406,328.054,306.468,282.69,11.0677,318.107,130.232,0.612712,13.5035,0.00443325,test
220,10.9679,108.938,58.5201,62.2997,65.9224,29.086,3.91587,37.1572,0.443422,18.0603,0.00291907,train
221,9.0671,63.3885,23.0218,113.62,283.757,29.5756,17.5536,53.4001,0.325,9.41335,0.0111872,train
222,16.5804,134.85,107.775,408.543,78.041,12.3399,46.2135,14.3177,0.237802,7.97407,0.0157128,train
223,11.2519,59.7813,91.854,14.4404,50.0518,15.3007,1.03583,46.5727,0.932888,20.7586,0.000442228,train
224,16.8999,134.996,20.1471,124.606,58.897,22.2091,6.34343,22.5699,0.187726,6.18592,0.0261306,train
225,10.0271,61.1347,105.999,6.85724,198.812,17.3096,2.41171,189.737,0.966558,24.5387,0.000162168,train
226,4.06782,149.329,24.1524,33.8162,210.274,31.8056,2.07852,33.155,0.179253,26.5005,0.00142386,train
227,3.61362,20.4132,43.0531,85.8374,258.985,5.85177,4.00212,169.864,0.761123,17.9593,0.00180117,train
228,13.1726,66.732,105.011,90.8795,136.231,3.92498,24.9483,81.1089,0.716012,15.2252,0.00284998,train
229,19.782,26.155,68.1016,39.672,191.143,29.613,11.9376,182.576,0.963813,6.0611,0.00288095,train
230,16.3195,99.0532,81.4671,110.348,238.378,13.8949,66.5247,81.0743,0.5079,12.8389,0.00552624,test
231,14.9885,77.0749,77.98,20.2558,177.99,29.2046,10.0035,149.729,0.872175,18.812,0.00097334,train
232,13.0998,128.567,160.406,234.33,138.065,26.2574,50.6639,40.0463,0.356396,14.3477,0.00478421,train
233,6.65856,34.6956,31.9665,131.953,279.856,9.13223,14.2247,95.6621,0.523529,11.4353,0.00687139,train
234,7.14516,101.65,128.533,52.1734,57.6277,15.3289,3.00788,32.3719,0.587012,33.9915,0.000725082,train
235,16.7946,72.3999,40.5634,162.678,156.613,35.6108,33.0202,58.2714,0.415067,7.57231,0.0168385,train
236,18.3713,50.0707,42.6668,24.8277,153.495,34.0604,8.33013,134.108,0.890429,10.5979,0.00267255,train
237,16.3778,106.326,38.8491,17.8783,149.277,14.294,9.6565,90.7505,0.704302,18.9939,0.00188426,train
238,11.0189,140.485,84.2677,11.6515,168.862,13.0914,6.80848,112.921,0.75654,39.3385,0.00038089,train
239,9.8415,105.755,60.2551,383.935,107.882,15.5978,21.5254,16.3523,0.18158,7.98644,0.0156771,train
240,10.6937,65.1082,386.196,204.034,167.112,38.1515,46.6004,124.799,0.777749,19.7189,0.00141242,train
241,8.09012,90.8473,21.13,102.455,192.213,32.324,8.50138,35.7279,0.219866,10.0957,0.00980687,train
242,16.5414,138.044,86.7926,48.643,163.969,15.1355,30.0411,70.0652,0.561608,19.3089,0.00231766,train
243,7.1754,146.217,16.0083,340.6,188.523,29.8348,11.1874,29.8348,0.062037,5.11868,0.0381667,train
244,7.4252,131.749,31.5717,21.7214,159.672,39.8897,3.11602,58.0911,0.384274,27.6576,0.00127714,test
245,15.2085,18.3818,28.1384,11.2425,125.284,10.3938,1.34604,122.46,0.983194,5.73656,0.00151911,test
246,19.5142,63.6746,77.3055,69.7578,65.129,21.3466,10.0739,51.2545,0.784831,11.0284,0.00440224,train
247,11.4269,53.5747,90.3426,234.142,78.7427,36.7072,10.9727,51.6257,0.550324,10.871,0.00740381,test
248,9.0526,31.6319,16.739,9.31774,247.929,38.5625,1.7214,221.586,0.915383,13.7096,0.00125978,test
249,14.5459,112.177,81.2779,24.1386,121.553,14.5093,10.1976,81.465,0.745727,23.7498,0.00107999,train
250,10.0206,54.2126,151.601,386.443,57.7656,1.11912,20.4754,19.2446,0.523854,11.8603,0.00638585,train
251,15.2192,57.5464,77.4038,21.3596,227.66,19.9075,11.949,202.301,0.917968,14.8019,0.00104993,test
252,8.41484,81.6587,35.7601,8.16872,212.309,34.462,2.59032,161.008,0.805206,32.0605,0.000480553,test
253,11.0176,91.9315,88.2299,51.1603,158.011,2.1376,16.7326,76.3581,0.640232,22.0088,0.00159714,train
254,14.4394,77.1215,15.1598,5.1034,94.3433,20.081,1.16163,76.3907,0.836944,18.7175,0.00121522,train
255,17.6335,44.1188,325.346,184.004,252.87,24.1962,102.956,222.442,0.910195,10.0194,0.00249322,train
256,2.17275,105.41,49.7992,148.692,295.474,19.7948,3.77392,20.0087,0.1273,24.8309,0.00162186,train
257,13.9386,145.347,132.687,425.184,99.8477,39.6943,36.9239,41.0199,0.221517,9.46109,0.0111663,train
258,13.9329,42.7027,15.361,42.6,135.06,29.8973,5.99492,83.3514,0.661927,8.77682,0.00965991,train
259,18.2332,61.0976,22.9309,24.3297,217.936,3.27825,14.9483,142.535,0.761066,10.9621,0.00483636,train
260,9.13943,85.7104,49.1248,104.995,57.7351,32.8449,2.43092,36.212,0.368168,14.179,0.00488345,train
261,12.3479,85.6897,118.739,75.5616,284.437,2.25462,49.2587,148.72,0.670825,19.2919,0.00196445,train
262,18.6787,118.197,112.168,13.4515,217.534,10.6663,17.8178,183.076,0.888097,23.3673,0.000560001,train
263,16.3141,143.546,192.62,30.6587,75.5264,6.09496,12.6955,53.7885,0.788259,28.5316,0.000649164,train
264,10.0644,97.5885,44.2469,84.219,229.724,8.26898,21.267,36.4402,0.360264,14.3333,0.00478911,train
265,3.32883,79.4193,62.0825,136.923,208.178,25.3778,5.08196,31.2535,0.241927,23.3296,0.00183543,train
266,14.6137,137.442,331.975,5.52066,293.268,5.19869,10.0014,280.7,0.970851,37.4943,6.07555e-05,train
267,11.1008,149.162,41.3664,127.394,264.299,32.7483,30.8786,35.6946,0.197559,10.816,0.0085466,test
268,8.01759,78.1456,220.792,41.9923,272.386,2.77377,19.1206,206.975,0.836557,33.4515,0.000381215,train
269,9.82518,49.4017,71.3344,70.9798,56.5078,1.00482,4.70881,35.8231,0.746715,15.7648,0.00244408,train
270,3.2457,121.301,15.6874,7.17941,143.42,22.0184,0.37196,35.3398,0.342741,51.5796,0.000371352,test
271,4.63941,49.0338,384.126,161.318,203.141,33.09,15.5929,147.103,0.776968,33.624,0.000487094,train
272,11.7784,87.8298,73.4798,301.602,76.3512,25.7396,15.0943,29.1702,0.294394,9.07541,0.0120863,train
273,10.1707,140.674,59.9954,431.388,257.281,38.226,56.7792,38.4436,0.131303,7.39572,0.0182826,train
274,17.3179,76.0436,80.1936,491.16,136.046,16.3734,84.6229,28.1316,0.329241,6.1121,0.0265166,train
275,14.4975,52.4207,34.4732,7.00872,170.401,10.6894,2.70056,157.348,0.945145,14.6152,0.000736867,train
276,8.98329,109.167,124.789,51.4602,212.371,35.0282,17.2372,109.789,0.600703,29.8003,0.000926124,test
277,6.73673,21.526,123.157,347.709,51.1269,17.9972,4.40618,40.3347,0.778667,10.731,0.00475496,test
278,16.6259,73.26,232.431,8.74758,127.929,37.7978,3.13167,125.544,0.982298,18.2958,0.000156429,train
279,8.72124,102.148,58.3232,23.7276,124.068,37.9293,3.65131,77.1111,0.624977,29.9053,0.000887014,train
280,7.20912,91.5063,66.4581,95.087,231.48,23.1662,15.7571,53.1067,0.376428,19.4886,0.00257867,train
281,9.66914,113.796,39.9386,23.9979,153.056,6.75464,6.42653,52.4495,0.518516,24.9282,0.00145247,test
282,17.4489,40.6051,187.201,19.2058,186.006,29.9395,7.27366,182.401,0.984457,10.1481,0.000447539,test
283,7.0818,82.1598,31.844,240.267,285.63,9.61276,22.6005,11.9307,0.182505,8.65187,0.0133583,train
284,4.24456,130.854,83.6636,22.2228,122.284,36.5486,1.55716,57.5001,0.464616,57.7584,0.000281862,train
285,6.21692,131.454,44.3978,86.477,105.117,17.08,4.19961,18.67,0.212344,18.172,0.00302729,train
286,12.6512,24.8158,16.531,32.2774,86.5103,31.9768,1.69331,75.6815,0.865107,7.65289,0.00617547,train
287,15.5014,86.1848,46.6126,84.7075,88.8745,20.8927,12.4369,39.9122,0.492429,11.4437,0.00704254,train
288,3.10768,23.4097,34.7977,419.556,84.648,13.2568,2.33611,20.2873,0.330291,10.2824,0.00936732,train
289,14.6277,23.8767,18.9505,6.57685,119.49,0.687619,0.965629,115.413,0.976741,7.35407,0.00126915,train
290,5.94801,135.218,18.4735,209.459,111.161,23.816,3.91508,23.8172,0.0837714,7.70139,0.0168601,train
291,17.9612,149.503,23.4201,309.691,112.826,12.9477,32.1627,12.9958,0.119665,4.10386,0.0593766,train
292,2.54354,123.216,36.7413,33.7298,241.599,19.0871,1.57814,23.1118,0.212464,41.3819,0.000583764,train
293,17.7489,46.8,75.1049,417.222,287.096,14.505,169.955,102.138,0.523057,6.03979,0.0246497,train
294,7.45192,96.9021,26.0972,8.20921,60.4012,30.8676,0.374508,46.0724,0.668069,35.4174,0.000586025,train
295,8.26711,133.939,24.6213,5.73077,225.702,15.184,2.64068,109.38,0.619661,40.7771,0.000481056,train
296,8.78228,38.4211,43.7661,217.844,108.653,13.7296,11.4921,40.7544,0.495929,9.17437,0.0109284,test
297,3.72512,133.47,17.3313,102.591,284.87,39.8436,3.68988,39.8546,0.0933248,13.4685,0.00551263,test
298,16.8176,120.029,94.367,217.45,266.56,1.22865,129.438,30.2284,0.34179,10.0994,0.0096882,train
299,8.70217,116.737,37.9502,9.30196,189.979,32.4154,3.215,115.014,0.674756,36.8812,0.000533247,train
300,4.49763,97.2599,23.8581,26.9366,80.8022,28.394,0.627022,33.0274,0.319507,27.9565,0.00126949,train
301,11.1835,144.423,21.1917,28.3267,83.8384,0.25772,3.79216,6.94473,0.309664,16.3056,0.00373723,train
302,5.50408,128.034,60.3981,164.855,222.396,32.0533,12.1826,33.2507,0.173499,16.317,0.00375582,test
303,3.68369,61.6406,31.3766,46.1424,97.6296,30.7287,0.882019,41.6454,0.394644,26.8095,0.00135431,train
304,7.53186,40.0259,16.6149,109.666,266.802,21.5862,10.5983,62.5569,0.397428,8.8455,0.0124284,test
305,17.2081,105.539,15.4078,82.8285,102.239,5.91357,12.1914,9.921,0.257327,6.57016,0.0231267,train
306,11.1172,76.8519,31.4488,79.9351,235.884,3.39562,21.118,45.0384,0.40859,11.7067,0.00706427,train
307,11.5363,148.225,306.353,169.473,233.303,16.2529,93.3737,69.034,0.463508,24.2853,0.00159546,train
308,12.0398,115.624,113.026,6.22601,126.869,27.3682,2.56341,115.307,0.922156,36.3458,0.000165802,train
309,12.7756,32.8837,45.0844,26.208,214.137,39.4612,6.15093,195.453,0.927906,10.4814,0.00185665,test
310,12.1504,129.771,35.6325,58.7385,190.17,13.109,16.9719,29.1661,0.321898,14.0738,0.00500736,test
311,9.9149,107.977,22.9767,49.3348,73.501,31.2699,2.19838,34.5452,0.306683,13.6663,0.00532224,train
312,15.6795,77.6293,301.117,130.305,224.479,11.4413,90.402,164.822,0.810699,16.8659,0.00169628,train
313,5.72308,111.278,21.6092,210.684,223.783,22.2362,9.24858,22.2732,0.10748,8.4668,0.0139496,train
314,2.77917,140.448,17.0938,377.403,122.746,25.9491,1.78927,25.9491,0.0397453,8.07402,0.0153398,train
315,6.20781,44.4807,42.9987,15.5374,136.351,35.1886,1.21721,115.69,0.8626,25.5857,0.000560794,test
316,2.18506,32.6575,25.4277,175.522,148.778,2.47127,1.56639,9.48312,0.267611,16.2663,0.00377075,train
317,7.75427,142.807,41.4356,7.50177,196.301,18.8588,2.96994,101.456,0.632746,47.2449,0.000350971,train
318,3.0233,12.3767,141.513,7.4984,86.607,20.4548,0.0616239,86.2104,0.99599,17.3054,4.00493e-05,test
319,2.47293,59.2852,24.8913,7.57912,294.807,3.88744,0.670836,147.797,0.653751,63.345,0.000188244,test
320,13.335,61.4931,65.2244,121.945,84.5229,0.353441,16.5473,35.111,0.593628,11.5435,0.00623282,train
321,5.24836,143.74,16.3086,5.12968,168.329,33.875,0.718212,62.0263,0.435402,48.1339,0.000412704,train
322,3.61645,148.993,72.5915,25.3902,142.223,33.3804,1.58756,44.7638,0.337318,55.9257,0.00031623,train
323,5.73327,54.6303,170.814,8.71333,299.064,28.0033,2.29986,284.589,0.964309,37.7186,7.31146e-05,train
324,14.3883,11.3207,30.2485,239.999,169.096,4.91127,22.9748,137.445,0.864658,3.58592,0.02854,train
325,11.7731,28.9043,332.872,15.8953,276.386,7.03704,5.01569,274.204,0.994555,10.7615,0.000140547,train
326,12.726,15.8475,27.8935,16.2855,254.836,11.6703,2.94801,247.191,0.97852,5.85268,0.0018575,train
327,14.5815,11.2482,227.372,41.6146,138.229,35.8626,2.89582,137.696,0.996358,4.07072,0.000667194,train
328,12.1998,131.35,68.3222,97.1099,216.741,31.8173,31.6908,52.1206,0.34259,15.0966,0.00433506,train
329,7.82643,51.2578,16.8642,9.75112,194.441,35.451,1.60414,145.28,0.790815,21.508,0.00113134,train
330,2.80401,70.1898,257.512,23.1034,220.917,26.5559,2.32571,171.692,0.829371,83.8724,6.28925e-05,train
331,2.76837,45.3658,211.5,99.4479,143.776,39.4124,2.88752,97.0359,0.694548,46.2213,0.000325424,train
332,16.8647,113.066,19.4995,65.0356,96.1133,8.5686,10.696,15.0685,0.302328,8.40995,0.014062,train
333,6.03672,119.441,46.7863,8.08441,151.234,3.86713,1.81642,79.0219,0.664676,53.2691,0.000260778,train
334,5.9963,105.484,292.039,30.7927,177.793,13.4557,8.12643,128.366,0.796836,56.867,0.000158063,train
335,2.04642,45.6645,233.924,50.2853,239.798,21.6247,2.54009,168.807,0.779911,70.3927,0.000109977,train
336,7.63235,44.1733,290.672,233.209,206.258,17.8366,37.8935,145.187,0.78047,18.8488,0.00153088,train
337,4.61154,86.246,320.072,220.948,282.997,13.3222,34.3116,76.0211,0.454787,34.4769,0.000795846,train
338,14.5897,18.6194,293.859,291.582,69.2868,39.5763,8.4658,67.4396,0.957513,5.84544,0.00361916,train
339,15.7869,147.416,42.6439,174.256,293.232,35.2851,69.2731,39.2713,0.205296,7.87346,0.0161275,train
340,13.4135,38.5026,300.817,352.323,150.039,11.8999,71.7741,116.603,0.836111,10.4361,0.00392753,train
341,17.1999,52.1147,91.4933,6.36414,110.157,34.0188,1.45227,108.249,0.983192,12.8993,0.0002991,train
342,3.37589,107.045,37.2352,473.736,223.437,29.1998,7.94843,29.2005,0.0754911,9.65038,0.0107377,test
343,16.8888,123.68,83.47,310.594,188.096,6.99124,100.432,15.1736,0.263101,7.97007,0.0157109,train
344,2.20531,124.928,189.842,30.4685,292.314,34.5021,3.10274,94.2899,0.454362,103.41,8.84846e-05,train
345,13.5189,102.96,75.9424,30.0747,93.8441,8.03188,8.28407,57.4108,0.710734,22.3624,0.00133844,train
346,10.1033,81.9824,108.875,222.182,232.3,7.33098,54.9087,47.8322,0.40954,13.7022,0.00515449,train
347,7.78311,63.3856,117.852,20.5395,205.789,16.1635,5.53391,174.566,0.889445,29.864,0.000339115,train
348,9.77511,134.666,75.7871,342.425,299.685,37.0199,64.2361,38.4729,0.169617,9.5165,0.0110416,test
349,6.76334,124.054,43.7312,26.6801,179.452,26.4917,4.48867,54.343,0.41167,30.6152,0.00103157,train
350,9.33577,79.2278,215.29,459.599,157.73,20.299,60.3777,43.5131,0.399601,13.9644,0.00498248,test
351,18.208,18.241,32.4162,396.689,70.7781,7.07215,23.1251,43.6926,0.701842,3.51431,0.0557045,train
352,19.6772,117.702,70.7426,44.4719,149.079,11.8485,29.4466,76.5313,0.636528,15.8665,0.00309249,test
353,14.634,26.8,135.021,34.1513,67.5973,36.9759,1.4339,66.6545,0.97919,8.15217,0.000925352,train
354,2.20123,90.6926,136.698,407.212,263.66,8.58438,9.76287,9.20463,0.148961,24.6982,0.00163933,test
355,13.5022,69.8739,103.225,43.652,278.344,2.34114,30.8208,206.125,0.823314,17.8659,0.00142747,train
356,2.0087,115.928,113.427,254.418,68.7233,18.73,1.20098,18.7718,0.128513,29.796,0.00112638,train
357,15.5856,111.89,17.0523,10.5774,254.824,10.9335,8.98829,118.456,0.614575,18.2628,0.0024169,train
358,2.31289,75.9702,72.2535,148.225,125.399,21.2758,1.88233,23.4565,0.219273,29.0286,0.0011862,train
359,3.46094,88.1625,54.4536,485.699,211.051,8.0157,10.5604,8.06406,0.11063,11.3832,0.00771746,train
360,16.127,27.442,344.097,10.6548,58.697,19.5754,0.663006,58.5511,0.997477,7.78679,0.000124842,train
361,5.58174,72.1094,53.4927,55.7436,231.159,27.5766,7.02464,81.2762,0.480234,25.2964,0.00145415,test
362,4.18255,72.265,124.517,5.32934,196.689,14.4145,0.87267,178.33,0.932596,65.3852,4.47535e-05,train
363,19.2712,105.09,17.2244,157.086,69.647,17.2647,11.4485,18.1597,0.209092,4.76999,0.0439384,train
364,10.2963,96.8672,19.7935,245.291,76.476,13.7767,7.16977,13.9049,0.144932,5.59898,0.0318992,train
365,10.8702,112.109,23.2146,373.241,149.966,35.6688,18.9404,35.7028,0.113222,4.78406,0.0436924,train
366,17.0359,142.452,357.028,273.554,140.748,0.178504,147.559,38.7794,0.48871,16.8349,0.00326321,train
367,3.22757,14.8501,52.9951,9.27604,266.452,12.2351,0.367873,259.857,0.982646,19.0673,0.000141235,test
368,2.09421,13.9292,24.2041,28.7214,196.208,15.8515,0.427181,160.621,0.867275,23.9412,0.000621262,train
369,8.90529,57.6875,166.87,82.4987,173.463,25.1043,16.3787,129.216,0.798355,21.485,0.00110067,train
370,7.84985,78.643,15.967,265.105,216.407,22.7743,13.7629,23.0111,0.134877,5.5399,0.0325833,train
371,14.5224,42.9731,284.808,364.32,254.035,21.3569,145.021,187.026,0.804602,10.3281,0.00464419,test
372,7.68654,60.31,15.7735,95.3917,182.16,2.35951,7.36921,13.3645,0.285909,9.25908,0.0116213,train
373,9.75141,41.1771,57.2679,15.2166,244.721,38.1603,3.9317,225.074,0.936187,16.749,0.000647759,train
374,12.6085,111.205,87.3137,55.1926,290.069,39.8297,35.7172,135.284,0.570909,20.7123,0.00199251,train
375,19.9303,56.5117,23.5531,108.977,293.823,9.56773,60.7245,95.739,0.509123,6.28351,0.0230537,test
376,9.2353,62.3875,346.476,149.597,146.405,4.6253,31.8949,104.69,0.801134,22.4489,0.000996873,train
377,10.7195,89.1993,41.0006,24.0636,69.3417,27.9955,1.98409,47.9281,0.6445,22.0966,0.00157284,train
378,19.4803,135.313,22.0595,223.346,67.9115,9.22523,17.5927,9.42615,0.156451,4.50339,0.0493079,train
379,8.69008,65.9736,214.03,14.5772,287.674,14.6416,7.06509,268.956,0.954141,29.9289,0.000147967,train
380,8.59383,76.5276,351.987,5.20821,73.8591,22.349,0.561887,72.7811,0.986028,36.1082,3.17898e-05,test
381,17.0739,95.1069,382.147,261.221,212.131,16.0625,184.618,119.37,0.676232,15.7435,0.00291778,train
382,18.4781,99.962,167.502,13.4087,93.5968,19.0434,5.71263,87.0622,0.941276,21.3095,0.000369801,train
383,7.12486,63.8998,55.3433,30.6922,152.7,7.54738,4.6381,90.5229,0.708143,26.1123,0.000987823,test
384,15.7077,140.144,197.752,83.8492,176.393,35.9412,50.5931,95.8546,0.604264,22.1693,0.00166506,train
385,4.87547,86.5547,86.8391,72.6628,97.3375,12.48,3.53275,29.3384,0.426168,30.6894,0.00101989,train
386,16.175,133.502,77.7989,17.1841,55.275,27.5323,2.51888,45.2926,0.755949,25.7131,0.000893179,train
387,10.3392,21.8507,137.837,27.7071,190.827,29.7207,3.48915,187.198,0.984822,9.31002,0.000519581,train
388,15.6617,46.5327,28.337,80.7608,99.6792,19.1346,10.4006,58.0929,0.644151,8.29955,0.011159,train
389,14.4081,132.518,203.699,353.422,281.377,24.6629,186.172,50.5587,0.333036,12.5854,0.0062496,test
390,4.54363,17.5311,25.2813,10.7123,107.67,31.6744,0.207986,103.002,0.958821,15.7568,0.000481313,train
391,8.94407,21.6196,16.8571,72.8165,259.979,17.053,8.83588,169.398,0.745198,7.95035,0.0096588,train
392,13.841,108.477,21.3205,10.1153,243.092,18.0439,7.30776,131.267,0.659531,21.3354,0.00164169,train
393,18.3574,40.4461,91.7788,52.8599,128.699,10.8809,14.9308,115.281,0.923058,9.05799,0.00264324,train
394,2.74288,111.643,296.309,5.12382,79.6139,18.2223,0.275822,70.9937,0.905896,148.396,1.18576e-05,train
395,14.8968,115.869,22.4104,15.8635,286.85,22.8895,13.2007,120.905,0.56326,18.0877,0.00263623,train
396,17.712,15.7509,139.198,48.1397,90.4236,25.7222,3.46107,89.4568,0.989641,4.50991,0.00153136,train
397,11.6084,117.997,156.367,375.902,241.979,12.8077,108.949,26.967,0.286844,11.9496,0.00697658,train
398,17.3923,75.0382,131.156,186.455,259.338,27.6496,116.547,132.333,0.621972,11.3558,0.00618136,train
399,4.4438,74.1128,92.3679,91.8952,217.008,28.7137,7.89529,67.949,0.434488,29.4197,0.00110526,train
400,5.95665,141.042,113.964,6.6335,257.353,15.2711,3.42202,185.279,0.798941,76.4686,8.66796e-05,train
401,5.70572,30.5863,232.951,151.605,152.382,19.2835,10.0582,126.408,0.868665,19.495,0.000928323,train
402,4.94285,40.557,90.6931,302.357,224.713,7.30117,19.1475,56.3695,0.448829,15.1797,0.00411967,train
403,19.1862,119.046,229.497,266.415,221.634,32.9226,186.702,86.8922,0.497489,12.8447,0.00556815,test
404,8.49717,53.6473,16.5942,24.9159,139.497,2.57565,3.08974,61.7866,0.608327,15.9711,0.00318958,test
405,5.77244,65.1986,105.918,155.324,164.524,31.0048,11.4657,62.5008,0.457471,21.1256,0.00211626,train
406,15.9805,10.1686,19.0398,10.3461,177.9,5.39039,1.25797,175.757,0.991202,3.51408,0.00217091,train
407,2.52936,81.6109,71.101,6.98231,252.361,29.3844,0.76625,171.156,0.753098,97.9494,6.20975e-05,train
408,14.1169,74.5289,284.05,194.664,122.793,36.3665,42.6248,88.7359,0.731854,16.1869,0.00241863,test
409,12.0479,111.6,89.9879,256.719,234.141,15.0509,69.053,27.9676,0.283015,10.7693,0.00859264,train
410,14.7219,86.3921,222.573,45.7589,106.81,32.8097,12.302,92.7378,0.872082,21.3426,0.000756671,train
411,16.0733,21.8842,42.8349,9.24426,165.644,12.9907,1.82398,162.999,0.988203,6.37006,0.000867198,train
412,12.7558,64.374,74.962,112.325,211.637,17.5253,36.219,102.918,0.613537,12.9988,0.00477842,train
413,18.6033,73.7298,15.4745,11.8637,191.459,2.55451,7.79681,124.596,0.759458,12.7992,0.00356562,train
414,16.3863,147.516,348.809,17.3611,254.498,19.3585,29.1935,225.115,0.916252,33.91,0.000203897,train
415,14.1742,119.332,88.8754,145.538,205.55,36.0284,50.5895,60.1322,0.374755,12.995,0.00580272,test
416,15.2584,24.702,184.213,13.1581,201.64,34.8372,2.98513,200.401,0.994967,7.43801,0.000272473,train
417,3.32481,131.276,72.4929,5.4025,57.1085,13.8747,0.218629,36.7521,0.678342,107.812,6.1945e-05,train
418,10.0152,22.3377,125.774,39.4161,137.52,16.539,3.63416,133.039,0.975049,9.67398,0.000784661,test
419,6.14534,86.4647,56.0154,138.99,254.965,15.0179,15.9942,29.0027,0.28228,16.169,0.00381208,train
420,16.9273,105.88,131.395,7.954,201.835,35.5675,7.32532,188.409,0.945937,24.6132,0.000256174,test
421,13.2577,135.576,139.687,50.9198,228.152,1.53116,41.1085,101.771,0.615821,25.8057,0.0012082,train
422,16.3901,114.978,113.544,207.92,161.222,8.7353,76.2261,33.2685,0.392121,11.3952,0.00750333,train
423,19.3189,71.3725,165.596,7.04426,184.124,28.9089,4.97227,180.254,0.983298,15.5143,0.000205451,train
424,13.4319,44.9185,240.703,45.0856,183.779,37.9191,12.845,174.828,0.958819,13.7846,0.000628978,train
425,3.93496,25.8415,365.561,5.65078,135.273,22.4389,0.210644,134.639,0.996248,27.1663,1.52065e-05,train
426,6.94394,129.517,64.8949,5.09642,236.936,18.0098,2.56145,172.668,0.801789,60.6208,0.000136333,train
427,9.80189,102.512,41.5863,382.04,69.1262,2.6655,12.7696,2.88274,0.1556,6.66489,0.0225118,test
428,11.9197,149.864,60.5581,125.288,94.5657,32.0399,11.1261,34.2744,0.248147,12.7278,0.00616515,train
429,18.1127,69.8618,198.263,14.5611,168.573,15.8186,9.14345,161.989,0.971124,15.9538,0.000332565,train
430,11.8715,46.6784,98.7031,20.0981,171.797,35.236,4.81363,161.05,0.947211,15.8448,0.000604326,train
431,8.80306,57.3687,29.1352,7.84946,122.246,29.5035,1.0513,105.223,0.876602,23.7275,0.000592918,test
432,5.54103,140.565,54.5323,44.6367,188.885,33.9663,4.94205,43.7923,0.289225,29.6375,0.00113389,test
433,18.5351,107.616,152.613,105.321,149.876,21.282,56.7826,82.7735,0.64143,15.5382,0.00319784,train
434,17.1635,134.48,288.541,82.1481,136.964,34.9538,44.9962,94.6495,0.717598,23.2078,0.00122162,test
435,18.1502,57.872,105.471,15.7376,60.2458,32.5452,1.48836,58.5706,0.9594,13.1956,0.000677058,test
436,17.1896,87.9562,28.29,21.6342,133.887,25.825,7.97617,84.0849,0.68483,14.7015,0.00328635,train
437,12.5874,106.066,398.903,7.08117,224.882,27.2087,5.91322,218.419,0.97816,33.9474,5.58617e-05,train
438,10.9329,58.1433,147.804,74.528,96.3756,9.48684,11.1154,73.3359,0.820933,18.2845,0.00137819,train
439,3.64233,87.588,292.848,42.3484,204.961,18.6407,5.774,128.956,0.722626,70.2313,0.000131678,train
440,17.6558,133.685,106.331,11.3665,106.037,25.6753,6.08731,90.5002,0.870011,27.22,0.000471838,train
441,18.6191,139.201,122.731,13.3401,282.033,27.8101,24.6836,230.995,0.864968,26.7318,0.000505942,train
442,12.4904,127.577,189.123,13.737,126.963,37.1646,5.60323,111.673,0.885685,37.0713,0.000226811,train
443,6.96244,103.121,226.498,338.935,72.3056,24.6384,12.001,29.0397,0.323858,19.5105,0.00260468,train
444,15.8923,31.9195,392.96,7.78043,295.304,0.116592,4.10693,294.371,0.997868,9.01467,7.86652e-05,train
445,13.0563,123.417,78.6116,20.508,184.807,33.3873,11.5673,121.826,0.716879,27.8225,0.000851526,test
446,6.91206,26.0964,116.819,34.649,265.151,37.9446,4.55655,250.902,0.957948,15.4249,0.000512537,train
447,6.61389,106.885,51.1298,131.159,112.667,32.4428,5.54857,34.6788,0.233822,15.3487,0.00424152,train
448,7.07219,44.1,152.831,37.5054,209.414,14.8554,6.78811,184.132,0.912833,23.6814,0.000433885,train
449,8.04348,31.7152,201.482,28.5247,109.71,7.61241,2.41777,105.768,0.97414,16.3381,0.000284688,train
450,7.11808,11.1112,383.687,34.4582,274.407,1.39496,2.7043,273.288,0.997221,7.22379,0.000159816,train
451,14.301,27.9471,64.7858,214.761,287.401,3.55539,66.9542,194.221,0.775541,6.83781,0.0118517,test
452,9.00226,137.343,201.208,25.1394,171.25,0.599992,12.6676,107.844,0.747937,46.3915,0.000281191,train
453,2.83398,20.2136,64.8319,32.7555,183.846,30.9458,0.846615,162.76,0.907486,26.7984,0.000357958,train
454,15.7133,148.283,260.557,218.478,118.733,2.38116,83.9039,27.3071,0.439274,17.0207,0.00329392,train
455,5.35307,54.0923,103.998,15.006,127.013,3.11816,1.56407,108.997,0.902477,37.3803,0.000193101,test
456,2.67699,136.136,18.6434,425.863,137.297,1.88161,2.62516,1.88161,0.0395658,8.08787,0.0152873,train
457,17.4582,83.9502,20.6836,6.39966,117.858,20.9663,2.55002,96.1595,0.849018,17.1795,0.00135042,train
458,19.1142,69.1252,19.6372,264.063,210.69,24.5989,55.5823,32.1836,0.254877,3.94185,0.0642576,train
459,10.5239,135.847,42.1765,191.529,114.564,5.16737,16.6738,5.86543,0.173815,9.14851,0.0119476,test
460,3.9808,53.7809,261.412,87.691,69.7918,5.37425,2.93963,46.9474,0.759662,41.812,0.000333842,train
461,7.44653,82.7051,76.171,40.2416,271.587,9.49351,13.0437,128.77,0.625125,28.397,0.000983511,train
462,14.0955,57.1975,113.318,156.495,280.092,24.51,74.6456,165.75,0.694066,11.9597,0.00486658,train
463,17.8733,116.445,359.347,17.4186,139.947,27.1615,12.675,131.569,0.950287,25.7149,0.000216593,train
464,16.674,116.384,375.822,41.1225,96.8788,32.6223,14.8451,86.3212,0.889653,25.7286,0.000456118,train
465,10.9447,70.8796,70.5977,18.3011,194.329,0.942301,7.68597,153.522,0.857963,23.0832,0.000709302,test
466,4.50316,149.541,187.697,16.2095,119.773,33.302,1.9622,76.4404,0.656774,87.8977,9.72233e-05,train
467,18.0408,41.0253,163.035,15.1178,135.452,27.283,4.16143,133.209,0.986042,9.95518,0.000418219,train
468,13.1185,63.5318,36.478,21.864,279.825,33.8656,11.7689,205.265,0.794801,16.1914,0.00196573,test
469,2.34013,78.8664,176.052,105.693,246.392,35.6995,5.04809,68.565,0.388095,52.706,0.000351225,train
470,6.71034,13.3002,42.9496,6.47368,113.628,8.69673,0.213057,112.592,0.993344,8.86875,0.000252858,train
471,11.561,149.407,118.914,8.9947,177.066,35.5025,5.89596,142.826,0.837103,44.1098,0.000218619,train
472,15.422,42.0788,30.6658,5.82665,127.782,22.6766,1.3176,122.581,0.966741,11.5177,0.000732566,test
473,6.23375,100.114,104.574,13.0822,240.62,34.7959,4.24698,177.308,0.792132,51.6788,0.00019496,train
474,13.7438,84.933,214.623,9.99246,124.778,15.4773,4.02624,119.247,0.966162,24.8487,0.000159971,train
475,11.5314,127.913,71.4829,196.274,289.033,8.11567,64.6817,18.0704,0.24758,11.2328,0.00791554,train
476,3.355,23.0695,33.093,15.1928,226.158,20.9941,0.712655,197.808,0.907298,25.8622,0.000385066,train
477,4.72709,118.139,52.4114,7.7633,89.9412,25.533,0.577487,57.2158,0.651773,65.8079,0.000175047,train
478,4.49585,122.311,289.189,146.796,75.2984,27.1384,4.6494,34.0938,0.377222,41.427,0.000570537,train
479,7.8547,110.549,50.8064,205.577,270.069,31.6526,26.6419,34.5493,0.195782,11.2177,0.00794558,train
480,7.70488,53.1329,44.8548,22.2797,203.777,39.943,3.89825,155.618,0.801331,22.9053,0.000956768,train
481,7.25705,39.4024,104.176,39.5131,145.538,3.20888,4.73678,123.572,0.896326,20.3628,0.000688137,train
482,18.5848,24.3272,25.4081,215.366,224.329,15.7642,51.9146,129.389,0.683228,4.26057,0.0393824,test
483,3.7569,143.027,29.0527,12.176,154.265,8.87912,0.984581,22.7434,0.327326,50.1733,0.000393631,train
484,7.91096,28.2424,33.1299,52.2686,101.857,35.5819,2.11222,83.4403,0.811849,12.4052,0.00312025,test
485,3.33707,117.345,136.005,7.87485,279.202,27.3271,1.88457,192.485,0.766881,108.634,4.83052e-05,train
486,11.6787,39.9193,45.7344,411.719,210.883,37.7572,46.2977,69.9504,0.413249,6.0634,0.0262841,test
487,7.29371,55.8416,56.2035,5.76891,66.0072,22.9279,0.309316,62.2712,0.94195,29.7887,0.000187163,train
488,2.87409,98.2367,60.8983,104.273,267.179,22.5155,4.71817,26.4232,0.206987,28.5063,0.00123029,train
489,7.7108,142.207,101.965,8.81865,259.064,31.9909,5.40759,183.046,0.773424,57.829,0.000166722,test
490,8.06835,147.955,394.949,50.1224,102.465,8.12925,12.5479,60.6899,0.698104,51.9044,0.000255986,train
491,10.6327,122.077,22.5208,6.00214,286.427,16.7173,4.57955,159.712,0.67895,31.8599,0.000708442,train
492,11.3133,82.234,48.2827,388.56,233.126,14.558,56.5738,19.2841,0.220341,6.6268,0.0227612,train
493,3.85099,129.562,118.199,75.4012,66.4088,22.0985,1.5665,25.1745,0.296916,40.2544,0.000614153,train
494,6.62765,87.5177,20.0964,273.974,283.938,24.8484,16.2938,25.0091,0.123627,6.65356,0.0225887,train
495,17.0061,104.16,68.4884,494.942,173.283,13.7909,102.268,17.4939,0.223673,5.70355,0.0307244,train
496,12.6886,80.834,26.8273,325.464,98.4047,39.7379,12.3067,40.3995,0.192476,5.09724,0.0384838,train
497,17.5926,60.3759,151.935,68.8941,84.9662,30.396,11.8047,75.0161,0.877072,12.9171,0.00199433,train
498,17.1696,91.7575,389.921,490.853,250.28,38.0011,304.619,117.216,0.564278,12.6267,0.00540349,test
499,14.7648,121.91,366.224,294.049,124.208,23.5352,88.6307,54.4025,0.513903,17.4867,0.00296374,test
500,13.4114,89.7774,68.427,158.294,202.368,34.2518,42.0507,63.2648,0.402703,11.1856,0.00775622,train
501,5.66655,42.5582,177.556,69.5261,227.136,8.63462,10.1462,179.469,0.853151,26.4833,0.000554717,train
502,18.7519,145.885,27.6706,114.496,191.637,16.3643,39.7827,20.3986,0.223485,7.17807,0.0193981,train
503,6.21952,136.582,347.551,11.3943,274.559,13.8001,7.09273,229.665,0.88445,78.575,5.09758e-05,train
504,3.59523,108.756,84.798,310.739,221.339,2.15168,12.048,2.55141,0.142824,17.4245,0.00329365,test
505,7.32298,143.426,76.3384,29.6193,148.837,4.07016,6.58157,38.52,0.459315,36.4435,0.00071033,train
506,8.79276,131.846,24.7141,226.875,179.855,11.5201,16.3248,11.5788,0.115442,7.03958,0.0201793,train
507,7.43644,18.4518,77.0906,58.0123,256.379,1.34647,6.65433,236.637,0.947858,10.3554,0.00139902,test
508,14.1463,30.938,17.7149,141.148,146.632,13.9352,16.2599,64.3591,0.566619,5.52339,0.0281787,train
509,11.7947,29.5355,103.952,154.344,130.734,22.3075,17.2015,107.353,0.853949,9.40756,0.00437808,train
510,7.263,80.3478,102.651,141.737,256.042,3.56341,28.9795,55.4591,0.431956,19.5462,0.00250713,train
511,7.13441,67.4749,33.2049,10.3756,149.823,22.3288,1.62254,110.254,0.790153,30.6822,0.000557324,train
512,2.86869,31.1866,106.983,6.66851,223.212,19.7328,0.379032,214.536,0.971519,43.2185,4.47032e-05,train
513,6.77383,134.129,163.924,6.65678,146.258,27.3433,2.00125,124.068,0.874673,70.1525,6.87694e-05,train
514,6.89282,148.58,63.2872,275.226,52.4038,13.6453,4.59817,13.6862,0.132438,11.5517,0.00749395,train
515,4.84475,66.0657,61.1294,29.2141,197.955,38.1931,3.11416,116.76,0.65161,36.1945,0.000578834,train
516,16.4636,59.1241,42.9377,7.32381,67.12,12.8939,1.23172,62.9345,0.9482,14.5689,0.000702044,train
517,8.12697,93.331,148.907,34.7817,264.058,18.8337,15.6566,175.072,0.753921,35.3864,0.000474575,train
518,18.816,32.4325,26.0461,71.7663,211.919,20.6312,24.0054,155.053,0.796572,6.28868,0.0129612,train
519,4.19617,43.762,16.2375,16.2546,107.178,17.9427,0.545888,60.0327,0.637094,27.2142,0.00105015,test
520,16.5897,69.3242,232.553,37.2915,297.501,20.4198,37.026,270.987,0.935795,16.5776,0.00066507,train
521,9.68467,144.321,63.7614,50.7465,278.941,1.64979,23.3841,40.2692,0.37221,22.5589,0.00192696,train
522,2.5112,114.371,31.666,380.447,234.888,31.079,4.42192,31.079,0.0628587,11.5143,0.00754265,train
523,11.3997,118.753,63.2132,27.6297,216.033,39.3135,12.796,114.078,0.601758,25.6763,0.00124567,train
524,11.2534,88.0459,322.971,67.0725,222.476,9.90788,38.3141,170.931,0.836593,27.0184,0.000584257,train
525,17.2706,30.6624,221.577,221.25,272.697,24.6,95.3647,241.764,0.91539,7.41617,0.00431126,train
526,19.702,100.089,73.8708,76.4967,184.719,23.1549,47.9666,90.6012,0.597096,12.7304,0.00510058,train
527,11.261,125.885,126.05,54.1324,198.452,6.86416,27.3326,81.9587,0.57883,26.4613,0.00120901,train
528,2.87883,114.503,152.471,128.861,199.113,29.5676,5.76183,36.1063,0.253075,40.5165,0.000608261,train
529,18.4078,91.25,309.074,54.7212,217.232,35.3921,49.462,189.294,0.89676,18.6782,0.000814769,train
530,9.22657,130.905,298.28,5.83591,298.174,2.70944,6.34296,277.258,0.952675,55.0183,4.51299e-05,train
531,6.1946,42.3091,138.384,463.787,263.934,28.8632,44.0926,89.1131,0.473848,13.4194,0.00519021,train
532,7.36965,45.5698,31.2992,85.7874,289.613,26.8637,12.85,109.347,0.519337,13.3645,0.00504984,test
533,7.00618,91.2433,51.0965,8.89373,298.865,8.48374,4.15815,207.22,0.786605,41.7632,0.00030487,train
534,16.7518,64.4662,164.061,12.673,91.903,14.6248,3.43938,88.6733,0.972,15.9343,0.000323499,train
535,7.98981,28.5736,53.8881,63.9919,263.581,2.74954,10.8667,205.037,0.84843,12.9853,0.00237197,test
536,10.8789,27.0007,341.199,41.4113,158.615,2.0208,6.5018,155.603,0.987074,10.7864,0.000330093,train
537,9.36042,25.2325,16.2531,19.6312,282.891,32.3099,3.53775,240.948,0.886972,10.4509,0.00282648,test
538,12.8584,26.9061,398.511,5.68216,202.84,38.1844,1.13687,202.513,0.998662,9.35743,4.58352e-05,train
539,8.85845,64.2318,50.1887,134.361,165.433,17.8855,15.5588,46.9664,0.424416,12.734,0.00592878,train
540,18.6661,54.518,83.4092,16.6311,196.629,26.0925,9.38038,184.691,0.952948,12.086,0.000930467,train
541,14.278,17.0176,25.3315,20.3493,152.652,35.8516,2.12797,147.453,0.969525,5.59172,0.00286746,train
542,8.84385,61.3249,119.291,167.98,96.6281,27.7395,11.7485,54.4221,0.575133,16.5274,0.00311339,train
543,17.6909,110.241,196.581,212.762,188.498,0.513049,134.448,61.5076,0.527485,13.6755,0.00478679,test
544,11.5496,91.1996,43.799,5.93438,285.708,10.5898,4.91169,237.07,0.881233,28.7153,0.000391217,train
545,2.66246,88.6398,181.487,221.965,216.651,28.4316,8.14449,36.6188,0.260978,35.0154,0.000814069,train
546,9.61028,129.085,70.1124,6.25094,157.341,32.2775,2.57499,125.737,0.829715,45.4085,0.000214203,test
547,3.62343,14.441,23.6545,374.88,185.688,19.2609,5.18748,62.5262,0.47594,8.06328,0.0143562,train
548,17.1575,43.5473,312.307,480.028,155.599,0.88121,152.068,108.757,0.794081,8.85588,0.00659292,train
549,12.7072,95.3746,25.7013,149.636,273.042,6.18251,37.2208,14.1007,0.236922,7.34981,0.0184958,train
550,11.4904,116.664,261.011,88.0797,188.708,32.6875,39.3883,112.187,0.664239,27.6407,0.000969379,train
551,8.82622,96.7774,39.6304,97.9464,285.158,1.80962,22.9329,22.4729,0.301066,13.5055,0.00545349,test
552,16.4429,45.2608,93.3768,49.0252,50.9258,38.9851,1.35525,49.292,0.907747,10.9024,0.00215824,train
553,7.10642,94.4956,205.435,17.6908,216.225,14.3667,6.70068,178.071,0.873022,47.3081,0.00015299,train
554,14.2919,107.65,251.42,34.7355,87.5782,21.7451,9.89079,74.4727,0.866117,26.9614,0.000493634,train
555,13.2932,16.5592,47.269,26.1166,98.6209,1.15082,2.06875,95.5895,0.97875,5.85562,0.00183615,train
556,3.08432,148.35,244.544,14.4059,64.0713,17.6072,0.64008,41.1135,0.661802,127.987,4.54239e-05,train
557,19.4929,93.7944,279.744,135.069,218.122,2.89918,134.85,144.44,0.767725,15.5441,0.00235295,train
558,11.3846,85.3085,74.3996,252.348,50.1392,9.79008,10.5012,13.6466,0.327111,10.1317,0.00965353,train
559,8.66689,35.9188,124.976,255.547,239.495,34.2989,38.3104,150.729,0.704537,12.384,0.00443046,train
560,14.7532,132.777,28.0885,182.132,79.7926,27.4624,10.5354,27.8088,0.174765,6.46617,0.0239159,train
561,15.6016,34.133,20.0702,485.12,90.7167,12.5709,23.4879,20.6922,0.332358,3.24087,0.0942771,train
562,19.7576,137.766,66.8981,328.795,102.914,24.7464,50.5606,26.4994,0.222092,6.41653,0.0242765,train
563,8.0986,61.7775,111.356,106.03,252.315,35.5933,23.7718,137.917,0.637288,20.0826,0.00192782,train
564,10.4417,68.3368,343.591,101.25,91.7709,23.0226,13.6986,76.015,0.845602,22.9821,0.000769241,train
565,19.237,41.8224,54.9604,460.88,210.597,18.7362,122.898,73.3611,0.493177,4.78198,0.0403287,train
566,18.7823,61.336,17.2479,27.4009,150.28,20.3706,9.57048,91.5025,0.690047,9.7038,0.00745962,train
567,2.99887,51.0545,20.132,334.039,223.947,3.19538,4.66985,3.39511,0.129756,8.96593,0.0124397,train
568,16.7023,139.163,294.895,125.527,283.492,35.162,145.016,145.957,0.618523,21.2325,0.00177741,train
569,16.1904,18.7559,78.9766,212.281,258.876,8.81668,55.3696,222.269,0.899311,5.06657,0.0108795,train
570,2.26842,118.035,306.044,7.87681,173.09,34.5912,0.765669,138.217,0.830387,173.663,1.45959e-05,train
571,8.64662,21.1233,174.806,19.5569,196.551,4.27979,2.35642,193.907,0.990757,10.6722,0.000241841,train
572,17.9336,60.6301,157.786,11.0185,247.581,35.3411,8.39511,240.793,0.978561,14.2118,0.000313084,train
573,13.3477,50.7889,117.484,7.51725,275.16,23.5201,4.21475,268.28,0.981691,15.9233,0.000213513,train
574,13.3158,38.3249,212.479,23.2192,95.061,37.7354,2.27632,93.4765,0.981447,12.2805,0.000363778,train
575,17.9675,105.956,97.885,39.8579,283.253,31.6022,46.5276,188.458,0.74405,18.295,0.00182905,train
576,14.8628,90.0773,110.006,29.4777,162.165,38.6777,13.2514,131.269,0.831236,20.9824,0.000995674,train
577,19.4637,25.3688,43.1221,160.014,105.901,15.6561,21.8567,82.1289,0.81869,5.08697,0.0180561,test
578,7.49476,93.4346,15.7255,65.4385,167.738,36.4094,4.29267,39.3625,0.222584,11.3221,0.00779699,test
579,17.3783,138.837,102.306,7.71449,279.518,8.00913,14.673,237.507,0.896151,29.5339,0.000327609,train
580,5.66361,142.341,20.164,323.84,62.5534,0.434913,3.36073,0.434941,0.0653148,6.63142,0.0227398,train
581,5.34355,105.822,77.649,172.266,284.181,18.7478,18.8298,25.4935,0.228923,18.363,0.00296369,test
582,14.7099,36.2717,268.981,9.10596,195.172,9.17933,3.11151,193.825,0.995135,10.8103,0.000124496,test
583,8.4412,122.678,94.2983,34.5935,116.195,25.9106,5.8309,59.5142,0.564158,33.3603,0.000774167,train
584,19.6722,83.0254,71.6929,5.87264,55.4885,38.4741,0.5209,54.4518,0.959171,17.1516,0.000402857,train
585,3.67093,23.6014,72.1455,78.1155,53.4397,8.32916,0.812783,41.1265,0.815698,21.793,0.000993674,train
586,17.7513,28.7769,20.8884,379.051,73.7955,39.5125,11.0186,47.8759,0.457762,3.4261,0.0805307,test
587,2.33102,146.816,119.834,56.6434,177.634,14.4048,2.37633,19.3099,0.238105,60.225,0.000275457,train
588,3.97409,91.9692,122.146,7.48668,277.529,9.37798,1.9886,219.102,0.853458,79.8569,6.0896e-05,train
589,19.1388,91.4762,68.9562,55.1111,173.747,7.48648,36.0901,96.1335,0.680527,13.6912,0.00382402,train
590,18.0167,121.207,174.302,12.9196,233.591,22.7918,17.8566,208.897,0.921474,25.7184,0.000333856,train
591,3.45458,80.7286,20.5183,20.0846,204.151,8.29797,1.25769,33.3243,0.361066,34.1114,0.00084539,train
592,9.08753,126.709,97.4758,47.7648,291.482,38.4565,22.4542,112.938,0.504548,28.6446,0.00111326,train
593,19.5791,116.27,80.1071,5.66897,220.386,32.9389,7.40307,202.141,0.934784,23.1396,0.00034639,train
594,14.1585,105.277,185.773,154.876,164.213,28.5776,56.717,77.9661,0.557818,17.1487,0.00295094,test
595,17.2897,127.928,110.3,5.98405,199.232,0.225038,7.97908,179.243,0.932728,28.538,0.000234503,test
596,19.162,144.762,104.702,151.357,79.0856,12.9631,34.3005,22.7837,0.380683,11.8844,0.00692514,train
597,12.6053,43.4753,119.085,28.3545,148.598,6.01994,7.08126,137.689,0.948633,14.0359,0.000750341,train
598,15.3715,108.595,17.9009,39.608,115.691,4.30488,8.79862,19.299,0.367304,10.7468,0.00850284,train
599,15.768,98.0415,89.3612,13.6876,144.349,8.23652,8.32036,120.857,0.88401,22.8702,0.000603805,test
600,12.8501,131.322,256.09,305.663,212.882,23.2468,120.05,51.5032,0.381336,15.9696,0.0038344,train
601,7.33687,146.121,288.91,12.8802,207.367,34.7608,6.47252,169.822,0.853704,68.8629,8.17728e-05,train
602,13.9758,98.4836,100.934,120.73,130.547,10.9201,32.7334,46.4362,0.506193,14.7742,0.00417921,train
603,10.4228,116.864,124.889,9.93428,64.1816,14.1079,1.70523,54.9591,0.87628,40.1771,0.00020727,train
604,8.54778,131.894,23.5454,68.0352,254.574,11.6438,12.0686,15.17,0.202877,12.7246,0.00617477,train
605,12.0171,84.5483,356.463,59.94,227.711,1.8799,39.2795,186.685,0.877903,25.5843,0.000505177,train
606,2.59293,75.4919,39.0994,23.3232,150.733,10.5185,0.861022,38.0958,0.424502,49.8611,0.000386678,train
607,16.1394,29.8764,28.7475,13.0339,262.798,28.5993,5.0339,248.64,0.959106,8.0609,0.00182936,train
608,8.91842,134.789,55.6981,43.2322,130.15,28.3362,6.53064,44.0511,0.386477,23.7507,0.00173059,train
609,5.42543,41.2336,18.4013,189.947,193.531,16.4154,6.56527,25.0899,0.268827,8.44124,0.014001,train
610,4.23521,149.93,23.9838,477.232,236.042,18.6343,10.07,18.6343,0.0483123,6.88948,0.0210682,train
611,14.2967,119.947,21.4758,385.467,237.583,16.4117,54.0341,16.4835,0.114242,3.94815,0.0641523,test
612,4.60242,12.2426,269.192,25.6824,126.523,35.4386,0.450772,125.855,0.995075,11.5828,0.000109774,train
613,4.92482,88.7558,50.3918,184.205,160.521,9.39037,7.9039,11.6386,0.203923,14.9045,0.00450062,train
614,19.5566,23.7818,31.4811,235.176,239.54,35.2249,61.0712,157.68,0.72154,4.23126,0.0365237,train
615,17.9793,74.3514,171.436,56.3234,284.63,39.0936,53.6943,237.903,0.871807,15.2929,0.00147672,train
616,5.80011,71.8127,168.307,12.3689,114.286,23.9028,1.37034,103.251,0.918212,46.3928,0.000106562,train
617,3.09551,24.8436,385.533,30.3471,103.459,33.5773,0.516869,101.191,0.978329,32.3854,6.09156e-05,train
618,18.2935,49.8256,146.298,51.8657,248.193,32.215,32.5692,225.742,0.929991,11.062,0.00162135,train
619,9.58678,46.9837,349.113,5.9697,104.687,21.7631,0.731985,103.973,0.994242,20.4849,4.09825e-05,test
620,11.8122,43.8507,57.8439,297.105,253.287,26.5602,57.5717,90.1216,0.492079,7.79911,0.0151678,train
621,12.102,132.464,81.7772,13.7861,127.218,7.01574,6.46799,84.2588,0.757714,33.9323,0.000510041,train
622,19.4983,82.0183,20.959,39.5764,98.5678,12.0137,9.98643,42.4574,0.547717,9.76347,0.00920452,train
623,10.4818,66.3362,118.52,354.219,109.011,22.7172,29.2446,39.4336,0.42134,11.0875,0.00783169,train
624,17.7767,131.649,102.51,19.7859,152.795,33.4097,14.3081,116.938,0.796962,24.4051,0.000857791,train
625,18.7123,113.933,15.5237,466.742,234.014,14.2113,75.228,14.2458,0.105164,2.6664,0.140653,train
626,5.78312,110.648,64.3753,70.8335,234.753,11.5753,10.3682,31.8112,0.322046,24.9689,0.00159082,train
627,4.09459,51.3857,217.121,36.8234,166.964,39.4689,2.75878,142.604,0.871626,44.626,0.000173609,train
628,18.4547,120.712,99.2133,14.6797,238.427,29.1335,19.2031,194.953,0.860203,23.3666,0.000682642,train
629,5.49505,14.776,35.9726,15.1415,247.053,30.786,0.889394,238.75,0.974202,11.4526,0.000578239,train
630,19.0823,59.8185,16.8916,53.8172,267.593,26.6885,28.0157,114.974,0.558078,7.55585,0.0151992,train
631,11.8327,56.4137,233.344,365.785,164.125,5.0096,82.5179,81.358,0.642385,12.893,0.00463717,train
632,9.25323,72.9936,42.3072,17.7209,184.491,27.0992,4.62241,128.111,0.757046,24.6447,0.00096896,train
633,5.27136,122.745,178.194,56.2561,222.85,1.29858,12.7746,64.8945,0.498871,46.9642,0.000416043,train
634,16.5522,54.8413,317.562,97.2834,229.301,34.9086,53.4867,206.81,0.92219,13.1439,0.00126767,train
635,16.3084,68.9467,76.2637,71.179,125.225,13.4419,21.6154,80.2999,0.726125,13.0055,0.00380526,train
636,13.3638,28.5031,175.875,352.726,201.244,39.4216,63.862,162.402,0.836869,7.97657,0.00670042,train
637,3.73072,133.384,132.403,8.00288,85.2013,18.5772,0.616106,59.1087,0.734013,105.707,5.63742e-05,train
638,16.7162,142.741,197.305,55.4475,271.938,27.4524,72.4998,162.016,0.693158,24.369,0.00117441,test
639,11.3741,18.2045,15.7505,298.305,280.656,39.8781,29.5016,125.607,0.54612,4.04243,0.0538549,train
640,16.9454,53.4811,112.907,7.03769,197.455,39.0014,3.37154,193.669,0.983982,13.4061,0.00026406,train
641,2.40684,146.906,251.606,14.2657,277.114,37.4649,2.37555,145.773,0.622993,152.725,3.41163e-05,train
642,10.3223,128.116,220.45,8.76354,53.028,14.326,1.3234,48.4421,0.920632,46.6266,0.000102586,train
643,16.1842,63.0654,22.2473,244.71,238.872,28.5444,50.0992,41.4965,0.285262,4.7316,0.0445048,test
644,3.26094,71.4871,215.359,20.3288,230.678,33.1528,2.49088,183,0.837474,74.2746,7.69543e-05,train
645,6.26891,114.23,21.5483,45.277,93.7199,6.81873,2.11543,9.32628,0.235752,17.4189,0.00329303,train
646,2.5774,20.7157,71.2682,35.7492,242.546,33.0635,1.16094,210.183,0.896315,29.7126,0.000323216,train
647,19.0178,129.846,199.469,242.722,172.955,17.2955,137.349,53.0563,0.452047,12.7976,0.0057854,train
648,16.7363,42.1766,27.5152,17.3333,51.195,31.3371,0.758929,48.3869,0.904537,10.0225,0.00263577,train
649,13.3233,11.82,74.2306,29.5269,140.04,14.872,2.32278,138.426,0.991056,4.508,0.00132491,test
650,9.07366,58.3053,321.719,296.56,77.8199,7.82736,24.6552,45.8463,0.687903,18.3692,0.00209102,train
651,6.8815,132.113,19.3972,37.529,149.408,12.1778,3.31923,15.2677,0.222753,17.3286,0.00332852,train
652,4.19488,60.2464,96.126,265.322,88.1449,13.2233,5.08745,19.6764,0.316829,18.5179,0.00289462,train
653,13.8842,130.609,59.9208,5.752,278.741,9.44497,7.80633,223.368,0.861715,33.2863,0.000333198,train
654,14.2028,105.469,16.9928,200.576,58.3822,39.9946,2.85414,40.0643,0.15909,4.88464,0.0419111,train
655,3.27075,62.8742,317.202,91.0332,213.401,5.59511,8.62816,121.026,0.696915,54.2846,0.000234666,train
656,14.1225,21.0585,79.9325,80.1947,229.913,25.3407,16.9411,213.844,0.946553,6.59229,0.0035422,train
657,8.53473,124.502,27.0936,38.6522,91.2863,27.541,2.54759,32.3648,0.304517,18.0733,0.00304395,train
658,17.3881,43.6096,66.8723,97.6373,137.448,38.7868,20.2698,108.888,0.803225,8.8612,0.00634691,train
659,4.47365,57.8123,30.9276,21.6634,265.958,14.4351,2.75553,123.859,0.610586,32.1727,0.000783399,train
660,8.46083,55.2793,46.1499,369.939,242.949,9.47173,37.2301,23.2066,0.282544,7.66661,0.0169556,train
661,5.00604,149.249,87.5966,49.5694,209.626,18.9521,6.96723,34.4725,0.31144,37.4522,0.000708209,train
662,9.44203,90.2221,329.77,14.8853,74.6456,32.8657,1.62035,71.4428,0.948724,37.2104,0.00010655,train
663,16.7733,112.838,84.9616,6.3757,298.973,23.2191,10.0355,268.355,0.925589,25.8322,0.000314676,train
664,12.3892,22.9632,48.6878,110.768,187.788,0.274607,18.1499,149.607,0.861499,7.24863,0.00704651,train
665,13.9994,70.0084,144.017,49.2655,206.906,26.2176,24.5944,167.918,0.854607,17.9495,0.00119723,test
666,6.38578,45.4391,184.837,6.20788,250.512,35.9556,1.23768,245.62,0.98477,29.014,5.36179e-05,train
667,9.77627,80.4656,27.5424,297.152,113.461,12.5923,13.8552,13.4195,0.18153,6.15802,0.0263688,train
668,17.2603,60.95,365.766,18.9565,241.259,38.4441,13.3789,236.201,0.983293,14.8722,0.000223637,train
669,5.69515,22.315,194.801,18.0523,111.064,32.5776,0.594534,109.651,0.987953,16.4722,0.000131943,train
670,16.1688,135.926,18.1147,103.055,227,18.4656,29.0964,20.6749,0.19043,6.59402,0.022996,train
671,2.12073,140.761,144.664,390.469,265.733,19.875,8.96412,19.8956,0.0991941,26.4347,0.00143104,train
672,11.7042,41.7552,27.8629,7.64863,190.331,15.1106,2.07399,175.176,0.941931,14.3834,0.000803231,train
673,16.253,124.133,30.1704,54.3052,101.694,6.91514,12.3739,19.6642,0.367277,11.5877,0.00731363,train
674,9.24475,87.3583,106.89,349.7,144.882,1.27028,38.6768,11.1351,0.295716,11.4732,0.00756123,train
675,2.19,76.9101,323.439,109.276,182.925,21.7292,4.675,67.8206,0.498018,70.4571,0.000184976,test
676,9.50932,47.824,39.2452,8.69069,218.448,7.56316,2.552,195.955,0.928466,19.6061,0.00052645,train
677,14.3986,89.7257,83.8377,11.8121,54.8498,3.80442,2.29081,47.2454,0.899988,23.3333,0.000507163,train
678,14.6013,57.0655,25.5629,7.30297,137.369,18.2012,2.21485,122.082,0.913784,15.199,0.00104285,test
679,11.3113,73.6901,31.6263,11.0586,286.718,23.5941,6.43035,213.756,0.812733,21.9916,0.00098879,test
680,5.11339,54.1478,307.338,159.181,82.3616,35.2582,4.82339,63.1453,0.722496,31.3257,0.000662101,train
681,4.62306,121.559,58.7938,75.8819,275.9,34.0687,7.97119,42.0817,0.243723,25.8776,0.00149168,train
682,14.3278,118.626,21.7826,308.853,60.763,17.4309,9.57478,17.4715,0.130058,4.4373,0.050788,train
683,5.90711,46.2667,67.037,26.0177,58.4338,35.0819,0.451548,52.848,0.838831,27.119,0.000573151,train
684,7.20406,72.8885,110.341,6.15408,163.402,28.73,1.32551,152.558,0.946135,39.237,0.000100448,train
685,16.8413,43.3248,32.0128,92.1863,254.197,28.3775,35.6498,149.343,0.68091,7.68757,0.0121243,train
686,17.0463,30.5299,74.4776,5.96481,116.838,39.7825,0.849923,115.982,0.992499,8.10277,0.000341303,train
687,12.4682,30.1901,46.5608,172.38,257.612,16.7445,38.564,156.381,0.711911,7.60707,0.0115401,train
688,6.81108,46.0878,21.6924,489.866,99.3502,14.0463,7.7641,14.7529,0.181692,5.09944,0.0384526,train
689,6.40947,80.9324,58.8674,20.5941,88.5395,9.24567,1.86823,52.3411,0.688396,35.4579,0.00056057,train
690,15.4792,96.0433,18.8422,16.4962,196.985,26.3283,8.2431,98.808,0.602648,15.5596,0.00338796,test
691,11.4344,22.7385,67.5582,16.8792,208.043,5.50017,3.08498,202.448,0.981364,8.78755,0.000714213,train
692,5.3887,35.6442,32.577,336.32,267.698,34.6716,15.1094,53.0463,0.307862,8.45342,0.013908,train
693,2.42319,19.6199,60.7825,11.9061,84.3724,17.074,0.118206,80.158,0.958124,31.9887,0.000118664,train
694,19.0713,123.748,111.652,52.7817,213.427,34.1376,48.7643,126.808,0.669233,18.039,0.00225392,train
695,12.9039,149.795,131.446,21.9975,129.139,26.6118,10.1714,87.9716,0.727014,34.4851,0.00053987,train
696,4.32187,20.9123,110.143,32.8759,188.059,20.645,1.57403,177.49,0.957723,19.4944,0.000322502,train
697,15.0433,141.902,128.31,11.0542,71.7491,18.9776,3.47085,61.0995,0.864307,33.4761,0.000324003,train
698,7.66979,106.1,80.5169,16.0298,105.441,23.657,2.48236,72.6562,0.727505,40.9834,0.000381738,train
699,13.5109,16.2535,15.6508,146.025,221.279,30.3726,17.4566,152.877,0.751504,4.36771,0.0315147,train
700,13.3772,102.467,345.718,23.1746,91.3634,0.554637,8.71566,82.0562,0.931353,29.4675,0.000224178,train
701,15.1892,144.934,256.299,22.8228,103.589,13.6115,12.4866,84.4284,0.856741,33.5565,0.000338142,test
702,11.4525,114.702,72.9774,13.0099,50.9057,20.5623,1.31311,41.3214,0.786381,32.2903,0.000510417,train
703,19.0053,94.9257,34.3597,21.9434,117.425,29.3281,8.15992,79.8757,0.709253,14.8792,0.00303437,train
704,18.5762,73.3721,188.125,8.62246,172.044,17.8494,5.93493,167.542,0.98045,16.4708,0.000212854,train
705,13.8895,58.8053,146.855,6.50437,292.471,4.19658,5.01304,285.506,0.983832,17.6452,0.000153796,train
706,7.08982,94.2422,369.129,6.08833,283.671,1.85797,3.56784,272.004,0.972353,52.6728,2.92344e-05,train
707,4.41904,51.6273,52.9543,5.14817,104.32,22.7659,0.284525,95.271,0.925698,44.1852,0.000107404,train
708,11.4711,70.7369,380.349,249.449,98.9893,19.5985,37.9984,66.7258,0.723355,18.5657,0.00188081,train
709,11.0552,54.6675,53.3677,10.0904,143.267,23.6943,2.2406,130.966,0.931013,19.3463,0.000522564,train
710,17.2271,146.933,65.2666,63.536,206.789,14.0791,43.1519,53.4093,0.430572,15.1203,0.00419258,test
711,11.9602,81.7293,86.9787,442.091,263.242,17.6468,98.7659,32.6758,0.285762,8.09673,0.0151977,train
712,17.2393,67.9668,285.422,89.0972,156.036,17.0541,43.1616,133.412,0.89045,14.9331,0.00134535,test
713,15.7349,125.557,17.7924,464.902,121.861,17.4208,29.4499,17.4265,0.0947546,3.11914,0.102785,train
714,3.96136,77.4241,32.2836,78.5157,260.707,22.1547,4.69974,31.9567,0.257124,20.3589,0.00240857,test
715,2.07137,136.383,31.5156,12.0512,97.1905,21.882,0.217079,25.5297,0.268491,70.9806,0.000198016,train
716,10.2755,107.706,51.3493,166.39,81.5275,27.1183,8.22209,29.2925,0.255126,10.9519,0.00832406,train
717,14.4637,89.8474,53.5383,89.7784,60.0675,33.783,4.80452,40.7042,0.479412,12.3917,0.00606353,train
718,17.0491,120.587,83.2203,319.803,145.701,7.57963,78.706,14.1298,0.266457,7.80498,0.0163793,train
719,15.6523,84.6051,62.9516,168.356,204.761,28.2874,54.8024,63.0099,0.423773,9.58625,0.010465,test
720,11.4132,49.5446,89.1302,6.04347,276.767,12.2651,2.93956,268.391,0.978808,17.9748,0.000193468,train
721,7.62234,14.5205,109.768,11.7083,190.953,24.048,0.764826,189.718,0.995004,8.57691,0.000203258,train
722,10.3827,145.094,55.9176,7.56578,171.075,2.31778,4.54576,106.222,0.739065,42.0518,0.000351199,train
723,11.1279,107.764,110.963,103.244,130.868,27.1561,19.7631,54.1863,0.477589,18.9779,0.00258844,train
724,5.88697,73.4484,325.975,140.647,258.033,20.6779,30.9107,142.939,0.668252,34.0179,0.000635007,train
725,13.1894,91.5517,29.3205,10.8338,195.423,5.3344,6.15294,128.216,0.760217,21.8678,0.00121835,train
726,5.47347,117.015,388.714,14.7476,54.1061,24.768,0.782002,49.2036,0.887872,76.8139,5.19152e-05,train
727,4.62955,60.4653,390.533,43.2077,185.757,31.0424,5.35813,161.385,0.894319,47.6162,0.000128051,train
728,17.8179,76.138,55.1339,496.934,247.151,26.4069,136.314,38.3715,0.275455,4.98365,0.0401493,train
729,18.3787,59.8709,30.3824,12.9005,159.881,30.6038,5.51876,138.596,0.889037,12.4736,0.00195092,train
730,18.709,33.6527,30.4821,22.1668,213.275,24.4016,8.7751,193.865,0.930338,7.62411,0.00340132,train
731,14.515,145.273,29.639,410.63,64.7219,18.1545,14.1118,18.1641,0.108689,4.45993,0.050274,train
732,18.1071,130.347,93.9206,25.777,218.925,4.75196,31.5355,138.355,0.744519,22.1826,0.0012424,train
733,10.6271,68.2876,26.7412,5.50047,83.5266,28.693,0.634088,74.3527,0.887603,23.7017,0.000546481,test
734,2.72027,95.304,115.363,74.9428,223.305,30.8996,3.96598,50.6613,0.335307,47.325,0.00044179,test
735,6.08833,84.2549,138.965,5.67256,186.673,3.84063,1.59784,170.013,0.939034,52.9193,6.21315e-05,train
736,6.02822,134.913,50.4833,18.7752,61.6959,29.6944,0.704676,37.1018,0.453959,41.0928,0.000560488,train
737,12.8738,41.5196,85.6753,13.6518,111.46,35.869,1.8079,107.882,0.968239,13.459,0.000512837,train
738,7.71935,73.0967,112.649,110.515,174.338,20.8333,17.049,75.5852,0.552346,21.4736,0.00189328,train
739,18.1938,135.5,122.871,64.5611,225.018,7.28569,67.735,99.5109,0.60196,18.5346,0.00238994,train
740,17.0578,49.658,38.8862,434.414,156.498,36.3955,54.1939,51.8588,0.359461,4.54527,0.0476399,train
741,16.5753,59.5642,16.0412,5.94903,95.5455,4.38364,1.60894,81.2301,0.894281,13.7489,0.00153677,train
742,16.1816,98.277,286.25,5.94249,255.859,11.8298,7.41093,249.457,0.982468,24.85,8.3982e-05,train
743,5.25545,72.0615,191.534,17.5547,160.142,11.7144,2.81295,136.06,0.891134,49.7672,0.00012042,test
744,9.27448,95.024,24.8077,6.70496,233.797,26.697,2.93113,155.769,0.744249,31.2458,0.00062667,train
745,12.3607,25.4937,34.505,25.936,113.673,31.7744,2.21318,106.244,0.938697,8.68289,0.00232275,train
746,7.61217,49.3504,28.1798,115.109,276.187,11.8065,15.439,60.7673,0.413901,11.1473,0.00777359,train
747,11.7882,34.5719,299.161,51.6797,252.647,18.3729,16.375,243.36,0.973386,12.3922,0.000509101,test
748,6.85076,140.732,28.4297,43.3661,147.138,6.00547,4.41205,10.0318,0.235141,19.5567,0.0026125,train
749,18.3907,45.8308,199.087,18.1855,261.955,19.3729,12.6411,256.003,0.983504,10.7873,0.000419973,train
750,3.15266,33.2701,57.56,65.6307,63.5212,8.53192,0.80872,36.5552,0.664299,28.7057,0.000898676,train
751,14.7344,47.4884,200.746,80.8971,278.472,9.11518,47.1938,244.188,0.914342,12.7019,0.00148442,test
752,12.2041,67.6759,277.739,22.9509,134.521,13.5485,7.2063,126.779,0.957162,22.1883,0.000252121,train
753,17.2826,10.5916,179.438,83.0821,255.417,10.4842,16.3496,252.769,0.99232,3.42488,0.00200052,train
754,8.54091,117.29,16.2216,14.3641,75.631,14.2142,1.14458,24.9335,0.404882,22.6454,0.00189073,test
755,4.80987,26.327,371.873,359.946,234.228,34.2819,25.0424,185.746,0.836457,19.15,0.0011639,test
756,5.92604,71.0921,22.5844,117.584,207.798,9.07593,7.33553,14.4752,0.232351,11.382,0.00771337,train
757,2.92408,126.475,219.326,7.74139,264.515,1.63145,1.90583,187.187,0.801408,139.455,2.58023e-05,train
758,17.4988,27.8401,20.7852,8.42767,123.79,24.696,1.43345,119.291,0.969198,7.13708,0.00177379,train
759,2.3071,145.514,212.784,23.9509,242.157,10.4343,2.78393,69.647,0.473726,119.989,6.49216e-05,train
760,15.8119,110.032,32.3772,244.21,146.733,13.6768,36.9482,15.5324,0.200823,5.79075,0.0298159,train
761,12.3747,109.566,52.7341,11.1925,201.533,34.5764,6.42066,148.351,0.784507,28.5689,0.000656611,train
762,19.1238,140.951,24.2744,228.712,107.995,0.0700479,33.4055,0.411302,0.154571,4.71162,0.0450459,train
763,12.5428,39.1096,156.796,398.597,249.754,4.13887,113.078,139.983,0.693848,9.34776,0.0079714,train
764,3.63518,103.045,322.359,90.6833,262.665,3.01912,14.5151,84.3223,0.519273,59.3978,0.000255654,train
765,4.56885,10.661,29.948,224.897,159.178,9.97115,4.41396,110.252,0.776426,8.02328,0.00857754,train
766,18.1553,89.3607,103.53,418.03,178.187,14.4679,129.915,34.4605,0.354434,7.33257,0.0183266,train
767,15.1443,98.4761,155.058,61.8344,57.5292,37.8619,4.40656,50.1386,0.744749,20.1157,0.00150982,train
768,11.925,40.8533,118.612,19.4402,278.564,26.4688,7.7762,265.87,0.966225,14.2068,0.000488617,test
769,4.59747,112.736,137.381,56.1846,116.152,23.2314,3.89005,44.6306,0.45299,44.8847,0.000470055,train
770,3.69345,81.8858,146.171,13.8098,208.833,24.5307,1.99862,158.886,0.817247,73.2925,8.72363e-05,train
771,10.0333,129.635,226.833,11.4724,50.4924,39.8264,0.457234,48.8562,0.897105,47.2609,0.000126862,train
772,5.37883,73.832,172.567,69.8705,188.348,28.5289,9.38321,109.327,0.661469,36.9799,0.000544456,train
773,10.9634,128.407,183.165,395.706,129.076,36.9291,44.6761,41.5784,0.271247,12.979,0.00592126,train
774,9.3758,78.7544,367.415,230.574,291.805,26.8439,95.5156,158.272,0.654504,22.6452,0.00147096,train
775,9.88511,13.4142,96.5773,53.9163,272.597,30.8404,6.31126,266.027,0.981489,6.30907,0.00137964,train
776,5.94152,21.3251,94.1567,27.0308,83.3784,31.5586,0.577185,80.8882,0.967783,14.8619,0.000426428,train
777,17.5948,55.1081,188.552,187.171,266.032,31.8629,115.049,196.322,0.798019,10.7958,0.0043665,train
778,15.7536,118.679,22.3108,110.164,253.551,28.7946,34.5966,34.6964,0.23025,7.16854,0.0194467,train
779,11.4649,122.809,16.841,19.3846,179.083,5.57809,5.96708,33.4046,0.391942,17.1854,0.00329915,train
780,8.48506,56.7822,28.8207,107.096,291.248,32.7089,17.3819,76.4977,0.399809,11.1019,0.0078825,train
781,11.3945,35.5604,51.2468,46.3246,125.873,23.7148,5.6515,105.982,0.868561,11.7111,0.00257502,train
782,18.9333,83.6533,255.518,6.25852,181.852,22.4579,5.175,178.693,0.986741,18.4257,0.000115935,train
783,8.22629,86.1165,278.526,6.828,136.11,28.4843,1.62467,131.311,0.970213,41.5967,5.04164e-05,train
784,3.68722,41.4908,115.6,14.1419,270.63,36.3262,1.50965,245.21,0.927355,42.668,0.000112768,train
785,15.6201,140.226,56.6329,147.286,291.585,11.973,78.2177,25.5876,0.268532,9.91132,0.0101559,train
786,5.84074,29.8198,124.586,171.387,276.622,6.31942,20.6142,187.011,0.775267,16.6077,0.00200871,train
787,18.5983,95.4138,188.315,104.592,74.1084,1.98362,32.1906,45.4854,0.729873,15.7075,0.00258243,train
788,17.5239,67.8456,33.7705,26.9328,248.299,23.517,18.5442,172.276,0.770348,12.7003,0.00349393,test
789,7.11792,98.8298,208.56,225.304,99.1583,34.511,13.0345,45.2848,0.397773,22.4895,0.00192235,train
790,10.9275,62.1351,21.9427,7.59731,96.1837,26.9057,1.00028,81.1094,0.853436,20.2644,0.000945867,test
791,15.0477,104.628,107.862,17.2352,142.6,28.8101,8.65524,119.142,0.861289,24.8158,0.000601116,train
792,13.2888,97.3238,23.1749,62.111,229.486,27.7251,18.2989,50.8868,0.347525,10.5283,0.00890384,train
793,18.2168,17.2611,95.4379,30.0203,179.782,7.4406,6.39012,177.109,0.989282,4.7388,0.00143254,train
794,2.43245,81.1024,80.7295,37.4302,87.1054,32.0844,0.557586,43.4874,0.4336,58.2616,0.000281951,train
795,15.4673,107.319,198.763,155.927,209.182,29.4899,87.8617,100.366,0.580412,16.6891,0.00303347,train
796,6.6043,146.69,339.856,247.518,85.2572,16.5936,16.7235,22.6762,0.31971,28.7245,0.00120248,train
797,9.76373,114.197,23.818,118.271,171.902,31.2418,11.3131,32.7105,0.190076,9.08265,0.0121207,train
798,5.22711,122.894,48.9402,37.3995,211.514,11.6374,5.05127,31.4318,0.331312,31.4892,0.000998623,train
799,16.0695,27.3616,54.7264,477.661,163.445,20.6037,66.4048,84.4097,0.614374,4.79876,0.0350644,train
800,10.7459,41.5831,307.769,12.7031,141.687,19.5248,2.29626,139.878,0.990085,16.3153,0.000110884,train
801,5.19495,43.042,25.0801,5.03778,285.835,11.5642,0.909519,248.867,0.909618,31.0556,0.000260875,train
802,4.30615,26.8883,65.3888,444.541,109.621,13.2725,7.12217,33.9826,0.439544,11.4179,0.00731876,train
803,9.49225,146.439,28.6243,43.7298,221.931,32.2298,9.73964,40.9363,0.26457,16.5908,0.00362536,train
804,19.9159,79.5717,68.7527,29.2601,151.432,19.0187,17.1401,119.329,0.836254,14.2009,0.00211898,test
805,12.4825,122.864,85.188,5.87921,121.27,7.38449,2.96849,103.851,0.897379,36.2287,0.000215368,train
806,18.0962,86.6592,20.0275,20.9293,215.748,38.1215,12.2689,121.934,0.636635,12.8315,0.00472775,train
807,3.14018,63.5857,337.171,10.7293,203.842,22.9763,1.16766,189.65,0.947536,77.6944,2.49813e-05,train
808,11.8588,102.569,142.662,96.1381,232.041,3.81448,49.8986,93.1782,0.578423,20.59,0.00199787,train
809,10.1311,14.1767,32.465,10.2469,131.783,20.879,0.597489,129.925,0.9886,6.5221,0.000799418,train
810,10.0485,124.302,37.8324,39.1594,194.379,19.2335,10.5432,45.8115,0.383991,19.3842,0.00260023,train
811,3.50775,109.524,179.548,21.2134,75.9557,27.8263,0.830587,52.6397,0.668672,84.1813,0.00010361,train
812,13.4251,18.8002,181.867,250.133,280.691,10.3259,59.2858,256.161,0.938126,6.19304,0.0046161,train
813,17.4624,20.3496,207.452,7.13567,145.85,31.3588,1.10594,145.583,0.998408,5.65234,0.000150162,train
814,12.298,126.922,185.049,313.601,203.297,20.5872,93.8692,37.8624,0.32619,13.792,0.00521032,test
815,3.96635,105.151,94.8727,5.27342,73.9569,25.8108,0.279335,61.9373,0.831841,89.0433,5.51166e-05,test
816,2.2173,147.785,195.844,9.22785,63.8357,37.3321,0.162269,50.0111,0.642096,171.828,2.61188e-05,train
817,19.8426,39.9658,152.245,5.40974,274.205,3.66252,4.07924,272.284,0.995215,9.01323,0.000176267,train
818,6.31563,85.8944,173.03,413.059,132.808,33.6449,20.8543,40.2598,0.293354,16.2522,0.00376919,train
819,12.8379,138.571,199.372,15.0598,174.811,32.5007,10.6294,146.726,0.867349,38.3156,0.000242431,train
820,3.39598,107.209,301.497,187.696,234.385,1.24957,17.1415,26.1787,0.339791,43.2479,0.00052854,train
821,3.41213,50.7439,160.957,259.647,199.987,7.18133,12.0658,47.6507,0.435764,26.3578,0.00137607,train
822,7.51266,20.1363,98.0858,6.30228,65.5429,26.2293,0.128028,65.2216,0.994513,11.6569,0.000120677,test
823,16.3636,33.7847,84.8869,13.331,160.644,15.6483,3.69609,156.786,0.98206,9.09243,0.00064245,train
824,17.6723,16.962,267.807,208.785,110.955,24.5405,20.863,107.725,0.974173,4.71424,0.00344438,test
825,5.43887,104.925,69.9974,6.52899,289.452,25.6925,2.5102,212.353,0.802649,62.7402,0.000126827,train
826,7.19002,11.1477,327.524,50.5184,210.792,25.054,2.73068,209.49,0.995247,7.16753,0.000277254,train
827,17.7629,132.284,21.9542,85.5048,63.9438,22.5926,6.65836,24.0459,0.246819,7.5993,0.0172952,train
828,9.03467,116.808,46.7163,11.6456,126.298,6.17125,3.2071,69.7546,0.678352,35.7596,0.00056305,train
829,16.5213,70.2049,81.6007,5.45901,150.18,7.16594,2.92544,144.029,0.971202,17.4791,0.000276315,train
830,4.21446,122.612,157.413,56.919,179.172,21.3101,6.29173,52.9343,0.427655,50.195,0.000380977,train
831,6.15679,88.2769,235.405,58.5411,275.937,2.0778,19.8819,160.812,0.713855,41.6553,0.000382772,train
832,19.6417,135.187,83.7653,7.19147,256.131,25.1335,12.9163,221.51,0.899404,25.6605,0.000421572,train
833,4.6961,147.019,92.5,22.0374,205.157,18.0834,4.14617,62.748,0.460004,58.0646,0.000279702,train
834,10.5953,131.996,52.147,260.755,188.212,1.31817,37.3343,2.40114,0.170934,8.68891,0.0132451,test
835,3.21333,62.1984,93.0029,233.097,261.801,3.05117,10.8815,18.3849,0.283669,22.2469,0.00201343,test
836,17.4255,38.1772,20.7383,272.162,238.619,39.7674,52.9852,78.8882,0.420466,4.10523,0.0571716,train
837,13.9938,38.272,105.81,127.791,139.144,27.0289,22.0526,112.36,0.838185,10.0076,0.00422524,test
838,7.38567,54.5819,147.152,40.7792,237.036,39.4353,9.13886,197.731,0.866221,26.4725,0.000511685,train
839,5.79756,117.938,273.452,34.1772,185.646,23.5621,8.73108,120.042,0.724834,59.705,0.000181151,train
840,11.7299,26.1947,70.9776,113.129,267.445,38.0146,24.2455,223.527,0.870288,8.64424,0.00467399,train
841,17.9881,78.1092,30.0945,346.151,244.018,37.1048,79.9946,43.5932,0.239254,4.39487,0.0517253,train
842,3.23045,87.9275,38.0994,498.705,84.8879,32.1077,2.0983,32.109,0.0885204,9.72603,0.0105713,test
843,17.4901,28.6539,26.4774,497.185,79.8927,32.8392,19.1131,43.8826,0.450211,3.40053,0.082106,test
844,11.6515,143.217,119.106,59.1153,291.371,21.7738,42.7643,100.148,0.501643,25.1658,0.00144574,train
845,8.89805,36.0112,195.674,17.1502,76.1586,1.55981,1.3418,74.0675,0.981235,16.8658,0.000194971,train
846,14.4374,127.18,177.748,14.073,231.675,39.6196,14.2893,200.553,0.891223,32.2946,0.000285767,train
847,9.08289,92.5208,44.8019,31.4373,173.416,25.0244,7.05045,79.2074,0.558752,23.3252,0.00159336,train
848,15.3107,149.052,121.35,151.042,152.134,7.4038,57.8412,25.7501,0.359821,14.3715,0.00476423,train
849,16.1311,145.764,18.5697,291.181,260.783,24.5004,55.9153,24.5431,0.107059,3.97667,0.0632355,test
850,10.838,78.4265,116.501,45.4479,290.938,6.77424,27.4947,194.743,0.770646,23.0771,0.00105699,train
851,10.8816,87.7054,31.0411,109.474,299.31,10.7457,29.9046,33.0604,0.306229,10.179,0.00959422,train
852,12.685,27.5362,76.0423,150.997,219.048,16.467,31.4747,171.578,0.840833,8.14187,0.00629714,train
853,11.0306,94.3215,35.4664,326.379,202.818,39.7166,31.9323,40.9271,0.178311,6.27721,0.0253771,train
854,4.0479,71.2846,196.193,188.816,83.996,3.00031,6.16218,20.2363,0.438265,31.3102,0.000973921,train
855,7.89045,140.631,17.7359,35.0975,198.29,15.0768,5.03141,19.0871,0.221348,16.0016,0.00390358,train
856,4.42963,71.6882,45.1724,73.9328,266.292,14.5398,6.68774,45.1159,0.354687,23.3154,0.00181248,train
857,7.74244,95.5148,33.4357,13.6698,267.975,20.2708,5.03699,133.826,0.627573,31.5959,0.000791352,train
858,11.9894,16.53,240.991,38.2613,133.712,21.1846,3.14564,132.611,0.993345,6.47152,0.00047588,train
859,18.1742,57.9779,57.3944,10.8781,118.983,21.0939,3.60731,111.549,0.94899,13.0586,0.000861151,train
860,15.9093,13.8687,31.274,8.60388,58.0804,21.7034,0.277158,57.703,0.992801,4.45465,0.00109421,train
861,19.8227,104.24,15.0994,197.693,91.5546,18.0148,17.6137,18.567,0.178164,3.92573,0.0648837,train
862,3.36493,49.2212,40.3357,163.097,127.518,39.3659,2.188,44.8511,0.28756,17.1129,0.00340153,test
863,6.98378,120.62,42.8559,32.5476,237.425,19.7009,7.36468,53.4471,0.387105,27.1305,0.00132599,train
864,13.0781,46,16.0945,7.44687,284.787,23.4745,3.54262,245.705,0.899328,13.5523,0.0015128,train
865,3.04079,109.34,19.1905,79.815,222.094,36.1357,1.91691,36.2439,0.122793,17.7843,0.00316173,test
866,7.37774,99.8979,47.9186,7.26348,104.122,36.5996,0.911616,82.9692,0.788217,43.4795,0.000279578,train
867,17.1473,144.571,71.1235,127.663,175.694,13.9565,54.1129,29.3585,0.326818,11.3486,0.00769463,test
868,7.58619,52.9345,15.9382,12.1238,253.051,20.5597,2.68285,160.209,0.728366,21.0578,0.00144266,test
869,2.43843,94.0346,96.2502,24.0079,67.5634,14.7395,0.459847,29.9842,0.500121,77.6458,0.000152056,train
870,6.72471,32.3744,58.3643,211.52,252.546,19.3243,20.6241,111.657,0.581089,11.7711,0.00609283,train
871,6.34435,149.257,150.463,31.6302,162.458,16.8959,7.49139,66.634,0.541192,51.4695,0.000333425,train
872,14.0735,64.9671,89.4064,42.1389,211.394,7.71192,21.637,160.872,0.832548,16.2056,0.00165828,train
873,6.59371,138.672,83.1016,8.54533,247.767,24.7467,4.01593,157.538,0.724959,61.7112,0.000169508,test
874,9.9906,58.0874,49.7011,369.058,252.442,5.23353,52.3757,23.5375,0.301901,7.32316,0.0185464,train
875,17.5297,50.298,73.0197,387.853,251.305,34.3668,127.328,98.2954,0.502534,6.27021,0.0232778,train
876,17.4414,92.3909,33.0316,25.7045,222.791,7.42571,19.5225,117.585,0.665216,14.7604,0.00339313,test
877,5.15143,40.2417,67.7256,9.14232,153.39,0.787842,0.884978,140.576,0.943802,30.4348,0.000173849,train
878,18.2595,36.3205,23.8864,164.3,278.804,8.83952,60.3027,116.351,0.579677,5.19189,0.031399,train
879,2.93134,39.6738,147.625,68.2421,281.488,12.8358,5.16105,185.002,0.756532,41.7132,0.000338765,train
880,12.4034,16.3702,16.675,152.803,82.4997,20.1098,5.36912,59.2646,0.742294,4.66105,0.0284151,train
881,4.08324,19.1676,54.8369,10.7598,235.003,22.2689,0.577776,226.954,0.974683,19.2761,0.000200298,train
882,18.6107,60.1226,230.241,16.6749,243.941,6.55071,14.6736,236.433,0.978791,13.6269,0.000336963,train
883,6.00824,84.5024,59.3408,5.58417,267.538,7.82301,2.04746,217.152,0.869643,49.7938,0.000141349,train
884,13.1793,121.771,18.1887,95.9939,173.532,12.1378,16.0261,14.3182,0.199764,7.58269,0.017389,train
885,16.6444,65.3225,62.6693,8.23114,186.965,18.5621,4.79519,174.943,0.952129,15.899,0.000546529,train
886,5.73082,81.6801,83.5686,118.296,133.037,21.3764,7.4848,37.6859,0.378681,21.9677,0.00202808,train
887,14.457,73.5927,168.683,252.093,140.353,19.5666,62.3679,67.8658,0.584115,12.4777,0.0054014,train
888,7.26834,72.6955,380.469,478.696,183.555,19.6173,65.453,64.9222,0.490204,20.1016,0.00228621,train
889,19.1346,116.62,157.508,348.703,187.03,20.224,160.792,44.7038,0.378788,9.61317,0.0105904,train
890,8.73254,134.253,154.503,22.6539,53.103,17.9727,2.14971,38.7263,0.721669,45.101,0.0003201,train
891,6.83722,60.5191,24.4574,28.3924,165.791,11.9373,3.32996,70.501,0.570308,20.7625,0.00198432,train
892,10.3402,46.7649,208.733,7.27455,255.939,15.6783,2.77165,252.059,0.989199,18.8843,9.00913e-05,train
893,12.1381,39.7461,221.043,236.108,173.752,17.5806,49.8792,134.331,0.829196,11.69,0.00324134,train
894,2.4872,145.291,208.923,70.4182,161.718,5.28737,3.68868,15.7475,0.293703,68.9212,0.000209579,train
895,2.65241,50.503,23.7645,225.472,147.179,22.1349,1.96405,22.6862,0.163389,12.6074,0.00629134,train
896,18.1635,85.0479,86.2549,179.077,108.491,31.4344,35.2625,53.7446,0.499878,9.8623,0.00942746,train
897,6.10852,148.642,179.202,171.081,299.514,23.5469,36.1973,36.4689,0.266044,26.1612,0.00145792,train
898,11.8562,95.8614,110.609,159.339,273.504,20.9028,66.2826,77.4799,0.447385,14.9164,0.00426988,train
899,18.2284,65.8831,142.217,5.1338,297.226,20.8478,5.64969,291.904,0.987105,15.2579,0.000164504,train
900,3.28229,109.961,24.4389,195.013,243.254,11.5113,4.72568,11.5197,0.0915382,12.3581,0.00654785,train
901,2.81515,34.5452,246.877,32.9508,169.837,32.6019,1.30851,155.123,0.928215,46.4893,9.39348e-05,train
902,9.58305,148.257,370.252,345.755,261.635,5.30725,134.443,31.4547,0.33446,21.0318,0.00223725,train
903,14.3498,72.9108,269.647,31.3118,269.057,13.0314,26.0239,246.634,0.941308,20.0722,0.000416582,train
904,6.06979,31.2698,177.27,337.55,185.52,38.6901,21.9181,122.529,0.707331,15.2832,0.00288946,test
905,4.53695,139.033,231.96,219.225,123.495,30.3166,10.0801,33.5769,0.247003,30.5241,0.00107197,train
906,3.38594,143.687,130.696,7.37989,228.602,19.8295,1.66069,137.021,0.701079,119.706,4.77976e-05,test
907,5.31426,25.158,103.301,5.21508,52.1607,20.5378,0.0722846,51.7449,0.991209,19.7609,6.70715e-05,train
908,5.4141,136.33,225.832,416.434,170.839,10.8199,30.7054,12.809,0.19676,20.0149,0.0024959,train
909,16.8927,49.0713,94.9782,9.15572,68.8408,31.7467,0.940343,67.6773,0.978945,12.3538,0.000407105,train
910,16.6865,55.0417,165.914,394.791,218.779,11.2716,159.756,106.987,0.628238,8.91743,0.00992632,test
911,15.5834,91.3231,142.168,6.14257,240.947,5.79906,6.51632,229.619,0.96778,23.6537,0.000168326,train
912,13.0257,118.263,25.18,95.1705,120.248,23.3014,11.0767,26.4057,0.241423,9.00921,0.012308,train
913,5.26358,108.249,151.448,446.145,105.321,26.8294,12.238,27.711,0.192889,16.0604,0.00387644,train
914,8.85201,62.0693,22.615,15.5582,116.362,36.6158,1.58936,83.1749,0.716594,20.8153,0.00152245,train
915,11.1372,145.749,27.4673,36.9629,74.5674,5.36275,4.05922,10.6491,0.305347,16.2893,0.00374683,train
916,9.38223,55.4251,231.651,318.541,169.201,23.8435,49.8895,91.6019,0.632765,15.5849,0.00322536,test
917,6.00595,76.1899,158.637,386.057,128.307,33.9741,17.0026,42.2392,0.318491,16.4797,0.00365399,train
918,14.1513,55.3138,350.991,14.2161,265.199,14.6715,9.19712,260.33,0.986992,16.4186,0.000143291,train
919,3.20432,95.3273,241.486,88.7863,110.66,21.1474,3.61492,43.6165,0.470036,56.4036,0.000294531,train
920,19.3008,93.0807,361.053,60.1927,212.193,19.3784,62.1825,184.212,0.90251,18.3124,0.000804429,train
921,15.4446,41.0908,89.7962,10.9483,136.516,30.5042,2.47901,133.246,0.979273,11.4008,0.000470764,train
922,7.18189,89.2441,19.1185,237.267,92.8249,34.0946,3.78169,34.1559,0.13212,6.69913,0.0222824,train
923,19.9185,47.9319,266.619,8.05984,188.314,37.1434,4.01145,187.049,0.994378,10.5659,0.000150533,train
924,5.49144,87.7797,24.3394,44.2372,264.233,12.1208,5.27193,31.7864,0.30734,19.9584,0.00249518,train
925,11.6632,147.902,379.132,29.7892,203.2,32.9716,23.4222,161.709,0.835825,43.2327,0.0002291,train
926,2.13232,112.859,40.8672,107.743,137.057,25.9637,1.14017,26.0402,0.125403,26.6745,0.00140543,test
927,4.83406,86.6154,328.26,52.0509,297.338,6.21584,15.3509,194.037,0.75955,55.1973,0.00019163,train
928,11.5764,24.6431,384.802,19.3399,122.597,23.4078,1.91277,121.955,0.995638,9.47348,0.000145455,train
929,4.73342,35.7537,188.649,33.7958,109.116,7.27051,1.77034,99.4432,0.936402,29.2287,0.000211994,train
930,6.52083,35.4606,22.7302,45.473,143.189,30.7008,2.5772,87.898,0.663085,15.0866,0.00326132,train
931,3.38912,124.862,62.3519,69.6469,152.072,33.6556,2.41794,36.1234,0.219041,32.4987,0.000946411,train
932,7.16099,10.4457,41.7326,11.5991,99.7761,7.99106,0.290817,98.7421,0.992347,6.78245,0.00049758,train
933,4.61767,46.4614,21.6882,178.133,87.8838,30.5612,1.75501,32.6356,0.248822,10.2631,0.0094816,train
934,4.65056,37.4106,275.706,163.965,149.466,22.033,9.4834,112.745,0.805358,26.7196,0.000691433,train
935,10.8501,98.5726,32.5327,6.91328,122.439,22.5817,1.89978,92.4568,0.797097,29.7635,0.000576419,train
936,8.62559,11.3667,38.9413,14.5029,286.614,7.88368,1.46601,282.379,0.989645,6.20624,0.000803108,train
937,8.23786,123.639,21.5117,5.28066,217.447,34.8069,2.0101,121.84,0.640678,39.1034,0.000505556,train
938,10.7284,30.2586,24.4072,7.63027,177.504,13.3061,1.33521,167.705,0.95989,11.789,0.000838492,train
939,11.5564,28.3425,16.8059,66.0644,65.4195,26.878,2.0514,49.1437,0.710534,7.68098,0.0113572,train
940,2.40158,34.2536,58.7793,7.06266,267.876,3.15363,0.455338,238.672,0.926137,53.7639,7.21408e-05,train
941,15.9681,125.364,126.341,469.902,296.984,37.155,200.512,47.2423,0.253079,8.20067,0.0148476,train
942,17.7299,56.6886,72.9256,179.89,228.455,0.0241861,86.7541,102.87,0.620127,8.55117,0.0109339,train
943,14.7775,143.054,57.3637,414.271,251.512,22.9179,99.4361,23.6218,0.154124,6.12215,0.0266801,test
944,2.56428,103.849,19.5219,26.0675,161.948,12.9346,0.685552,15.4659,0.209666,34.174,0.000856017,test
945,2.55064,130.8,17.1807,112.113,254.108,11.6207,2.15343,11.6215,0.0752082,15.5024,0.00416106,train
946,7.54218,94.0955,117.729,118.681,114.765,33.2074,9.68734,50.7449,0.440072,22.4013,0.00190079,train
947,14.5033,128.233,108.418,225.761,285.296,35.0152,107.043,56.2905,0.315324,11.4673,0.00755009,test
948,12.6604,102.404,21.2144,9.29053,265.439,20.2819,6.5152,151.097,0.68125,22.7225,0.00138611,train
949,16.8368,129.722,41.0332,49.9325,58.619,32.556,3.9642,37.8598,0.42999,13.6817,0.0051221,train
950,10.8673,40.3112,91.6743,166.619,117.293,22.6062,16.7665,78.9041,0.723446,11.4577,0.00493784,train
951,4.21245,47.2946,129.17,24.4453,81.5888,21.1949,0.831334,70.8052,0.880089,40.4043,0.000199301,test
952,17.1851,47.562,17.5854,6.73191,143.108,17.1234,2.20151,129.478,0.92714,11.1911,0.00164467,train
953,10.2499,107.4,34.6583,304.809,82.6887,37.66,7.54411,37.8049,0.155229,6.66127,0.0225363,train
954,5.37466,36.2188,138.887,14.1097,193.682,9.66475,1.5906,184.297,0.965897,27.0018,0.000136505,train
955,19.0248,130.362,109.236,31.1329,272.881,1.60689,50.8775,171.401,0.745956,21.1918,0.00135555,test
956,11.1925,93.681,123.402,60.4907,115.31,38.2922,10.5905,78.1763,0.670084,23.1044,0.00137163,train
957,10.3521,135.12,125.573,315.46,255.777,32.4046,73.5277,38.5425,0.232991,12.3973,0.00650155,train
958,9.26511,53.9496,95.3353,196.346,218.661,8.69226,37.5298,84.6608,0.555847,13.5024,0.00477045,train
959,15.0364,71.7186,60.0643,6.49719,262.531,4.11539,5.6793,242.754,0.948722,19.0491,0.000406624,train
960,16.5166,53.2361,344.533,27.134,259.739,27.3828,18.3838,252.669,0.979598,13.6093,0.000325195,train
961,3.60266,29.6008,37.2829,64.2229,92.7249,23.797,0.996948,57.783,0.65237,22.0929,0.00155147,train
962,14.2634,96.2309,131.69,326.165,185.835,36.4946,81.9636,57.9984,0.376283,10.5309,0.00883179,test
963,19.0892,80.0113,67.3728,69.9486,245.632,12.6052,56.2306,136.241,0.678483,12.0538,0.00495475,test
964,7.04288,141.295,91.9493,42.2215,236.115,24.6839,11.9923,66.256,0.424418,34.4832,0.000808492,train
965,6.69205,97.6935,108.674,488.208,142.486,36.7786,20.9363,38.0101,0.194196,11.534,0.00751586,train
966,4.41181,74.6174,88.6122,227.498,130.603,23.5833,6.98493,29.1324,0.273364,18.7671,0.00283166,train
967,14.469,141.721,51.9304,215.712,177.48,29.8925,42.7003,32.0509,0.203019,8.15714,0.0150256,test
968,14.9689,142.633,18.4623,10.8641,107.828,26.3602,3.15443,51.7357,0.517767,20.2521,0.00220212,train
969,8.55725,40.1584,40.0207,41.839,86.008,8.91858,2.8749,61.42,0.783873,15.4985,0.00223651,train
970,10.9876,51.7957,75.6038,62.0156,163.841,38.7043,11.4154,123.461,0.781302,15.5136,0.0022532,train
971,3.98736,114.603,268.823,32.3107,275.786,24.0763,7.91992,155.197,0.672484,77.9855,0.000119813,train
972,9.75728,100.04,111.785,38.7315,177.161,8.59182,14.1067,100.079,0.687806,28.8957,0.000845182,train
973,7.28636,148.368,63.9688,13.109,211.208,22.9932,4.90212,96.5029,0.57791,47.6485,0.000373294,test
974,16.1051,43.4564,45.0289,6.94373,144.259,0.967037,2.3239,138.33,0.972193,11.4653,0.000620877,train
975,17.8693,59.0761,250.211,100.65,208.315,32.1286,56.5655,180.644,0.894201,12.7191,0.00179704,train
976,19.4169,114.579,25.8708,443.803,130.43,5.0846,57.0816,5.29884,0.140846,3.46537,0.0832723,train
977,4.15859,69.6097,18.0181,120.082,72.5486,8.06155,1.26356,8.51374,0.176783,12.0133,0.00692875,train
978,7.10009,63.8132,100.483,244.126,53.8662,29.6798,3.5048,33.9288,0.405729,14.992,0.00431248,train
979,12.0684,66.5137,204.617,52.346,247.612,24.4817,27.1754,208.644,0.882583,20.3396,0.000771848,train
980,9.21441,59.3357,197.511,50.376,275.033,11.7288,20.8263,228.003,0.879944,23.5454,0.000587543,train
981,8.0843,56.2579,36.2768,29.1577,178.797,26.5737,4.64519,113.385,0.707073,20.3889,0.00162445,train
982,11.3375,32.5012,39.0335,6.64645,274.606,13.6627,2.12985,265.177,0.975737,12.1643,0.000482626,train
983,10.6103,133.796,15.4862,15.0353,151.838,1.89581,3.88573,23.8464,0.378958,19.4935,0.00257534,test
984,4.57602,86.7841,44.3657,246.363,154.215,22.4879,6.6963,23.0653,0.163237,12.5464,0.00635267,train
985,15.9781,14.5539,43.9226,433.363,195.526,19.8632,55.976,142.735,0.789752,3.66718,0.0394119,train
986,13.9433,34.9753,86.1252,275.671,113.837,3.85892,36.0663,66.6918,0.706105,7.79087,0.0111575,test
987,14.1887,148.772,30.7535,45.3469,250.999,25.507,22.2661,45.7208,0.320714,13.7718,0.00523041,train
988,9.54733,107.497,50.3259,99.4682,135.749,38.9944,9.99527,47.1911,0.315118,14.5073,0.00471753,train
989,11.7014,118.385,301.663,81.5527,262.061,8.72666,65.0243,152.671,0.705763,29.2669,0.00079085,train
990,3.04529,75.0685,259.671,46.8945,290.431,31.1662,6.22004,178.225,0.705196,70.2395,0.000137489,train
991,15.5746,65.4079,29.5793,84.9983,240.722,39.9733,29.3424,100.005,0.507132,9.02622,0.0111887,train
992,6.64439,52.2562,17.2731,491.704,291.944,36.4671,20.0305,36.9158,0.141678,4.5987,0.0472855,train
993,15.6851,118.482,43.9765,5.76408,51.7323,21.3045,0.910684,45.44,0.860875,26.8723,0.000513967,train
994,7.31825,45.2291,35.8333,8.7904,251.085,35.0989,1.8724,222.6,0.911522,23.4455,0.000448818,test
995,9.67827,63.7932,118.334,361.786,254.37,8.76459,74.6442,55.1844,0.417269,11.4188,0.00739742,train
996,3.92287,95.7736,66.311,12.2757,286.365,38.7586,2.36954,161.252,0.65378,64.4998,0.000181554,train
997,17.5543,94.434,99.3709,361.284,179.329,38.3949,96.902,54.8568,0.349201,7.86336,0.0159556,train
998,6.5298,116.982,101.259,312.047,238.933,29.7358,30.8194,32.1593,0.194027,14.098,0.00503065,train
999,2.46313,44.7849,18.0415,7.20474,213.647,11.134,0.363454,127.121,0.709054,52.2776,0.000245908,train
1000,14.2313,90.5148,162.044,98.1185,210.115,22.5507,53.0923,123.909,0.685918,18.1364,0.00215429,train
1001,2.49505,87.652,51.6885,141.001,86.9267,26.2043,1.01482,26.5587,0.171296,24.242,0.00170156,test
1002,10.1388,124.586,67.1489,18.4129,244.858,29.4721,10.5337,136.714,0.655976,32.8988,0.000695039,train
1003,13.6316,145.018,101.555,33.2254,90.3052,20.9856,9.0251,51.7089,0.616482,26.8499,0.00111495,train
1004,12.3313,38.0984,142.384,37.338,297.914,24.2526,15.5605,279.399,0.954553,12.7512,0.000808423,train
1005,17.6708,67.5014,379.063,11.3813,131.606,12.2955,5.35889,129.547,0.988447,16.0917,0.000132641,test
1006,18.8969,125.688,199.712,461.132,153.673,23.7475,159.881,38.3173,0.344681,9.51496,0.0109081,train
1007,4.41797,116.552,71.538,493.252,242.898,19.2701,19.3768,19.3113,0.107572,11.4592,0.00761542,test
1008,19.9406,114.95,305.167,82.285,271.177,30.0947,119.543,200.595,0.80205,19.2962,0.0013442,train
1009,7.3499,67.7754,56.2168,51.7724,296.339,30.0649,13.0124,137.48,0.58723,22.2473,0.00169221,test
1010,2.3703,80.2518,182.072,41.1781,261.101,4.6918,3.69656,106.085,0.581558,79.3413,0.000134019,train
1011,17.0977,137.919,220.08,288.701,76.5267,4.22952,63.1255,16.156,0.395976,13.1725,0.0056072,train
1012,19.3633,141.807,58.5346,123.31,275.2,5.48515,96.5579,30.8631,0.325446,9.85908,0.0101978,train
1013,8.38643,139.713,137.708,47.6585,132.294,15.5171,10.8311,52.3357,0.520887,35.2315,0.000725605,train
1014,11.8026,81.3026,49.483,350.408,256.54,26.7181,60.921,34.1981,0.242152,6.91444,0.0208947,train
1015,8.25299,49.7284,345.2,124.979,276.939,37.6706,34.8518,229.968,0.867923,21.7866,0.000746996,train
1016,9.9354,128.688,57.8157,26.5414,139.299,6.44687,7.65076,49.9056,0.529952,27.9867,0.00114026,train
1017,10.2531,84.9745,93.5822,87.5001,247.188,37.8185,28.79,113.902,0.557338,19.0336,0.00239668,test
1018,15.2985,28.4593,366.91,48.0275,195.106,3.52766,14.1093,191.786,0.988296,8.34229,0.000500632,train
1019,2.86396,125.482,60.1143,486.391,74.0115,7.12259,2.75363,7.12279,0.0745416,13.1384,0.00579314,train
1020,8.3062,142.552,25.1166,455.14,286.515,31.4752,32.4253,31.4759,0.0740157,5.1551,0.0376293,train
1021,2.97915,82.5501,19.2679,192.338,90.6511,16.838,1.14773,16.8476,0.103701,11.5976,0.0074347,train
1022,15.1013,38.5611,87.185,122.969,101.771,25.9914,15.4209,82.1067,0.82392,9.23942,0.00532486,train
1023,13.6956,42.6505,75.959,11.5642,54.3513,16.4475,0.842601,52.6395,0.969692,13.0488,0.000521264,train
1024,10.1995,31.4727,85.3908,6.17137,108.288,36.5713,0.477297,107.134,0.98921,13.1988,0.000184286,train
1025,19.5225,58.9893,94.7534,6.98782,258.118,14.3513,6.5389,250.836,0.979956,12.8241,0.000359934,train
1026,15.1391,115.455,25.6198,224.44,123.101,5.73243,26.0406,6.50081,0.174311,5.49172,0.0331562,train
1027,3.44498,138.488,44.1954,445.364,227.223,23.3921,9.08275,23.3923,0.066342,10.7341,0.00867891,test
1028,9.89542,46.4301,96.9947,474.401,212.996,23.9795,61.0949,66.6416,0.448158,8.85933,0.0120996,train
1029,12.7507,86.7003,22.2887,27.8332,129.561,39.1439,4.81112,68.8778,0.530943,14.9719,0.00398063,train
1030,3.87211,58.4338,391.798,9.98458,163.031,35.6818,0.891375,157.338,0.970145,59.5318,2.46692e-05,train
1031,13.7334,48.8926,221.978,6.07641,288.083,33.8275,3.46274,285.345,0.992788,15.1306,9.39843e-05,train
1032,19.9731,142.917,40.2267,324.964,259.272,38.8637,111.734,40.0339,0.168085,4.97898,0.0403374,test
1033,6.5324,48.956,249.833,93.6339,134.473,8.17364,10.3302,104.738,0.841388,26.064,0.000612063,train
1034,16.9867,36.7852,43.4194,61.0905,233.076,14.3437,24.8131,184.118,0.848035,8.19381,0.00597501,train
1035,4.82015,85.9647,373.6,449.129,287.169,12.7203,58.6186,47.5791,0.360269,26.061,0.00144865,train
1036,18.5535,52.6518,28.0262,7.14103,270.811,3.13038,6.02548,248.513,0.943967,11.6592,0.00118185,test
1037,14.7978,12.4907,69.0155,88.9281,170.55,37.2727,8.66163,164.989,0.970972,4.24932,0.00476684,test
1038,6.575,74.7087,278.926,14.52,179.67,21.9069,3.40572,166.155,0.942688,43.788,8.55683e-05,train
1039,6.34167,24.1559,17.8155,59.5557,184.036,21.0147,3.4884,112.638,0.700607,11.3753,0.0052999,train
1040,19.3063,133.124,88.0834,17.4874,198.73,11.178,21.9848,143.543,0.801126,22.8974,0.000958234,train
1041,11.9147,146.744,42.2351,32.0935,226.901,22.6521,15.1071,59.7617,0.411226,20.6702,0.00226343,train
1042,13.8705,91.5905,273.761,165.278,125.964,28.9353,44.989,80.1817,0.677271,18.5661,0.0020935,train
1043,6.75176,38.8289,15.7004,8.0833,246.776,29.2999,1.30063,201.84,0.860899,20.6648,0.000869029,train
1044,14.6687,59.4441,226.27,178.33,185.996,10.8978,71.4942,131.045,0.787257,13.5485,0.00289021,train
1045,4.91079,141.498,286.722,43.8112,117.989,10.2504,6.0085,52.3532,0.578102,67.207,0.000187593,train
1046,10.8119,85.7699,101.161,27.8682,169.798,20.1786,10.0021,125.131,0.798232,26.1275,0.000744627,train
1047,17.8316,13.5273,313.326,424.624,272.045,15.2226,106.458,260.646,0.968917,3.90905,0.00604139,test
1048,3.11862,20.0303,39.2676,200.241,131.543,13.5695,2.67082,56.0309,0.554527,14.801,0.00397578,train
1049,18.2392,106.781,50.7291,38.3317,296.608,3.59491,44.6128,136.072,0.622591,15.2024,0.00344546,train
1050,11.359,86.1128,205.31,6.40458,69.8779,33.6357,0.716181,68.3595,0.972001,30.447,8.85855e-05,test
1051,13.3054,119.005,30.556,194.198,168.608,35.8985,24.6442,37.1744,0.187005,6.87737,0.0211405,train
1052,10.1942,135.686,29.2266,28.1684,73.212,19.4461,2.47121,26.7335,0.36857,19.9915,0.00245627,train
1053,11.2962,45.5568,15.859,213.901,95.7777,28.4555,7.37641,33.2849,0.298343,5.11113,0.0380901,train
1054,15.3423,94.3865,108.245,5.14356,165.852,35.0581,3.06382,158.418,0.961978,24.6346,0.000182258,train
1055,2.85307,92.8772,58.9544,8.01159,218.891,36.2686,0.816693,129.585,0.665415,87.3117,9.69292e-05,train
1056,4.87251,10.7218,158.714,29.695,175.864,14.0929,0.871641,174.127,0.992772,9.73105,0.000227908,train
1057,4.22483,124.253,50.9819,17.8371,75.0323,27.6947,0.603025,37.2737,0.4294,50.9443,0.000369538,train
1058,6.97614,101.913,234.753,117.874,230.923,8.60986,31.8966,83.0202,0.535795,31.8451,0.000875711,test
1059,4.58926,106.714,99.5476,94.443,298.073,11.3187,13.5234,37.0739,0.321108,30.1879,0.00108848,train
1060,14.248,41.9193,316.433,19.7733,93.0157,6.7163,3.43256,91.4826,0.988082,12.6163,0.000222583,train
1061,2.26165,119.264,251.801,91.4277,64.7803,15.4289,1.25928,20.1559,0.327799,69.4714,0.000205299,train
1062,13.8249,66.8267,187.036,95.838,142.958,22.2405,28.6437,109.222,0.811066,16.4931,0.00177099,train
1063,3.41913,78.27,82.8323,57.8959,94.4546,25.3104,1.47151,39.5533,0.432496,40.0349,0.000597453,train
1064,3.75096,35.379,21.2518,13.5125,106.868,30.8811,0.342834,82.1877,0.780211,30.2159,0.000596243,train
1065,13.9632,64.7503,49.3073,10.4499,83.1507,7.90378,2.15457,73.6615,0.915331,17.8936,0.000739822,train
1066,4.52965,111.922,90.6756,59.0002,296.833,9.34242,9.98084,47.4453,0.365752,36.515,0.00073683,train
1067,12.2827,124.63,55.0827,14.7244,121.816,33.4905,4.46988,82.6385,0.697485,29.0064,0.000820836,test
1068,10.9192,66.317,26.6971,8.18966,230.867,31.9368,3.29108,187.41,0.852876,21.5724,0.000837401,test
1069,11.9446,135.596,364.171,5.5153,199.494,36.7254,4.52249,191.88,0.96875,44.9581,4.52246e-05,train
1070,13.2797,41.6843,42.3734,105.476,246.14,6.53332,32.4728,135.836,0.684342,9.27678,0.00826401,test
1071,18.6827,132.442,24.0603,12.2046,120.627,11.2528,6.70199,60.872,0.623874,18.3144,0.00236921,train
1072,7.51767,124.549,45.9668,324.76,238.703,9.42633,28.6818,9.62475,0.129005,8.67819,0.0132783,test
1073,11.1026,97.3969,183.742,21.1752,263.01,34.235,14.9108,222.457,0.88093,31.7925,0.000319877,train
1074,12.6234,133.954,271.417,33.1796,155.199,11.3295,21.073,115.095,0.811878,35.2731,0.00038579,train
1075,13.23,132.663,98.1758,10.6778,295.672,23.6289,13.7387,229.808,0.836903,34.4048,0.00035973,test
1076,9.16181,135.78,35.1376,35.6422,201.319,18.4147,8.86305,38.3927,0.342108,20.6226,0.00232334,train
1077,18.4683,140.604,16.4103,9.95235,103.104,27.0552,3.56641,54.8899,0.559254,17.5903,0.00280012,test
1078,11.8276,146.053,72.3833,78.2766,191.375,32.3573,24.0236,50.7268,0.348577,17.5661,0.00319765,train
1079,11.3692,60.8507,126.865,27.5058,294.207,8.38268,16.2433,255.122,0.908202,20.3519,0.000616242,test
1080,13.1286,112.241,362.409,7.70023,157.173,27.2308,4.6348,151.76,0.972164,34.2176,6.97369e-05,train
1081,12.519,132.072,244.252,5.39081,87.004,1.50652,2.35067,81.7775,0.959138,41.4337,6.90758e-05,train
1082,16.6811,58.05,63.7432,66.5252,61.5782,37.287,4.04147,53.2512,0.767006,11.4437,0.00435228,train
1083,2.05418,143.235,321.524,67.415,80.2034,5.33032,1.60244,13.5079,0.342221,95.793,0.000107677,test
1084,7.48948,25.7411,227.118,7.46153,212.005,26.4663,0.895476,210.776,0.995565,14.6824,6.15133e-05,test
1085,8.04949,136.456,17.5684,64.9843,290.543,11.7928,10.6844,13.2704,0.168446,11.5905,0.00744364,train
1086,10.4068,74.815,32.1404,18.616,110.693,34.9608,2.53144,78.4001,0.709411,21.1093,0.00150693,train
1087,8.03756,42.9221,89.7882,83.6857,189.754,29.2159,11.7773,135.919,0.772665,17.2774,0.00187282,train
1088,15.7194,16.038,192.801,9.08715,84.4836,7.06451,0.692641,84.3061,0.998421,5.07304,0.000185223,test
1089,17.8842,24.5628,26.0389,24.3936,162.338,38.2069,4.66873,152.363,0.945188,6.13781,0.00418855,train
1090,19.069,48.5736,17.636,6.96754,198.378,16.991,3.74864,179.061,0.928214,10.3858,0.00188342,train
1091,11.7186,28.8654,287.621,140.337,211.133,20.095,29.7328,196.232,0.947453,10.2826,0.00142945,train
1092,15.0278,108.556,209.306,5.00543,226.317,15.2457,5.45673,218.126,0.974069,29.1196,8.98448e-05,train
1093,9.26936,122.495,51.8354,39.1826,215.654,8.94582,12.7745,51.8999,0.433946,23.3724,0.00175168,train
1094,8.45316,54.3295,163.097,377.894,295.226,14.2647,81.1946,99.1471,0.510192,13.6264,0.00489646,test
1095,18.6987,86.2618,312.987,9.51388,85.596,8.65125,3.84192,83.5779,0.982456,19.1117,0.000142096,train
1096,6.48297,17.4823,15.1765,206.7,204.691,10.5861,8.39374,76.6618,0.537715,6.33784,0.0220741,train
1097,4.12244,31.3962,95.6633,17.583,72.7358,3.69221,0.480183,66.738,0.941851,29.6341,0.000189427,test
1098,16.2268,69.493,347.03,341.395,159.043,29.4601,118.208,104.472,0.71265,12.9207,0.00399084,train
1099,7.56303,52.1915,66.1952,15.8398,54.6721,38.5489,0.292894,52.091,0.892504,25.5288,0.000452437,test
1100,8.63253,68.6092,314.663,107.003,116.079,2.53986,18.6508,82.459,0.7999,26.2295,0.000733883,train
1101,6.08454,94.6338,112.602,51.2853,276.475,4.59289,14.3363,104.054,0.559388,35.3604,0.000692813,train
1102,17.9949,70.1089,115.063,5.9099,297.632,6.35818,7.11052,288.648,0.979346,16.2416,0.000231066,train
1103,9.15442,38.0378,30.026,89.3202,221.454,1.84881,14.0275,99.4786,0.61662,10.8652,0.00680805,train
1104,5.12434,27.1307,61.0074,25.8847,127.628,0.163739,1.3876,112.331,0.919489,20.3924,0.00054355,train
1105,8.83877,82.58,96.7724,277.627,289.254,5.05679,60.5349,31.8583,0.325867,12.5041,0.00633932,train
1106,17.559,48.0777,24.3682,28.4393,198.053,21.6648,11.7778,148.987,0.811218,9.69588,0.00512313,train
1107,3.73854,112.624,68.8848,6.10376,224.408,0.861499,1.32089,134.236,0.72582,88.1873,8.28164e-05,test
1108,2.97758,95.4917,280.552,129.203,251.76,13.814,11.3709,56.9079,0.410861,53.1166,0.000342816,train
1109,5.31136,59.9549,362.582,7.39508,96.4272,12.1608,0.625246,94.0549,0.981205,45.2848,2.70821e-05,train
1110,3.40224,62.9219,30.1364,100.791,119.571,21.8702,1.67737,25.4566,0.249898,18.7366,0.00284469,train
1111,8.72936,17.6875,26.2488,8.62757,223.516,13.7685,0.967013,217.503,0.980664,8.9288,0.000717301,train
1112,13.8542,31.2273,391.408,429.026,116.825,30.866,49.5518,102.839,0.889894,8.91316,0.00379642,train
1113,11.5739,44.2439,309.499,5.1673,108.551,27.0891,0.718398,108.034,0.995749,16.2216,4.83087e-05,train
1114,18.7968,30.7776,171.148,10.323,256.669,20.4833,5.0806,254.807,0.994662,7.50923,0.000283438,train
1115,8.50247,55.2221,169.285,35.1415,209.676,1.65439,10.1355,180.263,0.905116,24.4194,0.000441254,train
1116,19.7395,12.6534,302.704,21.5,82.5647,2.62269,1.87195,82.4011,0.998551,3.55892,0.000350507,test
1117,12.8896,23.2314,127.453,34.3726,198.096,4.81855,6.98101,192.652,0.980957,8.05303,0.000869042,train
1118,17.5196,100.496,147.91,24.491,199.777,7.0093,24.0121,165.695,0.881136,21.0986,0.000725226,train
1119,19.562,61.0203,355.426,5.91833,56.1081,28.827,0.650802,55.9087,0.995101,13.4113,8.14338e-05,train
1120,11.8997,59.6771,35.0697,149.328,268.477,25.8983,35.1751,71.1114,0.41459,8.73128,0.0126674,train
1121,10.7328,108.298,16.9486,32.3533,260.644,35.0739,9.17628,58.4424,0.336011,13.8979,0.005122,test
1122,8.57058,65.4667,53.2159,40.9692,142.674,18.2714,6.20366,82.4506,0.668642,21.0984,0.00164955,train
1123,5.36083,138.31,28.2237,11.9884,239.595,17.5033,2.48412,54.2285,0.396694,41.3356,0.00056927,train
1124,7.35265,49.861,43.1402,5.8008,127.839,0.805505,0.826808,116.372,0.939553,26.4254,0.000247166,train
1125,4.81677,103.156,15.4662,15.0191,248.126,37.5714,1.67616,59.269,0.335633,29.0874,0.00116939,test
1126,12.7651,95.0541,35.1845,17.9248,248.004,37.6368,10.1233,149.947,0.681404,20.9775,0.00162579,train
1127,13.331,77.3345,291.826,58.8516,62.6931,15.7781,8.26988,54.7757,0.886585,21.4593,0.000672104,train
1128,10.0821,148.94,41.7739,152.965,173.608,14.2342,20.2583,15.23,0.173219,10.4089,0.00922947,train
1129,14.1801,60.4025,136.765,163.713,228.278,31.087,64.6393,142.496,0.702865,12.6787,0.00424355,train
1130,2.89254,34.1972,382.53,17.9968,214.949,25.2372,1.05565,207.668,0.974368,47.0524,3.40212e-05,train
1131,16.0409,15.3079,59.4863,29.3637,271.521,9.19767,7.38703,265.862,0.985095,4.74544,0.00197953,train
1132,2.57109,17.5731,398.099,21.9885,134.734,37.034,0.313118,133.359,0.990603,28.0733,3.55028e-05,train
1133,8.96979,34.6326,53.3024,55.0509,128.767,37.8422,4.33266,106.294,0.832992,13.6978,0.00231601,train
1134,18.3333,112.805,94.6262,23.1551,298.72,30.1518,34.0728,223.339,0.810385,20.7557,0.00112154,train
1135,6.01658,126.64,21.0987,6.75323,120.382,0.745094,0.998227,36.7993,0.510098,43.4573,0.000481443,test
1136,11.8654,100.248,358.76,258.262,235.816,20.9156,122.559,103.773,0.573951,19.9707,0.0021354,train
1137,16.1977,137.845,296.572,44.0307,54.5455,30.4798,6.19654,47.769,0.809887,28.3789,0.000601201,train
1138,14.405,36.7899,231.291,17.0191,228.771,24.7788,6.27645,225.444,0.989042,11.093,0.00026499,train
1139,14.8572,84.8709,228.98,226.509,88.4647,31.9613,32.7559,57.2294,0.618988,14.7627,0.0036742,train
1140,15.6951,116.506,38.1186,5.58471,173.853,7.65444,4.69345,137.209,0.851564,26.1366,0.000574866,train
1141,10.2129,142.146,46.9472,13.9041,70.719,13.5763,2.16612,36.6177,0.587234,33.2805,0.000756176,train
1142,15.0193,42.2168,30.0821,18.4776,182.669,4.94325,6.40237,155.998,0.898785,11.0041,0.00230637,train
1143,14.7826,55.687,74.7354,274.77,133.97,22.188,43.1394,55.9624,0.509298,8.18356,0.0135873,test
1144,10.1838,25.2056,100.634,29.9467,240.143,34.8265,5.30109,231.31,0.971058,10.5848,0.000757624,train
1145,5.10788,63.9125,16.3298,170.701,286.979,2.22274,8.62098,3.79551,0.169542,8.65516,0.0133486,train
1146,14.8823,137.221,87.9885,5.31904,238.256,29.4061,6.62265,208.579,0.9047,34.2716,0.000224914,train
1147,10.4153,85.5894,121.978,6.90127,65.2875,15.8567,0.932478,61.389,0.94723,32.0833,0.000147319,train
1148,10.6489,65.7834,19.4671,117.991,92.089,14.1393,6.42989,20.1248,0.30531,7.84948,0.0161358,train
1149,3.19087,127.782,266.302,165.822,297.151,14.824,16.772,30.3627,0.277947,44.8006,0.000496725,train
1150,11.9751,17.8458,17.8723,26.2467,210.412,5.82044,3.93524,190.799,0.934731,6.50662,0.00439658,train
1151,11.4607,98.5769,33.4026,6.81601,244.181,4.69945,4.83472,177.115,0.810944,28.7116,0.000584657,train
1152,11.6851,50.238,297.659,16.3405,155.307,11.0109,4.52154,151.57,0.982669,17.8819,0.000160368,train
1153,9.57658,101.337,76.3713,18.1279,259.102,8.44469,10.6412,166.878,0.750394,32.5125,0.000568287,train
1154,6.4338,12.5427,35.5175,81.1259,210.543,3.91807,4.38696,184.609,0.914984,8.05002,0.00367388,train
1155,14.3685,104.777,20.2415,98.806,192.589,24.1461,20.366,30.3964,0.250154,7.54677,0.0175344,test
1156,18.5181,79.0273,239.947,34.4996,176.543,23.176,24.0347,161.308,0.933349,16.8659,0.000665632,train
1157,8.92401,89.8108,124.28,267.102,298.423,28.8489,64.6117,59.7944,0.347744,14.3465,0.00479488,train
1158,17.2577,121.88,259.034,50.4269,127.479,9.7122,33.0664,95.0047,0.813821,23.8038,0.000839902,test
1159,8.28016,121.694,15.2026,334.901,139.646,3.65215,11.4846,3.65294,0.0783241,4.68287,0.0456011,train
1160,8.88217,139.494,152.021,48.9358,90.7926,31.7907,6.26459,52.5372,0.548677,35.0164,0.000714798,train
1161,13.9275,102.299,40.9351,281.07,178.74,8.25746,47.2054,11.4003,0.212848,6.4664,0.0239073,test
1162,8.58787,92.068,33.6357,20.8287,212.76,9.62271,6.1951,88.4818,0.576027,25.2777,0.0013295,test
1163,19.2656,92.3512,206.88,296.039,172.42,18.5364,149.12,74.4206,0.556596,11.2289,0.00689214,test
1164,15.8727,112.074,48.0008,8.38931,244.805,20.8011,9.13582,191.661,0.840132,24.5681,0.000693537,test
1165,15.3908,140.297,57.1268,187.83,271.757,20.4323,78.0475,27.9097,0.237219,8.88683,0.012651,train
1166,8.31991,60.5849,189.54,23.479,156.668,18.4714,4.93572,141.962,0.928709,27.9798,0.000257655,train
1167,7.02118,99.7142,27.594,435.55,184.383,39.2826,14.7005,39.3021,0.103927,6.00777,0.027706,train
1168,12.5566,64.0575,24.3078,279.319,271.069,11.1974,47.2995,20.2544,0.245825,5.26212,0.0360719,test
1169,16.059,101.411,32.3405,29.1235,252.175,23.0884,20.6417,113.866,0.581687,15.2748,0.00361539,train
1170,18.0372,70.2876,73.5917,10.3565,155.796,32.984,5.09766,145.839,0.945607,15.685,0.000634593,train
1171,19.9089,73.7771,39.8631,16.4253,185.392,37.3795,10.2745,154.235,0.857979,13.5758,0.00205083,train
1172,6.82066,110.738,18.1564,15.9139,144.52,11.8842,1.9707,32.5003,0.387501,25.5529,0.00149456,train
1173,18.9205,112.618,160.006,18.8318,117.815,17.8168,11.8159,102.854,0.899539,22.3165,0.00055671,train
1174,17.8102,105.182,122.003,73.0784,71.6645,21.0917,15.2301,47.4183,0.671785,16.5413,0.00266702,train
1175,13.0632,98.6261,16.3677,26.8343,182.813,37.048,7.01702,66.5485,0.429015,13.3852,0.00535413,train
1176,16.5963,42.8463,20.0581,5.71678,203.584,29.8247,2.31799,191.283,0.95235,10.787,0.00118253,train
1177,13.5901,115.827,21.6464,100.035,50.7235,24.0597,3.08682,24.721,0.227353,7.97819,0.015701,train
1178,12.1214,128.907,230.563,11.7465,81.8914,16.0391,3.54698,73.3097,0.912658,39.7359,0.000154388,test
1179,2.32019,26.3496,85.3079,9.87944,103.282,25.8833,0.143249,98.0003,0.954377,44.3086,6.71748e-05,train
1180,2.78168,84.6254,23.6468,5.29493,103.575,12.6862,0.213419,50.2532,0.594771,72.9723,0.000155717,test
1181,12.9794,26.4099,212.111,86.8314,109.329,39.5674,7.06567,105.673,0.964632,8.81578,0.00132834,train
1182,17.3613,72.1563,25.9644,12.2669,256.244,17.5932,10.1466,196.437,0.83071,14.6409,0.0020506,train
1183,8.16751,113.75,328.754,29.3289,272.228,18.8975,18.581,212.669,0.841721,47.7327,0.000182161,train
1184,19.2252,111.829,120.381,7.74843,153.971,23.0324,6.7426,142.905,0.943398,22.8936,0.000309361,train
1185,6.66298,62.2591,31.1938,492.415,82.9996,26.0572,6.02914,26.2858,0.160694,6.16682,0.0262949,train
1186,7.22856,17.2919,97.6741,422.425,171.683,33.5144,19.8521,127.913,0.784212,8.28808,0.00781559,train
1187,10.243,99.7808,40.9211,204.57,240.007,29.4175,31.3684,34.0221,0.221097,8.8362,0.0128016,train
1188,11.9332,30.3766,27.9587,93.7198,66.2137,38.0478,2.38268,54.7623,0.721736,8.07063,0.0100002,train
1189,11.7841,27.7452,95.8572,5.17727,290.636,6.85197,1.65983,288.226,0.994288,10.3583,0.000159116,test
1190,10.1725,31.2923,58.4151,124.806,283.035,26.4398,26.6032,195.617,0.768249,10.2213,0.00543347,train
1191,16.6936,135.063,116.071,205.944,77.3608,3.70181,38.3372,12.0495,0.346094,11.5466,0.00740486,train
1192,8.05663,107.771,20.33,7.23467,221.093,32.5156,2.33162,115.706,0.61504,33.5238,0.000716761,train
1193,11.3461,69.6755,40.7203,299.565,236.825,3.47943,48.8658,15.205,0.270462,6.91398,0.0208674,test
1194,8.24696,53.8312,395.581,85.0512,152.894,24.1694,14.3307,134.463,0.903913,24.5047,0.000443281,test
1195,18.5138,62.8307,293.267,16.1123,207.289,33.7671,10.7765,202.727,0.98238,14.3181,0.00025429,train
1196,2.69651,78.4025,287.117,13.5533,243.43,15.4021,1.81308,201.241,0.875761,102.729,3.18219e-05,train
1197,13.8103,141.037,135.378,313.264,105.582,11.9184,49.1176,16.3796,0.267033,11.1753,0.00798926,train
1198,15.7405,147.201,346.139,34.283,263.149,15.201,53.6263,205.748,0.844116,32.4198,0.000389751,test
1199,15.4201,31.9889,213.138,375.289,230.282,25.8628,112.116,182.656,0.841639,7.82552,0.00678785,test
1200,11.9925,136.981,198.028,6.05898,104.616,35.8398,2.062,98.2721,0.938279,43.8072,9.17322e-05,train
1201,3.56851,44.3589,41.3919,19.8178,241.886,38.5239,1.52348,165.52,0.745155,37.7962,0.000427137,train
1202,13.4904,13.6297,143.11,33.0059,191.929,11.3972,4.2658,190.229,0.993513,5.00859,0.000777834,train
1203,2.0184,22.6609,29.4787,42.4342,140.503,14.9175,0.534412,82.1638,0.682687,31.3413,0.000726364,train
1204,10.4307,23.6919,147.269,8.78186,68.0965,16.1434,0.391138,67.6923,0.994766,10.0326,0.0001555,train
1205,9.46902,116.869,40.3002,54.6084,231.184,1.59606,15.4853,28.0373,0.348216,17.5393,0.00320773,train
1206,12.2884,132.996,24.5314,52.7042,281.737,23.7415,19.8202,37.8976,0.277491,12.2905,0.00660022,test
1207,15.3655,101.802,86.5209,6.23872,151.628,4.21573,4.38777,137.448,0.935566,25.7294,0.000276989,train
1208,16.3561,52.9873,54.3663,119.3,261.904,29.3438,53.3803,145.59,0.656024,9.15706,0.00897285,train
1209,6.90429,11.4193,72.7393,35.6827,243,0.191407,2.43081,237.258,0.98398,7.49376,0.000846736,train
1210,19.1766,65.2269,228.58,482.07,209.819,11.0867,247.492,98.409,0.612398,8.94439,0.0101108,train
1211,6.65294,49.4553,42.3935,86.1973,219.115,13.102,10.0366,80.3088,0.528999,16.2585,0.0033818,train
1212,16.3232,145.817,40.1253,10.4421,124.163,20.4447,5.7916,77.8984,0.695679,25.554,0.00106197,train
1213,3.83455,91.8413,178.363,185.725,86.786,7.39769,5.36561,14.8411,0.325523,31.5119,0.000998203,test
1214,13.4746,127.27,29.4097,5.06384,232.621,10.298,4.8825,161.705,0.78422,30.4126,0.000580024,test
1215,17.0843,22.8325,318.022,283.694,72.8222,13.471,23.3175,68.6467,0.951985,6.04115,0.00381004,train
1216,19.4588,33.564,41.789,7.09181,118.051,0.974037,1.91776,115.146,0.983207,7.76683,0.000825565,test
1217,4.25107,42.8889,117.202,119.465,277.257,29.6294,11.1837,148.829,0.644058,26.6356,0.00108328,train
1218,13.4872,56.9036,314.254,245.141,53.2137,33.9304,9.53917,47.2414,0.790139,14.1248,0.00263024,train
1219,8.83105,62.7024,70.8797,131.716,243.832,1.37039,29.1586,73.6031,0.507001,14.9063,0.00410271,train
1220,17.9058,99.1801,310.046,10.5402,187.959,25.4855,9.72253,181.56,0.973662,22.5461,0.000152179,train
1221,5.08452,113.731,148.304,34.4049,140.886,30.8327,4.09365,75.3945,0.588548,53.2475,0.000294888,train
1222,16.9705,75.3007,18.497,76.2379,210.982,37.8989,22.2567,66.9402,0.39773,7.45689,0.0174865,train
1223,2.82498,81.5457,21.7942,10.0485,264.932,34.4354,0.780811,89.9762,0.461814,53.7845,0.000325624,train
1224,6.70121,141.124,26.0015,106.232,131.836,15.1957,5.28231,15.3984,0.141805,12.0872,0.00684462,train
1225,4.70971,46.0487,99.0646,15.4164,294.5,6.40581,2.83063,256.718,0.912093,36.5837,0.000183231,train
1226,9.19724,74.4425,37.7726,21.4909,262.393,13.9946,8.19579,150.449,0.692387,23.1091,0.0013082,train
1227,14.0198,25.3122,22.8491,231.199,257.736,12.7608,42.4301,114.024,0.590233,4.85282,0.0354649,test
1228,15.5698,67.9025,257.297,421.214,112.206,29.8633,74.4581,65.8603,0.611302,11.2752,0.00637224,train
1229,16.4805,69.0691,129.579,143.07,246.712,20.0291,85.4557,145.695,0.69535,12.3521,0.00454911,test
1230,18.0668,121.587,127.195,94.6399,122.549,30.0902,35.7709,65.4111,0.571148,15.9462,0.00336068,train
1231,12.2943,56.3183,49.5918,41.9631,215.181,33.124,13.4344,152.568,0.766589,14.8131,0.00260078,train
1232,18.1266,19.6725,75.7752,22.0923,67.0272,37.5367,0.88696,66.4991,0.987702,5.27546,0.0013212,test
1233,12.5279,123.187,145.053,450.719,219.501,22.5729,110.83,29.9726,0.251158,10.1297,0.0097319,train
1234,19.4375,94.5871,297.85,77.4759,266.168,19.9432,98.9698,212.943,0.854326,17.4836,0.00126401,train
1235,6.13958,77.6742,74.2028,153.249,267.312,19.6129,19.8409,46.6816,0.342117,17.6552,0.00316997,train
1236,19.6274,25.6764,100.287,22.6391,235.611,3.30032,9.77872,230.826,0.985956,6.14525,0.00110768,train
1237,4.34582,24.0533,61.7593,228.932,273.394,35.3696,11.454,139.677,0.612415,14.1708,0.00402731,test
1238,12.6463,41.6984,19.3013,166.242,276.007,35.8835,29.8297,82.2208,0.419279,5.94921,0.0272306,train
1239,3.19573,20.2929,318.481,222.76,102.745,16.7699,3.59986,88.3678,0.887654,23.434,0.00055881,train
1240,11.6059,143.368,310.686,5.22882,99.4855,7.46341,2.465,94.0587,0.960589,48.4255,4.88315e-05,train
1241,16.4218,30.4852,17.0439,114.188,87.476,28.1572,7.65657,56.1505,0.633424,5.33695,0.0275049,train
1242,19.8807,39.4821,114.077,356.959,244.285,33.4199,151.047,159.164,0.722792,6.46452,0.0155522,train
1243,17.1115,65.7546,59.0339,13.0587,234.438,3.79668,10.4688,208.088,0.923255,15.1145,0.000946299,train
1244,12.2542,103.474,28.5464,18.226,226.335,12.3811,9.48172,100.329,0.592838,20.6163,0.00195599,train
1245,19.8092,140.89,24.0074,51.898,243.721,33.5548,32.3425,53.575,0.326708,9.62136,0.0107056,train
1246,9.14463,31.0926,79.5473,311.39,271.151,12.7077,49.2398,135.395,0.638056,9.31586,0.00894922,train
1247,8.51583,11.5048,104.844,135.421,85.6823,28.6119,2.71792,82.6824,0.964159,6.17443,0.00274986,test
1248,4.56217,72.5196,15.6023,8.48936,194.046,28.7509,0.8499,92.379,0.573692,37.051,0.00062058,train
1249,8.50761,82.7301,240.408,19.1588,288.8,25.1296,10.527,256.853,0.918817,36.658,0.000169499,train
1250,19.7443,117.961,72.8299,10.2999,263.871,6.73914,17.7063,216.838,0.877007,21.8356,0.00069808,train
1251,3.52441,132.35,71.8759,8.29052,284.287,36.1283,1.8107,139.318,0.59661,90.2131,0.000101631,test
1252,4.16056,28.0108,202.198,100.271,282.647,0.12103,9.51413,234.055,0.884444,24.7024,0.000515813,train
1253,14.3345,108.044,109.921,7.61714,254.587,12.8669,8.5776,228.155,0.926738,28.8673,0.000248331,train
1254,14.2712,77.4545,123.69,351.164,288.713,29.1002,141.931,81.6227,0.428575,9.73265,0.0101292,test
1255,4.98764,99.6353,60.8201,8.44772,118.908,8.71923,1.08825,76.64,0.739591,59.8371,0.000173192,train
1256,18.874,40.1397,72.6522,12.8522,65.0189,31.0302,1.13357,63.7895,0.975616,9.27505,0.000834708,train
1257,12.2661,21.2837,22.7532,25.1861,242.761,31.6321,4.66229,222.339,0.934393,7.4197,0.00339442,train
1258,5.98783,14.4126,126.94,6.6121,180.658,16.9472,0.323015,179.946,0.997077,10.5968,7.79743e-05,train
1259,8.82133,129.319,17.3419,153.534,214.787,23.3544,12.8555,23.4472,0.119999,7.15663,0.0195246,train
1260,13.2844,41.1331,63.1654,5.68993,88.3123,2.72319,0.887704,86.081,0.982515,13.1514,0.000299163,train
1261,14.5097,55.7497,26.5672,38.14,193.264,25.7116,12.1224,119.938,0.700858,11.4724,0.00520753,train
1262,4.47019,120.423,16.4381,15.3494,137.968,16.2563,0.906024,23.5075,0.284131,30.9012,0.00104353,train
1263,6.3756,147.081,332.103,6.16414,281.299,0.335748,4.75614,248.653,0.9222,86.0201,2.95843e-05,train
1264,4.06025,147.35,263.993,19.5753,143.004,25.6537,2.92532,86.8503,0.672893,98.3521,7.52677e-05,test
1265,10.4674,71.6053,291.124,9.48626,297.422,5.90083,6.59951,287.713,0.977746,27.7321,8.52695e-05,train
1266,7.73499,97.8153,306.768,182.905,114.187,35.3567,18.7873,61.928,0.537561,27.7292,0.00115296,train
1267,18.9975,49.6914,87.5267,13.6436,253.712,12.1571,10.3742,242.506,0.968808,11.1052,0.00074033,train
1268,18.5713,47.4223,224.767,145.359,281.905,22.7506,101.922,239.971,0.890689,9.98827,0.00300257,train
1269,17.8061,132.194,248.061,29.8194,257.149,38.8229,42.8014,211.747,0.860083,26.4015,0.000535115,train
1270,15.509,92.6601,101.366,7.81332,271.458,21.2614,8.6662,249.978,0.942504,23.4668,0.000298858,train
1271,2.42618,78.9977,263.11,62.7441,52.0592,35.3201,0.37077,41.9452,0.581819,76.3592,0.000144643,test
1272,19.1073,103.062,52.3416,6.30617,277.715,23.6794,9.4626,244.59,0.91249,20.5998,0.000575515,test
1273,8.56766,70.5415,63.0934,239.112,108.171,11.372,14.7454,20.4884,0.325641,11.0502,0.00811744,train
1274,2.78876,81.4841,286.871,168.805,174.263,22.2193,7.61051,49.9239,0.411836,48.5452,0.000410251,train
1275,13.7626,44.8624,34.9652,72.1387,80.4261,31.5697,5.15507,59.0333,0.700359,9.83232,0.00709859,train
1276,14.4531,46.5752,61.0614,15.638,245.444,28.3067,7.30835,227.496,0.944471,13.1187,0.000925372,train
1277,15.8433,149.663,187.435,14.6318,291.899,33.7506,25.1049,241.678,0.869234,33.7139,0.000309195,train
1278,19.2266,48.17,106.657,191.146,180.556,15.0534,76.3147,120.874,0.753875,8.30884,0.00861431,test
1279,12.6782,84.1289,46.0258,16.8431,148.719,11.5894,6.28691,104.727,0.782833,21.5615,0.00115989,train
1280,14.4847,90.9681,61.6546,93.3678,283.833,34.216,49.7394,105.074,0.495824,12.9515,0.00548378,train
1281,15.7303,84.3548,99.4421,64.9005,259.762,7.19937,51.1544,154.256,0.715286,16.0583,0.00256659,train
1282,14.3837,43.1798,156.401,193.889,287.895,16.6876,89.6678,210.625,0.806748,10.4941,0.00445787,train
1283,6.06479,103.717,36.7725,126.215,232.924,33.7444,10.0662,36.4166,0.199707,13.8608,0.00520407,train
1284,14.6367,101.119,258.304,153.793,77.2153,21.1354,27.075,48.732,0.65157,18.6572,0.00217866,train
1285,16.0256,122.165,116.516,85.5751,279.994,25.6086,75.8025,114.982,0.548174,17.2633,0.00294251,train
1286,2.46129,125.961,208.079,15.1739,169.441,27.9832,1.34239,95.0438,0.638984,131.444,4.48715e-05,train
1287,3.57725,138.179,39.4967,8.56577,263.73,36.8669,1.366,88.2245,0.449756,69.9409,0.000193952,train
1288,5.52083,12.9824,258.548,27.9397,294.489,22.8775,1.88031,292.33,0.994656,10.3505,0.000149151,train
1289,8.87849,47.7016,34.6305,56.5789,78.8804,37.88,2.08705,57.7577,0.646123,14.5319,0.0036264,train
1290,5.50133,50.1932,164.3,71.4903,249.28,33.8051,10.8457,182.35,0.789967,29.6201,0.000598436,train
1291,18.8605,141.431,298.79,24.2905,191.298,15.8024,32.9637,163.324,0.892987,27.6782,0.000383322,train
1292,16.4349,88.3093,80.6167,448.8,153.586,35.4557,74.2012,43.3993,0.293306,6.59737,0.0228736,train
1293,12.7875,86.4179,18.7317,6.7766,149.64,37.7616,2.12239,112.897,0.77759,21.7974,0.00115654,train
1294,7.66042,89.4975,29.6719,113.821,234.262,18.062,13.225,25.3147,0.244293,11.6607,0.00734628,train
1295,5.9212,88.3631,19.7322,49.8667,245.753,34.2062,4.74368,44.5523,0.269062,16.3301,0.00374098,train
1296,19.0153,68.5065,225.481,86.936,98.0723,0.327786,32.5926,80.1483,0.876408,13.5062,0.00183288,train
1297,7.06204,113.21,330.496,31.552,61.8116,22.1153,2.60249,50.8995,0.814571,53.0472,0.000168551,train
1298,4.38677,30.8355,112.756,5.38676,58.8286,28.8715,0.0699819,58.1761,0.985453,28.6933,5.23928e-05,train
1299,14.7073,13.02,342.79,28.8926,111.327,2.96109,2.41037,110.998,0.997898,4.53154,0.000309908,train
1300,8.89143,126.818,46.7461,11.5522,261.531,27.7664,6.27088,140.318,0.644226,37.3984,0.000549325,train
1301,14.2278,56.1234,62.2917,66.897,63.261,0.474911,8.39225,40.0951,0.749016,12.5674,0.0038199,train
1302,13.7847,16.1513,34.2076,248.138,131.168,30.134,16.9558,101.51,0.796914,4.53185,0.0249981,train
1303,10.0565,72.6232,120.987,258.702,103.713,21.5124,22.4693,39.7087,0.445101,13.3023,0.00537588,train
1304,2.303,136.262,290.142,69.3007,286.76,19.0667,6.54,51.9239,0.356083,84.6297,0.000137519,train
1305,11.1597,78.3373,262.014,435.165,55.1237,21.8362,20.035,30.8814,0.486282,14.1405,0.00463362,train
1306,2.85017,39.8412,223.905,14.8165,197.81,16.112,0.930665,184.77,0.952018,54.1834,4.71513e-05,train
1307,14.7161,102.703,127.598,13.1238,126.69,36.9171,5.25196,114.161,0.906372,26.2086,0.000378397,test
1308,5.87729,15.9357,335.297,17.7977,166.505,14.842,0.864305,165.685,0.99637,11.8026,7.79923e-05,train
1309,10.9913,115.185,110.499,138.014,143.993,7.78276,30.051,29.719,0.392546,16.8476,0.00343205,train
1310,17.2813,32.6178,27.0787,20.8695,84.3299,25.5822,2.27715,77.9258,0.926161,7.91852,0.00332968,train
1311,10.7538,144.867,65.4486,106.299,66.729,35.9113,4.49638,37.5532,0.275337,15.1119,0.00436647,train
1312,19.0476,111.145,40.7996,6.12872,189.861,0.140371,7.09027,155.77,0.879184,21.3997,0.000715311,train
1313,2.48358,35.1691,108.846,346.522,218.692,37.3935,6.76458,65.2076,0.385591,22.2264,0.00197669,train
1314,6.67184,47.0901,279.058,12.982,270.31,2.64572,3.47473,261.685,0.97847,28.6028,7.75946e-05,train
1315,15.1132,49.9445,30.9109,10.7744,235.443,4.36119,5.84143,207.892,0.919804,13.0785,0.00131698,train
1316,8.44682,148.899,19.9723,16.9216,110.045,13.8808,2.14565,23.2079,0.329045,23.5304,0.00178914,test
1317,4.04168,53.9925,320.983,46.8539,73.4551,31.525,1.20185,65.7114,0.875957,47.6834,0.000147491,train
1318,11.0647,80.5664,69.7839,391.291,114.738,24.2913,27.2942,28.5657,0.266241,8.02065,0.0155105,train
1319,5.6999,77.9387,233.992,7.66602,243.834,3.7105,2.49667,227.444,0.954371,53.1534,4.66849e-05,train
1320,11.8918,96.7315,55.5043,63.14,236.699,38.2428,22.9829,93.6653,0.492403,16.5138,0.00338195,train
1321,5.65178,93.6439,21.0307,30.6215,238.565,37.2615,3.39427,56.2774,0.326251,21.9487,0.0020573,train
1322,14.2677,83.9029,202.93,197.973,56.368,39.3362,8.17946,46.9458,0.618721,15.1726,0.0034798,test
1323,18.6226,148.099,322.474,98.6712,243.358,4.4334,143.76,132.295,0.682343,22.3881,0.00142454,train
1324,10.8219,139.76,98.5398,351.595,71.8062,38.5833,10.9348,38.9613,0.193271,10.1774,0.00965327,train
1325,6.43982,98.8908,128.016,162.254,89.134,18.5155,8.20337,26.9138,0.352116,21.9807,0.00204053,train
1326,2.60299,102.844,232.824,263.912,267.165,3.21745,13.6438,10.2435,0.231429,36.8064,0.000737641,test
1327,2.62848,106.431,374.139,70.1449,104.394,15.1473,2.90041,43.6296,0.523935,85.3833,0.000123199,train
1328,14.7272,133.659,30.0011,179.008,124.628,24.8772,20.5214,25.6773,0.180863,6.74666,0.0219682,train
1329,3.65933,22.8774,28.6703,73.2107,232.381,5.47273,3.07342,125.054,0.676408,17.5915,0.00233606,train
1330,9.43444,117.46,35.3373,40.6173,137.139,32.021,5.67499,46.8925,0.37427,19.0132,0.00271103,train
1331,9.04963,112.959,337.529,339.96,167.991,24.8051,64.5833,49.8229,0.405022,20.6272,0.0022787,train
1332,12.1593,110.35,189.376,9.97514,176.905,6.63889,6.85495,159.565,0.931809,34.7578,0.000160119,train
1333,16.375,15.0956,49.918,6.70275,185.074,31.1529,1.01442,184.191,0.996032,4.66888,0.000549689,train
1334,9.90814,35.0195,56.9451,378.324,87.1813,28.5632,12.7925,45.1653,0.494225,7.48143,0.0164566,train
1335,11.7424,144.773,26.8137,61.7061,202.967,9.35473,15.7329,15.5656,0.241676,12.1603,0.00675565,train
1336,16.1496,119.916,54.7588,392.361,278.892,18.9699,122.815,21.8124,0.191493,5.87906,0.028929,train
1337,9.45299,71.3578,80.458,28.6484,255.01,9.17041,12.2461,180.184,0.794207,24.7751,0.000841474,train
1338,11.2652,140.407,382.939,70.285,61.9079,33.3355,7.21743,49.7014,0.709038,36.0584,0.000516906,test
1339,8.33938,119.146,16.9232,230.697,92.0192,39.8122,3.90223,39.8181,0.10201,5.93176,0.0284206,train
1340,5.06863,39.1337,17.3102,23.0676,170.732,36.4845,1.31428,104.06,0.659706,21.0334,0.00168862,train
1341,4.33787,104.362,122.997,29.4052,87.7481,31.5122,1.39078,54.0337,0.585279,56.9086,0.000259266,test
1342,8.07612,47.6305,26.1438,138.267,173.211,29.527,9.72727,52.1395,0.388682,9.558,0.0106781,train
1343,6.07551,71.2376,15.8223,256.071,100.672,0.991307,4.71977,1.10167,0.133151,6.37813,0.0245817,train
1344,8.64803,91.7042,78.4011,270.826,288.656,4.42086,52.2639,17.8029,0.26623,11.5587,0.00746836,train
1345,7.27523,51.9257,390.919,64.3554,289.942,3.32245,20.8701,256.201,0.921096,27.2177,0.000299423,train
1346,2.89593,22.1207,274.327,188.372,257.554,39.2097,7.3706,212.835,0.862226,27.2068,0.000497137,train
1347,6.88983,107.203,74.0448,8.2212,279.291,32.991,3.84132,208.011,0.804625,50.8832,0.000191245,test
1348,6.44365,131.674,23.2445,64.7941,139.695,16.2253,3.89306,17.1928,0.180358,14.9225,0.00449043,train
1349,17.8377,69.1839,92.9581,8.95534,292.136,36.5209,9.09454,277.911,0.962701,15.8982,0.000429608,train
1350,4.18605,97.6088,316.893,39.3081,228.858,19.9519,7.84596,147.775,0.736441,69.4247,0.000129812,test
1351,16.0506,143.614,150.008,47.0371,175.072,34.3538,32.5837,105.488,0.661308,24.3297,0.00125823,train
1352,19.6511,117.485,75.4803,169.706,232.559,21.6724,102.188,52.4228,0.377872,9.41433,0.0110457,train
1353,7.62057,144.986,114.67,15.7638,192.326,23.0489,6.37495,112.869,0.679334,52.3784,0.000261903,train
1354,9.97924,143.404,28.3302,77.3038,189.001,37.625,11.0916,40.0625,0.207222,12.1185,0.00680752,train
1355,16.4178,106.204,24.1231,12.7451,270.176,2.03297,13.1859,143.993,0.678152,18.2255,0.00216853,train
1356,15.078,127.376,32.0839,423.591,157.634,27.9037,43.984,28.0166,0.128843,4.48257,0.0497674,train
1357,10.6815,81.2035,24.6788,59.8128,258.288,4.33796,16.7043,44.7917,0.390732,12.2725,0.00647205,train
1358,3.12856,95.6751,183.447,18.6507,280.506,31.2897,3.20717,180.692,0.727818,89.7582,7.95183e-05,train
1359,11.8371,138.416,19.982,82.8959,208.625,26.3013,15.0105,28.1441,0.188907,9.02481,0.0122767,train
1360,19.8147,66.2335,217.726,101.526,64.8376,0.14698,25.2177,52.0351,0.866456,12.4515,0.00230992,train
1361,5.32326,26.246,50.5618,281.262,52.6205,3.06719,3.40699,19.3306,0.53005,10.9836,0.00740296,train
1362,11.4941,52.3007,229.196,180.413,175.468,32.8165,40.5781,131.528,0.791379,15.1951,0.00226192,test
1363,17.6297,53.3404,67.077,39.9749,294.277,28.4427,29.6603,244.135,0.872664,11.434,0.00262663,train
1364,12.0081,49.2645,105.623,52.0154,88.9283,32.0132,5.09769,78.2232,0.873307,15.2047,0.00147839,train
1365,15.55,16.6705,86.4583,173.152,170.754,12.8224,25.6408,155.536,0.933633,4.93727,0.00778556,train
1366,4.76749,85.0374,120.158,13.3559,96.6761,24.2976,1.0224,77.2397,0.818924,59.2472,0.000132479,test
1367,5.36887,36.073,19.9537,116.632,246.977,12.007,6.90482,51.6574,0.399249,11.1293,0.00784539,test
1368,4.88147,35.399,355.873,35.1981,235.353,14.9654,4.20508,223.909,0.965282,28.9651,0.000120702,train
1369,9.32426,145.207,191.084,75.6941,85.8925,32.5915,8.68703,47.8499,0.498201,31.5323,0.000923404,train
1370,9.6426,28.0911,18.295,24.6399,201.088,30.7465,3.32188,164.944,0.856555,10.8379,0.00324669,train
1371,12.9147,31.5621,55.7308,200.812,242.45,24.5517,43.6784,149.399,0.707171,7.62015,0.0116337,train
1372,19.7265,24.6902,387.782,10.6928,262.976,4.39742,5.06746,262.361,0.998375,5.99675,0.000135986,train
1373,6.90078,77.9598,87.0869,7.65889,171.129,9.83609,1.93016,148.146,0.904456,41.7759,0.000151723,train
1374,18.6545,111.126,39.5621,5.8448,192.441,34.6945,5.4992,164.04,0.878956,21.823,0.000688989,train
1375,19.1933,90.9165,34.238,180.73,138.907,4.3284,44.0633,15.6915,0.3139,6.26152,0.0253286,train
1376,9.05707,30.4327,206.409,37.1467,229.39,0.242189,7.70232,220.032,0.972615,14.045,0.000407492,train
1377,13.7086,116.22,136.296,14.8602,162.737,8.80463,10.2728,133.319,0.871546,30.4272,0.000373657,train
1378,18.9538,137.378,81.0034,6.45331,270.931,8.61365,12.8974,231.972,0.90033,27.0027,0.0003775,train
1379,15.1844,143.316,49.8384,203.062,65.8821,20.2349,13.4948,20.9768,0.207458,8.03977,0.0154668,test
1380,11.8187,133.417,29.8764,9.67952,64.4551,25.5998,1.18855,43.2287,0.624125,28.8064,0.000957267,train
1381,11.7671,93.5788,20.9911,401.273,159.511,27.4995,24.2924,27.6125,0.128523,4.21691,0.0562357,train
1382,12.9706,119.424,19.2919,262.198,114.064,16.787,16.0537,16.8576,0.12592,4.76346,0.0440713,train
1383,15.1715,23.0153,132.962,21.7687,140.609,13.1785,3.50839,138.697,0.989814,6.99604,0.000620976,train
1384,3.77031,23.1574,25.7325,56.3957,172.765,31.5456,1.60758,112.107,0.707114,18.0796,0.00206577,train
1385,11.1913,145.622,23.6055,498.242,57.9659,16.3497,8.39325,16.3499,0.0775719,4.11506,0.0590538,train
1386,12.0215,105.586,27.4166,62.5736,250.784,36.2957,18.3012,57.8299,0.332492,12.0137,0.00685926,train
1387,9.33947,15.433,22.1665,15.4837,95.1984,33.0509,0.48647,92.4228,0.969729,7.37942,0.00163095,train
1388,5.19927,119.817,243.414,62.8891,149.671,23.2775,8.6229,67.6581,0.548353,51.0953,0.000335824,train
1389,18.9865,130.063,238.787,60.3826,262.891,10.6794,93.9367,176.223,0.767082,21.7861,0.00120029,train
1390,8.14673,66.5857,338.848,21.4351,88.0691,19.8012,2.45167,83.3679,0.95394,32.1413,0.000128838,test
1391,19.3745,123.841,21.5497,130.453,78.0955,30.1871,10.7579,31.2136,0.219764,5.83865,0.0293212,train
1392,8.39731,10.61,59.6977,116.457,106.514,16.2392,3.35919,100.308,0.952995,5.76942,0.00409532,test
1393,6.86453,22.1759,245.294,51.5401,74.8847,8.34658,1.72694,72.6369,0.977345,13.6066,0.000360586,train
1394,3.74215,77.7322,59.2602,26.4133,230.495,15.9662,2.86125,90.6268,0.545986,45.9111,0.000416985,train
1395,14.6733,148.517,308.37,52.3598,101.946,32.3759,19.1542,76.2647,0.749539,31.0956,0.000622864,train
1396,6.45528,11.6089,248.473,185.065,298.324,22.26,13.3436,287.707,0.973988,7.98032,0.00120199,train
1397,18.5587,81.0263,35.2423,45.003,170.167,27.0672,20.1402,92.5428,0.626149,11.5611,0.00592467,train
1398,19.8945,73.5295,15.7949,118.903,161.916,2.79357,30.261,18.0208,0.325978,5.14521,0.0374411,train
1399,19.4858,125.244,87.8892,27.9455,167.555,17.3585,24.8796,110.992,0.744177,19.8768,0.00154894,train
1400,10.6439,136.741,21.2873,315.591,264.858,8.35541,36.2649,8.37121,0.0961059,5.03475,0.0394498,train
1401,14.5296,75.8004,396.097,15.1565,71.129,26.1523,2.41833,69.6776,0.97842,21.3959,0.000138993,train
1402,14.0687,145.927,329.997,28.2556,190.618,0.619069,30.1792,148.57,0.851074,36.1621,0.000301155,train
1403,4.95285,24.3209,19.4599,22.1134,169.611,26.9075,1.05261,135.499,0.838738,17.3132,0.00140705,test
1404,11.6919,104.295,26.3819,54.0525,143.89,10.4004,9.94219,26.0114,0.34988,12.834,0.00598871,train
1405,14.8704,85.1486,65.0963,155.478,214.434,35.7793,50.0767,73.0912,0.434253,10.3804,0.00887925,test
1406,18.5006,120.202,169.216,209.88,172.185,32.4589,100.652,68.1465,0.473074,12.7676,0.00573661,train
1407,14.9797,127.839,59.8876,290.799,69.7026,30.7944,14.7848,31.4814,0.211021,7.41453,0.0181844,train
1408,5.8137,70.9347,73.9083,67.4525,297.713,7.23345,13.5418,99.5445,0.522747,26.0355,0.00132647,train
1409,6.32974,102.208,18.1348,201.385,95.3438,9.75887,4.09135,9.78778,0.115014,7.54363,0.0175727,train
1410,6.95205,73.8837,148.783,469.024,174.644,33.1046,33.9357,44.4195,0.30951,13.4669,0.00547891,train
1411,11.0281,32.4767,45.5632,475.863,217.709,12.1073,53.6572,59.1253,0.449272,5.74151,0.0287945,train
1412,6.26207,95.9235,18.0871,6.79247,103.246,25.6975,0.606793,58.3773,0.600643,37.4037,0.000587918,test
1413,5.85815,98.3842,308.047,330.542,191.902,0.0276859,42.7364,25.6529,0.366692,25.0002,0.00157148,train
1414,4.60441,101.878,342.268,20.6335,281.759,13.4853,6.9984,221.283,0.848333,75.9298,6.93937e-05,train
1415,14.2577,121.766,196.825,44.7691,180.85,20.7387,30.6305,124.448,0.761194,26.7648,0.000810752,test
1416,5.5619,109.493,26.1148,36.0742,285.56,1.1923,5.67644,18.454,0.285602,22.7753,0.00192076,train
1417,7.14191,117.424,194.656,13.1987,93.7888,28.2112,1.97239,79.3592,0.851982,56.8837,0.000121064,train
1418,4.32294,82.767,39.8094,99.1127,187.681,17.5179,4.76907,23.6068,0.248324,19.266,0.00269069,train
1419,5.6298,29.0258,49.0155,149.007,64.9736,14.392,2.5483,37.6582,0.628145,13.5824,0.00427865,test
1420,5.81738,114.005,28.8649,368.397,175.618,8.19333,12.033,8.20011,0.0924555,7.33996,0.0185615,test
1421,17.3055,137.089,28.3615,32.1567,182.479,15.9046,17.6233,49.3996,0.427933,13.9878,0.00490531,train
1422,7.4025,35.2465,66.6623,80.5758,100.757,35.5371,3.53355,79.5306,0.779396,15.6236,0.00223688,train
1423,2.23534,26.6833,78.5086,9.8621,227.3,0.531415,0.405542,209.624,0.94787,46.2067,7.01999e-05,train
1424,19.5523,100.698,30.204,22.7178,173.007,22.8346,14.6,98.525,0.659845,14.2531,0.00367654,train
1425,15.2338,34.8976,147.526,257.837,160.407,24.6531,53.1837,124.506,0.820251,8.33639,0.00665618,train
1426,15.922,101.537,18.5595,5.33609,63.1544,18.655,0.99887,49.7957,0.797,21.1274,0.00114444,train
1427,8.60557,14.0309,166.44,10.0551,132.002,21.9418,0.482978,131.606,0.997562,7.50344,0.000129972,train
1428,19.6864,136.144,20.9675,109.929,125.554,21.7572,21.6171,23.8594,0.217152,6.22412,0.025803,train
1429,7.77362,121.498,343.514,162.405,172.128,36.9932,32.9322,75.6023,0.497759,31.6168,0.000918795,train
1430,3.25064,61.8208,193.066,19.9791,64.3235,38.2738,0.286675,58.9434,0.861163,66.3718,8.40966e-05,test
1431,9.96388,33.0699,193.855,62.8105,184.204,15.9592,11.1582,171.318,0.948569,13.5417,0.000807093,train
1432,7.78783,113.151,22.1751,181.708,217.876,10.0785,14.2398,10.3179,0.133924,7.91713,0.0159538,train
1433,18.3976,96.1434,55.0388,48.4077,180.965,4.74352,31.5139,87.3345,0.634459,13.8968,0.00404527,test
1434,12.6374,110.179,73.6952,219.462,164.681,32.144,37.5418,40.3412,0.286837,10.2901,0.0094084,test
1435,4.45383,15.6638,15.5026,77.4056,93.5572,5.61886,1.15038,57.4752,0.719926,10.8476,0.00555955,test
1436,3.50559,148.713,352.719,5.18233,70.221,17.3974,0.40194,61.6567,0.891243,152.124,1.28765e-05,train
1437,17.3752,116.464,69.1255,13.7566,105.975,11.7454,7.04404,81.4007,0.824042,22.9179,0.000864457,test
1438,18.1168,87.2189,139.493,74.1392,87.9182,27.1234,17.975,66.7521,0.763703,15.4703,0.00240723,train
1439,10.6749,100.764,62.1928,195.53,241.771,3.83207,45.3826,17.5427,0.281217,10.8992,0.00839027,test
1440,11.7222,92.237,268.237,9.6443,128.088,1.76326,4.11839,121.386,0.964537,31.3226,0.000105367,test
1441,13.7053,120.52,95.1372,8.54323,292.961,20.4762,10.9868,246.047,0.884377,31.9921,0.00030768,test
1442,12.5723,97.6857,73.5446,17.3879,219.647,15.6395,11.367,160.65,0.804642,25.8127,0.000743106,test
1443,19.5493,122.984,85.92,215.958,50.2247,35.9666,8.28863,37.5401,0.342764,8.96807,0.0122842,train
1444,15.0242,14.9506,185.927,50.2232,163.509,37.1279,5.55817,161.999,0.991761,4.93935,0.0010146,train
1445,13.2125,106.388,94.5086,6.05661,268.324,39.6384,5.8575,244.024,0.928827,30.8448,0.000211682,train
1446,19.3451,85.4273,24.3046,83.5317,211.826,27.0093,34.6288,60.319,0.408895,7.63157,0.0166216,train
1447,8.19551,26.4778,126.449,5.60212,93.4297,31.3938,0.253768,92.8906,0.994178,13.842,9.07721e-05,train
1448,6.19106,85.4928,372.834,167.849,239.414,6.59521,40.2118,106.999,0.60783,34.1821,0.0006968,train
1449,7.95893,36.3104,182.745,139.832,99.2036,31.6853,7.6537,83.8392,0.846522,16.2946,0.0015225,train
1450,18.2501,147.743,17.472,49.6746,105.69,25.6458,9.12336,29.2399,0.26276,8.7714,0.0129717,train
1451,8.68144,56.3637,49.0264,475.064,189.555,19.9957,32.8529,26.8467,0.255475,6.8901,0.0210307,train
1452,7.89778,87.0438,192.124,5.55325,251.476,39.1275,2.50829,239.734,0.963046,43.4191,5.70704e-05,train
1453,12.1408,49.9744,111.912,218.772,245.382,10.1829,67.5088,125.247,0.648909,11.3332,0.00593334,test
1454,3.36906,59.6357,49.631,21.5565,289.733,21.8009,2.36749,149.354,0.640367,45.9809,0.000365826,test
1455,13.202,102.053,39.1731,420.641,183.257,9.62898,53.1062,10.4954,0.166408,5.31181,0.0354408,train
1456,19.6941,101.582,32.8435,19.6829,98.1793,1.32563,8.82951,56.0145,0.702869,15.2043,0.00295064,train
1457,10.0889,71.8953,183.037,127.003,71.4631,15.72,11.4158,45.6586,0.68365,20.1709,0.00175008,train
1458,19.2502,95.7281,46.3079,256.023,294.905,1.9913,133.515,21.6047,0.292809,6.11716,0.0266073,train
1459,8.23189,11.9384,22.4856,371.622,77.6685,1.96746,6.90128,42.5326,0.677739,4.60932,0.0340123,test
1460,19.0774,24.7647,36.006,74.2854,124.328,33.9494,10.5894,109.962,0.891067,5.5179,0.00983985,train
1461,19.7169,143.833,137.228,5.57143,50.5593,30.5111,0.970966,48.8632,0.943368,28.4706,0.000200125,test
1462,3.34524,101.184,200.548,77.9374,109.359,1.6974,3.99139,25.2883,0.44366,54.1216,0.00032501,train
1463,2.29291,12.5683,180.12,223.2,176.621,29.3094,2.77548,152.88,0.891707,20.4428,0.000710329,train
1464,13.5753,128.315,311.917,384.557,294.342,16.623,235.84,61.5419,0.393132,15.2568,0.00418418,train
1465,14.8086,83.3378,82.5841,8.1493,178.484,16.7225,5.00554,163.448,0.93772,22.0463,0.000365324,test
1466,4.95917,49.7947,176.889,94.2704,178.544,26.6625,8.44524,120.796,0.741837,30.5368,0.00066073,test
1467,19.0551,68.7606,19.0587,123.758,253.351,38.2572,42.7858,67.023,0.365181,5.63623,0.0309335,test
1468,4.90389,138.231,181.588,71.1114,245.75,25.2998,13.3294,61.5261,0.39576,45.0186,0.0004801,train
1469,15.702,134.401,141.881,71.3239,265.576,18.3234,70.4379,117.451,0.585356,20.6266,0.00197337,train
1470,17.4734,117.748,25.7598,9.65019,211.458,13.7125,9.17752,129.409,0.717434,20.0557,0.00163648,train
1471,18.8701,135.376,167.981,22.4596,244.951,38.9642,32.5923,198.539,0.848266,25.1903,0.000630749,train
1472,19.854,142.084,25.2174,16.455,111.402,11.0546,8.38643,47.0571,0.553759,16.4055,0.00323879,train
1473,18.0479,61.449,19.7464,7.20733,216.852,28.276,4.56034,188.053,0.897164,13.1157,0.00164685,test
1474,14.9623,121.638,32.1091,88.5901,242.361,19.1161,34.1543,33.996,0.293028,9.82191,0.0103204,train
1475,12.3945,40.2066,133.663,139.459,228.051,14.1257,41.8504,174.9,0.831902,11.6264,0.00323299,train
1476,16.5115,93.2551,167.895,72.2289,71.1917,30.9756,11.2046,57.1765,0.7636,18.0145,0.00177582,train
1477,9.69908,147.609,15.27,405.771,105.192,24.6203,9.51603,24.6204,0.0636688,3.93953,0.0644333,train
1478,7.72544,73.5073,49.7586,344.979,103.827,7.0961,13.5144,9.21589,0.221193,8.63979,0.0133902,train
1479,6.73249,139.64,69.3686,247.626,258.495,10.2622,28.2305,11.0045,0.153648,12.901,0.00600825,test
1480,7.56973,29.2653,210.657,15.2874,91.9944,35.2044,0.635419,90.9573,0.987775,16.2631,0.000137334,train
1481,13.8264,147.565,26.666,110.63,91.441,38.71,7.31377,39.2772,0.191119,8.35012,0.0143405,test
1482,14.5615,11.6662,24.6818,150.277,142.874,3.9389,12.9864,120.716,0.888283,3.73495,0.0221647,train
1483,13.672,21.9938,20.8602,5.48341,292.613,3.7566,1.70083,285.712,0.983807,7.31429,0.000898472,train
1484,6.57067,131.475,33.9133,27.1745,273.133,35.136,6.01097,60.2444,0.338234,27.4096,0.00131626,train
1485,12.0585,45.1744,44.8736,192.08,204.884,15.2913,34.7251,75.7578,0.522333,8.34951,0.012904,train
1486,9.29405,132.603,16.0226,32.7903,275.74,0.420413,8.87596,10.4817,0.249564,14.4922,0.00475506,test
1487,11.9409,60.2978,352.542,113.3,163.825,33.4326,30.7719,140.063,0.8774,18.5997,0.000959392,train
1488,16.2116,138.347,369.509,11.1005,139.365,22.5349,8.96094,131.11,0.952739,33.4748,0.000121753,train
1489,14.4878,117.241,297.088,290.128,120.052,1.28924,91.9676,33.3831,0.4852,16.1908,0.00353711,train
1490,15.8222,146.632,282.248,6.02934,209.962,3.51802,8.95448,197.944,0.961084,36.5886,8.44977e-05,train
1491,7.82509,130.581,25.3429,142.396,129.845,13.9215,7.57188,14.1132,0.140784,9.53812,0.0109919,train
1492,13.1042,24.5404,24.7472,156.368,225.788,28.9747,24.2452,136.754,0.68796,5.84137,0.0207,train
1493,8.1236,39.59,67.9776,20.3697,102.27,3.16112,1.97865,90.8529,0.922704,18.9097,0.000608564,train
1494,12.6678,18.5646,42.7285,22.3038,266.1,26.6186,4.50354,257.261,0.974911,6.68983,0.00165311,test
1495,5.0907,148.424,138.634,19.1026,82.2367,30.2216,1.39745,51.205,0.587455,69.0985,0.000175363,train
1496,9.03996,26.953,217.47,227.917,249.507,11.1667,39.9357,209.274,0.886125,11.4542,0.00236856,test
1497,6.47792,133.995,246.228,11.2065,55.0607,2.00386,1.4066,43.7906,0.857172,71.7791,7.37072e-05,train
1498,7.05085,54.1114,236.696,50.9322,154.796,2.9992,8.51378,129.871,0.889747,28.203,0.0003793,train
1499,4.08065,48.3734,27.0213,35.5428,247.4,14.2822,2.7925,91.246,0.53225,25.7701,0.00134189,train
1500,11.6747,22.0516,15.984,17.8582,186.264,2.29111,2.79069,166.563,0.927468,7.93481,0.0032609,train
1501,10.7929,70.5764,123.833,40.3819,156.783,7.36097,12.4155,118.721,0.828172,22.4904,0.000879888,train
1502,5.26961,92.5655,49.9492,186.1,55.6318,37.9603,1.02367,38.2007,0.200274,14.2722,0.00490836,train
1503,16.3344,49.6129,75.6462,14.9309,83.4743,20.9427,2.45952,79.3798,0.956015,12.5709,0.000806015,train
1504,2.62261,93.4532,52.0426,17.0597,79.5266,30.1831,0.301092,42.0416,0.461302,66.2128,0.000214924,train
1505,10.6578,23.5486,282.929,282.026,72.2301,13.0103,13.5205,65.4252,0.922363,9.07426,0.00265595,test
1506,15.5191,93.1553,217.299,32.49,97.1024,10.8349,11.8592,83.5337,0.894359,22.3684,0.000580093,train
1507,9.84243,26.0168,17.4631,48.943,140.091,27.9224,3.74645,103.025,0.775004,8.96936,0.00689622,test
1508,2.67956,95.9999,185.415,16.4769,145.229,29.3649,1.12361,98.0649,0.723243,104.369,5.95298e-05,train
1509,12.5793,17.0779,249.257,410.821,53.9832,10.8126,13.2442,49.836,0.934412,6.00868,0.00518327,test
1510,14.0887,68.1853,18.2334,27.5253,96.7854,17.0952,4.23157,51.5356,0.607825,12.3746,0.0053171,test
1511,14.4463,10.275,164.588,5.55887,99.9597,24.0115,0.265919,99.8959,0.99941,3.84274,0.000121979,train
1512,12.1275,34.0509,32.667,17.7495,57.3413,20.3546,0.858194,53.2359,0.925252,11.3167,0.00164736,train
1513,12.9129,79.6534,130.189,9.89367,56.755,17.7413,1.23209,53.8044,0.949372,24.3743,0.000245327,train
1514,8.08246,52.5498,53.7519,112.699,286.201,12.6354,22.8996,104.434,0.536041,14.4768,0.00423652,train
1515,10.7385,22.26,19.357,189.277,176.195,34.6075,13.5781,95.2224,0.602071,5.59423,0.0262509,train
1516,16.1219,126.271,23.2915,43.4681,158.938,14.0307,14.7175,31.5844,0.354043,11.4459,0.00752195,train
1517,8.93162,55.1556,27.2632,36.5725,97.277,24.0808,2.71762,57.9613,0.630436,16.203,0.00299535,train
1518,3.64491,85.5211,140.738,142.079,125.71,35.6469,4.37435,45.7622,0.3454,32.7622,0.000919913,test
1519,3.43138,65.1306,236.181,323.778,115.545,14.8096,8.70579,29.1514,0.375227,28.8637,0.00117601,train
1520,18.4135,75.8752,47.8679,7.24962,274.983,4.78312,8.52259,248.632,0.934555,16.3384,0.000697183,test
1521,19.6936,126.769,29.5204,337.487,144.593,4.67344,60.6278,5.17635,0.157581,4.215,0.0562859,test
1522,9.96847,45.0374,190.566,5.73883,62.6182,5.52078,0.483343,61.8497,0.991,18.9003,7.50494e-05,train
1523,4.0236,114.283,27.7308,494.525,112.045,18.4458,4.39429,18.4458,0.0651441,7.46637,0.0179383,train
1524,14.1264,108.804,19.404,367.548,193.38,39.2355,34.3318,39.3204,0.12155,3.86636,0.0668951,train
1525,9.12169,141.96,104.41,17.672,210.027,19.5092,9.47683,121.046,0.680971,43.0724,0.000385975,train
1526,17.2131,16.909,70.4668,35.8507,92.6592,18.3038,3.00512,90.8032,0.982778,4.84442,0.00218934,train
1527,15.2746,106.684,40.0899,20.5755,249.405,5.4564,17.8006,131.38,0.668796,19.3534,0.00195986,train
1528,13.0171,90.3099,231.855,5.74329,208.433,17.4781,4.10551,202.25,0.978365,28.1291,8.06116e-05,train
1529,18.4343,149.817,224.373,34.928,119.268,23.2109,23.9067,90.3824,0.796746,26.6976,0.000717417,train
1530,9.11168,111.736,102.107,108.598,213.892,27.8435,26.3809,59.3277,0.400067,20.0241,0.00242273,train
1531,12.6319,100.294,19.8895,115.523,88.3613,33.7186,5.83955,35.0228,0.225332,7.38163,0.0183423,train
1532,16.9071,76.3302,397.614,18.3605,249.017,27.8382,16.9768,241.422,0.977023,18.6208,0.000195179,train
1533,4.71274,52.3814,25.4991,14.3432,180.369,17.7781,1.30266,109.844,0.704414,32.0223,0.000662728,train
1534,8.63934,123.807,67.4109,272.544,166.644,3.1399,27.9536,4.55052,0.183478,10.7009,0.00873226,train
1535,18.0222,128.964,115.785,29.2896,159.482,3.42475,26.3055,104.608,0.761568,22.5602,0.00113975,train
1536,13.8347,63.4771,98.5633,7.02111,52.8414,6.8705,0.911148,50.8043,0.970339,18.779,0.000246377,train
1537,19.5952,98.9204,29.559,78.9655,248.805,31.0598,44.6228,69.5478,0.406062,8.60559,0.0130869,train
1538,8.4631,13.6895,266.873,156,230.008,34.0887,12.5567,223.553,0.977664,7.30337,0.00123677,train
1539,9.30481,109.404,91.996,73.4597,142.265,21.449,13.564,51.4867,0.467935,22.4754,0.0018575,test
1540,11.8853,10.7474,18.0492,173.637,249.865,30.0774,16.378,198.776,0.837803,3.86817,0.0285848,train
1541,9.7135,54.0133,176.75,135.37,295.527,30.2767,47.0516,202.02,0.760799,17.6829,0.00185985,train
1542,16.3698,94.6947,105.125,25.5108,59.6391,14.6054,4.92192,49.169,0.843294,20.3561,0.000993119,train
1543,2.00231,84.6668,26.9891,406.039,217.641,36.9601,2.66199,36.9603,0.0677286,11.5232,0.00753096,train
1544,2.35066,134.073,213.183,47.5527,101.28,2.97926,1.75329,17.1682,0.377174,86.4278,0.000131084,train
1545,12.7591,79.7222,106.436,312.11,125.087,24.3844,41.0107,40.6539,0.392613,10.2052,0.00935355,train
1546,11.2774,136.891,22.3874,192.682,273.819,21.7929,31.1389,22.0193,0.129547,6.41958,0.0242654,train
1547,2.25151,104.071,21.6371,9.56028,200.066,19.881,0.43243,39.0411,0.339179,63.0505,0.000248706,train
1548,5.04736,118.89,103.129,263.152,220.722,37.8307,16.9702,39.4802,0.185072,17.6225,0.00321981,test
1549,7.21655,72.5678,30.8723,90.1313,180.237,2.51581,8.98231,20.3585,0.332571,13.7096,0.00526715,train
1550,15.4085,57.3508,124.318,97.7891,60.1125,19.7853,9.40093,48.4802,0.804639,12.7842,0.00303009,train
1551,10.0701,34.0288,36.1784,167.416,54.3276,8.22221,5.2206,26.7645,0.584986,8.49213,0.0116498,train
1552,5.11673,95.1743,277.393,64.488,256.858,3.63962,16.7802,132.103,0.662771,49.9746,0.000297382,train
1553,3.83768,146.166,282.588,7.41392,54.8062,30.619,0.267311,49.0708,0.840383,128.871,2.51711e-05,train
1554,8.42915,85.3265,38.7572,76.0927,246.244,5.77302,15.7229,39.0264,0.371118,15.3981,0.00413728,train
1555,6.12137,117.761,79.064,301.955,214.54,24.9549,22.037,25.9366,0.167803,13.0803,0.00584457,test
1556,18.2026,69.5549,21.44,272.81,61.004,23.4455,11.0722,24.9752,0.254994,4.15246,0.0579041,train
1557,9.39016,89.9861,359.998,6.46544,227.51,6.61217,3.80777,220.501,0.978812,38.4987,4.2161e-05,train
1558,19.7111,84.8347,55.6395,6.11037,100.547,17.0044,2.67902,93.5898,0.944161,17.1985,0.000541171,train
1559,6.56477,37.219,186.833,295.754,286.259,31.1016,41.882,171.392,0.692493,16.3969,0.00259798,test
1560,12.3155,142.689,287.959,287.415,181.161,14.9838,101.561,38.9801,0.377037,17.8506,0.00307306,test
1561,18.8006,30.1553,32.0353,168.941,178.296,10.346,41.2205,106.73,0.70568,5.2332,0.0247866,train
1562,4.02886,73.1997,256.621,16.9639,124.688,34.1898,1.29012,110.484,0.894724,65.9191,6.65817e-05,test
1563,15.4026,147.196,106.187,250.632,291.041,7.9181,138.532,21.424,0.267106,10.4775,0.00908867,train
1564,16.5281,110.778,237.186,91.3476,284.578,4.95489,110.433,171.416,0.724595,20.1506,0.00159137,test
1565,9.99614,38.9904,284.311,286.236,242.274,17.21,68.7388,182.024,0.818938,13.5962,0.00251596,train
1566,14.9772,60.7716,25.1302,46.1742,176.308,29.2428,12.8592,96.0867,0.623815,10.7486,0.0068798,train
1567,14.1938,124.958,17.1127,233.782,135.76,10.6984,21.0114,10.7864,0.125415,4.54186,0.0484765,test
1568,10.316,50.1031,120.513,13.6105,101.403,37.6476,1.42431,97.724,0.961368,19.6382,0.000291268,train
1569,13.0074,126.052,23.1924,270.529,250.437,7.64638,44.8142,7.86031,0.129128,5.13454,0.0379312,test
1570,13.1137,76.9908,33.9693,21.9058,187.867,34.475,7.99089,124.613,0.71913,17.6072,0.00211416,train
1571,6.7986,73.642,99.1896,15.6807,200.925,37.5518,3.52315,165.624,0.854635,37.884,0.000268694,train
1572,4.8077,94.8151,334.281,423.863,141.893,3.10486,27.2488,15.3636,0.319401,25.5157,0.00152402,train
1573,19.57,136.088,156.721,124.386,73.3931,32.6538,23.1485,45.843,0.527037,15.1869,0.00388307,train
1574,6.77801,134.723,219.59,339.163,121.336,24.31,23.1974,27.47,0.242674,19.5367,0.00261721,train
1575,4.02138,86.5078,262.344,11.3187,256.832,8.24362,2.80957,220.92,0.903156,78.6179,4.33752e-05,train
1576,11.1387,102.964,208.259,418.942,252.933,12.203,130.415,40.2489,0.34945,13.2705,0.00560174,train
1577,7.90718,78.9384,131.749,314.968,231.759,5.14229,50.6206,32.2867,0.352831,14.4423,0.00472588,test
1578,17.5519,14.5867,126.636,12.9563,86.1679,28.1367,0.784493,85.9381,0.997245,4.31233,0.000448936,train
1579,4.88964,21.0822,81.3657,38.5262,141.632,26.1143,1.43392,131.361,0.940368,17.1584,0.000578803,train
1580,17.4161,140.369,82.935,18.2694,265.892,29.432,25.7095,179.322,0.751574,24.9815,0.000959131,train
1581,18.9665,57.7114,250.964,8.04219,177.331,1.10366,5.22816,175.047,0.991309,13.0567,0.000151947,train
1582,8.36879,22.3967,226.028,46.5454,295.988,13.3967,8.30602,287.907,0.98079,11.48,0.000430842,train
1583,16.9607,97.1666,65.0362,12.6268,128.446,1.21122,7.53394,103.465,0.867885,20.7561,0.000823231,train
1584,17.9364,90.4544,28.8418,9.34812,57.1903,14.4889,1.76739,46.2877,0.827634,17.5229,0.00145337,train
1585,7.81605,29.4403,52.2553,39.2374,260.979,11.1529,6.72807,220.289,0.890358,14.305,0.00146723,test
1586,12.8341,10.8446,37.4939,433.93,205.189,31.4635,34.8799,159.742,0.816589,3.5766,0.0371335,train
1587,14.237,25.5556,35.5838,11.5083,86.4581,17.3808,1.00947,83.9186,0.975136,7.97668,0.00115111,train
1588,19.4681,113.533,127.322,25.4546,189.211,14.7521,27.1385,148.809,0.843918,20.53,0.000973027,train
1589,15.7629,73.9515,57.1439,6.33562,83.2858,7.42743,1.75511,77.2571,0.946741,18.7132,0.000436914,train
1590,19.0422,101.196,17.4279,30.5372,121.937,26.2719,8.80229,51.0053,0.475353,10.58,0.00834147,train
1591,19.6286,57.0924,125.391,7.533,63.403,6.69654,1.60802,62.1025,0.984611,12.4401,0.000294802,train
1592,9.76949,14.7214,37.5733,29.0167,108.849,7.49499,1.50301,104.396,0.970147,6.81771,0.00188617,test
1593,7.65563,109.914,50.8471,119.587,132.719,17.0213,9.48523,21.6201,0.254894,14.8933,0.00450129,train
1594,13.2662,140.074,84.3545,25.3137,139.763,2.12958,13.3921,68.2157,0.643208,27.8091,0.000995256,train
1595,17.7235,113.908,54.0303,24.107,214.835,17.2485,21.9317,127.62,0.698788,18.663,0.00197695,train
1596,9.55897,133.752,33.5083,19.4097,224.081,31.911,6.99007,77.4381,0.45838,26.1135,0.00138426,train
1597,10.8462,120.09,21.8976,397.357,115.413,22.006,15.4599,22.0142,0.0995435,4.50815,0.0492043,test
1598,6.44693,94.554,387.092,304.298,51.4896,10.6326,11.0803,20.2718,0.457577,27.3018,0.001267,train
1599,4.46462,126.494,17.3839,366.714,165.185,6.48189,5.93772,6.4819,0.0570014,6.517,0.0235453,train
1600,13.5287,60.6373,296.968,14.305,209.894,36.8175,6.60853,204.976,0.980989,18.5687,0.000162919,train
1601,19.3686,131.875,71.6186,30.8726,71.0571,21.0322,8.55678,46.66,0.666008,18.8045,0.00208731,test
1602,17.0679,53.3004,381.741,73.3353,197.351,23.4582,37.5172,185.204,0.953082,12.8584,0.000819717,train
1603,14.2836,56.0103,276.42,5.45564,144.187,6.37188,1.99715,142.85,0.993512,16.577,7.0478e-05,train
1604,14.3619,102.634,18.75,18.5194,216.106,7.53125,9.90584,77.2359,0.53508,15.8304,0.00354631,test
1605,2.0159,126.606,45.8057,162.837,270.099,28.6181,2.96511,28.6292,0.0936718,23.6254,0.0017916,train
1606,14.0044,75.7594,201.957,91.6295,81.6826,16.4627,16.5697,61.9338,0.795114,18.0004,0.00158847,train
1607,9.90513,68.5227,16.1378,30.4067,275.433,9.15869,8.7773,82.9873,0.490683,14.0686,0.00466578,train
1608,7.92692,39.8064,66.0881,12.3576,167.261,1.79675,2.01823,154.534,0.948476,20.0002,0.000370557,test
1609,2.51928,57.8804,96.6276,16.5793,261.274,16.668,1.45229,179.345,0.773323,71.8417,0.000108064,train
1610,9.01034,21.7633,60.4209,16.6357,264.591,27.9634,2.61495,256.559,0.977163,10.418,0.000620205,train
1611,15.8037,114.156,159.765,15.7991,175.398,29.0167,12.1762,153.124,0.897864,26.8403,0.000390704,train
1612,7.45446,20.6174,180.336,23.9079,146.167,27.6053,1.47472,144.081,0.988192,11.9207,0.000247067,train
1613,16.851,122.217,49.4459,211.858,119.943,31.5941,31.0511,34.7534,0.247857,7.43851,0.0180502,train
1614,8.75211,90.9432,335.379,29.5715,220.572,5.95893,14.5898,187.866,0.897764,38.2124,0.000192926,train
1615,10.3676,79.359,367.757,9.66714,53.568,36.2526,0.436928,52.9952,0.977899,30.9192,6.81328e-05,train
1616,12.4619,17.2079,259.265,36.4765,201.048,28.1119,4.98825,199.485,0.993851,6.48325,0.000438321,train
1617,10.282,136.819,319.158,11.4294,111.703,11.4347,4.73979,99.515,0.918578,49.8112,9.20527e-05,train
1618,8.21186,38.9133,276.847,12.4327,261.383,37.1071,2.91137,257.338,0.987942,19.714,9.21952e-05,train
1619,5.20975,88.5863,157.673,142.551,107.14,39.7289,5.86577,52.2513,0.414906,28.6351,0.00117753,train
1620,18.1874,68.6413,84.4149,27.3219,289.75,2.83885,29.1656,242.748,0.889716,14.3213,0.00147164,train
1621,2.22627,125.684,58.1848,384.57,59.7372,15.4418,1.09329,15.4419,0.0726904,16.4876,0.0036786,train
1622,14.8487,130.533,253.883,22.9908,72.8745,16.9149,7.05241,62.4926,0.875336,31.6552,0.000336162,test
1623,19.8747,83.7544,44.9947,75.0831,256.489,13.2078,57.599,105.723,0.569218,10.1642,0.00829128,train
1624,10.1881,64.3301,32.3844,159.027,206.18,12.0927,22.3728,32.7483,0.338633,8.89144,0.0125075,train
1625,17.8994,107.283,105.34,50.0186,165.266,18.8136,32.7174,103.11,0.710697,17.7495,0.00212479,train
1626,4.08987,29.4062,169.978,81.2507,95.9433,24.8627,1.9802,82.9325,0.876974,26.0988,0.000488747,test
1627,11.5982,57.2455,315.849,458.491,143.395,22.4486,78.8406,81.547,0.648763,13.4572,0.00420902,train
1628,15.0665,84.1593,305.595,134.896,66.122,37.7838,12.3789,56.8405,0.778096,18.1635,0.00166266,train
1629,12.4366,19.1204,129.831,24.1561,155.908,34.8481,2.51519,154.175,0.990284,7.08027,0.000578482,train
1630,4.28565,111.54,107.508,173.626,105.337,36.0169,4.17247,37.7684,0.22865,24.0324,0.00173033,train
1631,15.4638,70.6778,171.484,37.9222,67.272,29.166,4.74123,61.94,0.905994,17.4695,0.000854922,train
1632,18.4835,23.0505,341.768,442.69,269.857,1.47132,178.38,244.134,0.934377,5.59537,0.00598541,train
1633,2.02752,78.8175,20.7037,52.5983,271.737,23.9161,1.17274,25.7211,0.178062,27.866,0.00128774,train
1634,7.80695,45.3975,340.85,49.5254,157.918,32.7456,6.82369,148.168,0.947848,22.9948,0.000283587,test
1635,12.052,61.731,113.126,38.0001,83.6483,32.7605,4.11803,73.7236,0.868723,18.6673,0.00101209,train
1636,4.78799,14.9459,281.61,7.79352,253.917,5.0528,0.470014,253.173,0.997997,13.4592,3.31267e-05,train
1637,7.24456,122.551,85.0325,231.51,110.375,37.6113,9.88719,38.7859,0.207366,14.2389,0.00493101,train
1638,6.36611,55.9601,90.0909,36.8871,188.797,20.4128,5.63328,136.005,0.787958,28.4936,0.000651639,train
1639,15.6345,42.3931,63.3494,14.0675,174.227,33.029,4.34249,166.101,0.961307,11.3877,0.000867958,train
1640,2.93672,100.321,86.2284,40.0989,65.7473,10.8524,0.797022,19.4309,0.388358,53.4553,0.000341417,train
1641,3.67583,10.301,162.825,5.24906,262.276,4.08146,0.175342,261.711,0.998531,12.1915,2.96248e-05,test
1642,3.49046,117.226,41.8516,14.7578,73.2515,7.97708,0.516445,20.029,0.413983,56.028,0.000307703,train
1643,19.1491,13.3413,289.494,203.749,151.978,6.27532,31.8738,148.766,0.984483,3.72807,0.00336933,test
1644,12.3109,88.1022,38.0331,5.0389,248.86,15.3871,3.71566,212.56,0.895625,26.5336,0.000407758,test
1645,17.6091,31.9476,246.356,282.916,120.68,13.1385,55.0119,104.707,0.899155,7.42439,0.00505556,train
1646,11.3483,101.655,17.7629,61.673,257.195,10.289,15.4979,23.1049,0.273201,10.0622,0.00985036,train
1647,9.43287,106.614,19.5612,20.7187,53.2513,30.6906,0.640841,35.1335,0.424545,19.6181,0.00249777,train
1648,9.28804,122.963,394.187,20.0422,58.2513,7.74101,3.328,50.6642,0.899262,48.52,0.000118061,train
1649,14.3227,61.5554,102.429,305.441,186.1,25.417,73.0428,73.5925,0.507791,9.23722,0.0106775,train
1650,3.65483,105.323,20.7558,9.07375,233.704,9.32048,1.04845,52.8474,0.422162,49.0849,0.000399442,test
1651,8.36222,44.3403,144.514,36.2602,89.0359,39.2146,2.03132,83.2305,0.921838,20.4739,0.000524544,train
1652,3.82605,71.4173,150.324,231.978,112.533,12.2916,6.91732,23.2211,0.341949,25.8733,0.00147608,train
1653,4.55215,19.2452,18.6944,73.9905,59.9413,28.1005,0.476652,45.6937,0.694068,12.4314,0.00450422,train
1654,15.6678,57.5623,27.4019,147.453,155.713,14.0999,27.1556,43.0837,0.429752,6.74526,0.0210775,test
1655,11.1701,111.384,90.0452,7.42363,73.6349,29.2828,1.17251,66.2877,0.888801,36.3398,0.000230225,train
1656,14.7691,78.5018,349.766,23.5243,110.82,19.436,7.87791,105.482,0.960906,21.3909,0.000248332,test
1657,12.2336,149.719,252.805,132.51,239.154,27.3022,79.4496,83.6538,0.482003,24.0777,0.00160308,train
1658,8.15876,32.8256,81.6492,144.427,287.597,26.9462,25.3154,192.723,0.752506,12.8629,0.00360795,train
1659,16.2624,99.3013,47.4967,37.6458,158.915,17.7666,17.3892,81.0097,0.619682,15.7553,0.00322239,train
1660,9.14661,106.289,60.1884,8.42554,196.439,38.9301,3.36694,152.832,0.813189,38.6119,0.0003201,train
1661,17.0906,94.1664,62.4862,53.6613,145.109,1.17133,25.8706,68.4721,0.633719,14.6005,0.00366923,train
1662,19.1283,75.6465,75.2788,303.426,89.7338,29.0031,37.4352,40.7558,0.420322,7.06929,0.0192751,train
1663,17.1246,40.4739,115.697,14.0202,241.505,35.6556,6.82059,235.856,0.981536,10.261,0.000518793,test
1664,4.45693,84.0917,56.4584,317.694,252.031,34.691,13.6043,35.7137,0.165148,12.6289,0.00626983,train
1665,9.53694,23.3759,57.4634,20.964,139.57,9.23697,2.04028,133.276,0.967499,10.4532,0.000869827,train
1666,12.0925,136.765,376.822,5.43883,293.09,20.0693,7.64924,280.837,0.97002,44.8535,4.3634e-05,train
1667,11.5069,126.727,346.909,97.3709,187.191,30.425,47.8497,111.362,0.669069,30.1433,0.000807445,train
1668,4.93714,88.8219,149.464,299.021,111.189,15.8829,10.9637,20.9616,0.27542,20.0953,0.00246933,train
1669,3.25412,44.5414,65.676,359.117,291.092,24.2266,11.9364,37.2022,0.268619,14.9757,0.0044484,train
1670,5.61627,110.882,33.7228,6.55082,85.4189,35.2504,0.427401,60.256,0.656426,52.4957,0.000272747,test
1671,3.20883,142.623,84.5347,58.2708,82.8586,36.8129,0.922314,38.188,0.237748,42.5065,0.000552972,train
1672,16.3293,129.213,68.5657,21.1201,123.914,16.0872,11.0331,77.7885,0.708503,23.1339,0.00125747,train
1673,10.1604,47.0228,247.786,46.2632,178.636,38.1185,9.70726,166.869,0.943871,18.4169,0.000474253,test
1674,19.156,67.2523,18.6116,102.894,194.243,6.4781,33.7133,39.1051,0.402493,6.05473,0.026476,train
1675,14.4274,129.382,136.407,20.0049,269.295,12.9157,25.1559,198.527,0.813705,30.0022,0.000528969,train
1676,14.6591,15.5876,56.5296,13.9207,202.035,16.8888,2.26652,199.835,0.991836,5.21045,0.000902475,train
1677,8.70147,70.9573,19.3765,330.203,74.9792,6.37971,6.99609,6.59516,0.15449,5.19372,0.0370713,train
1678,6.3555,145.695,336.502,9.69213,130.397,21.1218,2.76172,111.949,0.886708,82.1954,4.57637e-05,test
1679,4.76576,119.578,65.3233,303.935,76.9002,25.7944,3.72145,25.8485,0.132502,13.431,0.00554352,train
1680,11.6401,73.0501,247.262,247.006,184.606,21.1691,70.6703,96.7654,0.630211,16.4503,0.00290703,train
1681,12.821,39.1786,141.677,15.5872,127.693,39.0733,2.31084,125.044,0.979949,12.9581,0.000352638,train
1682,2.07602,40.9043,125.907,5.11489,121.471,37.404,0.111233,116.126,0.957512,76.4218,2.10843e-05,train
1683,14.6233,135.287,34.5541,7.82774,52.53,8.50101,1.60556,35.0324,0.72983,27.7379,0.000828173,train
1684,19.1676,19.9023,20.5841,42.5128,163.721,5.10089,9.23746,145.614,0.921216,4.74733,0.00989684,train
1685,14.9242,65.6041,31.8925,134.674,213.195,3.77806,38.5732,44.3396,0.420723,7.81839,0.0157553,train
1686,10.9016,95.1501,64.1879,85.4197,177.678,17.4658,20.6572,53.899,0.4503,16.1713,0.00362691,train
1687,8.35677,135.876,274.122,12.5919,130.787,0.955449,5.21365,107.672,0.880468,58.144,9.59677e-05,train
1688,8.86687,48.1181,16.5157,123.22,147.587,39.9557,6.33113,51.6187,0.340465,7.73091,0.0165384,train
1689,4.05662,81.3441,149.173,78.766,299.103,32.7825,11.1822,112.288,0.507881,41.2443,0.000535493,test
1690,8.01158,64.3185,65.7915,195.141,226.581,0.648367,28.4882,35.7402,0.387093,12.8177,0.0059407,train
1691,14.5394,90.4395,41.4734,80.6789,255.562,22.8587,36.1268,75.1668,0.447816,11.59,0.00707094,train
1692,14.866,99.1693,260.115,177.797,275.281,22.5318,136.856,140.676,0.6338,17.5458,0.00254034,test
1693,9.60383,135.479,121.314,24.9925,69.4495,16.316,3.70132,43.8144,0.67001,38.4768,0.000494635,test
1694,3.70396,56.653,69.4529,203.368,131.67,28.6596,4.32164,36.7437,0.307897,19.1453,0.00271143,train
1695,19.9897,123.901,21.492,6.41958,117.706,27.48,3.57641,86.1492,0.762789,19.6745,0.00149272,train
1696,10.7167,32.1096,375.393,9.02028,203.733,11.8779,2.01965,202.703,0.996399,12.9382,6.43775e-05,train
1697,13.3924,28.8331,111.608,147.994,104.542,15.8284,15.6899,89.1724,0.882623,8.48358,0.00443962,train
1698,15.1593,122.39,107.639,12.8158,161.364,9.46513,10.0723,129.98,0.861014,28.667,0.000451229,test
1699,2.63722,80.4907,66.4216,172.032,142.576,4.48167,3.1401,6.19025,0.196595,24.1977,0.0017076,train
1700,5.63977,130.483,24.56,151.758,162.982,7.5972,6.31118,7.64758,0.11453,10.7136,0.00871215,test
1701,3.27286,97.5215,59.8054,8.2558,69.5255,34.5565,0.195571,52.6488,0.669968,80.5221,0.00011295,train
1702,9.41424,46.211,364.692,416.925,191.07,7.20403,81.2274,120.179,0.737715,15.2224,0.00269065,train
1703,12.3854,66.921,263.557,327.463,50.8332,10.6432,22.6472,29.3205,0.631642,14.2833,0.00384712,test
1704,6.22784,94.771,218.964,38.0849,209.029,26.1256,9.91734,143.039,0.755409,46.7366,0.000270805,train
1705,9.51366,98.1789,28.0063,74.7599,95.6764,4.62747,6.05827,10.9087,0.296138,12.5205,0.00634894,train
1706,6.13131,79.3118,30.5039,25.1298,220.151,31.8457,3.75078,88.3505,0.508999,26.8457,0.00126278,train
1707,4.83134,54.2759,257.032,103.809,170.015,37.6981,8.75209,122.517,0.75662,34.7565,0.000487815,train
1708,12.7314,45.7829,76.7882,404.544,262.168,13.6324,95.2393,80.7141,0.483662,7.44074,0.0167683,train
1709,8.34494,86.3232,46.2301,91.7476,265.756,28.4056,18.3521,59.3937,0.363605,15.4087,0.00414032,train
1710,6.09499,132.252,32.7599,6.86829,283.559,14.1488,2.76955,121.694,0.584313,51.2993,0.000319462,test
1711,5.24572,58.5888,102.816,7.83656,277.471,28.8166,1.80014,253.633,0.935836,42.7448,9.99559e-05,train
1712,12.447,25.8834,19.7019,159.655,182.591,18.2411,18.129,90.228,0.60937,5.67809,0.0252161,train
1713,12.6684,116.935,138.77,38.7812,64.5898,24.357,5.35726,47.9389,0.718322,27.2399,0.000885091,test
1714,3.48423,67.1927,85.5469,120.454,101.183,36.3513,2.10831,44.7227,0.36237,28.3153,0.00122649,train
1715,14.5203,108.713,153.365,135.768,238.023,31.015,77.3263,100.672,0.536873,16.6151,0.00321356,train
1716,14.478,38.5571,133.222,56.0676,244.589,36.1729,20.99,224.89,0.936353,10.911,0.0015233,train
1717,11.5685,82.8819,41.9572,28.5547,189.107,32.4703,9.17395,110.944,0.657966,19.5138,0.00196828,train
1718,10.3131,59.1488,27.7912,21.0865,135.504,36.0505,3.11023,97.6895,0.741571,17.7541,0.00195626,train
1719,7.96497,74.1427,28.7042,12.8496,236.569,14.6349,3.87847,143.316,0.713893,27.2953,0.00089139,test
1720,9.86216,76.1165,298.543,10.7505,197.017,3.35325,4.92194,188.609,0.970984,30.9473,8.8784e-05,train
1721,13.1102,147.822,21.3505,38.999,257.844,6.0824,17.1026,20.3303,0.279895,12.9036,0.00598681,train
1722,17.9155,100.169,29.9748,15.9845,78.5147,10.9764,4.53868,50.1536,0.713789,16.6775,0.00238843,train
1723,13.7503,77.5257,38.6953,22.9968,214.261,28.5576,11.0477,143.147,0.739665,17.4209,0.00204297,train
1724,12.6995,114.037,33.1859,7.40671,148.068,37.7205,2.9334,110.198,0.767496,28.3348,0.000708597,test
1725,13.9174,34.9631,261.219,333.735,255.359,37.4728,104.059,207.558,0.851391,9.40682,0.00444522,train
1726,8.28923,37.121,33.6823,30.917,166.083,21.6271,3.74524,127.949,0.821618,15.5392,0.00190217,train
1727,11.5922,53.4244,32.902,283.995,95.8874,25.4978,13.2829,32.0684,0.323948,6.29578,0.0250147,test
1728,12.7458,105.647,230.779,319.104,203.566,12.3616,114.791,51.645,0.43172,14.7454,0.00440596,train
1729,8.71393,85.1869,86.0402,13.1322,151.003,19.6321,3.51996,122.322,0.853094,34.2123,0.000332499,train
1730,6.71644,99.4092,61.5019,5.62306,272.97,21.1138,2.56227,216.162,0.84822,51.0658,0.000153519,test
1731,7.77046,146.376,45.9228,240.735,116.532,0.375839,13.1407,0.481039,0.12979,9.90948,0.0101835,train
1732,16.9184,124.052,20.3909,111.985,209.57,21.394,31.0768,25.1317,0.216292,6.56001,0.0232286,train
1733,15.5423,43.1127,115.396,31.9957,101.555,32.0435,4.85169,96.4494,0.950599,11.4981,0.00107735,train
1734,5.40117,93.9406,82.2978,55.4028,181.919,7.08074,7.15525,48.167,0.456843,32.2397,0.000909015,train
1735,15.4507,115.676,220.642,57.3376,236.396,3.30733,59.5774,156.687,0.768275,23.7758,0.00100378,train
1736,8.32926,74.8764,270.251,60.4012,158.486,10.7138,14.9359,121.426,0.830962,30.7109,0.000465397,train
1737,5.47918,119.495,182.216,6.79813,247.42,6.80194,3.01368,206.387,0.885556,78.1374,5.11044e-05,train
1738,11.3283,117.53,45.3318,94.0536,95.3017,33.182,7.65948,37.9682,0.306049,13.007,0.00587593,test
1739,2.03479,111.066,86.6275,6.18912,112.096,0.00182361,0.324577,55.7923,0.655953,143.872,3.6344e-05,train
1740,10.5025,138.567,303.255,387.245,67.1785,15.3647,29.9012,19.9676,0.319891,17.202,0.00335283,train
1741,16.0328,37.3435,158.194,33.6479,108.926,37.6858,4.84713,105.841,0.970837,10.0159,0.000852545,train
1742,2.68466,54.8577,46.0631,24.842,296.845,26.1844,1.83584,133.749,0.582995,48.2341,0.000361963,train
1743,9.41883,67.6257,17.4064,295.296,193.219,22.2842,17.5963,23.2001,0.168349,5.00324,0.0399471,train
1744,10.4756,149.611,326.717,6.32667,239.241,23.501,6.47254,221.996,0.946544,55.0203,5.07133e-05,test
1745,2.98634,125.604,343.033,27.7915,182.034,35.5491,3.17454,108.841,0.657826,111.329,6.04859e-05,train
1746,3.05507,97.9571,66.1628,135.915,273.896,9.29837,6.655,12.4637,0.195305,25.2441,0.00156898,train
1747,13.5206,103.369,168.122,180.534,213.771,18.1031,80.5186,75.3083,0.502701,15.8759,0.00362969,train
1748,8.8713,87.3264,74.6387,112.838,288.895,23.6431,31.36,74.464,0.419844,16.9511,0.00335288,train
1749,4.07,77.772,64.7293,175.114,207.667,1.81582,8.93344,8.90571,0.245998,19.0487,0.00275267,test
1750,15.4833,143.134,122.459,13.5383,76.9315,10.1407,5.39838,60.567,0.834909,31.7077,0.000427934,test
1751,4.75478,69.533,59.683,144.017,226.244,31.1962,9.28125,47.31,0.312764,18.608,0.00286837,train
1752,5.16501,115.28,129.035,5.23852,263.754,27.9194,2.05253,221.02,0.878337,79.2942,5.24218e-05,train
1753,15.3047,110.573,96.4578,52.9575,207.214,38.1388,31.5828,118.91,0.641277,19.1736,0.00210065,train
1754,2.14269,139.882,176.254,229.637,285.007,15.0102,8.46266,15.5411,0.144402,37.8528,0.000697916,train
1755,17.8419,103.463,53.1929,67.8939,290.722,34.7521,54.6721,115.366,0.520046,12.5828,0.00569321,train
1756,6.49631,137.482,22.8032,7.69297,86.8985,14.8857,0.756518,33.9419,0.481009,41.1995,0.000547906,train
1757,16.4108,37.0218,96.37,6.59666,91.5955,30.1274,0.851726,90.7469,0.990708,9.93064,0.000280835,train
1758,11.8509,102.767,44.7333,39.9358,70.8464,23.4396,3.85894,38.2113,0.517807,18.4787,0.00264498,test
1759,13.9028,95.5479,32.8195,22.8638,282.221,5.9306,17.2626,134.316,0.631827,18.0009,0.00242136,train
1760,18.6591,51.4862,158.816,41.901,246.01,9.51808,30.8076,226.517,0.944541,11.3697,0.00123072,train
1761,7.8366,20.0598,40.6823,12.1432,152.208,23.2907,0.828343,147.625,0.9761,10.9704,0.000584783,train
1762,11.4205,101.291,42.5822,120.302,269.821,10.5215,35.4782,30.1589,0.304374,11.1026,0.00806623,train
1763,15.9379,66.4062,165.322,249.072,221.735,3.34253,123.039,108.015,0.641782,11.3379,0.00600295,test
1764,6.9878,45.0822,319.519,5.4658,247.857,4.03855,1.3603,245.266,0.992903,26.616,2.98839e-05,train
1765,17.3255,106.97,121.581,5.85953,194.716,13.227,6.16188,182.905,0.956455,24.5777,0.000208749,train
1766,6.99999,14.7061,82.1373,22.3809,204.452,35.175,1.35211,200.984,0.986194,9.27369,0.000476843,test
1767,17.2289,145.536,163.498,8.05497,157.801,25.3211,7.9829,142.45,0.922361,32.0879,0.000212202,test
1768,3.63106,37.0854,21.4219,75.9461,115.822,25.7472,1.22724,42.3965,0.413936,17.3247,0.00321826,test
1769,10.9046,50.6305,50.6464,15.7581,62.2638,32.958,0.763206,58.0826,0.904143,17.6961,0.000848212,train
1770,5.21432,98.7338,95.1775,145.802,274.772,14.9519,18.0645,31.7914,0.290991,22.3308,0.00199695,train
1771,4.00176,27.1019,216.32,7.34842,113.265,9.64515,0.266638,111.892,0.991157,27.8416,3.39851e-05,test
1772,13.3992,54.7618,98.2729,6.9276,159.665,7.70096,2.51593,154.438,0.97697,16.9482,0.00023614,train
1773,5.83781,64.4577,97.9979,16.5842,251.381,17.3284,4.03638,202.715,0.860172,38.8502,0.000246983,test
1774,2.17596,115.943,210.995,31.0692,161.489,25.3941,1.68243,64.5917,0.499673,106.997,8.01029e-05,train
1775,7.38868,17.6267,242.647,102.393,258.758,6.90642,11.3318,248.322,0.972111,10.2485,0.000779477,train
1776,7.94133,25.6218,63.517,63.696,193.913,11.6564,7.10667,163.846,0.888806,12.3593,0.00199092,train
1777,7.15325,111.99,28.4564,38.6001,251.966,22.1819,7.20992,42.1869,0.317915,20.2267,0.00242579,train
1778,12.4332,14.8761,27.2782,271.407,123.065,19.6495,14.9131,86.7281,0.756361,4.37625,0.0309264,train
1779,3.15962,133.324,29.6163,33.4255,65.1926,4.28961,0.534541,5.05559,0.197245,33.4892,0.000891503,train
1780,16.5686,123.492,55.4391,269.399,295.867,29.8403,108.878,36.6214,0.228674,7.04627,0.0201282,test
1781,18.9155,25.0933,49.561,175.413,190.577,1.04124,48.6175,142.38,0.825149,5.20372,0.0167371,train
1782,3.30283,22.5391,133.373,37.2294,97.7973,10.5491,0.74237,90.3314,0.942711,26.6756,0.000230487,train
1783,10.2691,43.9723,53.0938,63.1,96.0493,27.5688,4.93833,71.9688,0.761163,13.7983,0.00305112,train
1784,14.9341,87.0703,245.553,300.181,59.1475,30.2952,20.8374,41.0754,0.564736,13.7351,0.00456412,test
1785,12.9927,73.0003,25.8372,34.9864,90.1531,13.2813,4.91917,44.378,0.587685,13.7955,0.00439839,train
1786,18.2872,127.649,17.3593,128.208,158.263,20.826,25.1853,22.1991,0.188162,5.44183,0.0337651,train
1787,9.53588,106.523,15.9556,274.945,146.149,6.06797,13.5712,6.09514,0.108001,4.93382,0.0410803,train
1788,18.6345,97.2945,36.9289,109.147,226.713,32.0993,48.7929,61.9646,0.38486,8.42258,0.0137691,train
1789,10.2244,46.2199,79.8398,93.4639,169.005,2.92465,18.1592,107.131,0.74669,14.2485,0.00299228,train
1790,12.0832,102.256,44.0192,30.5498,184.951,36.1845,10.4832,94.1904,0.577188,20.1153,0.00209647,train
1791,12.5176,18.8371,384.074,165.588,183.187,16.3223,23.3547,177.899,0.978475,6.86831,0.00134919,train
1792,17.0129,52.6704,399.725,193.12,138.312,24.0272,59.9682,120.182,0.893067,11.9525,0.00205487,train
1793,7.93246,50.5713,281.452,13.9963,200.233,13.6165,3.34398,193.961,0.977537,25.9057,9.86182e-05,train
1794,2.50745,22.5818,395.952,49.4296,54.4517,38.5357,0.1389,53.6352,0.965715,35.7542,7.82558e-05,train
1795,16.0761,16.1115,22.0345,36.0439,170.33,37.0086,4.63539,160.441,0.948796,4.75234,0.00657426,train
1796,6.63929,108.664,309.892,183.471,268.093,39.1542,44.9729,95.3078,0.465289,30.9265,0.000982693,train
1797,13.7278,74.2599,35.5721,285.32,163.639,7.92378,39.5912,15.2916,0.265956,6.02068,0.0275272,train
1798,19.7754,89.4543,31.868,220.244,282.825,3.54192,102.032,20.157,0.282846,5.40069,0.0341676,train
1799,9.31389,21.0127,24.0755,410.075,183.976,2.17805,24.5857,51.5346,0.482867,4.84037,0.0396605,train
1800,14.4155,90.7931,235.508,19.514,217.404,17.6146,15.615,198.578,0.93688,24.5398,0.000298615,train
1801,16.7435,113.447,214.913,189.55,214.63,13.595,129.299,84.302,0.54837,15.4104,0.00369189,test
1802,12.0025,144.298,47.826,26.5038,186.424,5.55893,12.8237,53.5898,0.48165,23.6439,0.00166285,train
1803,7.03431,33.9244,56.1249,121.616,215.52,36.1509,11.6599,131.103,0.67783,13.7537,0.00381063,train
1804,19.792,100.391,238.241,12.9503,135.837,17.4037,9.65658,128.983,0.961258,20.4644,0.000268963,train
1805,5.68719,32.9583,389.452,40.7656,117.154,27.7865,2.17511,113.408,0.971971,23.503,0.000148826,train
1806,6.82939,12.698,46.4785,67.3318,82.1417,30.6599,1.01269,77.9775,0.94525,7.97534,0.00247337,train
1807,18.2977,21.6966,168.899,13.1748,239.927,29.79,4.16465,238.733,0.996116,5.72073,0.000356823,train
1808,15.8695,85.2289,160.71,293.597,250.588,36.7672,139.644,98.7076,0.50022,11.2462,0.00724789,train
1809,10.9736,87.1532,69.868,15.6463,143.575,14.5317,5.16796,110.263,0.82591,27.0637,0.000614357,test
1810,7.52332,136.938,204.929,168.387,130.08,20.1879,20.7987,32.2354,0.342571,25.2843,0.00154545,train
1811,2.71175,35.873,41.6648,95.6412,70.3631,21.6805,0.662569,33.1334,0.456998,24.639,0.0015562,train
1812,10.1189,63.2517,300.268,144.727,124.51,16.3386,25.9659,91.4326,0.793147,20.6245,0.00121931,train
1813,14.9504,10.9638,92.1679,471.443,268.799,6.04913,78.0962,236.326,0.913059,3.59141,0.019118,train
1814,7.74806,41.6057,70.3753,6.19119,273.218,14.9002,1.64803,262.503,0.972254,21.8556,0.000170407,train
1815,18.8856,51.6169,48.0921,10.9788,227.758,14.659,7.44349,212.496,0.951826,11.3577,0.00107783,train
1816,17.9584,143.92,17.5532,60.9749,145.061,16.8162,15.8521,20.9778,0.242114,8.0034,0.0155956,train
1817,18.7744,141.67,111.439,21.8208,89.641,36.6348,7.79142,72.4385,0.780317,24.3331,0.00091905,train
1818,12.7958,27.665,60.655,19.7379,194.952,34.1721,3.81501,187.544,0.968937,9.34847,0.00104098,train
1819,18.1762,122.361,162.5,12.6054,108.082,14.3814,7.85248,96.5431,0.917429,25.6218,0.00035249,train
1820,19.3388,36.1753,80.0045,116.963,63.0472,29.6144,8.37162,56.1291,0.859253,7.28856,0.0070681,train
1821,3.14649,128.786,119.675,21.8409,162.543,12.5167,2.04592,53.4232,0.487489,80.299,0.00014356,train
1822,15.2293,126.879,25.0165,25.8757,244.578,32.9171,15.4757,81.468,0.451914,15.512,0.00393809,train
1823,12.1575,79.9971,338.139,388.79,94.5849,9.93177,59.7124,42.3769,0.572064,15.6289,0.00349465,train
1824,10.0792,51.3334,186.673,6.31419,260.538,33.5653,2.41265,256.2,0.987223,21.0989,8.5232e-05,test
1825,2.56119,34.6509,39.675,257.493,82.0663,13.9816,1.39882,17.8858,0.280988,15.4872,0.00415557,train
1826,16.2168,141.847,134.163,191.681,85.1607,26.384,30.3214,33.9719,0.362069,13.0301,0.00579228,train
1827,15.35,17.4548,252.184,253.134,103.026,33.4647,17.4013,99.2207,0.962467,5.34023,0.00385195,train
1828,6.20198,88.9113,145.464,40.4059,147.363,10.268,6.74874,85.3192,0.691211,40.3279,0.000430684,train
1829,3.12573,35.6823,30.835,12.1921,139.846,0.390555,0.501153,103.275,0.823182,38.4118,0.000308976,test
1830,4.7432,64.911,221.311,216.527,223.865,15.5725,22.3701,76.6345,0.503595,28.0706,0.00116016,train
1831,17.973,25.93,150.81,5.63731,162.855,33.4529,1.24991,162.369,0.997449,6.75362,0.000167958,train
1832,11.077,139.248,198.511,7.33237,259.892,2.29857,8.57871,228.756,0.91903,47.1312,0.000102288,train
1833,17.9071,11.6976,41.9103,65.5318,90.2038,8.15148,4.75182,86.8641,0.971208,3.50893,0.00699999,test
1834,18.3077,107.367,15.4365,307.139,173.956,1.03428,46.33,1.25812,0.135485,3.31375,0.0910669,test
1835,13.9505,128.089,75.1498,273.156,237.657,25.6372,78.5913,31.7343,0.235325,8.87801,0.0126769,train
1836,8.80901,77.5756,49.222,197.188,148.558,0.561353,18.8938,10.4441,0.293244,10.6229,0.00882243,train
1837,5.84671,63.2249,373.203,98.8942,232.491,25.5506,19.595,172.984,0.805848,35.6628,0.000387326,train
1838,18.8465,67.9159,71.8125,72.0063,151.702,15.6181,31.24,100.032,0.7414,11.4283,0.00472434,train
1839,6.17544,141.367,30.6464,10.5716,181.219,4.55419,2.3573,45.7197,0.45524,42.1405,0.000532562,train
1840,5.456,136.32,325.711,70.5638,268.907,31.6599,21.3951,112.831,0.541531,54.6629,0.000295504,train
1841,17.5387,12.8788,212.503,124.168,151.319,28.0386,14.3739,149.065,0.987177,3.88674,0.00256201,train
1842,11.9831,87.6703,247.525,22.6894,118.12,1.43878,8.34779,104.855,0.923816,27.9591,0.000274607,train
1843,4.28716,96.17,104.311,12.5553,295.664,35.1271,3.21828,200.071,0.751198,68.1551,0.000129005,test
1844,18.6468,128.732,82.6304,19.037,154.601,15.5425,16.196,110.005,0.782926,22.4033,0.001074,train
1845,16.084,19.4069,214.223,21.1471,147.885,3.44269,3.59989,146.946,0.995555,5.80051,0.000396934,train
1846,5.94617,60.0389,308.714,7.97498,206.528,6.96473,1.79008,200.143,0.978635,40.5041,3.84017e-05,train
1847,18.9306,69.7305,109.532,245.939,297.266,27.9381,167.284,130.85,0.570282,8.97278,0.0106265,test
1848,7.50594,91.6642,291.315,484.326,126.811,31.9329,36.1268,43.6276,0.356426,17.7675,0.00311976,train
1849,12.1866,137.701,18.8777,82.3584,81.3527,17.7923,5.29587,18.4143,0.187746,8.67338,0.0132917,train
1850,3.55854,13.1587,35.8901,218.082,206.104,8.2038,4.79552,121.378,0.707492,11.1721,0.00540578,train
1851,14.0524,37.2931,28.0614,78.3886,102.8,1.54653,10.1657,60.0649,0.710962,8.2581,0.00981377,test
1852,13.8455,99.4482,23.004,13.2195,65.5859,34.9999,1.18514,50.1884,0.654814,19.4682,0.00198911,train
1853,18.138,120.242,42.5038,48.5592,245.988,1.25968,41.0677,67.7027,0.486042,13.3745,0.00518051,train
1854,4.43053,33.7028,20.4965,17.6513,240.766,28.7642,1.3991,169.299,0.771644,24.251,0.00095388,test
1855,8.71748,19.9709,78.0952,36.922,176.075,30.8104,3.14298,168.743,0.966,9.81806,0.00103037,train
1856,4.58192,134.459,133.927,221.449,215.012,13.4963,16.906,15.8308,0.194083,22.976,0.00189405,train
1857,5.76227,34.8478,204.324,176.348,125.619,32.2929,8.64845,98.0047,0.799934,20.1506,0.00124332,train
1858,6.05752,56.1606,386.435,21.5692,236.305,31.4216,4.6614,224.364,0.961043,36.6012,8.45266e-05,train
1859,13.2142,24.9602,47.0648,148.429,145.642,39.9116,14.8278,115.478,0.805262,6.88947,0.0104185,train
1860,10.4928,121.047,106.525,373.735,93.9738,18.6799,25.3585,20.322,0.221051,10.4214,0.00920333,train
1861,6.61453,83.4478,33.978,43.4927,294.097,31.234,8.39036,80.1139,0.415,21.3573,0.00211669,train
1862,16.952,101.249,180.929,31.2289,174.021,23.1957,23.076,145.337,0.872081,21.7068,0.000731494,train
1863,11.6242,53.1975,79.1434,360.359,120.571,11.4248,35.4428,34.9845,0.439826,8.49116,0.013232,test
1864,12.3556,87.4284,26.5369,42.6553,197.718,18.193,12.6177,63.1189,0.468962,13.7425,0.00496509,train
1865,10.6606,55.4936,350.098,298.85,264.805,34.9456,100.043,179.455,0.747696,16.3162,0.00227502,train
1866,8.62174,81.4291,30.3962,23.8866,55.3984,39.6582,0.491246,45.7928,0.577116,22.3797,0.00169384,train
1867,2.23294,117.625,54.2902,7.43986,116.597,29.0545,0.277583,55.8782,0.514075,108.834,7.64999e-05,train
1868,12.4803,80.8511,38.0226,44.6042,249.613,18.3885,19.3076,105.944,0.568606,15.303,0.00366015,train
1869,3.34142,129.234,31.5835,9.61529,110.252,13.3749,0.505116,29.4407,0.397151,61.8386,0.000254316,train
1870,11.201,15.3356,18.5393,64.7072,168.132,7.35683,5.86182,140.63,0.882912,5.71819,0.0097736,train
1871,7.09793,19.8854,71.4091,11.0035,118.234,28.0658,0.472807,116.44,0.986645,12.0433,0.000273431,train
1872,9.99895,27.1984,36.2971,6.53865,243.168,38.068,1.22525,236.862,0.97935,11.6352,0.000450309,test
1873,2.41513,144.109,59.2299,7.85415,194.536,32.3337,0.634592,69.814,0.453671,108.734,8.00645e-05,train
1874,4.31492,133.203,277.831,254.065,281.628,12.0558,31.8616,22.8647,0.255569,31.8136,0.000986451,train
1875,15.5945,102.018,121.665,133.503,51.9191,4.96756,17.2863,20.4417,0.531463,14.4386,0.00427799,test
1876,13.669,47.7161,137.457,23.5719,98.142,30.4838,3.35644,93.9522,0.958455,14.3416,0.000586007,train
1877,19.9017,42.7697,255.014,287.04,283.396,17.452,195.417,227.572,0.857556,8.22929,0.00560024,train
1878,7.63778,132.825,20.6266,172.653,295.159,25.2548,16.8881,25.3274,0.112099,7.90993,0.0159829,train
1879,10.8567,139.634,53.6937,5.03007,152.52,26.6388,2.51381,118.497,0.817705,42.8856,0.000254266,train
1880,7.76556,68.3978,87.0184,133.659,121.227,29.8759,10.1926,54.7013,0.486472,17.6255,0.00298194,train
1881,8.60638,80.3026,223.019,358.383,284.725,38.6258,85.3538,89.8491,0.434092,16.6354,0.00345752,test
1882,18.671,67.4466,70.1419,11.7687,129.406,2.59889,5.94677,118.457,0.942034,14.554,0.000783177,train
1883,10.9522,44.726,182.686,105.249,248.396,38.382,31.3023,206.993,0.86715,15.032,0.00157744,train
1884,3.78801,74.4816,28.1754,26.3104,204.343,36.3385,1.64606,67.5336,0.414857,33.0433,0.000884318,test
1885,9.02796,32.0419,73.1519,202.209,281.982,28.9496,34.5748,169.076,0.694646,10.5563,0.00623885,train
1886,16.0549,34.116,129.493,13.9713,168.056,25.4576,3.78247,165.345,0.987188,9.37812,0.000433051,train
1887,11.9109,16.2154,275.93,216.701,224.539,37.0676,28.2703,215.994,0.968936,6.24537,0.00233854,train
1888,14.6608,114.449,46.4442,185.434,133.591,2.39545,33.9217,7.74952,0.256309,8.25973,0.0146337,test
1889,16.0952,64.5282,20.4529,12.3362,50.304,38.7611,0.403115,47.1759,0.816705,13.9139,0.00242696,train
1890,16.6371,45.9574,19.657,165.339,246.879,21.929,42.2893,69.3918,0.434072,5.23031,0.0349844,train
1891,9.07683,123.995,44.9154,136.467,199.86,9.0337,20.2902,12.8053,0.216399,12.041,0.00689456,test
1892,5.30107,106.485,329.264,48.5778,98.9025,11.5439,5.44954,62.3446,0.715225,58.1833,0.000195523,train
1893,18.0088,54.5609,170.309,181.972,64.3791,5.41248,28.4176,46.3631,0.792551,10.3972,0.00481052,train
1894,17.1515,20.2603,143.673,184.556,141.021,19.9009,27.916,131.155,0.944143,5.40523,0.00550802,train
1895,11.9989,110.94,196.01,42.7835,259.467,11.2831,35.1711,175.621,0.771202,29.2929,0.000654754,train
1896,9.78915,50.714,111.183,483.021,208.986,9.09921,68.8942,51.3983,0.436457,9.48097,0.010632,test
1897,3.76098,63.7182,198.702,126.772,227.927,31.5791,10.5387,102.049,0.554192,38.1104,0.000599877,train
1898,10.6204,35.1421,129.866,18.5968,284.927,0.847992,6.49638,274.375,0.975092,13.8811,0.000380209,train
1899,6.67662,125.008,25.9332,419.899,146.527,2.33012,12.8947,2.33124,0.0801505,6.08286,0.0270262,train
1900,10.5302,85.4091,48.8089,23.757,207.438,34.2723,8.33519,130.198,0.695644,23.2648,0.00128135,train
1901,9.64424,82.8449,76.6653,16.1805,180.692,26.3435,5.35988,141.958,0.830841,29.3788,0.000508864,train
1902,12.18,149.359,292.335,141.803,62.982,8.43667,22.4695,24.0515,0.498144,24.9324,0.00147704,train
1903,5.45681,90.3543,16.1522,63.0293,71.8428,19.1037,1.06537,19.8869,0.203835,13.7043,0.0053234,test
1904,6.59897,61.6937,21.0742,308.057,155.997,3.9666,10.3145,4.75765,0.167711,6.43942,0.0241154,train
1905,6.31385,131.089,175.263,115.993,102.521,21.5024,9.02426,32.1723,0.364911,30.6702,0.00104466,train
1906,3.70716,42.2788,37.0928,83.1656,156.159,37.0919,2.27877,65.1589,0.457337,21.3203,0.00207795,train
1907,13.2998,142.993,33.3695,113.858,110.863,35.727,11.1563,37.1187,0.213312,9.38699,0.0113449,train
1908,15.9429,96.576,145.8,13.4722,163.298,0.57688,10.2527,145.951,0.92855,23.4277,0.000368289,train
1909,14.4257,75.3761,132.736,480.78,86.2713,10.4602,51.4296,22.8607,0.394201,8.6332,0.0130627,test
1910,15.3844,69.2601,19.0816,451.685,119.047,20.0612,27.5443,20.7255,0.174356,3.31414,0.0910419,train
1911,17.5084,124.194,15.8301,54.9352,276.155,10.081,28.5126,24.4205,0.275832,8.10218,0.0151898,test
1912,5.39237,145.168,394.418,40.6656,99.6589,20.0041,5.37641,61.0755,0.668709,72.6783,0.000138992,train
1913,3.88746,16.7519,21.0408,50.6446,271.844,25.8796,2.16267,199.919,0.80207,14.6273,0.00233925,train
1914,5.57375,69.3994,156.181,213.06,233.406,11.2065,25.8703,59.1852,0.440828,22.396,0.00190092,test
1915,13.5982,58.916,26.8734,138.355,132.473,39.546,13.8949,55.9934,0.405967,7.44156,0.0175023,train
1916,16.6627,107.102,265.536,7.58622,89.5172,16.4334,3.14092,86.5247,0.972628,25.9794,0.000119011,train
1917,14.6537,118.947,51.4681,7.97029,99.2986,26.3574,2.72696,81.0133,0.831007,27.8128,0.000567316,test
1918,15.9644,67.3902,43.4952,28.8518,279.598,10.9184,21.8952,195.923,0.788957,14.1106,0.00264743,train
1919,7.4605,66.1703,191.843,7.53482,55.8617,36.3184,0.22747,54.9471,0.968728,35.337,7.32547e-05,train
1920,16.9392,28.9928,116.293,13.7205,76.6872,12.8583,1.53291,75.7336,0.989892,7.76703,0.000499631,train
1921,4.99854,67.5673,16.0726,23.3776,94.7999,19.6762,0.793726,33.9193,0.41822,23.0312,0.0018176,train
1922,16.7547,73.9312,171.99,126.5,56.2882,36.7906,7.60262,49.1073,0.749627,13.9808,0.0030808,test
1923,3.30189,11.2102,101.452,5.44716,135.611,24.115,0.0755879,135.09,0.996872,14.5348,4.43213e-05,train
1924,18.2669,88.7148,21.1628,10.9289,163.087,30.0476,5.94928,116.892,0.764357,15.6131,0.00235835,train
1925,13.1678,27.693,38.4411,33.0577,97.8576,20.7475,3.01935,89.2003,0.924093,8.69787,0.00283094,train
1926,8.17617,41.0482,39.4011,124.048,175.157,18.9901,11.8462,74.833,0.552462,11.6469,0.00643533,train
1927,13.5833,108.843,28.5937,45.7324,282.332,32.7898,22.0986,76.2526,0.404297,13.3628,0.00543123,test
1928,10.7662,104.789,23.5968,15.3099,76.6399,19.0052,1.79035,40.004,0.558137,22.288,0.00174631,train
1929,12.027,71.0458,19.1543,41.6529,73.0289,15.161,3.26265,30.7172,0.483773,11.9147,0.00653845,train
1930,2.9173,66.467,58.054,13.9547,147.922,9.0869,0.821213,84.5037,0.68827,63.4136,0.000175311,test
1931,14.8033,51.4061,89.097,11.58,97.0008,28.2979,1.96943,93.5089,0.965914,14.3829,0.000481002,train
1932,12.9622,54.7102,56.9873,79.107,77.8355,24.4377,6.92731,54.0071,0.694929,12.4274,0.00449836,train
1933,18.806,109.797,241.921,267.455,122.863,4.53181,114.867,44.3343,0.536539,13.0666,0.00519774,train
1934,16.7239,64.21,68.242,5.08008,239.845,16.6951,3.96397,230.899,0.973141,15.9183,0.000311241,train
1935,11.0511,104.343,374.194,8.11925,141.481,25.4421,3.40184,136.446,0.971013,37.6436,5.99468e-05,train
1936,12.3645,74.2039,91.0272,5.54091,115.975,21.051,1.52005,110.661,0.962547,24.0688,0.00018816,train
1937,5.07562,126.362,142.895,398.029,103.882,31.3273,9.82828,31.6949,0.167227,16.8202,0.00353448,train
1938,12.5625,120.151,56.36,19.0394,270.452,27.0471,15.098,152.892,0.669542,26.2843,0.00106096,train
1939,7.05448,58.6854,358.317,88.2935,284.108,5.15221,28.3316,225.488,0.858624,29.4298,0.000434577,train
1940,4.48005,105.779,31.0875,76.702,168.461,26.7965,3.2581,28.6751,0.199292,19.0213,0.0027634,train
1941,15.6392,68.7517,42.1062,267.708,268.024,22.4054,79.6592,48.8547,0.339348,6.30661,0.0248582,test
1942,5.59814,121.381,47.6721,46.4828,228.674,12.5399,6.67355,29.4412,0.307623,26.9876,0.00136462,train
1943,16.2233,66.7486,98.967,45.1855,90.0449,36.6764,7.36626,77.9028,0.846475,14.7773,0.00185177,train
1944,17.178,149.98,47.3613,28.492,83.0464,18.4985,7.96159,38.7909,0.519967,18.6792,0.00258352,train
1945,6.50095,90.16,40.1735,15.2832,255.131,5.20101,4.51905,120.995,0.631126,35.6428,0.000618289,train
1946,5.96137,115.987,20.2089,396.12,203.464,30.3269,11.1999,30.3274,0.0742246,5.8508,0.0292126,test
1947,9.72579,37.912,228.176,76.7752,215.857,31.7444,16.2243,196.973,0.931135,15.4497,0.000818116,test
1948,2.11069,124.178,381.3,18.8406,55.5538,24.8836,0.330907,41.7274,0.692522,163.665,2.60731e-05,train
1949,18.0815,20.7608,22.9578,65.9373,171.643,35.9228,11.3615,148.791,0.884054,4.94426,0.012983,train
1950,14.9012,113.671,36.1586,402.811,289.906,30.0004,89.6235,30.8628,0.155768,4.90876,0.0415003,test
1951,2.35841,130.406,95.7782,8.1765,274.426,5.25485,1.24407,111.995,0.5824,129.396,5.03338e-05,train
1952,15.8979,46.93,19.5725,207.794,138.163,10.7731,25.3178,29.3686,0.376195,4.81825,0.0421955,train
1953,13.5444,56.9993,31.951,415.641,184.297,2.80478,51.729,11.566,0.26688,4.75937,0.0440487,train
1954,3.46718,96.6692,49.3455,89.5636,164.97,14.2765,3.21182,17.7522,0.223993,25.2049,0.00157326,train
1955,5.23547,58.5161,185.538,7.91905,119.221,8.39084,0.831515,113.057,0.962831,44.0086,5.58645e-05,train
1956,11.7564,56.8476,375.512,44.8455,270.402,30.2446,22.6937,253.997,0.954248,19.4111,0.000351003,train
1957,9.73669,75.2806,15.3767,212.325,200.461,38.7742,13.9423,39.7165,0.170843,5.45443,0.0336115,train
1958,17.1385,142.266,18.8088,36.4143,253.593,28.2539,20.7025,48.2893,0.319746,10.9365,0.00829514,train
1959,8.37495,48.2896,228.711,60.9243,114.86,0.627522,8.34601,98.6343,0.904651,21.7694,0.000557731,train
1960,19.889,101.089,77.8947,99.2582,114.985,14.9925,36.2271,50.5237,0.550782,11.7485,0.00633596,train
1961,9.564,97.1079,26.8813,19.2688,183.071,16.5713,5.22324,74.2452,0.544584,22.6623,0.00171389,train
1962,4.10978,143.489,60.7128,213.585,53.7911,27.8824,1.22101,27.8934,0.118254,16.6332,0.00361451,test
1963,2.24108,87.1375,209.756,59.69,182.413,9.80335,3.09741,56.7401,0.486898,76.2131,0.000159435,train
1964,11.2084,47.1134,272.537,446.738,169.265,22.3928,79.8481,103.196,0.692378,12.3337,0.00459315,test
1965,12.9325,135.721,194.34,43.5722,153.871,33.3588,21.0103,102.342,0.708739,30.4603,0.00072489,train
1966,5.06109,30.7501,191.457,428.552,113.41,36.1956,10.9236,73.8728,0.648499,16.409,0.00283216,train
1967,19.036,64.5998,64.6308,10.5482,226.071,21.2156,8.5007,210.334,0.948425,13.8225,0.000776702,train
1968,18.7672,88.2399,17.4091,5.78813,73.7454,10.7986,1.669,58.4527,0.836043,16.5597,0.00155992,test
1969,12.038,141.781,349.457,48.4152,100.216,19.0359,16.5203,72.3624,0.767614,36.931,0.000416948,train
1970,6.23863,39.5243,18.8654,154.672,192.085,35.409,6.51708,51.3992,0.333984,8.79768,0.0127872,train
1971,5.97211,29.3468,20.6187,35.3209,269.341,28.2327,3.67801,179.388,0.746413,15.4179,0.00255763,train
1972,4.20632,71.7406,260.19,8.27889,185.21,18.548,1.26057,172.691,0.949776,65.745,3.34599e-05,test
1973,10.3922,71.5085,44.3206,37.0401,272.254,32.2036,14.0657,151.094,0.653845,18.6503,0.00217126,train
1974,15.242,82.4035,274.989,122.322,201.927,39.974,64.2063,150.528,0.785083,17.7628,0.00169501,train
1975,13.5964,55.5944,228.034,8.41109,183.393,27.188,3.26969,180.498,0.987601,17.1404,0.000125377,train
1976,8.7479,62.3462,93.2789,115.689,190.445,7.47949,22.268,82.8001,0.593176,17.5034,0.00271239,train
1977,2.52505,27.5559,153.859,11.6269,90.3428,30.2394,0.151483,87.595,0.969458,43.2883,4.77036e-05,train
1978,12.7388,50.4026,15.6092,11.9652,250.156,6.15607,5.13037,184.998,0.819408,13.7878,0.00244121,train
1979,4.73865,125.335,33.1326,9.53499,272.14,37.334,2.05717,101.466,0.487839,52.1004,0.000340925,test
1980,10.454,138.427,365.151,327.071,220.005,26.3102,111.182,54.6458,0.378875,20.4464,0.00234095,train
1981,3.40849,11.8122,98.3834,26.3589,184.839,10.6251,0.612477,180.556,0.983528,14.6172,0.000228301,train
1982,11.7509,13.5765,154.21,10.1551,176.817,23.424,0.947738,176.364,0.997979,5.61009,0.000193456,train
1983,17.3976,144.213,31.7338,227.396,249.128,37.2345,64.8811,38.2682,0.165833,5.66436,0.0311665,train
1984,16.7109,82.2653,51.0041,476.724,208.892,9.05678,105.678,15.8701,0.244436,5.05774,0.0390482,train
1985,7.97781,113.24,178.968,278.974,289.38,33.897,63.6933,54.2791,0.309423,17.8777,0.00310893,train
1986,15.8507,133.085,45.8824,15.9587,155.022,9.37271,10.5945,84.3487,0.667887,23.0985,0.00137829,train
1987,3.78729,98.9697,300.562,321.093,230.41,32.1496,22.4944,45.965,0.29723,31.3662,0.0010115,test
1988,17.6378,32.2931,196.642,21.2321,90.9231,37.438,2.28447,90.0655,0.989166,8.23346,0.000476102,train
1989,15.3788,18.509,15.7828,452.438,132.502,6.45545,30.6255,43.9649,0.497247,2.89108,0.110214,test
1990,4.40279,98.6671,22.3435,53.3157,61.9184,22.9561,0.616994,23.7056,0.215235,19.509,0.00262646,train
1991,16.6074,29.8902,62.4326,22.336,97.6822,21.2404,2.93562,94.0718,0.968047,7.93726,0.00148538,test
1992,12.2724,123.387,52.7862,11.9307,77.3331,16.4842,2.59316,53.3942,0.732643,30.1965,0.000693455,train
1993,6.974,139.066,40.4569,466.496,183.684,14.4458,21.2697,14.4494,0.0873274,7.0528,0.0201037,train
1994,3.95255,82.0712,29.3565,111.318,67.365,21.8638,1.01523,22.395,0.194339,16.3355,0.00374696,train
1995,16.2972,123.053,56.8332,5.65343,141.171,28.7736,3.66596,122.157,0.886377,27.657,0.000405286,train
1996,19.9509,48.212,17.2097,23.6474,174.992,15.5504,10.0806,128.535,0.801826,8.55238,0.00685348,train
1997,12.5099,66.6457,36.5234,372.547,113.177,30.1181,21.2796,33.2509,0.250787,5.59498,0.031901,train
1998,11.8435,90.0886,304.814,282.044,180.767,7.72459,95.3443,72.2148,0.564261,17.7326,0.00273969,train
1999,13.8038,89.1046,82.4063,66.518,192.772,28.194,27.5855,103.764,0.627799,16.8378,0.00278558,train
2000,10.6834,57.6027,34.3993,24.2442,176.491,31.2001,5.47793,126.946,0.768752,17.3486,0.00188237,train
2001,6.40111,21.4459,19.8703,40.1624,160.042,19.2048,2.15907,123.339,0.823621,11.8613,0.00323453,train
2002,19.8063,21.5656,20.4097,28.5986,244.14,39.4819,9.06735,225.973,0.938915,5.02819,0.00693827,test
2003,17.083,134.291,377.484,54.844,167.423,4.05907,55.1181,125.58,0.827276,26.8405,0.00062049,train
2004,13.4601,120.944,32.9243,68.439,144.676,0.212093,16.7518,13.3804,0.322328,11.9073,0.00699479,train
2005,18.4321,79.9518,34.7392,47.6867,50.3654,1.58444,7.00513,23.1577,0.615005,11.2857,0.00632548,train
2006,7.49628,100.834,34.8599,229.384,123.267,3.95315,10.8772,4.49904,0.16431,9.00501,0.0123317,train
2007,8.97736,69.1296,34.3056,8.65615,278.137,17.7256,3.83243,218.053,0.8446,26.8598,0.000566302,train
2008,12.985,142.171,72.0847,489.293,138.41,8.47864,56.7158,8.81849,0.150388,6.73665,0.0220348,train
2009,19.3542,137.873,200.375,16.8914,258.525,21.5554,31.1347,221.955,0.896405,26.4392,0.000407883,train
2010,13.4813,119.068,162.54,32.8955,142.032,16.5775,16.6739,101.093,0.779137,28.3048,0.0006821,train
2011,5.58699,76.4938,354.903,31.494,253.775,30.3399,8.54918,216.703,0.888653,49.5563,0.000123947,train
2012,6.10039,144.706,48.5195,199.232,137.834,38.8065,7.28706,38.9071,0.131791,12.6366,0.0062624,test
2013,6.87477,48.5454,15.9187,28.0488,166.077,20.4948,2.54252,76.5725,0.573557,16.774,0.00302834,train
2014,2.76032,28.1207,28.907,42.2325,297.013,7.50831,2.00056,151.246,0.654915,27.3426,0.00100819,train
2015,5.76089,94.8523,47.7561,314.036,218.186,7.31745,17.7365,7.95015,0.15369,10.2756,0.00947069,test
2016,10.1089,92.1306,50.6806,44.9705,277.05,28.6452,17.8731,110.686,0.532233,19.9349,0.00224249,train
2017,10.5394,13.1249,63.951,8.24566,219.321,20.3999,0.852458,218.152,0.995987,5.95726,0.000339729,train
2018,11.3815,145.596,50.1036,145.135,257.438,10.4995,40.1572,14.848,0.211105,11.0131,0.00824221,train
2019,4.00947,66.1909,15.8734,18.5346,81.1128,26.8214,0.363881,37.6763,0.427251,28.6406,0.00117041,train
2020,10.6016,63.0321,21.5927,203.536,279.134,39.3957,27.2296,49.0417,0.255091,6.32172,0.0249829,train
2021,7.88487,90.0163,33.2932,56.8364,296.552,35.6247,12.3724,70.3515,0.36613,17.0856,0.00336516,train
2022,4.91728,136.883,262.808,292.419,132.22,5.7469,18.9808,9.71577,0.240549,27.0253,0.00136783,train
2023,4.94625,15.8268,29.2825,136.356,280.423,39.4968,6.49477,190.478,0.745613,10.2887,0.00575816,test
2024,12.4431,25.424,19.323,100.972,264.16,27.9492,18.7522,162.768,0.704859,6.46561,0.0162552,train
2025,18.0577,52.4769,43.3794,139.865,218.26,15.0899,54.852,100.245,0.59704,7.5372,0.0145555,test
2026,16.565,48.644,96.0464,36.7348,83.2098,26.0251,5.32184,76.6058,0.922252,11.7552,0.0015839,test
2027,2.69192,29.6704,173.603,28.7884,82.3278,7.79718,0.512413,74.6086,0.930661,41.9619,0.0001116,train
2028,9.6584,38.7749,173.864,45.8818,61.2414,17.8717,2.34388,57.522,0.942468,16.0771,0.0006372,train
2029,13.0721,107.907,371.58,101.049,129.42,33.6928,33.422,95.0884,0.756766,25.7445,0.000888721,train
2030,7.69718,139.527,85.6331,232.365,134.394,32.9042,15.1854,33.9081,0.188254,13.8382,0.00522157,train
2031,15.9269,28.5638,20.5461,15.2456,155.576,15.8774,3.25708,143.023,0.939114,7.67603,0.00295452,train
2032,18.9708,107.467,21.8571,54.7865,80.7378,39.4519,5.79691,45.71,0.383228,9.06693,0.0118879,train
2033,16.6985,113.324,38.5559,33.6685,274.114,13.0558,29.8195,105.574,0.550403,15.4915,0.00364544,train
2034,3.03045,110.318,188.827,316.593,171.446,31.4458,8.96947,32.9527,0.191364,28.0565,0.00127023,test
2035,14.8898,17.8967,15.8995,9.36782,146.924,27.5566,1.10388,142.766,0.976166,5.66937,0.00219323,train
2036,5.60717,102.34,23.1112,18.2463,147.675,27.0169,1.61055,47.455,0.40031,29.6257,0.00110671,train
2037,12.2372,89.9169,29.0993,332.296,299.585,30.8137,56.1982,32.6765,0.176039,5.35004,0.0349354,train
2038,9.25429,101.781,120.736,6.44983,189.651,35.3794,2.78298,172.186,0.924181,41.5815,0.000123594,train
2039,18.4489,123.584,37.9184,368.075,170.439,10.7544,74.2552,11.6636,0.170032,4.72601,0.044771,train
2040,2.14906,81.7943,153.252,192.893,133.833,7.11893,3.40704,11.8307,0.250768,38.4282,0.000676238,train
2041,17.3517,50.3666,204.095,17.9324,102.005,39.8961,3.25584,100.181,0.980283,12.3621,0.000381145,train
2042,4.37091,26.4727,33.3367,46.9892,195.878,16.0793,2.44646,133.573,0.765013,19.2984,0.00154024,train
2043,4.90495,46.6902,29.2044,5.05955,154.14,26.2516,0.432029,135.886,0.904275,35.3355,0.000212441,test
2044,7.39979,96.963,62.0206,14.4498,267.831,21.329,5.92994,168.045,0.724745,38.7115,0.000431007,train
2045,13.7581,68.146,92.2504,66.6679,199.614,27.4309,26.5948,135.96,0.748784,15.5842,0.00248569,train
2046,17.4104,52.7176,35.3447,333.047,175.991,25.4302,58.3704,46.872,0.372914,4.88957,0.0410137,train
2047,2.38478,127.167,15.0097,265.908,221.519,25.1564,2.26936,25.1564,0.0454057,9.73031,0.010562,train
2048,12.2217,115.326,120.659,181.112,144.833,19.1642,39.0149,37.336,0.377128,14.6118,0.00458625,train
2049,13.6161,55.8194,24.5971,22.6041,122.355,32.6454,3.9599,92.0678,0.770831,13.4109,0.00312821,train
2050,7.47009,87.5005,118.004,177.341,293.415,28.6397,38.3607,70.4009,0.38953,18.6404,0.00280658,test
2051,17.4038,37.2055,153.723,71.6356,138.819,18.1659,18.5118,128.571,0.942649,9.00337,0.00202756,train
2052,4.32932,132.964,21.8102,286.642,280.781,0.0868796,9.93079,0.0870969,0.0676993,8.38456,0.0142246,train
2053,4.55875,48.3524,79.1805,8.30912,256.264,31.9582,1.22997,233.158,0.931036,40.4311,0.000119598,train
2054,19.9581,90.6239,22.2083,24.5356,122.008,20.3438,9.35645,66.7871,0.625688,11.9899,0.00551241,train
2055,5.03921,81.8475,19.442,170.143,157.106,3.43302,4.96635,3.73616,0.144369,9.52383,0.0110249,test
2056,8.13417,110.468,17.6719,36.1401,89.8084,30.5512,1.72296,33.8998,0.279848,15.4821,0.00415871,train
2057,10.6955,93.8565,129.342,61.1576,155.114,39.5965,15.3067,99.0739,0.667983,24.115,0.00126431,test
2058,9.70879,23.7357,72.3444,6.73617,295.763,19.3434,1.47302,292.204,0.991345,10.6858,0.000226003,train
2059,10.2669,50.9215,115.973,198.173,202.604,19.2472,40.0177,106.188,0.638355,13.3027,0.00438599,train
2060,11.042,12.0155,30.7679,10.1822,118.448,1.57243,0.604749,116.987,0.991421,5.30676,0.000913543,train
2061,17.1043,37.799,283.386,279.928,193.956,11.864,101.751,162.473,0.882913,8.68753,0.00422392,test
2062,18.8954,147.677,262.553,7.1614,225.357,3.89656,13.7391,211.307,0.957573,30.8932,0.000128847,train
2063,12.596,28.4194,36.371,20.1828,80.2537,20.732,1.41868,75.4315,0.94535,9.47706,0.00174742,train
2064,18.3801,59.258,18.9267,10.3057,268.735,19.6909,8.18577,218.938,0.865023,12.0205,0.00250202,train
2065,13.4014,128.488,22.6882,11.4065,200.697,28.075,6.25235,94.1827,0.572076,22.5114,0.00168439,train
2066,12.0904,92.1743,87.8057,16.7794,156.258,18.2837,7.06992,124.414,0.844551,26.5992,0.00057761,train
2067,15.2039,48.0189,271.691,14.7067,270.505,22.3695,8.91907,265.86,0.98745,13.4622,0.000205748,train
2068,17.7329,73.2912,164.858,22.9139,232.711,39.0304,18.0888,215.768,0.941318,16.5034,0.00061618,train
2069,2.15708,125.146,43.2616,52.5412,293.502,37.3559,1.92178,38.6719,0.167654,39.0744,0.000654944,train
2070,12.9556,50.6713,177.805,51.0223,117.167,37.9812,8.17539,107.995,0.92219,15.3495,0.000929426,test
2071,7.67015,120.887,331.408,73.6761,207.555,16.6594,27.3,111.688,0.655949,42.0089,0.000426293,test
2072,16.2919,14.6368,227.607,389.782,97.9678,37.4202,21.5628,93.9633,0.954105,4.38282,0.00697506,test
2073,5.96768,56.5946,35.4275,5.22397,59.3917,4.47141,0.28179,51.3599,0.901907,35.1149,0.000219991,test
2074,5.14289,80.7792,15.2199,108.792,160.739,9.87043,3.55656,10.5374,0.163426,10.4311,0.0091903,train
2075,12.4184,15.227,114.327,10.0356,226.96,11.8235,1.53925,225.971,0.99686,5.88611,0.000272523,train
2076,15.6698,52.5631,37.3085,292.126,164.851,36.4582,40.7756,57.1665,0.390999,5.6373,0.0306738,train
2077,16.0923,23.5039,302.319,106.8,79.9879,21.5261,8.50182,78.1355,0.978461,6.69491,0.00142122,train
2078,8.96565,112.556,41.2571,329.728,131.027,2.1116,20.0505,2.38569,0.145882,7.47152,0.0179135,train
2079,3.03419,12.4621,25.1636,86.0034,245.009,21.5996,1.93765,179.098,0.800227,13.9471,0.00259254,train
2080,7.73668,87.8706,39.8335,10.6382,260.154,21.48,4.11667,169.724,0.742796,34.4885,0.000516552,train
2081,19.8495,70.2958,125.194,54.2019,88.6797,27.6183,13.3958,76.2307,0.862448,13.0797,0.00214843,test
2082,6.16761,21.3641,203.007,27.2808,211.739,4.16104,2.47575,207.103,0.985035,14.6334,0.000207207,test
2083,2.73321,44.2867,113.631,23.8569,224.943,19.6617,1.57718,174.356,0.834014,54.8888,0.000143459,test
2084,5.56787,32.2217,23.4806,22.5038,241.67,21.6041,2.33547,177.246,0.802069,19.3686,0.00133406,train
2085,18.4005,79.472,34.6947,69.0492,164.441,26.7532,24.8703,73.4619,0.538264,9.83732,0.00915516,train
2086,6.79055,139.386,116.961,121.997,80.3413,22.5031,6.06167,26.0062,0.285428,23.7207,0.00177073,train
2087,18.3208,48.5983,40.7494,236.673,158.507,11.9989,53.5686,55.6494,0.504741,5.8603,0.026602,train
2088,14.8132,127.803,15.7189,12.5258,235.557,14.3199,8.42808,77.3661,0.496959,17.6473,0.00295103,test
2089,13.2342,109.727,154.08,57.1266,104.42,4.57717,18.6516,59.9095,0.695828,23.7727,0.00122668,train
2090,13.7201,43.3192,17.9612,199.862,120.252,17.7478,15.3542,32.2229,0.371939,5.0693,0.0381675,train
2091,16.2372,141.339,126.485,120.62,88.7585,13.3732,29.5685,29.4526,0.438436,15.7041,0.00387106,train
2092,10.8966,12.8232,78.7383,8.46506,70.0914,25.2187,0.201529,69.8847,0.996849,5.68924,0.00029287,train
2093,3.54156,70.4262,121.149,30.1628,57.0681,15.5043,0.692376,38.5419,0.696068,56.0632,0.000220438,train
2094,2.10474,76.9542,288.178,208.642,234.987,12.0284,8.23957,37.1342,0.34573,50.9085,0.00038096,test
2095,10.1149,84.295,333.863,32.5994,68.777,8.85537,4.92101,61.0081,0.913081,31.3505,0.000246913,train
2096,15.9535,103.551,166.696,25.0868,178.134,22.3029,18.4602,149.421,0.876125,23.6233,0.000600225,train
2097,7.94829,68.6707,154.934,49.2197,98.4372,0.922744,6.75891,69.3106,0.798153,28.3813,0.000631256,test
2098,9.98285,108.339,15.3218,72.3111,132.877,36.9348,5.00277,38.4915,0.207451,9.21296,0.0117785,train
2099,4.11784,88.9437,113.759,27.2628,212.648,18.877,3.93859,111.167,0.640544,55.9825,0.000246714,test
2100,6.78713,36.9658,324.093,46.6011,79.7357,11.9267,2.50033,75.6642,0.959814,21.8702,0.000243979,train
2101,4.89738,18.4253,22.6522,16.1702,290.388,1.41221,1.31545,260.768,0.931168,14.9444,0.000873997,train
2102,2.3734,16.5925,111.125,23.5581,228.953,17.5603,0.616612,218.282,0.96625,27.9866,0.000125788,test
2103,18.2479,82.9246,80.8937,58.1382,171.991,23.8612,31.4608,112.918,0.728387,13.9685,0.00327869,train
2104,6.54824,118.31,323.585,111.04,166.348,39.0932,18.8697,82.5804,0.54119,39.6527,0.000561764,train
2105,10.9478,55.9195,24.9994,15.0847,231.995,5.93898,5.54381,167.095,0.805869,17.2709,0.00165148,train
2106,4.17791,19.4746,117.042,179.586,162.066,19.0575,5.773,127.031,0.834642,16.3968,0.00160261,train
2107,6.83237,88.4325,92.4742,447.306,202.168,32.2523,30.6523,35.0686,0.208442,11,0.00826219,train
2108,12.7203,146.493,230.032,183.139,202.279,12.3874,86.3049,47.6872,0.414918,19.5285,0.00253179,train
2109,18.9754,127.458,172.914,24.895,115.191,37.2108,13.0669,98.2892,0.85408,23.8016,0.00068299,train
2110,11.2433,60.1148,165.188,8.26687,262.71,7.26307,4.58642,253.98,0.977147,21.8752,0.000140669,train
2111,5.23342,112.69,38.6087,338.327,59.5789,22.3787,2.52845,22.3853,0.107186,9.33924,0.0114651,train
2112,5.21699,29.1644,69.2555,47.1309,104.868,19.7594,1.73207,87.7599,0.864701,20.2004,0.000887589,train
2113,10.5721,12.914,30.2942,18.7973,153.162,19.1881,1.27724,149.55,0.981569,5.7776,0.00163997,test
2114,9.01498,91.7617,61.1888,47.8626,130.229,23.9541,7.28073,59.7873,0.537568,22.4248,0.00176291,train
2115,3.53008,58.7442,61.9347,76.3856,221.036,23.9423,4.36395,65.906,0.438349,29.6167,0.00108843,train
2116,4.86262,51.7459,15.5819,77.9173,214.746,11.12,3.77062,24.7798,0.29374,12.7972,0.0060789,test
2117,16.6207,20.6786,17.6137,16.8261,279.027,35.2769,5.0814,263.158,0.955467,5.71044,0.00396936,train
2118,14.1736,120.488,97.4552,66.4138,62.4807,18.0292,8.89009,33.4711,0.545253,19.0857,0.00241477,train
2119,9.88219,79.2977,236.968,14.267,156.506,29.7491,4.35675,146.846,0.94901,31.4096,0.000148742,train
2120,18.4222,148.841,36.651,370.106,62.0172,9.27854,24.1249,9.36011,0.139175,4.63702,0.0465073,train
2121,8.1859,16.3307,164.81,89.6504,136.448,20.1338,4.78595,131.478,0.971152,8.72087,0.00111321,train
2122,16.2835,58.2988,36.6147,128.032,140.226,17.7045,26.0027,56.3571,0.519537,7.95979,0.0142348,train
2123,15.0008,106.875,159.06,103.431,269.583,13.0158,85.1925,126.555,0.615786,18.1647,0.00243863,train
2124,5.78648,90.5725,18.4077,18.339,119.657,9.70204,1.37469,29.2158,0.407541,25.9236,0.00144122,train
2125,5.08002,112.332,23.8552,88.4421,61.4787,19.4787,1.0972,19.6605,0.16292,14.5732,0.00470848,train
2126,7.20145,23.9359,112.451,65.7752,132.356,27.6851,3.744,122.072,0.933968,13.3511,0.00105307,test
2127,3.51983,30.6814,140.046,276.693,105.632,9.9512,5.58715,50.8249,0.604703,21.6888,0.00173856,train
2128,3.13637,99.1145,26.2711,284.328,280.208,17.342,6.26823,17.3462,0.0852029,10.8554,0.00848609,test
2129,15.4896,37.5438,119.58,5.99414,159.346,38.7334,1.44639,158.031,0.99267,10.6168,0.000194111,test
2130,5.03587,91.3696,47.0233,251.061,120.456,38.8472,4.97747,39.2403,0.165777,12.197,0.00672173,train
2131,6.55888,69.432,138.173,10.6238,272.569,38.3368,3.38137,247.34,0.927875,40.2176,0.000126075,train
2132,3.8043,71.1363,76.5413,6.34877,125.025,24.8162,0.478005,105.941,0.872073,66.0993,7.88876e-05,train
2133,15.3157,142.052,240.828,36.2064,148.257,10.0098,27.7926,105.53,0.791043,30.1385,0.000575647,train
2134,6.80245,35.8209,146.739,26.5816,91.741,16.9223,1.51953,86.472,0.952843,21.0231,0.000308064,train
2135,14.5688,32.996,50.9041,6.27758,199.554,14.9292,1.91463,195.477,0.985134,9.90984,0.000449161,train
2136,10.4032,55.5312,32.7191,219.624,225.151,25.0807,28.1146,46.0669,0.336773,7.52743,0.0174576,train
2137,10.306,37.0165,21.9228,157.257,177.394,27.2648,14.0502,64.1877,0.464247,7.13407,0.0184818,test
2138,14.8341,86.9839,55.7904,122.723,55.8264,34.4028,4.91102,39.0708,0.441949,10.8079,0.0081577,train
2139,13.9863,85.9979,38.7925,5.35763,195.291,31.7639,3.12263,172.479,0.906382,23.1988,0.00048291,test
2140,9.52033,33.0179,37.1756,483.559,178.081,37.5139,27.2095,58.2227,0.378099,5.62331,0.0309588,train
2141,9.68742,135.668,169.819,157.553,252.117,14.016,57.8094,45.823,0.366683,20.9076,0.00224693,train
2142,8.99074,95.2372,70.3329,33.2808,200.903,34.0364,9.60471,110.668,0.628116,27.2422,0.00106358,train
2143,13.4468,104.835,128.92,8.47497,112.389,13.3159,3.56944,102.048,0.930089,29.9352,0.000220991,train
2144,9.89915,31.1122,254.288,28.7475,113.817,20.9278,2.74229,111.486,0.983176,13.3433,0.000279776,train
2145,5.3588,36.5077,20.4719,61.4432,146.438,38.0951,2.23971,73.3138,0.528035,14.9173,0.00402091,train
2146,11.7452,44.0608,245.025,80.2292,84.6896,22.0873,8.05883,77.7258,0.925271,14.8095,0.000961439,test
2147,7.15746,117.079,64.0907,7.15441,205.422,5.6348,2.98967,141.181,0.782538,51.9846,0.000199746,train
2148,14.5533,86.7288,211.813,143.902,153.295,39.058,46.4214,100.405,0.683475,16.9758,0.00247181,train
2149,17.3356,26.7639,211.741,6.55518,133.318,15.7948,1.30176,132.921,0.99771,7.15905,0.000134171,train
2150,7.58071,130.273,18.1848,27.6667,97.5663,11.5583,1.99788,15.6284,0.266741,18.6022,0.00288336,train
2151,7.23942,56.4746,89.6484,5.08534,265.628,22.8516,1.58085,253.265,0.965959,31.1077,0.000102665,test
2152,7.86091,138.001,51.634,322.545,187.303,12.8463,24.6478,12.9775,0.126723,9.02539,0.0122763,train
2153,19.4773,46.1299,339.662,139.245,273.419,26.7299,100.006,248.892,0.932933,9.77114,0.00199619,train
2154,15.529,58.3561,62.6183,342.969,290.883,10.2371,122.714,64.4521,0.419882,6.73134,0.0212637,train
2155,11.6138,93.7638,79.4077,39.7899,56.6222,0.726003,5.27383,29.8484,0.672309,22.3839,0.00145487,test
2156,6.14796,97.8636,59.0681,393.551,60.5048,27.4217,3.81942,27.5173,0.152799,9.88186,0.0102405,train
2157,5.67432,21.2184,321.348,246.551,155.496,6.93267,13.5518,137.116,0.916843,14.6305,0.00108839,train
2158,7.32814,62.4598,143.771,15.5981,101.116,22.9439,1.67064,92.4432,0.925677,32.4849,0.000198762,train
2159,2.96244,21.3942,52.1802,12.4752,51.3308,6.28441,0.110027,47.9927,0.950415,28.4054,0.000177065,train
2160,11.4166,109.259,36.2268,107.256,264.419,18.2585,29.3585,31.6081,0.276535,10.8625,0.00845024,train
2161,12.8693,129.107,200.218,14.479,130.25,20.32,7.54989,111.686,0.886626,36.466,0.000232664,train
2162,3.71697,26.5816,141.173,190.239,169.948,17.9862,6.92237,112.97,0.745381,22.0675,0.00125222,train
2163,19.43,96.4421,37.0417,56.0022,223.612,21.012,37.1168,87.2385,0.529047,11.0329,0.00734391,test
2164,7.67941,48.2312,39.7156,234.891,286.166,31.8902,25.7641,63.3751,0.35652,9.31315,0.0113546,train
2165,19.6217,12.2297,107.337,289.312,98.2828,12.9822,24.7784,92.3472,0.950568,3.32042,0.0132218,train
2166,15.2704,17.9696,41.6074,11.163,217.123,28.2418,2.17973,214.11,0.989084,5.64476,0.00102423,test
2167,9.10551,40.6224,92.6377,45.5714,167.02,34.424,6.56697,144.475,0.885613,16.6896,0.00111982,test
2168,10.3031,123.953,23.6847,6.6784,164.295,36.0848,2.29855,99.8308,0.655466,32.1984,0.000726292,train
2169,10.8051,58.8672,107.098,59.6203,213.932,3.36198,21.028,152.106,0.801439,18.2667,0.00150377,test
2170,15.0713,23.3279,16.3509,75.2162,73.1044,23.0638,3.76741,57.0912,0.7802,5.61067,0.0173325,test
2171,3.44999,121.411,175.64,20.445,59.8005,9.55305,0.852725,32.4943,0.626334,88.7939,0.000100397,train
2172,7.08407,106.98,45.6431,90.8158,181.024,10.4156,10.2735,19.3364,0.273964,16.823,0.00352378,train
2173,17.0634,74.5473,311.548,6.56642,128.955,23.4911,2.89626,127.362,0.989896,18.2887,8.99101e-05,train
2174,4.78297,131.154,130.906,57.4562,231.331,5.68573,10.0413,41.2183,0.389456,43.1065,0.000524826,train
2175,12.0645,25.7131,61.3785,117.389,144.106,2.94089,15.4424,114.117,0.855807,8.15174,0.00576849,train
2176,17.7401,87.2609,18.0058,36.3186,111.64,29.6811,7.47372,52.515,0.491313,10.1581,0.00894567,train
2177,14.7383,24.2502,23.9293,9.84591,273.647,30.0147,3.01576,263.58,0.971992,7.36918,0.00151605,train
2178,7.71678,43.0244,173.51,9.4239,225.834,18.1305,2.09362,220.073,0.981459,22.8697,0.000104781,train
2179,2.63318,43.8035,337.683,12.6545,178.936,29.1585,0.672096,170.888,0.964103,65.1162,2.46693e-05,train
2180,19.3831,63.3391,26.929,74.4513,72.004,34.9279,6.51601,49.0246,0.56853,7.99977,0.0133973,train
2181,3.2907,46.838,25.601,499.255,131.941,36.3843,3.20333,36.5095,0.136277,7.89501,0.0160433,train
2182,10.8155,68.0749,62.8098,23.2817,120.963,39.8571,3.72509,99.3704,0.820297,21.4727,0.00100225,train
2183,4.48826,76.6314,134.703,33.3688,240.249,3.0299,6.15592,138.994,0.709344,49.154,0.000277959,test
2184,10.2036,31.7805,205.691,15.4678,112.949,2.10206,1.86534,111.061,0.988581,13.3049,0.000191825,train
2185,5.27602,35.8062,18.213,92.3419,175.299,21.5731,3.71979,52.1362,0.425841,11.9859,0.00668749,train
2186,18.7408,108.985,280.908,87.3659,189.268,10.7827,82.1224,133.086,0.786923,19.092,0.00145716,train
2187,15.396,114.648,29.7699,19.8787,106.354,2.04577,6.97135,44.0524,0.586602,18.0594,0.00257014,train
2188,17.7145,30.014,142.625,7.37222,138.612,4.60793,1.88494,137.705,0.99542,7.74163,0.000228914,train
2189,17.6467,80.5209,40.6364,222.588,232.202,26.7433,71.5928,47.5261,0.332472,6.40068,0.0241652,train
2190,15.8828,70.4943,293.459,215.127,210.487,24.0266,112.913,143.949,0.75759,14.2075,0.00291082,train
2191,8.52944,77.5271,115.2,11.6818,109.243,38.4214,1.60746,99.7607,0.910233,34.0039,0.000216232,train
2192,16.4877,57.9502,114.582,9.72378,241.401,37.3645,6.21553,233.602,0.974378,14.6732,0.000349799,train
2193,6.30151,106.598,273.294,92.9001,69.2178,3.73669,7.54244,29.4075,0.57898,39.7558,0.000535514,train
2194,3.86547,84.0175,16.4535,11.2855,236.492,21.4314,1.08267,65.6675,0.432237,38.0116,0.000662837,train
2195,18.3417,104.523,235.132,7.28395,299.23,0.0562958,13.3448,287.61,0.974029,23.1766,0.000142048,train
2196,9.10311,121.015,27.1762,99.8569,288.574,31.4813,18.2698,35.123,0.201835,10.9345,0.00836217,test
2197,2.71453,103.907,79.7456,21.6174,72.3385,4.411,0.607686,20.9586,0.463998,71.5077,0.000183963,train
2198,19.6644,93.4912,21.7505,22.7848,104.03,12.6663,7.86735,53.8884,0.621661,12.444,0.00514986,train
2199,15.6125,132.702,24.4742,113.395,115.893,3.76203,18.0981,5.80511,0.212434,7.43499,0.0180841,train
2200,9.19343,72.858,47.1332,176.058,153.205,4.5685,18.6606,18.9581,0.328512,10.7424,0.00858513,test
2201,13.5435,60.2003,20.0081,17.2931,204.253,15.3777,6.68214,136.47,0.756182,14.201,0.00292642,train
2202,15.1513,118.87,78.3128,40.2817,87.3978,6.49806,11.8673,43.1769,0.623738,20.198,0.00194834,train
2203,11.6597,45.2812,44.4662,37.1082,225.213,35.7102,10.2399,176.11,0.824817,13.6377,0.00243259,test
2204,16.202,126.002,356.872,101.695,272.447,2.60383,132.755,165.612,0.730807,23.4645,0.00115424,train
2205,3.17635,124.78,67.5302,116.29,154.064,15.0383,3.46434,15.8414,0.171004,27.0419,0.00136745,train
2206,2.44925,23.4542,91.2722,94.142,109.504,19.3957,1.20296,78.3547,0.765783,30.0985,0.000631565,train
2207,7.4202,89.099,368.505,284.969,202.542,15.7251,57.8897,72.7137,0.512862,25.1459,0.00143453,train
2208,17.5846,133.056,31.2195,22.5456,168.762,1.77681,15.2972,57.5788,0.535107,16.7309,0.00317474,train
2209,16.6475,97.1789,125.376,11.2648,123.394,31.2543,5.1277,114.061,0.932115,22.6968,0.000373936,train
2210,2.65566,81.922,65.8651,6.60348,167.651,21.9059,0.501668,115.292,0.756521,94.1055,6.65624e-05,train
2211,4.22991,99.0316,84.1704,78.5497,262.49,4.34968,9.02305,30.6923,0.334569,31.6666,0.000986862,test
2212,3.54641,80.3892,267.31,357.308,94.8925,39.7581,5.6322,44.4502,0.315728,28.9431,0.0011851,train
2213,6.53751,64.6699,33.7931,430.438,62.1357,36.1064,2.60653,36.2573,0.170839,6.93067,0.0208178,test
2214,13.1331,138.713,80.2407,129.965,297.788,34.1262,63.4227,56.6527,0.315921,13.6631,0.00531787,test
2215,6.47441,77.2292,23.4045,64.1449,94.13,32.486,1.9486,37.2956,0.307276,14.9685,0.00443611,test
2216,14.2064,59.8891,381.098,276.237,91.0057,32.3688,36.4029,73.1516,0.793742,14.1782,0.00257437,train
2217,15.8338,134.208,57.7345,432.286,188.933,3.09152,91.8832,4.01674,0.166413,5.80852,0.0296387,train
2218,3.7106,38.2228,339.071,61.9039,107.265,25.3654,2.10619,96.3011,0.910261,38.4166,0.00016936,train
2219,8.16878,77.191,82.7252,72.9462,105.051,12.4041,7.7487,46.8686,0.563871,21.8771,0.00180078,test
2220,6.74517,98.3969,235.958,38.4578,138.474,2.68495,8.49569,91.7739,0.767086,45.5273,0.000274842,test
2221,14.7588,104.659,39.9619,127.265,101.015,16.5315,16.9104,23.5622,0.313075,9.1935,0.0117505,test
2222,6.25252,22.1974,211.232,131.401,203.402,34.8838,9.62488,186.168,0.931295,14.1562,0.000972378,train
2223,2.90617,98.3397,69.5613,236.982,209.309,4.51001,6.47095,4.97424,0.147411,20.1,0.00247519,train
2224,12.4532,32.3398,187.808,38.4077,181.611,4.12093,9.20359,174.582,0.973375,11.0844,0.000636684,test
2225,18.8287,40.3708,16.5396,11.8114,90.5196,30.5339,1.71654,82.4143,0.908593,8.7011,0.00336154,train
2226,13.2017,15.7199,33.2491,35.0466,295.033,24.5853,7.20311,280.568,0.963367,5.55188,0.00347885,train
2227,10.3633,140.836,249.489,38.3759,270.738,33.5333,30.8603,175.142,0.726008,40.1915,0.000398516,train
2228,9.02409,132.884,39.308,305.976,196.376,31.1838,24.3948,31.3027,0.125975,7.54615,0.017561,train
2229,16.4542,121.124,143.236,5.60047,145.464,20.2431,4.32716,136.686,0.953103,29.0173,0.000160838,train
2230,9.69732,137.06,39.7395,15.5122,219.437,31.1373,6.61737,93.5093,0.533131,30.6738,0.000946333,train
2231,18.1657,76.6777,229.796,472.528,232.912,37.4476,232.575,105.05,0.543259,9.71569,0.00933848,train
2232,18.0733,134.52,24.8348,120.922,180.119,29.9932,31.392,33.1523,0.219047,6.74055,0.0219999,train
2233,15.8173,127.077,44.1439,6.48668,112.432,35.5116,2.69803,93.0889,0.83047,27.5186,0.000581066,train
2234,11.2888,119.887,307.083,16.7454,75.8338,12.6475,4.20455,67.6425,0.913117,39.7026,0.000153895,test
2235,12.8936,18.0031,200.062,42.0914,282.384,21.4183,9.35334,278.68,0.990345,6.52152,0.000678179,test
2236,13.2448,115.389,140.619,29.0562,277.917,10.3514,30.0642,192.085,0.78295,28.0672,0.000684199,test
2237,16.979,83.0503,20.3594,487.538,179.64,18.4914,55.7953,18.9689,0.152515,3.13654,0.101647,test
2238,18.141,16.8325,34.3421,6.77505,299.921,7.13656,2.39992,297.167,0.993494,4.68083,0.000894721,test
2239,7.69021,82.3605,160.891,59.8971,86.1643,30.7587,4.75444,62.0667,0.703577,30.8442,0.000715735,train
2240,10.7975,33.3645,53.8579,170.433,92.8947,33.6957,8.43693,65.5796,0.68355,9.13226,0.00854216,train
2241,9.78533,48.4337,29.3912,82.056,174.704,20.0435,10.8296,73.9446,0.545568,11.347,0.00682981,train
2242,3.81188,72.6633,79.5155,13.575,160.95,4.64822,1.43398,107.082,0.766612,59.2204,0.000162693,train
2243,6.39375,64.7216,23.9461,12.4094,106.701,23.626,0.956688,69.7506,0.696619,28.9031,0.000828349,train
2244,11.2336,18.3445,90.8647,399.204,131.416,34.1541,23.7064,105.522,0.817878,6.16025,0.0123384,train
2245,8.49019,23.6553,242.431,8.34104,288.479,2.08158,1.63662,286.954,0.996427,12.1014,7.3028e-05,train
2246,12.6945,126.233,18.259,160.354,216.923,31.4989,22.5418,31.9141,0.146899,5.98988,0.0278715,train
2247,7.99451,11.0395,327.283,19.23,144.475,34.7385,0.689871,144.208,0.998343,6.51272,0.000117432,train
2248,13.5523,124.71,237.346,10.9683,201.818,8.16352,10.791,182.013,0.931521,35.2195,0.00015657,test
2249,2.39184,29.7384,393.888,19.0718,132.624,33.2544,0.421585,129.034,0.975879,49.5094,2.89529e-05,train
2250,9.86848,84.75,110.728,125.697,151.408,10.5454,24.4053,52.9813,0.509753,18.0207,0.00280065,train
2251,10.3307,37.6136,40.5996,7.90676,108.814,36.2323,0.719688,104.623,0.961284,14.9612,0.000502977,train
2252,8.90889,137.161,56.2925,80.0796,287.419,38.0861,22.0731,52.8156,0.283376,17.7348,0.00316836,train
2253,8.26289,123.349,231.135,278.101,79.3567,2.42261,22.9049,9.87222,0.328834,19.9643,0.00248547,train
2254,19.7632,126.417,348.456,8.36697,158.112,29.5535,8.53539,152.911,0.972956,25.8673,0.000118636,test
2255,19.8326,50.1485,35.2755,57.8187,51.6466,37.3194,2.16456,46.6267,0.761034,8.45841,0.0081267,train
2256,5.5375,128.257,80.7901,60.8488,298.599,8.92947,13.0841,37.0402,0.329141,30.8229,0.00104267,test
2257,18.758,34.2874,25.6824,117.554,180.295,35.4888,26.9486,115.076,0.689236,5.7286,0.021465,train
2258,9.40209,75.5291,28.4895,58.6466,265.346,11.753,14.5516,61.9799,0.425336,14.0926,0.00483862,train
2259,16.7263,14.2619,299.374,9.12014,150.498,28.9963,1.07306,150.356,0.999184,4.40704,0.000127388,test
2260,14.1016,109.071,58.1142,427.717,131.329,33.8188,40.4352,34.9693,0.194363,6.20768,0.0259467,test
2261,4.35357,25.0593,272.713,45.8777,191.7,16.9812,2.76975,182.873,0.966205,23.2123,0.000183097,test
2262,5.01359,109.838,47.6991,7.60351,71.582,24.3909,0.42551,49.3234,0.677731,60.0687,0.000199799,train
2263,14.1348,12.0702,32.1843,72.8353,292.839,19.1775,13.1426,273.804,0.951593,4.20199,0.007997,train
2264,11.5271,117.578,51.2012,9.21651,289.516,3.61941,8.94287,195.743,0.778021,32.5217,0.000518735,train
2265,5.44797,41.9475,72.0579,77.168,75.2442,18.3831,2.24438,49.4323,0.690043,21.9424,0.00145858,train
2266,3.35611,81.162,54.3936,126.64,70.2742,14.7305,1.40739,16.2097,0.231421,22.6176,0.00195344,train
2267,13.6382,114.798,53.1265,354.774,206.451,16.8682,65.1118,18.9163,0.191143,6.62684,0.0227687,train
2268,15.7935,64.6085,363.743,6.83942,258.657,8.75928,5.77085,255.895,0.992607,17.2349,7.42412e-05,train
2269,16.1177,10.3639,27.1857,207.384,54.2298,18.0679,4.85885,48.5797,0.888984,3.17551,0.030738,train
2270,16.405,93.0396,318.863,195.863,155.344,26.4195,88.2867,98.376,0.69836,16.5411,0.00251921,train
2271,5.52358,138.878,121.768,96.5173,123.197,13.5283,7.64811,21.1392,0.296871,30.1535,0.00109454,train
2272,9.63603,19.5371,21.374,250.359,197.65,12.8892,18.2895,90.2869,0.595144,5.42178,0.0282173,test
2273,14.5504,119.383,134.807,116.836,238.817,30.4318,68.9394,91.561,0.503528,17.0289,0.00315266,test
2274,10.5151,78.9166,29.7377,9.70851,116.705,7.34124,2.26775,83.2081,0.792886,24.5956,0.000858216,train
2275,12.8061,75.6785,23.0517,53.8898,292.715,22.8951,21.0475,86.2621,0.456126,11.2381,0.00748447,train
2276,9.28317,71.0103,225.018,15.3813,53.6131,36.8904,0.522777,52.3721,0.950349,30.0286,0.00015864,train
2277,12.2161,51.8408,51.399,54.4167,293.881,8.40294,24.6797,190.591,0.754088,13.5544,0.00323332,train
2278,16.7686,15.1695,137.923,41.7485,76.0706,36.5429,1.66831,75.5663,0.991163,4.57775,0.00126893,train
2279,5.42912,134.142,32.2249,198.458,263.294,29.1172,11.7676,29.1682,0.109562,10.9377,0.00835887,train
2280,5.16925,39.6948,31.75,30.4215,225.307,9.73716,3.15319,137.358,0.722367,22.9106,0.00123824,test
2281,4.67093,148.011,99.9939,8.14421,157.456,23.3739,1.62536,94.6283,0.679944,86.8633,9.51083e-05,train
2282,5.98131,120.681,16.5539,379.535,248.619,11.4044,13.6625,11.4046,0.0661008,5.40077,0.0342838,train
2283,19.2444,143.865,28.9959,49.0988,251.003,6.61664,38.3774,36.6625,0.355822,10.9959,0.00814661,train
2284,5.90334,130.134,158.425,42.3934,219.687,39.1825,9.94759,98.8294,0.532592,47.4948,0.000394923,train
2285,16.6693,96.5246,140.833,8.57959,147.03,23.961,5.30805,138.456,0.953361,23.0354,0.000253875,train
2286,2.37978,47.4541,47.4072,36.71,76.2972,13.9647,0.445486,35.3275,0.541956,43.7696,0.000460698,train
2287,12.1886,143.752,359.026,241.644,295.381,35.1154,157.964,93.1743,0.446825,21.5262,0.0020509,train
2288,11.2704,62.64,132.245,197.414,273.96,4.71604,74.1068,118.711,0.601565,13.9753,0.0042061,train
2289,7.31173,92.9601,100.742,86.4921,70.5216,17.8102,4.67602,31.1158,0.471054,24.4267,0.00156937,train
2290,13.8629,18.7115,276.078,39.3855,165.957,20.6627,5.49026,164.534,0.993331,6.35633,0.000494424,train
2291,6.6201,61.9853,26.202,12.4885,161.251,4.77082,1.89968,100.1,0.734451,28.2416,0.000788828,train
2292,5.67817,45.1119,41.0745,53.4342,241.232,37.1793,5.70028,131.41,0.629838,20.6456,0.0018467,train
2293,4.10433,24.1359,24.1831,18.379,229.651,19.9283,1.08591,188.611,0.868337,21.2937,0.000779817,train
2294,19.2395,52.8323,28.5511,115.889,64.5803,21.6525,9.64987,37.3368,0.556745,6.6721,0.0195233,train
2295,8.40381,105.01,28.7322,121.521,295,36.5082,18.4813,40.7556,0.208053,10.607,0.00888585,train
2296,8.51694,99.515,34.8122,13.8794,82.6075,3.99026,1.88476,40.8524,0.635112,30.3186,0.000848913,train
2297,9.81109,55.5621,190.384,107.669,215.754,35.7339,27.8118,163.155,0.802441,18.98,0.00138712,train
2298,15.9042,44.5294,47.2235,8.91734,59.2125,14.1701,0.938754,56.824,0.964365,11.7646,0.00075081,train
2299,2.2537,76.4467,148.593,194.243,219.238,27.2489,5.4751,36.6512,0.269262,36.8033,0.000736522,test
2300,19.4431,15.2118,16.6839,441.081,60.9437,4.50099,18.6528,30.2728,0.611081,2.52345,0.128507,test
2301,15.8273,20.4752,36.5097,38.8343,186.243,32.1791,6.90435,174.954,0.94993,5.8655,0.00420875,train
2302,18.2206,10.1171,30.5267,456.841,206.064,21.5387,58.0539,159.973,0.819978,2.64118,0.068169,train
2303,9.20612,116.031,48.8006,12.012,243.659,27.217,6.11316,144.435,0.687037,35.3237,0.00056651,train
2304,13.499,61.2504,78.8647,211.245,298.106,38.0351,78.4752,120.454,0.521199,9.98078,0.00903947,train
2305,5.80495,39.8708,20.188,437.523,223.705,36.2626,12.2376,38.7,0.198015,5.63821,0.0314519,train
2306,17.7924,98.7881,59.1674,128.585,277.62,4.25686,87.0565,59.7478,0.429196,9.96121,0.00966678,train
2307,15.281,130.981,109.07,22.7723,135.133,3.17697,14.8331,88.9503,0.762776,26.9153,0.000797618,train
2308,18.4212,93.2319,26.7839,402.198,132.99,23.9897,44.4293,24.831,0.17899,3.80256,0.069155,train
2309,14.0374,46.321,93.4738,30.288,220.309,13.2494,12.817,198.751,0.930013,13.2055,0.00113713,train
2310,13.9781,147.285,35.0761,149.919,62.7998,2.27595,11.3927,2.90089,0.189629,8.18202,0.014936,train
2311,6.63688,75.4434,141.282,28.9084,91.1458,1.94229,3.36166,66.151,0.810896,37.6817,0.000339502,train
2312,3.99789,100.635,16.7654,27.4367,124.393,26.5366,0.832903,29.7412,0.243026,24.7128,0.00163565,train
2313,14.3123,111.224,63.8327,5.25726,208.567,30.408,4.39873,184.607,0.909809,29.1911,0.00029469,train
2314,4.03865,110.987,91.1092,269.808,81.9963,7.8714,4.68535,8.21608,0.164866,18.2878,0.00298998,train
2315,12.5404,45.5029,270.841,252.855,298.514,33.2223,104.977,226.663,0.816704,12.6704,0.0029269,train
2316,6.58205,92.4597,50.5085,185.806,85.808,30.3743,4.50329,31.6732,0.224683,12.8494,0.00605336,train
2317,13.083,136.609,83.0446,335.42,104.202,17.5468,33.9921,18.8252,0.203415,8.69944,0.0132107,train
2318,10.5895,97.7424,186.351,90.2158,205.585,6.24349,38.7485,102.512,0.645151,24.4645,0.00128164,test
2319,4.68807,61.0056,100.075,190.544,255.211,25.401,15.7892,62.6912,0.393747,20.889,0.00223153,train
2320,16.8092,98.0668,61.2793,87.704,235.705,25.7669,50.3238,88.1185,0.506082,12.3162,0.00601442,train
2321,19.4114,63.9746,215.593,137.75,80.5238,32.3933,23.196,68.68,0.833554,11.8222,0.00310066,test
2322,15.0927,38.3545,37.4081,307.555,161.043,24.1849,41.1183,62.2833,0.489054,5.4603,0.0310217,test
2323,13.3832,118.1,278.19,11.8999,174.09,30.5783,8.2104,161.556,0.94155,34.1765,0.00014312,test
2324,9.31517,144.508,38.9579,5.37803,71.9385,5.5456,1.10095,44.376,0.717539,45.2429,0.000321483,train
2325,13.7814,13.4799,15.1261,31.8057,167.905,10.4753,3.47085,155.594,0.945946,4.64696,0.00724455,train
2326,7.03173,75.4021,99.9189,312.998,248.44,28.4938,35.9201,45.4481,0.306108,13.4358,0.00550677,test
2327,5.05922,119.566,47.2882,26.4561,225.563,14.7942,4.16199,47.8037,0.388651,37.129,0.000707612,train
2328,3.31922,54.4431,92.7965,8.33203,222.269,12.7472,0.908246,191.849,0.90266,60.1257,7.45068e-05,test
2329,14.3922,55.1849,67.319,207.016,192.395,1.72332,57.2457,68.3254,0.545666,8.91481,0.0110645,test
2330,7.55461,64.0024,51.5518,55.5321,61.2688,38.7237,1.14167,47.6944,0.583116,20.3437,0.00203447,train
2331,15.0041,15.4891,27.1355,10.4701,129.946,2.86971,1.19167,127.654,0.987588,5.06563,0.00144731,train
2332,5.89008,64.8686,22.8966,53.5515,158.239,33.9455,3.05939,51.5555,0.37442,16.8687,0.003444,train
2333,4.37854,67.122,34.1901,76.9726,186.381,2.43444,4.277,19.0987,0.321915,20.0614,0.00246437,train
2334,12.5993,19.0745,186.271,237.991,165.54,10.1208,30.5312,151.453,0.938325,6.62058,0.00402439,train
2335,7.23258,38.6821,31.0943,25.973,208.686,6.43348,3.89579,150.677,0.806095,18.0511,0.00151034,train
2336,9.7298,103.226,52.6681,8.8581,102.115,25.0772,1.77031,79.6705,0.803241,34.8903,0.000409107,train
2337,3.58154,127.009,335.791,44.2214,248.518,32.8901,8.08569,120.388,0.589216,84.1686,0.000117916,test
2338,4.79962,137.523,24.5037,344.122,210.236,38.5054,8.23662,38.5055,0.0666322,7.70347,0.016851,train
2339,14.3423,29.9701,65.0025,51.602,106.233,21.0595,6.14351,96.7233,0.924509,8.65202,0.00284641,train
2340,10.7735,39.2929,224.658,181.39,118.599,18.7816,21.9873,97.0872,0.854551,13.3214,0.00217465,test
2341,17.2506,141.63,93.1216,31.4019,199.722,26.7821,28.5991,115.31,0.665833,22.5321,0.00145429,train
2342,13.0918,148.833,161.199,9.19955,136.752,25.9275,5.63951,117.634,0.884182,41.0911,0.000186786,test
2343,17.4742,67.3281,139.317,8.87363,168.71,38.8816,4.42441,164.01,0.97575,16.014,0.000278249,train
2344,3.07293,62.7518,193.568,84.0126,192.885,29.2555,5.06363,98.2102,0.600678,49.666,0.000333429,train
2345,12.8253,14.3846,37.6071,164.05,207.149,28.0869,18.3309,176.093,0.880437,4.83037,0.0139866,train
2346,19.33,91.015,264.766,57.5994,58.1699,5.29986,15.6281,48.8725,0.881692,17.4874,0.0010513,train
2347,4.77442,77.2696,39.3646,15.6975,100.992,20.5834,0.924464,56.8577,0.622327,40.9095,0.000475976,test
2348,2.95647,92.6964,31.68,210.227,154.397,29.3965,2.5759,29.4323,0.112952,14.2788,0.00490475,train
2349,10.4644,51.5199,209.975,146.221,105.778,2.81526,21.4797,75.59,0.801653,16.5889,0.00182178,test
2350,17.9287,77.3823,18.961,6.28683,280.922,21.8171,6.47498,227.886,0.862058,15.745,0.00148614,train
2351,10.0629,10.8383,35.6687,11.8472,255.627,1.618,1.26061,252.77,0.992276,5.26723,0.000835584,test
2352,18.3548,77.87,79.3187,5.97505,158.753,24.9885,3.66497,151.641,0.964388,17.33,0.000345666,train
2353,15.5613,33.1068,44.6614,132.983,72.9312,24.1484,8.84384,55.3682,0.753729,7.168,0.0115838,train
2354,16.1599,121.454,241.738,443.15,230.786,11.9554,228.925,42.1289,0.370533,11.5099,0.007406,train
2355,19.6157,111.801,315.297,63.4417,235.978,17.2139,84.6118,186.53,0.847688,20.1735,0.000986731,train
2356,4.72107,92.8018,20.2842,96.4106,85.9761,18.9185,1.511,19.2641,0.16767,13.3512,0.00560979,train
2357,16.1427,130.185,84.6828,5.18986,220.452,30.2083,6.16817,197.118,0.917794,30.5244,0.000247331,train
2358,4.96503,113.48,100.974,60.6033,252.803,38.6123,9.09,72.781,0.391335,36.1687,0.000744987,train
2359,19.2131,107.14,157.113,91.978,257.961,13.1638,103.934,144.535,0.683157,15.9215,0.00281196,train
2360,15.7495,65.9462,35.4002,35.3821,235.31,28.9064,18.2637,151.518,0.723263,12.837,0.00393536,test
2361,2.19266,79.1044,148.488,429.667,77.0269,17.6656,2.41814,18.03,0.172793,25.1083,0.00158617,train
2362,14.6829,100.405,243.181,36.6622,54.946,14.2493,6.26096,47.3234,0.874075,24.7826,0.000553404,train
2363,13.0312,73.1404,255.14,46.06,293.627,20.332,35.612,254.762,0.904528,21.2119,0.000588127,train
2364,16.6021,83.2109,23.3901,50.783,74.2671,29.7161,4.97318,41.6304,0.482421,10.1541,0.00901132,test
2365,6.42529,108.423,233.695,366.161,265.286,0.666572,62.4945,17.701,0.290401,19.8917,0.00251684,train
2366,15.5149,129.888,194.233,27.6034,240.469,24.4491,32.1429,184.97,0.82676,28.5127,0.000551225,test
2367,3.56563,42.0368,311.009,20.9931,141.378,25.8415,1.11495,133.764,0.955943,46.0361,6.01699e-05,test
2368,5.71387,22.9115,130.001,82.6041,51.5662,4.54533,1.56219,46.0037,0.920539,15.6852,0.000907666,train
2369,13.7134,62.5356,122.558,5.29142,124.482,24.7209,1.47334,121.817,0.982128,18.8968,0.000148018,train
2370,18.697,23.9649,108.382,404.63,221.777,14.1838,116.913,169.716,0.827393,5.06946,0.0174506,train
2371,7.28097,74.0225,19.0177,88.1427,134.797,39.6524,3.79793,43.8102,0.261051,10.877,0.00843642,train
2372,3.00424,16.8933,25.5239,122.5,266.377,11.1287,3.27679,128.908,0.629301,14.7839,0.00360467,test
2373,19.3122,56.2255,65.6394,5.54251,55.2357,5.88993,0.991644,53.6795,0.978832,12.3779,0.000407674,train
2374,10.1426,139.413,52.1162,107.499,53.3886,33.2686,2.41491,33.9722,0.246849,13.8189,0.00523028,train
2375,11.0115,57.5034,21.9886,31.2814,202.138,2.21088,8.3623,97.8523,0.64146,14.0406,0.00391629,train
2376,14.8332,34.3585,151.258,6.68793,242.652,8.79031,2.75864,240.665,0.994285,10.2066,0.000163964,train
2377,19.5312,94.9473,20.9371,114.574,285.948,12.0961,57.3652,31.6762,0.298473,6.10235,0.0267202,train
2378,3.17273,149.139,67.2149,12.3255,145.999,15.9083,1.02933,42.2548,0.429565,81.1992,0.000145449,train
2379,18.0864,31.8227,56.4155,73.8048,87.2622,38.4275,6.62166,79.3342,0.889645,7.15092,0.00591531,train
2380,19.0008,36.841,101.865,17.038,109.756,6.64993,4.27507,106.733,0.980208,8.58236,0.000794526,train
2381,8.34808,21.9409,155.676,18.9143,152.496,14.0078,1.63242,150.218,0.988952,11.3858,0.000253569,train
2382,19.8562,21.9841,29.8582,439.422,52.7559,0.289763,23.7815,24.0013,0.613625,3.33116,0.0730558,train
2383,12.3033,67.0606,27.2259,189.063,177.209,29.9161,22.5958,40.5231,0.29931,6.82498,0.0213593,train
2384,15.8376,92.983,351.765,19.9575,166.726,15.5295,13.9347,157.103,0.957408,23.4413,0.000224638,test
2385,18.4926,115.359,21.3957,19.7224,245.149,32.6717,16.1154,108.36,0.551702,14.318,0.0042616,train
2386,11.5879,112.457,285.913,22.2547,150.36,35.5282,9.6126,132.513,0.895714,35.6663,0.000225493,train
2387,19.9779,139.276,64.3049,10.603,260.01,23.2658,18.6429,196.94,0.820215,23.6928,0.00082352,train
2388,11.363,58.2147,45.5015,26.8612,56.8754,9.98746,2.20349,43.1982,0.80271,17.2524,0.001677,train
2389,6.32488,19.7933,58.005,11.4535,190.042,1.93311,0.898046,184.829,0.981414,13.2665,0.000312224,train
2390,5.89897,50.4253,82.5295,57.2898,80.1084,13.0718,2.65606,52.4362,0.719045,25.3051,0.00102373,train
2391,9.24013,110.496,18.3122,48.0583,78.495,25.1188,2.20702,27.5073,0.262742,12.8305,0.0060624,train
2392,3.89437,139.577,75.3006,53.1947,117.519,9.73183,2.60153,14.6216,0.26386,38.0916,0.000687776,train
2393,5.85399,138.642,52.4956,174.654,181.81,19.2191,10.9533,19.6283,0.149696,14.331,0.00486908,train
2394,16.933,13.8155,119.452,57.1724,260.915,34.3774,12.2868,257.031,0.988054,4.21265,0.00202612,train
2395,19.6037,138.972,206.534,463.354,191.827,10.2069,241.214,26.9814,0.323489,9.49644,0.0109951,test
2396,15.5388,100.56,19.9314,255.094,78.8029,32.5302,10.0389,32.7658,0.166804,4.48472,0.0497187,test
2397,13.6811,137.812,135.137,495.759,77.9289,35.0075,27.92,35.8535,0.216154,8.92561,0.0125475,train
2398,16.9995,107.574,23.1252,31.2101,147.819,13.3586,12.1177,49.4478,0.483514,12.7224,0.00573568,train
2399,10.758,139.843,22.8827,293.259,253.244,0.895515,36.2322,0.922847,0.101636,5.38633,0.0344678,train
2400,9.65351,28.7096,42.5607,129.359,197.885,3.61076,17.2282,120.036,0.72629,9.36626,0.00733522,train
2401,18.5915,127.634,102.208,11.4946,193.463,11.0439,14.2447,160.695,0.879275,25.0249,0.000522712,train
2402,15.4308,91.3933,89.5101,28.0252,72.6036,25.1639,4.97416,59.2808,0.810257,20.0062,0.00120782,train
2403,10.3793,51.8993,83.9214,235.563,174.448,10.8534,36.144,64.0674,0.527826,11.0849,0.00728356,train
2404,2.8853,59.0368,82.1854,55.6284,268.534,0.22895,4.19517,84.1252,0.518904,42.9885,0.00048824,train
2405,10.4858,98.1072,252.556,146.619,142.094,6.88369,39.7135,64.4563,0.603719,23.1978,0.00152185,train
2406,17.6862,83.8347,46.2011,9.90283,266.938,6.79712,11.2512,224.624,0.890637,17.7775,0.000947725,train
2407,17.4307,58.5735,37.353,64.0882,123.688,30.5929,13.9623,80.1207,0.679084,9.80697,0.00747665,train
2408,8.11052,84.7741,122.333,9.4055,250.685,33.9172,4.12381,223.037,0.914523,39.1502,0.000155894,train
2409,12.2454,127.538,149.81,88.769,69.9803,17.2361,12.2803,33.9535,0.522046,22.2709,0.00181398,train
2410,2.79757,31.5585,37.62,92.6774,263.418,13.7515,3.28072,85.8565,0.500114,23.0666,0.00172296,train
2411,3.48082,24.4344,172.151,17.0897,134.964,31.7003,0.476777,131.308,0.976343,28.3909,8.63868e-05,train
2412,6.41596,135.971,56.7688,6.95949,186.782,1.51033,2.48076,103.61,0.693823,59.5094,0.000196639,train
2413,2.64321,36.6654,17.8549,380.665,187.483,36.5786,2.65564,36.9509,0.149152,8.425,0.0140883,train
2414,9.59995,111.716,295.332,414.609,292.199,25.2768,136.9,58.9852,0.35943,17.0904,0.00336927,train
2415,15.6078,51.2145,263.797,5.42001,112.886,9.26615,1.50977,112.067,0.994704,14.0506,8.017e-05,train
2416,5.91594,103.771,110.801,13.596,175.508,24.7923,3.10943,125.559,0.775742,55.2044,0.000181482,train
2417,18.2814,66.963,43.3182,48.8398,165.071,12.307,22.0667,102.369,0.719905,11.2677,0.00515291,train
2418,4.50909,126.098,22.5426,111.78,107.443,25.9455,1.94573,25.9809,0.118512,13.3753,0.00558973,train
2419,3.76483,145.133,159.323,6.90923,293.003,33.1422,2.37143,202.636,0.764487,118.648,4.08167e-05,train
2420,10.9368,147.871,161.311,130.739,269.096,38.9522,59.3783,73.2263,0.381369,21.0066,0.00221601,train
2421,15.2177,78.6504,41.2941,157.97,220.888,15.9817,48.2818,46.0192,0.378388,8.20094,0.0145538,test
2422,2.83697,128.854,150.913,239.567,274.912,29.9571,11.0551,31.0244,0.16314,29.8022,0.00112589,train
2423,12.079,129.698,130.545,193.357,58.9721,22.1635,12.1268,26.0556,0.33832,14.8691,0.00447271,train
2424,4.36133,37.9983,202.282,29.8955,74.4049,38.3144,0.541012,70.9677,0.936243,33.5645,0.000161142,test
2425,14.8213,32.719,151.73,79.1641,222.051,10.446,26.766,203.9,0.942109,9.2612,0.00193322,train
2426,2.06158,138.276,23.5171,32.4722,220.613,16.501,0.829343,16.8109,0.139201,37.4857,0.00071165,train
2427,3.51357,51.0174,85.2412,179.809,165.138,35.0496,5.20405,55.3973,0.388385,22.946,0.00185289,train
2428,12.947,12.1737,265.995,35.4438,293.985,9.77628,6.2938,292.662,0.996784,4.74579,0.000431297,test
2429,5.29311,96.289,44.5983,10.239,165.704,12.4399,1.69983,91.1752,0.66733,49.2259,0.000303801,train
2430,14.9587,18.946,18.6851,158.458,89.2811,10.3187,9.80426,59.0989,0.735,4.45868,0.031714,train
2431,8.77901,99.4951,180.653,8.93115,111.929,37.1921,1.73906,104,0.928967,43.042,0.000108505,test
2432,13.241,15.5441,197.21,34.5746,192.711,4.806,5.06384,191.01,0.993804,5.66046,0.000580349,test
2433,15.3249,95.5945,88.389,51.1758,93.1116,34.4813,9.87458,66.2986,0.687521,17.8422,0.00221821,train
2434,19.8682,136.042,19.6132,13.867,56.6876,11.016,3.09196,27.4605,0.554688,15.7469,0.00351183,train
2435,15.9874,77.0338,93.8168,16.9868,94.9538,9.05328,5.41239,83.6175,0.911389,18.4771,0.000723686,train
2436,15.6301,36.4212,244.74,8.96854,156.988,23.3239,2.36192,155.985,0.994951,10.2687,0.000143192,train
2437,5.54707,17.114,52.6096,8.52618,101.494,5.70456,0.259861,99.6202,0.986882,13.1659,0.000224747,train
2438,19.659,92.0143,26.1574,12.0208,198.227,18.6241,10.1212,140.741,0.7831,15.4443,0.00225861,test
2439,4.70015,69.2703,168.623,142.847,215.273,35.1496,13.5203,88.3088,0.50516,30.2851,0.000995422,train
2440,14.6972,27.0567,354.494,448.292,115.044,17.3718,56.1796,101.26,0.90424,7.56285,0.00464651,test
2441,2.28092,110.693,57.6746,36.337,149.533,16.291,1.04246,22.8873,0.270058,52.6939,0.000359264,train
2442,12.6155,41.3293,48.3308,12.6881,183.457,17.9325,3.51196,170.765,0.948505,13.378,0.000827976,train
2443,13.8755,49.3214,167.203,6.35833,52.238,17.1172,0.508708,51.7105,0.989942,15.0652,0.000131913,train
2444,11.1138,14.307,29.4477,12.7956,235.225,34.5448,1.50901,230.848,0.985118,6.05774,0.00120729,train
2445,14.8234,134.773,167.64,8.67593,212.699,27.4069,9.53101,190.4,0.919361,34.3542,0.00019179,train
2446,20,17.7269,70.5114,138.895,126.07,26.9318,18.4412,117.206,0.937868,4.26297,0.00984912,train
2447,16.0172,20.5888,272.35,8.59145,133.155,17.5393,1.2273,132.888,0.998422,6.13197,0.000126318,test
2448,14.1625,61.8786,227.727,347.251,211.29,7.95804,132.588,106.341,0.645149,11.9203,0.00539893,train
2449,16.439,139.986,20.7827,128.496,117.597,22.0681,16.3437,22.7907,0.178917,6.27316,0.0254099,train
2450,5.554,63.5091,51.9809,89.8751,167.807,33.0181,5.86838,60.069,0.427801,19.9951,0.00240072,train
2451,8.95967,100.581,22.4897,10.0074,59.8525,6.05743,0.962805,30.0071,0.617947,28.3662,0.000996711,train
2452,8.20452,71.2041,362.986,104.669,179.395,39.6736,22.2749,139.395,0.806669,28.8099,0.000591453,train
2453,10.5472,74.3049,35.9253,436.379,287.943,16.7765,57.7655,19.7447,0.191478,5.58733,0.0320289,train
2454,2.7656,28.3372,90.514,31.6801,260.487,22.6922,1.66915,217.473,0.878501,36.884,0.000241992,train
2455,4.67977,18.0442,54.2274,7.47094,185.163,6.56234,0.371556,181.364,0.985759,16.1893,0.000161184,train
2456,15.6914,11.9659,220.029,7.11326,206.995,15.9885,1.06346,206.809,0.999317,4.04756,0.000126821,test
2457,10.5082,48.9991,73.2235,30.2086,187.615,18.2395,7.67788,157.525,0.880469,17.3029,0.00108379,train
2458,18.6306,21.7387,174.934,45.9951,244.458,26.0989,15.3176,240.363,0.987161,5.59456,0.00122462,train
2459,4.85903,113.866,155.247,457.427,161.816,38.3041,17.5111,39.1592,0.176434,16.7146,0.00357921,test
2460,18.0295,129.954,80.3899,99.7181,261.73,34.0055,75.7642,82.5204,0.438076,13.0684,0.00559108,train
2461,18.4943,43.6863,27.6122,63.359,203.951,5.07469,26.0257,127.161,0.735844,7.68854,0.0106093,test
2462,9.66331,71.8697,33.8946,300.823,182.847,24.2534,23.8896,27.802,0.222041,6.82764,0.0214411,train
2463,3.86643,112.926,49.2462,61.2466,229.01,13.1876,4.47368,20.4493,0.244642,28.8253,0.00120216,train
2464,4.52243,145.96,107.978,130.617,134.883,6.65445,7.27396,8.74256,0.207817,27.0367,0.00136765,train
2465,17.4849,72.728,285.718,108.228,197.269,0.907009,77.1866,155.795,0.857592,15.1261,0.0016558,train
2466,12.228,115.504,176.496,174.073,236.659,18.7933,78.8493,69.9489,0.456489,17.7043,0.00301503,train
2467,9.36846,38.7054,171.827,26.7139,96.9332,30.7726,2.05903,93.4097,0.964321,16.9005,0.000364127,train
2468,5.99316,56.8979,21.3051,45.137,140.987,9.01029,2.90976,38.0629,0.44426,17.3151,0.00317428,train
2469,17.0292,52.9268,74.1341,24.7493,213.08,19.8532,13.4963,190.823,0.922495,12.391,0.00142128,train
2470,16.2795,130.922,75.3944,228.347,269.24,23.0962,105.242,35.5454,0.27121,8.99563,0.0123264,train
2471,15.0523,117.168,23.2746,66.7523,204.223,38.3201,18.9217,50.14,0.298777,9.6016,0.0107926,train
2472,5.02885,34.7705,90.9635,437.187,187.549,32.8705,16.8823,65.928,0.43861,12.5692,0.00604239,train
2473,18.7317,104.43,17.6895,382.965,159.778,21.3698,45.8757,21.543,0.134791,3.14065,0.101382,train
2474,9.09208,143.987,16.1221,6.03648,61.36,6.25362,0.706445,22.7396,0.508338,32.7096,0.00085107,train
2475,17.8508,139.953,18.6623,34.2727,72.4246,23.8353,4.57749,29.0318,0.339404,10.9832,0.00819565,train
2476,10.3723,124.83,30.5939,320.007,206.604,4.7956,33.1337,4.92051,0.123566,6.07197,0.0271231,train
2477,13.002,10.4667,15.4321,371.03,215.419,9.94604,30.0443,129.386,0.703349,2.96815,0.0781514,train
2478,5.8654,52.0832,27.8241,137.285,85.3833,3.23938,3.56799,10.6047,0.320643,11.7095,0.00723502,train
2479,4.99005,68.8882,192.425,23.6888,197.167,9.20636,4.232,159.264,0.864454,48.6,0.000153577,train
2480,15.088,89.5857,205.13,81.8876,202.724,6.21017,55.1991,137.512,0.775155,19.1852,0.00150578,train
2481,17.8251,33.8111,177.044,62.3723,195.66,30.037,21.322,186.637,0.963172,8.27104,0.00156994,test
2482,11.515,47.1862,234.469,43.9484,55.7126,21.9531,2.54991,53.1418,0.94894,16.5033,0.000539586,train
2483,15.2928,35.285,66.2676,7.23998,245.569,37.5802,2.78883,241.147,0.985695,10.0829,0.000417697,train
2484,6.38653,104.462,28.3946,97.8069,79.072,11.3473,2.86102,12.3324,0.202976,13.483,0.00549969,train
2485,3.79779,46.8832,61.3374,108.01,238.15,27.1787,6.11112,80.1424,0.469926,23.6747,0.0016719,train
2486,5.82574,35.976,242.866,53.5891,127.125,13.1207,3.91251,116.026,0.934776,24.025,0.000321366,test
2487,5.53311,78.2132,48.238,25.4293,235.085,2.63103,4.81304,96.7544,0.588484,33.8625,0.000729215,test
2488,16.2418,40.7637,145.195,328.24,78.614,8.04765,39.3137,51.9761,0.742091,8.19211,0.00917941,test
2489,11.1791,88.5314,26.599,14.3202,59.4659,11.2244,1.49134,36.4104,0.673062,21.994,0.00150463,test
2490,17.8016,30.3298,47.5757,34.844,289.209,9.57412,17.7894,263.919,0.938648,7.3356,0.00325943,train
2491,16.2604,89.162,74.6235,462.036,214.392,8.51264,124.338,19.4564,0.274469,6.29457,0.0251692,test
2492,8.98799,64.8155,88.308,44.3643,135.999,31.1206,6.70195,98.9826,0.760658,22.7021,0.00112885,train
2493,9.47913,139.127,34.4473,342.104,78.9766,5.80446,11.5153,5.82002,0.109171,6.51844,0.0235349,train
2494,12.1065,148.488,69.7103,79.544,199.341,24.8386,27.0386,43.2332,0.338028,16.9218,0.00345358,train
2495,2.72665,80.9672,246.627,109.889,152.951,23.3659,4.6266,55.0208,0.464538,55.6418,0.000303728,train
2496,3.30905,65.38,84.0672,240.93,248.724,34.6195,9.10337,43.3209,0.256405,20.5205,0.00237087,train
2497,16.164,10.2005,190.807,201.839,279.341,9.90339,38.6627,272.9,0.983055,3.46454,0.00427463,train
2498,7.93479,128.634,25.4637,32.2267,51.015,36.2191,0.469301,37.3112,0.302277,19.9036,0.00251056,train
2499,5.62357,39.2438,38.3756,129.004,119.087,10.215,4.88741,39.5642,0.484554,14.0103,0.00472606,train
2500,9.17567,62.5545,136.902,39.757,190.388,24.9125,10.498,154.414,0.853636,24.1321,0.000666164,train
2501,13.6419,110.407,78.2522,374.169,78.3084,0.815862,33.1742,3.01683,0.234552,7.82772,0.0163074,train
2502,14.9221,118.413,44.0933,176.967,159.252,30.9633,32.4263,35.664,0.24944,8.16709,0.0149724,test
2503,14.6119,83.8196,76.8883,242.003,154.718,26.0328,48.133,45.7683,0.384914,9.21696,0.0114976,train
2504,8.4091,82.3231,242.151,122.774,174.895,11.2633,29.5462,93.5371,0.659411,26.4813,0.00106588,train
2505,2.11622,39.3408,237.849,125.182,142.381,39.9239,2.29898,93.8411,0.676235,50.9615,0.000278446,train
2506,6.75521,40.426,45.8226,19.635,68.1861,2.85815,1.00067,55.8351,0.87284,21.7666,0.000723654,train
2507,3.84251,102.392,330.879,29.7465,195.388,16.1912,5.06535,132.34,0.761651,81.9451,8.63618e-05,train
2508,8.74225,33.7115,236.49,14.0407,170.596,14.5721,2.13495,167.915,0.988495,16.2357,0.00012976,test
2509,16.7782,121.281,144.939,317.043,188.642,8.96659,130.636,29.4576,0.346737,10.3723,0.00917528,train
2510,7.34126,78.7078,39.4383,134.122,171.381,16.8484,11.083,26.5129,0.287865,12.633,0.00624156,test
2511,17.0206,66.1206,141.94,57.5826,195.026,29.595,31.1006,162.528,0.867585,14.349,0.00172624,train
2512,11.3185,126.299,27.0425,8.83847,92.5321,25.2891,1.73567,56.9056,0.636039,29.0253,0.000924821,train
2513,16.1095,126.173,135.508,23.4201,181.691,34.8741,18.3984,140.813,0.812025,26.2518,0.000696059,train
2514,11.9497,20.8272,22.6738,204.696,128.661,33.1615,11.54,81.8332,0.660307,5.26373,0.0269701,test
2515,2.47899,34.4774,114.886,30.7821,287.757,1.70699,2.05442,225.499,0.853594,48.3403,0.000166052,train
2516,4.5494,75.1264,45.4242,31.53,66.8989,20.206,0.813284,34.0833,0.506811,33.9837,0.000789459,test
2517,8.95166,48.8168,50.114,160.108,170.14,17.6399,17.4222,61.1842,0.496968,11.3376,0.00714988,train
2518,8.6569,80.685,304.277,19.1349,119.707,18.8425,4.08101,110.428,0.938426,35.9241,0.000136101,train
2519,18.9615,88.962,67.869,35.27,84.7823,5.99944,11.9128,57.8537,0.768077,15.1825,0.00246347,train
2520,14.588,97.4873,16.164,12.4516,233.447,12.4691,7.80503,109.129,0.612011,16.9716,0.00280938,test
2521,13.6602,30.081,15.5601,96.2852,51.878,38.9442,1.11869,44.8786,0.624916,6.12938,0.0211322,train
2522,4.51966,29.3066,35.7243,421.711,225.592,29.178,11.4609,46.7552,0.320169,8.62441,0.0133382,test
2523,3.58621,138.783,55.5524,224.327,288.383,12.5026,10.3893,12.5495,0.106676,16.6197,0.00362039,train
2524,19.9233,84.2232,16.728,188.289,224.12,1.12756,55.2598,7.70588,0.23572,4.22163,0.0560638,train
2525,18.8815,60.0101,28.938,81.0456,242.724,7.2487,42.6719,101.166,0.582332,7.98549,0.0132202,train
2526,4.8389,94.7349,294.167,6.87654,56.4693,29.7647,0.253012,54.2587,0.944642,74.9206,2.82789e-05,train
2527,7.18455,28.2869,399.134,455.868,141.552,30.4438,29.0273,115.879,0.844016,14.1362,0.00205145,test
2528,16.7356,67.7027,26.4393,35.4857,123.637,11.2948,10.0467,69.0645,0.666791,11.4566,0.00561547,train
2529,5.51235,81.0637,250.854,33.9744,51.7525,33.7261,0.720635,47.0507,0.824179,49.3052,0.000186641,test
2530,13.3163,128.377,97.7857,465.787,236.906,2.40248,120.792,5.64372,0.200706,7.94037,0.0158576,test
2531,9.79597,13.1908,54.5738,176.05,129.319,34.0501,7.30694,116.108,0.90515,5.78048,0.00790021,test
2532,14.245,83.4064,69.9156,360.926,257.789,10.0149,104.836,28.2186,0.301209,7.35568,0.0183843,train
2533,7.86373,133.541,325.134,43.0232,161.601,4.72772,16.3536,97.8787,0.723805,49.89,0.000260142,train
2534,6.03895,122.443,253.3,5.70983,107.074,4.25297,1.28391,96.3133,0.929953,76.3511,3.40321e-05,train
2535,7.87028,26.1146,15.8889,79.3031,237.297,29.1261,7.20061,125.128,0.628185,8.96578,0.00982034,train
2536,2.84217,104.084,55.3652,81.3801,166.191,27.2736,2.21906,29.6395,0.209775,30.9386,0.00104441,train
2537,19.1468,120.279,44.567,8.64851,81.448,0.465703,4.37999,61.1921,0.831301,21.7201,0.000928887,train
2538,11.6464,129.151,15.2527,59.0377,171.541,4.17383,9.91423,6.90145,0.207652,9.41857,0.0112698,train
2539,6.33345,136.528,217.924,111.227,245.259,39.0449,25.0646,73.3681,0.397663,34.6867,0.000808133,train
2540,10.5634,48.7521,100.369,10.1366,290.81,26.6676,4.41877,278.043,0.967642,18.831,0.000266706,train
2541,13.7908,63.6556,22.4247,16.5422,207.055,36.8992,6.28405,148.86,0.767922,14.9462,0.00254329,train
2542,2.16724,99.5541,149.237,14.8299,80.9029,27.7969,0.346593,53.4725,0.64575,119.298,5.38404e-05,train
2543,3.08719,137.198,68.6852,21.7358,205.273,12.931,1.9875,36.3851,0.35527,63.5097,0.000244239,train
2544,3.47325,96.411,101.816,54.3549,227.914,7.0411,5.19897,46.3273,0.40797,45.7059,0.000463554,train
2545,6.3734,16.7731,99.6961,35.9205,258.353,20.5175,3.06425,249.628,0.975342,11.2427,0.000574085,train
2546,16.3422,67.0823,267.648,100.464,75.3348,30.6422,14.2596,66.6587,0.869205,15.1411,0.00153353,test
2547,6.9184,53.8864,30.7882,5.0217,134.299,29.0756,0.58311,120.633,0.912919,29.3553,0.000282106,train
2548,4.65351,30.0648,56.7573,331.668,246.449,36.6515,14.0143,82.1373,0.441155,11.8418,0.00679834,train
2549,9.35217,121.978,222.25,11.1587,237.888,19.7414,8.02256,206.111,0.902323,47.9773,0.000117388,test
2550,19.3979,36.9184,19.0873,256.84,276.726,19.7684,74.5209,77.615,0.443616,3.82081,0.0652547,train
2551,7.98694,136.677,25.5419,40.8383,215.406,32.4269,6.62082,39.6665,0.254637,17.6845,0.00319253,train
2552,13.607,134.366,23.0675,12.7762,194.887,24.5711,6.86907,81.6554,0.536021,21.7082,0.0018841,train
2553,3.89695,32.5642,59.4157,164.707,264.697,6.12943,9.24323,90.3163,0.528591,18.1969,0.0027007,train
2554,10.0452,91.1491,38.4932,131.549,92.9624,14.6893,8.79099,19.6488,0.288852,10.7729,0.00858224,train
2555,10.8872,51.1709,218.227,243.526,58.1603,28.4752,9.73669,46.4179,0.730683,14.4678,0.00303734,test
2556,12.4138,65.5244,36.8761,136.224,164.381,38.3559,19.0683,61.8916,0.415001,9.17711,0.0114644,test
2557,16.0366,47.3445,15.0307,11.9414,82.8206,12.6778,1.85482,67.8693,0.85591,10.9635,0.00318514,train
2558,7.25152,87.4123,19.1457,13.2897,270.865,36.6086,3.41033,115.99,0.53892,26.5242,0.00125838,train
2559,11.3054,43.733,181.219,6.58838,67.9755,16.1243,0.559719,67.2635,0.99081,16.3219,0.000102755,train
2560,7.87597,123.619,357.454,11.5405,291.729,5.25044,9.47083,258.305,0.921867,58.7995,6.35693e-05,train
2561,14.5959,83.2625,73.3135,5.35416,292.358,36.202,5.20606,274.176,0.952482,22.6863,0.000266488,train
2562,2.58778,146.653,285.157,77.7446,288.291,31.3037,7.87492,56.233,0.329144,74.9411,0.000176382,train
2563,3.05662,33.5123,214.432,134.459,245.174,17.1414,7.74853,166.998,0.767794,34.4397,0.000479163,train
2564,6.04806,56.0811,23.7512,248.854,193,17.1637,9.98636,20.0957,0.208554,7.94389,0.0158422,train
2565,17.9529,31.6604,304.237,266.798,288.924,36.7461,126.596,260.265,0.9229,7.43314,0.00393591,train
2566,2.9682,16.3944,16.271,8.73567,133.405,15.4241,0.153942,121.914,0.934725,21.5859,0.000398397,train
2567,10.1286,127.694,374.606,13.8206,260.309,4.14676,13.5706,231.632,0.925036,47.5741,9.34202e-05,test
2568,5.32828,95.7108,15.1953,8.80843,250.043,39.1613,1.43943,93.9312,0.477038,34.7528,0.000772175,train
2569,8.02619,40.7343,153.667,8.38122,50.6449,7.93724,0.379498,49.6083,0.983772,20.955,0.00010944,train
2570,6.69126,62.7952,44.0602,238.641,128.376,15.6085,9.92876,21.3847,0.272248,10.4921,0.00906038,train
2571,8.33358,80.632,112.069,19.4927,190.12,7.68576,6.50683,148.104,0.844937,33.5459,0.000362376,train
2572,5.87127,113.402,24.0178,152.498,114.468,18.8059,4.09124,18.9065,0.132363,10.3585,0.0093197,train
2573,2.27336,142.379,57.6202,15.8338,100.848,28.742,0.369453,34.9526,0.31696,79.7212,0.000156178,test
2574,10.0062,89.0238,50.0348,17.5028,281.235,20.0187,9.65087,178.866,0.733666,26.843,0.000875073,train
2575,13.3746,94.3378,27.3539,76.9499,51.3574,7.84307,4.8171,12.9668,0.35051,10.2398,0.00940613,train
2576,3.9314,125.271,117.358,129.806,106.963,21.208,4.09658,23.6913,0.236006,30.3167,0.0010871,train
2577,12.2603,24.9067,160.236,29.6521,140.322,22.3438,3.71086,137.622,0.984566,8.9851,0.0005672,train
2578,2.08579,131.581,16.582,50.5704,241.052,16.6358,0.972402,16.6542,0.0989843,25.0764,0.00159027,test
2579,7.43394,115.714,19.7714,261.163,274.257,23.7798,18.1214,23.8049,0.100887,6.38238,0.0245491,train
2580,8.38293,36.4757,219.545,133.936,113.099,19.4266,11.176,95.9755,0.876934,16.1397,0.00127852,train
2581,11.068,42.3763,17.5371,108.12,138.95,38.8962,7.74753,62.51,0.456258,7.44377,0.0170593,test
2582,7.16689,49.4823,360.411,25.8073,297.973,14.7657,8.15414,283.737,0.966391,27.6554,0.000128296,train
2583,18.2614,55.0065,333.349,9.8057,150.132,6.29785,4.78383,148.513,0.99245,12.9502,0.000134293,train
2584,16.4772,43.2157,38.1856,121.127,206.393,39.2755,32.6741,123.599,0.658752,7.56972,0.0130667,train
2585,8.52348,118.817,18.0918,20.2178,74.7639,28.33,1.08912,34.1345,0.358215,20.3322,0.00238127,train
2586,11.4429,31.3682,18.3567,11.7302,176.997,1.35315,2.33509,156.418,0.92106,11.0206,0.00182804,test
2587,2.60757,65.8261,32.2553,28.1518,114.614,18.1178,0.59888,34.9419,0.404817,41.282,0.000568959,train
2588,9.29858,24.997,17.4967,20.4728,107.549,14.4539,1.35558,92.5385,0.891149,10.4737,0.00272006,train
2589,7.37005,83.5869,46.3294,9.25832,190.88,5.77394,2.70993,135.917,0.799426,37.0659,0.000368202,test
2590,18.8594,80.105,213.742,132.768,126.443,10.7232,59.503,87.3385,0.770661,13.8642,0.00292868,test
2591,16.5607,70.3675,140.235,21.0278,242.236,14.7022,17.3964,221.197,0.937975,16.8801,0.000620805,train
2592,4.64331,128.895,134.56,187.227,277.175,0.71741,21.8035,6.84737,0.222035,24.8762,0.00161518,train
2593,17.5641,114.755,135.723,41.281,267.357,17.8997,51.756,180.701,0.764466,20.743,0.00133556,test
2594,6.17636,19.5689,255.91,468.548,293.741,14.8291,45.7496,233.693,0.854542,11.6845,0.00282708,train
2595,12.4274,86.8665,158.012,7.89876,292.064,2.95653,7.69059,274.227,0.958734,27.7647,0.000155306,train
2596,14.3557,92.2183,24.9526,31.7034,194.664,1.08113,13.9325,63.3573,0.525388,14.0253,0.0045599,train
2597,9.13119,145.403,120.112,220.414,92.4807,8.54313,18.7102,11.0973,0.238709,15.4433,0.0041891,train
2598,14.22,118.507,218.624,96.7002,287.018,25.8291,88.6876,151.546,0.643948,22.1101,0.00157242,test
2599,10.2159,103.834,147.005,30.2381,161.517,20.5271,11.3118,115.081,0.777086,32.3702,0.000525339,train
2600,8.06548,21.1766,355.153,5.8935,194.112,1.42492,0.666381,193.689,0.998528,11.4854,3.34602e-05,train
2601,7.48311,100.468,87.738,7.54785,61.6485,12.6143,0.770517,51.8252,0.865347,47.3377,0.000160938,train
2602,11.4751,119.752,138.342,68.5698,192.074,12.7809,31.136,81.6385,0.572922,24.4886,0.00142192,train
2603,17.6624,83.4894,25.2398,152.348,86.703,24.2074,14.2463,29.1048,0.306764,6.10701,0.0266526,train
2604,9.83151,56.0292,128.731,60.2575,282.569,27.5126,22.9783,217.422,0.827638,19.6943,0.0011505,train
2605,2.36395,105.356,20.2585,49.7613,275.546,34.6337,1.38097,35.1547,0.146405,26.2463,0.00145165,train
2606,8.42475,74.9898,33.8416,18.4576,54.0783,25.1979,0.74141,40.6217,0.681618,24.9503,0.00114874,train
2607,17.8929,46.6315,26.9493,18.1587,146.036,31.6203,5.29239,126.851,0.886728,10.1305,0.0030141,train
2608,18.4727,123.114,377.444,17.6188,111.782,28.3728,10.3318,105.355,0.948431,26.2321,0.000215573,train
2609,16.005,24.402,38.2703,102.802,211.877,38.6661,21.6629,174.344,0.851854,6.04698,0.0107482,train
2610,2.61721,35.5046,16.7111,21.2769,148.946,6.32536,0.520882,61.9341,0.57736,31.9067,0.00083307,train
2611,4.687,49.1745,42.4713,184.74,278.324,11.7038,11.8523,36.5265,0.324591,13.9466,0.00509684,test
2612,10.4425,93.1877,94.6599,6.95247,74.2294,36.7035,0.755975,69.8597,0.921985,33.8327,0.000191743,train
2613,11.6322,88.6061,238.379,59.4028,265.081,31.716,37.7373,200.783,0.814004,25.616,0.000724675,test
2614,11.5162,46.3586,150.074,111.62,186.563,34.7764,25.14,149.035,0.832982,14.2458,0.00214133,test
2615,7.59489,41.8592,19.2282,16.5261,240.847,6.51984,3.17492,166.534,0.785258,18.097,0.0016319,test
2616,16.8283,117.819,185.118,41.0348,281.553,5.35636,58.55,200.141,0.800779,23.2266,0.000932574,train
2617,15.287,78.5674,189.757,57.0215,176.127,15.2365,30.9765,141.107,0.853338,18.3962,0.00114843,train
2618,18.3112,54.9336,396.744,43.3282,150.606,13.4012,19.7978,145.04,0.972769,12.646,0.000499938,train
2619,14.7471,52.7761,68.0093,57.7227,178.41,1.48903,21.6592,128.968,0.810766,12.4169,0.00312914,train
2620,18.9116,111.336,108.057,94.8307,256.615,6.38996,95.0768,105.356,0.581058,14.2641,0.0041492,train
2621,4.14004,47.2304,195.376,72.5079,219.371,24.895,7.00282,159.27,0.7911,36.8911,0.000384112,test
2622,9.48461,45.6416,340.542,264.444,160.204,12.045,45.2099,117.83,0.806577,16.3321,0.00184129,train
2623,13.2732,122.238,17.1331,9.82686,62.1794,9.67738,1.52012,29.1313,0.562764,21.2936,0.00190324,train
2624,13.4543,116.341,31.2618,196.754,289.142,39.3568,48.0198,42.2011,0.193111,6.87253,0.0211695,train
2625,19.8298,142.436,239.249,170.823,55.9836,18.3131,31.5163,30.8189,0.533386,15.8585,0.00353959,train
2626,6.95859,34.4292,26.5174,458.901,124.961,37.2428,8.81009,42.062,0.276799,5.75491,0.0301058,train
2627,14.7871,120.764,184.473,18.0321,89.3671,36.1126,4.90073,80.0641,0.882659,29.7168,0.000361357,train
2628,4.13122,102.608,313.747,14.9074,96.2868,8.88495,1.51146,78.3954,0.862414,86.5424,4.90726e-05,test
2629,12.9893,106.243,16.0657,5.81858,286.039,7.22502,5.13921,166.968,0.709015,23.906,0.00117609,train
2630,16.4514,95.8829,42.0235,37.7322,183.122,31.1175,18.0763,97.1794,0.609829,14.8268,0.00369285,train
2631,9.92462,85.6147,132.555,43.8524,267.031,9.82197,23.4128,174.388,0.755712,26.8323,0.000820824,train
2632,13.5353,130.757,51.3196,348.236,159.103,0.868231,52.3236,1.65544,0.166472,6.59927,0.0229614,train
2633,19.103,16.4761,326.678,431.995,100.651,17.4925,44.018,95.9528,0.960719,4.27514,0.00631541,train
2634,10.0376,15.0034,64.4258,176.805,205.345,26.8867,15.7109,179.609,0.901644,6.29246,0.00688661,train
2635,13.2217,53.5186,101.623,73.5127,296.302,32.7221,37.3309,224.693,0.816249,14.0322,0.00239111,train
2636,11.0427,144.635,52.3899,101.97,61.1639,22.4714,5.1508,24.0198,0.255308,13.6312,0.00537331,train
2637,12.407,96.6325,41.2011,58.7859,287.287,35.7619,26.1365,94.3177,0.454708,14.6208,0.00442559,test
2638,17.5704,20.1028,100.547,449.759,100.05,23.3358,39.0438,81.9346,0.836918,4.66707,0.0196487,train
2639,19.3248,37.63,243.889,28.2226,275.607,26.9521,17.8349,270.401,0.98587,8.66477,0.000559061,train
2640,13.775,88.1667,144.797,37.8617,250.367,29.5165,27.5356,194.909,0.830639,22.0967,0.00090047,train
2641,5.40933,43.2673,290.557,9.46495,222.94,12.5791,1.48606,217.999,0.984315,32.4771,4.40525e-05,train
2642,12.9599,126.545,60.3334,25.5435,170.924,16.5086,12.6738,83.175,0.60808,24.358,0.00137172,train
2643,12.1319,74.7452,169.527,470.764,156.386,32.0789,72.3914,55.589,0.417304,10.7014,0.00842231,test
2644,10.2911,146.309,68.6081,104.856,52.4459,0.312373,7.24101,3.08401,0.275193,15.925,0.00393204,train
2645,13.9678,17.1405,372.424,70.8676,172.674,33.8882,8.83689,171.125,0.992375,5.86352,0.000664476,train
2646,9.54839,62.9998,292.769,108.42,153.765,17.1922,23.9652,118.373,0.825159,22.6026,0.000884007,test
2647,9.82056,74.9165,25.8105,8.98112,199.049,2.7371,3.31915,137.71,0.788643,24.8534,0.0008543,train
2648,3.4226,140.022,64.5743,6.42206,117.338,28.0407,0.519613,65.3607,0.598163,98.4835,8.50965e-05,train
2649,7.01374,18.1036,388.152,24.469,285.499,13.6908,2.89633,283.599,0.995305,11.2715,0.000110536,train
2650,14.9938,82.6313,253.032,100.198,255.311,8.55854,80.487,182.37,0.800076,18.437,0.00148435,train
2651,9.81538,53.6314,249.879,201.532,296.043,13.3384,74.4788,194.383,0.755876,17.2763,0.00197907,train
2652,12.7773,132.844,361.84,84.8985,207.589,20.161,61.3334,126.68,0.705853,30.0605,0.000749482,train
2653,10.7806,86.8455,90.2171,16.2346,202.461,12.547,7.97527,160.975,0.85297,28.3381,0.000484993,train
2654,15.8873,129.019,18.9075,208.179,116.318,5.56777,21.8562,5.77325,0.142815,4.78193,0.0437314,train
2655,10.5345,103.689,34.9383,9.58174,233.216,8.65643,5.54796,144.914,0.732772,29.5829,0.000722264,train
2656,6.45866,107.887,179.813,115.302,98.7838,4.99089,10.7345,25.8948,0.446747,30.297,0.00103537,train
2657,12.3685,137.594,377.987,300.463,198.923,38.6293,114.184,71.9018,0.433691,19.7322,0.00245794,train
2658,10.3946,17.8009,48.2213,26.7481,234.632,17.6911,3.75525,225.489,0.971462,7.62603,0.00144146,train
2659,10.4275,10.0043,390.26,16.3822,226.625,29.9218,1.33014,226.384,0.999155,4.83357,0.00010943,train
2660,15.4543,80.0749,315.022,452.708,222.198,21.4585,211.497,98.2016,0.571072,12.4069,0.00555224,train
2661,3.01303,48.4875,27.3663,41.4614,120.773,4.84385,0.99028,30.031,0.442024,28.8953,0.00114122,train
2662,15.857,97.0184,159.668,20.4153,92.2447,16.6454,7.01175,81.3312,0.903099,23.005,0.000506872,train
2663,17.2973,47.5888,237.829,14.7982,100.294,25.0032,3.10308,98.8672,0.987279,11.8522,0.000269067,test
2664,17.7728,76.7244,275.36,15.4493,167.371,5.97721,10.997,160.902,0.973166,17.7776,0.000249291,train
2665,9.20268,111.426,49.1593,54.5302,251.622,0.779924,17.7676,41.8498,0.395062,19.5286,0.00255203,train
2666,11.4835,93.6073,27.3062,6.51268,222.623,17.1573,3.73983,162.699,0.802969,26.9844,0.000684722,train
2667,13.1914,138.143,172.718,376.905,200.383,8.06969,116.614,18.2111,0.274469,11.7716,0.00719657,train
2668,19.2614,13.4054,280.27,81.7544,89.8829,3.50052,7.73563,89.0815,0.993471,3.75918,0.00140463,train
2669,13.8939,137.634,40.5108,90.56,288.126,19.5531,41.7827,34.5738,0.278917,11.3308,0.0077648,train
2670,10.2595,74.6427,56.0683,381.204,118.327,26.0487,22.006,29.541,0.25139,7.56729,0.0174384,train
2671,13.8143,32.8122,88.6227,154.262,140.42,12.5313,25.6272,107.529,0.825341,8.66684,0.0060115,train
2672,10.1521,132.579,183.981,43.9807,52.2662,28.1743,3.01065,40.2828,0.659345,35.1017,0.000606713,train
2673,16.8779,122.596,194.974,278.323,200.632,8.41983,151.343,45.486,0.42072,12.6446,0.00602323,train
2674,7.57461,19.2271,213.474,161.758,218.505,30.7107,14.4201,203.029,0.944498,10.5344,0.00143489,train
2675,18.0078,55.3778,319.635,69.4102,245.875,24.6729,49.2085,228.133,0.946097,12.5839,0.000977621,train
2676,17.9999,62.6471,161.71,42.9593,200.547,12.7965,28.1701,178.158,0.919824,13.7253,0.00119544,train
2677,7.41148,69.0073,74.3778,46.7953,219.909,6.58163,10.8882,114.346,0.661077,25.2819,0.00116575,test
2678,8.14323,144.469,338.591,48.7759,125.763,35.7548,11.2591,84.14,0.684257,49.2418,0.000293269,train
2679,5.83016,49.1329,177.971,254.623,215.955,22.0652,26.5349,98.4128,0.58005,20.1332,0.0020853,train
2680,18.7197,127.322,135.279,65.8583,216.461,10.0979,68.4273,110.789,0.648574,18.2937,0.00227834,test
2681,8.21846,140.908,19.8285,356.202,259.558,12.1992,24.3291,12.2,0.0748065,5.20513,0.0369094,test
2682,5.34023,35.2983,31.3402,12.0809,115.623,21.0736,0.623489,99.8796,0.888149,24.3704,0.000514631,test
2683,15.0082,82.4547,172.351,53.1494,123.515,17.0396,19.2365,97.6716,0.836295,19.2147,0.00115705,train
2684,15.9583,59.7013,19.1818,17.5352,201.734,30.9081,7.40231,144.851,0.773914,12.355,0.00364709,train
2685,10.5772,139.322,79.6697,12.107,172.318,5.60699,7.00517,107.452,0.735716,39.499,0.00040184,train
2686,16.6103,135.08,143.489,24.7851,122.094,16.8039,15.1035,90.4071,0.796583,26.7087,0.000717283,train
2687,8.24524,27.2554,26.3509,11.4657,81.0474,11.4564,0.571775,75.2075,0.943632,13.4207,0.000896911,train
2688,10.6064,37.8966,76.9679,25.7427,255.706,8.13773,8.06117,232.179,0.936178,14.316,0.000886858,train
2689,19.0313,134.595,190.047,40.5217,66.5195,13.1577,14.1352,49.5354,0.784603,22.9803,0.00101446,train
2690,13.1604,117.129,27.9702,9.82314,167.217,18.1364,4.9615,97.5187,0.680497,24.9067,0.00115548,test
2691,16.0153,125.053,44.5035,358.122,175.759,1.74376,69.9384,2.82804,0.172835,5.57103,0.0322191,train
2692,12.7123,134.642,37.0745,11.0773,234.533,16.1818,8.67518,123.588,0.651633,28.2585,0.000949562,test
2693,5.65825,12.3986,48.8813,20.3046,57.8754,34.3261,0.115265,57.2374,0.981752,9.58676,0.000587589,train
2694,7.4135,114.331,353.683,6.20945,241.085,13.734,3.66515,227.288,0.959449,60.146,3.25388e-05,train
2695,15.1984,11.5477,27.7762,32.0586,104.774,33.6225,1.63332,102.452,0.977152,3.9469,0.00438542,train
2696,9.16721,36.5654,154.747,20.8856,182.545,27.4797,3.52055,175.92,0.971384,16.4697,0.000309316,train
2697,17.6496,80.1845,248.562,143.517,100.109,30.3483,36.2862,76.7296,0.77266,14.8139,0.00254766,train
2698,12.3438,105.676,174.061,24.5939,230.1,11.9827,19.2664,181.991,0.851544,30.0123,0.000436026,train
2699,10.6692,44.6948,43.2027,10.9214,266.725,7.5397,4.20021,241.498,0.934694,16.5969,0.00067428,test
2700,13.9106,144.372,17.0263,453.264,107.587,3.28697,23.6133,3.28749,0.077305,3.28657,0.0925794,train
2701,16.806,111.498,20.4454,24.9528,70.478,12.7456,4.29305,28.5503,0.487848,13.4342,0.00512775,test
2702,10.7631,143.977,46.6506,9.54677,189.48,19.4944,5.3875,107.33,0.669422,36.4886,0.00055065,test
2703,12.5028,33.8476,17.1563,10.2728,166.88,17.1821,2.05692,149.334,0.921016,10.8945,0.0018716,train
2704,17.2643,92.2904,36.9695,5.00883,197.561,7.75871,4.54585,172.839,0.912582,20.4263,0.000584767,test
2705,9.17786,52.3604,19.5435,5.48035,90.8839,18.7025,0.557177,79.4725,0.893798,21.2905,0.00064341,train
2706,9.87662,18.9922,69.1686,10.4303,154.954,32.5713,0.842156,153.275,0.990742,8.61132,0.000372335,train
2707,3.10102,103.242,70.9609,7.92662,159.966,25.9767,0.730867,97.0178,0.679078,91.1131,8.65993e-05,train
2708,17.337,108.112,97.3077,58.3947,225.986,29.661,46.0384,127.423,0.655696,17.0112,0.00260099,train
2709,3.18455,122.787,54.0898,25.2514,148.336,16.1009,1.37264,29.335,0.332481,51.6103,0.00037167,train
2710,18.9071,29.0534,77.5217,55.3218,154.445,34.3194,12.6196,144.976,0.946406,6.76355,0.00337317,test
2711,14.9172,19.0406,29.9139,5.04819,193.753,26.0756,0.896283,191.857,0.992286,6.05856,0.000629347,train
2712,13.953,110.116,29.813,79.3927,298.776,3.97576,36.9925,29.5875,0.317391,10.3366,0.0092893,train
2713,19.4003,57.4563,78.8195,7.00621,63.7545,27.8635,0.932893,62.5219,0.97695,12.5503,0.00043112,train
2714,10.2312,149.109,61.5586,17.1047,72.1471,39.3245,1.59064,52.2908,0.581187,34.4618,0.000710714,train
2715,12.8619,58.457,36.7064,31.8842,107.412,21.9904,5.13756,76.8481,0.756957,14.5184,0.00279304,train
2716,14.6425,61.5797,131.011,11.7809,296.157,24.9295,9.26868,282.612,0.966552,17.2261,0.000329175,train
2717,15.3534,39.3954,66.5992,356.078,147.476,8.84131,58.9387,62.4635,0.572537,6.44885,0.0205221,test
2718,9.61642,119.666,379.808,17.2054,99.5608,36.9472,3.63855,91.6964,0.915846,46.5028,0.000108906,test
2719,5.28759,101.729,46.8715,148.71,65.8315,6.1188,3.01065,6.88685,0.19806,15.4401,0.00419399,test
2720,17.6835,56.9828,329.035,28.1069,166.469,5.43422,15.0757,160.805,0.976411,13.5618,0.000377642,train
2721,16.4277,48.7327,21.8728,8.32094,150.815,23.8727,2.65549,136.087,0.921896,11.8611,0.00156237,train
2722,12.9307,50.5091,42.0936,177.493,240.34,13.8548,43.3917,77.9793,0.494424,8.21956,0.013631,train
2723,7.90075,146.23,133.751,7.10604,249.197,36.0534,4.68366,198.737,0.840624,63.075,0.000104939,test
2724,7.6053,138.085,132.069,23.6382,232.089,29.3564,10.3376,127.162,0.644953,47.4851,0.000340305,train
2725,10.2379,94.1942,61.8584,93.2178,216.768,18.9448,24.0008,56.4913,0.418237,15.8103,0.003857,train
2726,18.0995,22.6438,312.511,8.35228,113.949,10.1977,1.33677,113.729,0.998556,5.99563,0.000120933,train
2727,18.5428,70.7841,33.4712,209.241,157.273,26.9852,42.9087,43.4697,0.358247,5.82843,0.0289796,train
2728,14.0312,120.058,107.3,31.9852,262.145,33.0119,28.5304,166.142,0.714705,25.1762,0.00104564,train
2729,13.8574,143.183,17.5129,294.858,133.536,5.64086,23.5494,5.65039,0.0978159,4.14059,0.0583279,train
2730,6.4666,86.0432,223.412,117.138,207.839,13.8512,23.5417,90.6386,0.581756,31.5446,0.00084763,test
2731,14.9468,141.269,207.16,118.623,91.1903,5.83115,36.3458,33.4582,0.527172,20.4573,0.0021397,test
2732,8.91469,85.8493,271.997,271.717,281.148,19.821,89.5265,98.9857,0.511125,20.1998,0.00222638,train
2733,3.55334,130.111,83.3288,9.58994,274.08,36.8355,2.0161,138.512,0.605961,89.3589,0.000102234,test
2734,15.7759,84.4025,97.0631,56.7552,151.784,25.0523,23.1763,102.577,0.735899,16.4844,0.00230614,train
2735,13.9068,72.1906,40.0753,6.83592,196.143,15.5749,3.73707,173.492,0.915817,19.932,0.000593044,test
2736,3.06426,10.0632,26.7273,38.9347,93.3922,12.2762,0.306779,85.1583,0.931768,13.1717,0.00111596,test
2737,16.8578,18.6781,216.483,323.191,128.02,18.4044,40.4909,118.887,0.942716,5.12075,0.00629182,test
2738,8.93783,106.01,109.14,316.271,189.722,23.3155,41.0019,30.083,0.256323,12.4171,0.00647511,train
2739,4.25849,51.0813,361.317,8.51358,193.625,37.5955,0.908559,189.047,0.980411,48.0212,2.50853e-05,train
2740,17.4943,12.7398,17.1719,5.92608,205.834,33.6129,0.952721,203.992,0.992493,3.88352,0.00150934,train
2741,14.6923,92.6381,222.729,5.77643,164.043,4.10028,4.01978,158.952,0.978727,25.6631,9.52604e-05,train
2742,8.03486,44.6285,209.497,171.596,58.5675,38.9173,3.1024,52.2302,0.781559,18.1458,0.00164531,train
2743,14.5726,116.104,203.566,394.387,68.5689,6.76303,48.0068,14.5704,0.359251,11.8082,0.00705822,train
2744,9.96169,67.0035,239.828,285.583,253.115,2.23478,93.1731,107.155,0.597948,16.6854,0.00296555,train
2745,11.2867,110.915,20.8114,10.2005,56.9687,24.4565,0.807442,38.2989,0.60371,24.3346,0.00138301,train
2746,7.9209,113.11,81.398,161.843,237.361,29.0368,26.4415,39.9129,0.273834,15.9152,0.00393728,train
2747,12.9226,130.22,18.8219,35.5708,195.79,21.2397,10.3891,35.0999,0.308848,12.7578,0.00610549,train
2748,9.52485,103.962,47.6247,463.004,172.636,10.6119,35.1313,10.9785,0.147167,6.57239,0.02315,train
2749,17.001,51.6901,143.362,32.6558,100.382,19.7195,7.45801,94.0966,0.947629,12.4724,0.000968144,test
2750,8.76888,33.3042,24.1027,35.9739,103.994,9.29053,2.62158,74.2382,0.786923,12.7418,0.00327195,train
2751,5.15662,88.8126,216.883,9.18957,150.54,11.7601,1.71192,133.885,0.919625,64.2745,5.4623e-05,train
2752,6.27716,36.7034,26.3975,190.844,136.853,19.4918,6.43577,36.961,0.380711,9.28497,0.0113454,train
2753,18.3282,56.7422,169.771,69.0035,290.104,34.3338,56.2063,252.864,0.90191,12.0708,0.00186238,test
2754,6.84627,68.0125,17.7239,25.6124,162.603,28.89,2.44836,63.5935,0.476722,19.4202,0.00247334,train
2755,18.1994,57.7622,16.9979,232.575,109.472,2.5273,25.8773,9.72713,0.292023,3.99939,0.0622534,train
2756,4.66571,11.2786,173.3,47.4264,237.755,12.4618,1.92584,233.758,0.988071,10.5421,0.000319212,train
2757,16.3984,138.927,41.991,102.167,111.846,11.7845,21.5778,17.9459,0.286457,9.9939,0.00997462,test
2758,11.8806,90.7531,154.564,30.1175,189.398,38.8316,13.3854,154.486,0.843818,26.6268,0.000578747,train
2759,3.88299,33.9499,81.1522,147.634,206.74,36.6842,6.41843,108.272,0.600143,21.5889,0.001766,train
2760,7.30703,19.8223,81.0942,75.152,271.295,18.7188,8.75086,244.169,0.927659,10.9938,0.0016929,train
2761,12.7904,62.4368,133.559,155.161,257.018,9.52009,68.6989,140.7,0.678311,13.9231,0.00371479,train
2762,7.65142,115.103,239.139,20.7153,108.748,18.925,4.36649,86.6504,0.834292,51.0362,0.0001657,train
2763,11.9673,21.6379,140.346,9.00357,208.088,28.7045,1.48912,206.945,0.995694,8.19687,0.000191934,test
2764,2.74712,109.88,36.0795,21.3828,298.415,23.1453,1.72404,44.5068,0.306954,49.4172,0.000407026,train
2765,14.216,59.5257,26.2387,33.9296,196.799,31.2182,10.9792,122.622,0.69369,12.3122,0.00459573,train
2766,6.24624,45.906,334.982,153.913,148.122,33.2459,13.5907,118.356,0.825223,25.0848,0.000717486,train
2767,16.8684,131.94,16.8237,214.404,154.875,36.8599,24.3918,36.9956,0.133601,4.31358,0.0537433,test
2768,18.9494,53.3807,18.4336,7.30595,127.397,2.4503,2.89114,111.709,0.915398,11.2302,0.0018776,train
2769,13.0498,19.3328,331.047,137.615,191.571,27.3157,20.4979,186.477,0.978927,6.7799,0.00135619,train
2770,5.93498,133.812,248.851,65.2802,244.369,4.21019,20.8124,81.584,0.526243,47.9857,0.000389225,train
2771,17.432,139.803,159.377,8.72054,239.053,33.7984,13.0183,214.928,0.921236,30.4741,0.000238455,train
2772,13.6821,32.7719,20.3029,30.9529,57.3045,13.0492,1.79484,47.011,0.842249,8.91182,0.00521476,test
2773,15.1239,128.186,310.426,328.97,94.6722,27.6366,61.0963,42.2067,0.441847,15.4217,0.00400686,train
2774,18.3152,103.571,19.8291,8.12665,242.018,13.9193,8.69401,159.269,0.753696,17.8021,0.00187655,train
2775,4.14474,72.2492,116.139,25.2606,129.66,5.42031,2.21793,82.1831,0.740594,52.3794,0.000225373,train
2776,18.4625,51.5434,93.7214,31.7602,229.789,21.9668,19.9816,207.994,0.929386,11.308,0.00156414,train
2777,13.6104,125.202,202.603,106.428,182.244,33.2337,50.2833,91.2079,0.576598,21.7931,0.0017874,train
2778,7.0228,20.9482,33.6516,44.7504,153.562,34.4489,2.36953,133.688,0.88745,11.4761,0.00233476,train
2779,19.6343,122.023,73.3934,121.325,80.9172,26.5943,21.737,37.1127,0.421243,10.893,0.00811423,test
2780,9.18267,22.4386,36.9023,344.73,147.553,25.0303,17.5429,74.0274,0.582086,6.27159,0.0214454,train
2781,14.3775,25.4905,29.1796,125.844,102.62,31.3648,8.94486,77.6167,0.759311,6.14416,0.0155017,train
2782,11.1471,135.414,77.5904,5.34174,92.3709,25.4793,1.50044,79.1978,0.867646,43.028,0.000191856,train
2783,3.66476,147.66,16.3944,21.3974,66.4512,6.54362,0.391009,6.98351,0.17832,28.9176,0.00119578,train
2784,8.66025,148.086,104.515,46.6718,294.01,9.97658,24.4512,74.7956,0.451208,31.313,0.000966822,train
2785,10.828,29.5735,155.784,7.12578,164.769,32.1675,1.03153,163.618,0.994175,11.8553,0.000123822,train
2786,5.18098,55.6552,36.1102,400.63,79.4328,26.1403,3.75463,26.6918,0.189714,8.34151,0.0143703,train
2787,19.6072,23.1804,144.149,263.308,85.5062,7.62994,32.3749,75.6104,0.912729,5.22898,0.00895381,train
2788,17.6036,38.9609,363.371,129.647,280.309,39.0257,71.426,263.194,0.952152,9.38147,0.0015702,train
2789,7.81237,44.8178,279.608,321.513,113.578,19.2949,24.9188,74.296,0.716116,17.1489,0.0022458,train
2790,18.7222,99.6658,103.8,137.421,222.74,39.7974,82.8178,101.411,0.536748,11.966,0.00619664,train
2791,8.39381,33.5711,43.5114,67.1739,63.4486,34.8582,1.39593,53.8764,0.772748,13.1352,0.00323964,train
2792,17.2218,100.78,26.3234,391.792,62.3354,15.1264,17.0199,15.3276,0.161848,3.95031,0.0640812,train
2793,6.94419,149.722,15.539,9.38565,254.67,23.7305,2.51733,51.0395,0.35149,30.665,0.00104859,train
2794,11.4992,125.409,123.493,166.947,226.764,25.6176,55.5156,50.4799,0.356725,15.9183,0.00388638,test
2795,5.13136,115.068,353.337,78.7248,278.023,37.2976,21.1183,136.589,0.594118,53.8853,0.000285822,train
2796,19.9399,40.0951,210.204,199.581,261.488,7.96889,126.935,219.749,0.88837,8.03372,0.00473304,train
2797,9.85458,13.0449,38.3188,10.0814,100.445,4.87531,0.458691,99.2614,0.991559,6.24183,0.000648168,train
2798,11.4477,83.6013,112.325,13.0283,181.38,29.0503,5.61527,160.919,0.909911,27.4899,0.000331947,train
2799,18.8338,131.78,54.2149,355.588,240.265,21.4101,123.363,24.1317,0.196289,5.69003,0.030882,train
2800,17.8533,34.7886,16.1781,399.81,127.328,24.3434,30.8605,35.9259,0.340446,2.99399,0.110302,train
2801,17.9461,125.751,15.0517,14.2395,269.467,24.9659,12.9157,97.2568,0.505228,14.6661,0.00424441,train
2802,10.1574,47.8601,32.77,16.1478,294.69,4.98322,6.49083,235.647,0.862717,17.1227,0.0012513,train
2803,13.5671,78.2826,22.1384,6.39038,233.524,1.07745,4.3732,180.309,0.845717,20.3649,0.000979056,test
2804,11.226,85.8221,64.1242,9.32514,254.309,15.9388,6.13706,212.897,0.883294,27.8943,0.000408128,test
2805,18.3631,23.2829,133.028,44.5607,195.736,26.3953,11.9108,191.173,0.981602,5.95997,0.00153779,train
2806,4.29337,127.3,174.14,8.02658,283.123,26.7677,2.90732,213.184,0.816015,97.5964,4.94733e-05,train
2807,16.656,121.079,90.4139,5.30556,106.253,19.4557,2.81363,97.4794,0.932298,28.0414,0.000244347,train
2808,7.95676,43.8825,103.675,84.5566,209.492,16.3015,14.7226,148.431,0.785992,18.1254,0.00162237,train
2809,5.29986,22.7758,22.8119,7.98789,151.538,21.8458,0.395671,142.21,0.951797,17.3129,0.000463955,train
2810,18.5634,89.6887,16.9599,59.2484,109.94,39.3795,8.78651,50.0066,0.382053,7.7656,0.0162125,test
2811,6.30402,53.7422,368.194,84.3135,208.367,24.9763,14.8077,174.019,0.874132,30.6823,0.000360893,train
2812,18.8508,61.9388,22.3363,92.6182,126.349,19.9759,18.9309,49.1427,0.486805,6.88487,0.0195413,test
2813,8.02228,92.7796,161.844,22.1357,160.43,26.8024,5.90641,127.873,0.83588,39.5045,0.000274305,test
2814,2.81805,36.0904,82.0272,251.554,114.134,17.9538,3.19638,34.8154,0.40556,21.1814,0.00216054,train
2815,2.32633,67.7428,389.039,412.623,71.3553,34.6505,2.57682,38.6083,0.340731,40.0291,0.00061684,train
2816,6.18662,31.0431,175.141,55.9284,280.063,16.7563,8.70096,253.673,0.932799,19.6551,0.0004939,train
2817,17.7841,127.489,19.2465,68.6669,198.528,3.48547,26.3849,12.8385,0.267261,7.93093,0.0158624,train
2818,15.9175,41.2784,25.3022,259.344,93.1916,0.487831,23.2174,19.2838,0.426697,4.85285,0.0407881,train
2819,13.5709,47.7738,333.95,481.744,268.38,33.5398,183.343,179.733,0.742904,11.2039,0.0048942,train
2820,15.6194,98.002,270.454,5.49794,247.721,33.9892,5.77241,242.079,0.982361,25.6372,7.93799e-05,train
2821,9.36367,101.045,299.731,279.782,125.479,18.3539,42.7534,45.1365,0.469035,20.7147,0.00218512,train
2822,13.0433,14.0612,265.843,41.3539,108.353,4.90661,3.02216,107.643,0.995287,5.28713,0.000507247,train
2823,16.4988,70.6506,130.365,58.3663,157.878,4.45419,29.0546,120.867,0.837145,15.1763,0.00184668,train
2824,12.2082,69.7788,57.2542,406.625,203.081,3.4079,64.4387,15.4155,0.28413,6.78019,0.0216759,train
2825,12.4973,11.7344,264.876,37.9656,185.495,12.3209,3.82271,184.66,0.996668,4.73995,0.000447823,train
2826,6.05239,58.6371,43.3503,6.2355,106.47,3.06321,0.663114,90.9318,0.899199,35.7459,0.000217643,train
2827,3.90667,18.2687,190.992,19.294,92.2868,38.0534,0.244048,91.2669,0.987424,19.4573,9.86629e-05,train
2828,14.9409,142.817,109.635,104.391,227.465,24.9428,61.01,63.6724,0.419515,16.4598,0.00355654,train
2829,3.01466,38.0574,58.2745,136.815,291.301,34.1807,5.81446,92.406,0.449671,23.1565,0.00176943,train
2830,7.30378,83.0826,195.156,9.05098,63.7238,22.6547,0.683013,60.2322,0.943124,43.8563,8.4684e-05,train
2831,2.34202,93.9604,68.2181,6.07106,156.886,27.8754,0.38463,101.186,0.705942,113.994,5.21068e-05,train
2832,15.6461,24.4966,47.4804,84.4946,285.406,2.49955,29.8237,241.19,0.893489,6.48911,0.00696085,train
2833,17.6991,27.8788,165.379,114.301,218.059,17.8566,39.0112,203.061,0.94911,6.92909,0.00305818,train
2834,16.8206,116.181,347.749,20.7641,200.752,39.2642,19.9795,185.469,0.936619,26.8137,0.000251091,train
2835,15.413,56.559,146.593,22.5144,95.6065,38.5906,3.58304,91.7125,0.954186,14.96,0.000591798,train
2836,12.8025,65.0269,15.2466,9.43893,162.236,1.01579,3.25347,109.686,0.779114,16.6083,0.00198145,train
2837,15.1055,109.266,128.646,172.983,75.4593,8.66838,28.252,24.3129,0.45583,13.6449,0.00507788,train
2838,19.9577,91.0933,57.0755,47.9192,191.237,1.75749,37.1843,102.607,0.679801,13.0912,0.00418899,train
2839,11.1547,147.002,175.492,238.26,214.202,15.9203,74.8296,30.4796,0.301751,16.2082,0.00378609,train
2840,18.6889,17.7687,45.2195,230.066,128.855,20.6962,27.9019,105.69,0.85103,4.08754,0.0237711,train
2841,11.6704,119.165,250.521,32.4015,83.8028,9.41086,8.90842,64.5696,0.825695,34.5498,0.000377354,train
2842,10.5572,145.464,170.404,16.033,192.53,26.173,10.498,143.578,0.801283,44.9637,0.000248328,train
2843,5.63569,120.8,283.862,268.189,75.8176,26.5276,9.00583,30.6858,0.314867,27.3112,0.00133113,train
2844,13.6478,123.538,74.8717,47.271,193.078,11.6867,25.3694,74.2897,0.54357,20.2248,0.00215417,train
2845,13.3551,113.611,120.884,141.526,215.085,36.4242,55.2514,75.9946,0.445329,15.5989,0.00390889,train
2846,4.97884,148.172,23.3439,63.7795,70.9612,28.0196,0.914359,28.0981,0.14285,17.1479,0.00340076,train
2847,2.75029,79.6899,265.07,13.8434,212.528,39.5263,1.43574,177.318,0.863215,100.91,3.59087e-05,train
2848,16.79,58.8522,370.633,413.969,136.695,26.1951,114.39,96.4155,0.751923,11.2945,0.00468828,train
2849,13.624,125.51,78.1652,10.5067,222.568,3.37971,10.505,166.23,0.826704,31.2904,0.000457823,train
2850,3.49469,33.4496,52.8235,42.9341,231.891,10.381,2.6722,148.882,0.745633,29.2931,0.000710106,train
2851,18.9386,69.9416,16.6529,83.2416,126.146,0.836367,18.8051,23.0457,0.405763,6.39982,0.0236666,train
2852,11.0803,65.7075,53.945,183.718,133.419,16.1593,21.0388,37.3326,0.409703,10.128,0.00943396,train
2853,8.20256,28.06,58.6149,7.93674,114.398,0.409761,0.688295,111.084,0.980517,14.3974,0.000277666,test
2854,13.468,108.914,261.659,349.422,212.487,17.9161,141.181,59.1244,0.437108,14.5764,0.00449632,train
2855,14.3391,15.0582,155.457,74.7462,81.8061,11.038,4.37509,80.2474,0.984851,5.12181,0.00172362,train
2856,6.48852,131.138,18.3716,23.4371,129.674,8.0905,2.06885,13.9676,0.26828,21.957,0.00206939,test
2857,2.03981,12.7957,21.7252,9.6261,190.695,0.101868,0.148879,176.94,0.951697,24.8317,0.000225952,train
2858,13.4494,93.373,24.6509,12.2536,89.2018,24.2305,2.28589,60.8592,0.702482,20.2106,0.00167137,test
2859,16.9121,96.069,45.5364,27.0881,259.229,2.84519,25.8351,145.839,0.698082,16.5599,0.00251511,train
2860,19.9696,130.67,17.2884,90.3568,214.007,10.1667,35.7016,15.2843,0.22775,6.18885,0.0260924,test
2861,11.6219,70.4532,38.2205,9.776,120.913,10.5636,2.5057,99.1321,0.867201,21.8954,0.000743161,train
2862,5.05246,12.2897,206.011,18.0726,229.987,0.768854,0.887382,228.545,0.995773,10.6843,0.000110808,train
2863,18.8223,124.421,210.594,186.759,219.919,33.2828,141.716,95.0391,0.532481,14.6119,0.00417299,train
2864,17.5423,53.0577,31.0069,258.973,223.344,23.6026,64.4656,56.4877,0.393668,5.15635,0.0366289,train
2865,9.6257,52.1464,203.198,17.4551,66.7917,5.18036,1.71386,63.664,0.966034,21.8997,0.000206716,train
2866,12.6381,75.198,30.6997,371.955,197.163,21.7166,41.8359,24.5039,0.206063,5.11043,0.0382806,train
2867,16.9662,61.3997,22.1122,403.769,186.858,20.8643,54.4272,25.4861,0.232103,3.59196,0.077451,test
2868,6.41622,25.2605,15.1433,18.8814,248.92,28.5179,1.90923,199.03,0.847225,14.1892,0.00200002,test
2869,17.5152,141.188,192.309,12.7181,231.082,38.8758,17.7282,203.979,0.905415,30.0994,0.000289584,train
2870,16.3029,109.613,22.0173,101.81,243.506,39.2991,31.5834,48.2438,0.260893,7.27736,0.0188466,train
2871,5.43324,127.11,18.601,7.36004,75.6679,31.3822,0.317949,41.1494,0.444844,42.0733,0.000537455,train
2872,8.31209,88.489,32.9926,12.757,296.242,0.295194,6.10095,159.021,0.683291,29.7801,0.000803491,train
2873,6.7074,37.6951,109.455,63.2915,148.172,30.1623,5.28664,122.445,0.853148,20.0317,0.000969627,train
2874,18.5372,27.327,34.1135,205.268,199.327,26.6411,46.9094,127.181,0.71099,4.90347,0.0278855,train
2875,8.47205,70.0955,234.637,440.355,140.76,32.2637,41.5744,57.2591,0.45274,15.4362,0.00397498,train
2876,17.8791,66.0216,139.825,77.6691,121.072,0.67192,30.9118,91.6516,0.834869,13.1665,0.00248285,train
2877,19.7719,147.138,141.011,53.0171,62.8727,2.48416,19.8008,32.4604,0.654697,20.1431,0.00185846,train
2878,10.9791,78.0464,37.8966,9.1754,56.0569,4.65402,1.10917,44.148,0.84393,24.8408,0.000664554,test
2879,6.25813,94.0764,244.11,5.42961,249.956,37.7129,2.07761,236.869,0.958795,58.6118,3.4799e-05,test
2880,10.6393,30.2465,40.3844,18.6654,185.292,38.407,2.83967,172.561,0.941694,11.6503,0.00122935,test
2881,19.8013,42.7514,366.822,42.8739,108.15,19.5351,11.0766,105.847,0.982488,9.4673,0.000578591,train
2882,4.97163,29.2035,28.2473,5.19662,136.286,1.95303,0.31757,127.583,0.956645,23.4341,0.000228656,test
2883,15.0602,13.9694,106.142,41.5844,68.6252,39.1074,1.01895,68.17,0.989333,4.66003,0.00147507,train
2884,12.5487,62.2847,24.7797,143.545,158.348,23.0032,17.6957,39.3571,0.353155,7.3646,0.0181732,train
2885,9.59083,105.925,24.9038,201.16,273.68,31.8367,25.2545,32.7443,0.159051,7.18557,0.0193674,train
2886,2.95011,102.804,166.144,93.8967,193.112,22.0474,5.34307,41.4606,0.34664,48.6648,0.000416815,train
2887,19.9845,108.087,371.173,60.1026,223.012,5.44354,81.8347,184.66,0.88147,19.9512,0.000809006,train
2888,13.4398,60.7223,32.6481,33.5429,134.105,6.34535,8.35861,81.7857,0.720872,13.7487,0.00345204,train
2889,7.54468,142.018,295.716,5.61623,109.854,22.8214,1.56024,101.508,0.935842,71.3994,3.58221e-05,train
2890,12.1659,107.848,24.9699,10.8545,176.726,11.0974,4.99,93.3401,0.6549,23.8771,0.00132213,train
2891,9.42242,99.2726,45.1457,11.2512,209.165,14.9457,4.90512,136.523,0.746162,32.1918,0.000587061,train
2892,10.9971,74.0622,65.5642,18.0994,68.9384,18.7609,2.02511,57.0457,0.840277,23.4764,0.000758952,train
2893,12.5672,40.9753,43.6925,69.1957,84.1147,16.0431,6.27539,60.5837,0.764892,10.7406,0.00497565,train
2894,17.6123,103.418,41.1415,248.63,95.109,2.24845,34.4586,5.70898,0.250175,6.1262,0.0266091,train
2895,4.85252,66.4386,24.2492,18.9898,143.626,35.8229,1.15182,73.2891,0.545554,30.4236,0.000950017,train
2896,18.2748,109.096,22.7664,95.4644,123.933,32.635,16.4833,38.5147,0.289809,7.21015,0.0191576,test
2897,12.8992,26.6194,87.4425,42.7533,79.2201,33.1089,2.28252,76.3064,0.957342,8.85984,0.0015767,train
2898,15.5339,13.8767,37.6837,87.1986,165.405,25.2069,9.9841,153.753,0.942277,4.30928,0.00898623,test
2899,3.11421,35.6006,39.0533,76.3305,96.5611,4.93303,1.29618,33.8115,0.520702,24.3307,0.0015217,train
2900,19.2958,70.0558,360.674,336.981,264.396,28.9643,269.116,176.991,0.747296,11.5999,0.00450704,train
2901,15.47,75.5693,52.548,17.7952,54.64,16.2129,2.24162,46.0385,0.849103,17.4402,0.00130971,test
2902,9.40948,43.3776,96.8405,70.7149,121.113,23.9223,7.69396,96.3773,0.828129,16.0988,0.00171775,train
2903,9.94096,137.289,67.6916,10.9002,180.468,4.00559,6.03985,107.671,0.719347,40.4572,0.00040019,test
2904,15.4957,23.8139,320.618,409.117,138.695,5.65564,67.767,123.786,0.923723,6.60207,0.00494322,train
2905,6.92597,19.3641,16.4935,10.5166,174.558,16.0091,0.726136,162.478,0.948757,11.5592,0.00110404,test
2906,17.1279,14.1329,174.617,150.474,237.968,18.6005,31.9929,231.078,0.978124,4.20648,0.00368995,test
2907,2.10192,144.832,58.6938,13.2981,117.041,8.94759,0.454942,19.4915,0.329736,91.2111,0.000119057,test
2908,13.037,50.9606,55.2856,35.7903,231.564,23.1161,13.9522,182.835,0.842158,14.0099,0.00210995,train
2909,9.94698,48.8559,26.6279,14.9823,144.041,10.9967,2.68452,112.369,0.83941,17.3309,0.00139917,train
2910,5.18662,57.2946,259.415,362.402,169.391,29.6414,24.09,69.6692,0.498229,22.5132,0.00181142,test
2911,5.00143,147.463,18.3281,89.441,231.386,36.2867,4.38878,36.3228,0.107636,12.8019,0.00610173,train
2912,4.2672,112.343,22.0913,320.562,139.023,18.6801,4.43429,18.6805,0.0756039,8.03735,0.0154801,train
2913,5.7478,40.6932,153.114,293.061,169.532,34.7193,17.8219,90.1769,0.592952,17.3848,0.00275034,test
2914,6.11204,82.5084,52.9116,8.94196,274.693,32.1952,2.80429,203.397,0.801453,44.0777,0.000258231,train
2915,7.97033,83.1529,313.698,146.991,216.528,4.83708,43.8572,111.767,0.661091,28.2492,0.000933673,train
2916,11.5458,40.8082,15.068,7.73162,180.003,1.3781,1.97082,153.569,0.900395,13.6301,0.00148108,train
2917,19.2792,113.037,25.8443,103.567,259.587,11.4896,53.852,28.2052,0.293604,7.17939,0.0193147,train
2918,14.8442,13.2559,86.3835,67.6958,279.674,22.9714,13.4808,272.424,0.980417,4.48246,0.00290823,train
2919,2.99216,119.237,38.6543,167.179,213.747,10.0639,4.20961,10.1084,0.109608,17.5811,0.00323526,train
2920,18.5293,16.6975,378.62,363.553,84.0555,1.68179,36.0682,80.4915,0.970001,4.46642,0.00444798,train
2921,13.0662,39.5407,43.6103,79.6236,52.9534,3.66763,5.22385,35.406,0.757546,9.92742,0.00596408,train
2922,3.85871,54.9674,37.1506,16.1031,299.452,22.1213,2.1178,177.163,0.699398,40.5512,0.000418144,train
2923,13.1506,54.3626,98.8005,61.589,119.84,6.93614,13.7819,91.7847,0.832154,14.5922,0.00204941,train
2924,5.60127,103.333,257.944,22.412,278.584,2.57263,9.3663,205.527,0.821557,61.4464,0.000121669,test
2925,2.90509,20.8176,17.6424,242.348,116.467,9.8527,1.70552,20.8924,0.335713,9.95845,0.00997658,train
2926,5.4633,58.1713,30.2794,12.3966,137.698,33.8523,0.988055,99.5957,0.751102,32.741,0.000559177,train
2927,11.8098,89.3006,18.7868,210.747,168.926,13.8366,19.6727,14.9042,0.175852,5.49472,0.0331199,train
2928,9.12511,129.452,37.4811,18.6958,216.32,17.7133,6.91184,73.2466,0.492913,28.4635,0.00113792,train
2929,11.0905,132.17,336.275,61.3888,67.4781,35.4149,6.75028,54.7138,0.729416,35.5002,0.00050616,train
2930,2.91918,22.4817,344.688,96.8846,273.325,13.5125,5.01607,248.542,0.936129,29.7741,0.00020513,train
2931,12.1718,125.86,25.0406,93.0168,184.536,1.05472,18.6743,5.13716,0.221984,9.40346,0.0113035,test
2932,15.5588,89.6431,29.2569,38.8725,57.4561,12.2263,4.36586,27.8326,0.543141,13.0605,0.00516808,train
2933,4.39775,75.7448,341.585,26.1776,164.647,18.882,3.57374,139.06,0.882162,61.658,8.42559e-05,train
2934,15.359,10.5317,16.7741,114.746,230.638,30.9237,14.2186,200.911,0.894738,3.34884,0.0262666,test
2935,3.81555,109.754,42.2829,15.3616,103.414,10.0518,0.857805,31.2953,0.450706,52.3089,0.000346553,train
2936,14.1039,36.4012,22.6035,143.176,178.856,30.5243,20.7491,83.8924,0.552257,6.25363,0.0223342,train
2937,6.1249,61.2023,62.8907,13.4184,88.1821,9.01923,1.08994,70.5414,0.850024,34.8251,0.000326703,train
2938,18.0786,118.315,216.108,10.81,94.1907,13.4339,5.77254,87.8956,0.947822,25.7598,0.000226078,train
2939,15.2361,17.414,206.081,105.762,60.6948,33.0709,2.90959,59.9033,0.980361,5.46234,0.00195481,train
2940,8.79171,11.4917,69.3278,40.4777,59.0354,27.3884,0.476505,58.2834,0.983795,6.12749,0.00128328,train
2941,19.1967,122.105,84.617,33.8935,299.811,37.0535,48.2571,187.272,0.708008,18.7218,0.00192232,train
2942,11.2129,130.014,37.4341,9.44805,121.643,0.608681,3.61335,64.1665,0.675363,31.9989,0.00070751,train
2943,16.8472,68.2389,64.4778,9.06906,218.338,36.4305,5.98068,203.53,0.945404,16.2627,0.000592407,train
2944,7.64467,82.144,135.948,98.5228,282.113,7.8084,30.8986,110.743,0.566364,24.9093,0.00138504,train
2945,19.2142,146.855,77.8762,223.928,154.524,2.36473,83.9634,9.85299,0.26918,8.4986,0.0138123,train
2946,10.5855,137.583,145.977,5.81034,66.3136,2.16655,1.58487,57.8738,0.91183,48.3171,0.000105334,train
2947,14.0291,146.009,151.029,27.3885,268.61,8.10139,34.6088,167.406,0.736089,31.3797,0.000636029,train
2948,6.87135,144.255,66.7189,12.5017,246.272,10.1108,5.55005,108.306,0.59656,50.6927,0.000321887,train
2949,16.8846,51.973,37.7365,48.2923,179.036,9.3113,18.7886,121.404,0.769028,10.2377,0.0054019,train
2950,9.46049,79.8866,46.3893,72.4798,145.796,36.849,8.8687,62.827,0.45943,15.9776,0.00369532,train
2951,6.15928,33.179,36.3312,14.6545,228.201,39.6068,1.68319,201.947,0.906542,20.4401,0.000621101,train
2952,8.15002,118.7,18.525,38.2055,221.9,0.496645,6.80119,10.0168,0.260091,15.4123,0.0042021,train
2953,10.4495,13.6801,91.4162,46.4296,77.1089,6.23765,1.73039,75.3643,0.983213,6.13197,0.0013268,test
2954,14.8764,61.1585,20.5784,19.3267,132.125,5.67369,5.56544,85.8302,0.751062,13.1018,0.0034929,train
2955,18.0544,47.958,130.822,282.54,261.167,24.7186,141.547,161.69,0.711915,8.27617,0.00974811,train
2956,8.11554,100.95,245.82,56.4568,152.311,15.7346,14.762,97.8938,0.729187,37.011,0.000465968,train
2957,17.4533,76.5802,303.893,97.0394,283.174,28.4188,95.0012,232.449,0.865861,16.0625,0.0013933,test
2958,4.79052,16.0059,332.514,126.155,88.6318,13.7066,2.37357,85.2677,0.969886,13.932,0.000454379,train
2959,6.85773,119.777,207.675,70.0496,238.245,5.27461,23.4598,87.3532,0.549217,38.9195,0.000578286,train
2960,9.74344,59.2173,31.4047,9.47065,129.182,29.8058,1.54161,109.677,0.867947,21.9683,0.000734577,train
2961,12.1157,10.3842,137.01,13.2418,204.523,5.87839,1.34039,203.983,0.998113,4.42001,0.000292741,train
2962,11.955,77.8181,257.841,152.111,138.529,25.5404,37.3453,91.4141,0.715966,19.3575,0.00176319,test
2963,2.2957,114.881,301.989,34.0211,76.2342,20.1506,0.907817,41.5606,0.571396,114.946,6.46566e-05,train
2964,15.4382,124.675,106.83,7.06797,111.5,35.3099,3.07237,101.862,0.915194,30.4787,0.000255351,train
2965,2.49935,144.63,32.6089,289.757,71.2663,14.7093,1.07903,14.7093,0.0577304,13.4204,0.00555221,train
2966,6.36191,79.1424,15.6613,45.6277,144.971,12.705,2.81263,21.0685,0.288833,14.6612,0.00463371,train
2967,12.2501,128.586,295.58,26.7963,141.329,8.99449,15.4157,113.4,0.858049,36.885,0.000277637,train
2968,7.47796,133.858,95.8962,5.53187,281.016,19.9717,3.89337,221.104,0.845546,61.388,0.000107843,train
2969,11.7362,11.8875,108.564,214.191,266.863,36.4447,25.7254,251.444,0.953838,4.81839,0.0057887,train
2970,18.4433,142.531,209.078,11.1291,187.112,34.5287,13.3808,169.863,0.924252,29.4949,0.000245431,train
2971,3.07571,125.112,32.5057,18.9386,139.183,17.6791,0.806182,25.2725,0.288032,47.1535,0.000447996,train
2972,8.85079,115.535,38.7375,52.5125,69.0702,24.2679,2.62746,29.1202,0.341106,18.1518,0.00299953,train
2973,7.36364,84.4489,28.7724,235.965,146.794,6.03474,11.5116,6.92854,0.173625,8.1384,0.0150975,train
2974,9.63023,62.1031,36.5897,92.4071,121.727,15.454,8.89673,41.438,0.464175,12.4376,0.00608027,train
2975,12.8421,34.3851,17.9431,71.5407,217.332,22.4151,13.8587,119.791,0.655238,7.67293,0.0128006,train
2976,19.5323,128.456,36.4174,335.744,196.858,1.9091,92.4319,3.12062,0.172596,4.71298,0.0450187,train
2977,2.55677,133.267,167.173,16.714,258.668,38.5116,2.20296,118.214,0.556616,116.607,6.39065e-05,test
2978,17.7566,24.0234,19.5945,47.2137,224.803,31.8717,12.6649,189.79,0.875683,5.61461,0.0106963,train
2979,10.7018,96.2454,15.0961,25.3364,87.8217,37.988,1.67115,46.314,0.39797,14.7143,0.00449035,train
2980,16.5073,115.042,81.8375,24.2004,284.337,33.4789,28.4614,195.061,0.758607,21.9061,0.00122035,test
2981,17.9221,14.2303,305.571,123.585,67.6942,28.2156,5.0872,67.1136,0.989738,4.13319,0.0018121,train
2982,19.3905,72.4508,88.4744,11.7019,80.6447,1.46558,4.14039,74.6251,0.948994,15.1323,0.000641163,train
2983,15.2527,79.809,23.1426,37.7728,183.654,8.31756,14.4049,68.7676,0.542803,11.9036,0.00622375,train
2984,8.6729,27.2714,264.29,71.8599,246.591,11.6057,13.0748,234.441,0.965294,13.1065,0.000589537,train
2985,11.24,15.6279,41.168,10.1023,70.625,15.3091,0.360281,69.8326,0.990254,6.49758,0.000689549,test
2986,3.16409,90.2127,51.7637,8.88688,181.441,15.696,0.866475,96.8828,0.650292,74.8133,0.000135804,train
2987,18.838,116.166,30.4509,332.503,260.198,34.2565,92.3336,35.6274,0.171807,4.40968,0.0514246,train
2988,6.68398,81.3749,207.284,98.3622,250.846,20.1297,25.0327,127.487,0.632555,31.437,0.000792935,train
2989,12.3229,39.0351,171.036,33.1269,280.884,39.2521,12.5868,268.078,0.964428,13.1844,0.000596687,test
2990,19.7865,104.591,155.948,86.6724,276.582,18.4286,107.78,165.868,0.707453,15.6658,0.00274924,train
2991,15.9955,74.8542,39.5272,10.7997,201.481,34.9042,6.26544,171.512,0.878936,17.3316,0.00109258,test
2992,19.4537,76.7502,33.5794,318.11,291.515,27.655,116.059,42.3282,0.277214,4.65195,0.046073,train
2993,5.13283,102.868,20.6617,16.7917,150.863,10.8772,1.49031,31.1413,0.377509,30.6403,0.00104286,train
2994,8.19157,89.5551,35.2041,353.622,207.937,27.3471,23.4653,27.9436,0.155872,6.97223,0.0205709,train
2995,11.0852,143.605,74.8843,36.5556,221.239,7.15576,19.7084,67.3226,0.494023,26.0936,0.00135284,train
2996,8.61558,76.295,20.9141,25.0277,142.796,31.7323,3.03762,65.8874,0.51466,18.7449,0.00257753,train
2997,19.0972,80.1952,277.174,262.782,68.3065,33.3071,32.6132,52.7215,0.695592,12.3796,0.00452639,train
2998,14.0069,43.9875,16.6304,15.945,271.377,38.4865,6.47878,214.546,0.834893,11.3225,0.00335741,train
2999,18.7887,127.974,126.181,8.83339,277.392,2.7649,17.4939,244.968,0.920854,26.0095,0.000328828,train
