sample_id,m_hot_kg_s,m_cold_kg_s,cp_hot_J_kgK,cp_cold_J_kgK,UA_W_K,T_hot_in_C,T_cold_in_C,Q_kW,T_hot_out_C,T_cold_out_C,effectiveness,NTU,LMTD_K,split
0,0.156862,3.96774,3570.17,2312.67,5961.51,209.449,53.2917,87.4478,53.2984,62.8217,0.999957,10.6451,14.6687,test
1,3.17335,0.296393,3929.82,3664.57,14504.3,154.973,43.9079,120.634,145.3,154.973,0.999995,13.3538,8.31711,train
2,0.0616538,0.855893,1382.46,1160.71,2608.88,146.79,13.8454,11.3314,13.8454,25.2516,1,30.6086,4.34338,train
3,3.79038,3.67447,3987.72,3219.26,160.427,229.219,39.4374,30.0825,227.229,41.9805,0.0134002,0.0135622,187.515,train
4,0.0802934,0.479479,2592.31,1308.4,3926.47,151.529,20.9437,27.1806,20.944,64.2697,0.999998,18.8641,6.92241,train
5,3.3963,0.996769,3255.54,1330.77,943.246,242.016,48.2976,127.723,230.464,144.585,0.497051,0.711093,135.408,train
6,1.8484,4.83618,2820.56,1958.41,2759.1,237.066,54.6149,355.765,168.827,92.1777,0.374013,0.52922,128.943,train
7,0.849711,0.450701,2097.2,1122.22,3304.21,109.006,49.9043,29.6931,92.3429,108.611,0.993328,6.53282,8.98646,test
8,1.85034,0.235158,3694.4,1148.49,433.498,214.763,17.0725,42.3223,208.572,173.778,0.792682,1.6051,97.6298,train
9,0.106883,0.278206,1113.08,2783.4,288.867,146.02,17.2959,13.6206,31.5307,34.8854,0.889416,2.42809,47.1519,train
10,0.152496,0.28013,3138.91,1123.78,1022.05,110.681,51.7837,15.8754,77.5156,102.213,0.856226,3.24662,15.5329,train
11,1.85213,3.85734,1449.82,2464.23,1081.89,139.658,50.355,76.3568,111.222,58.388,0.318419,0.402899,70.5775,train
12,4.02681,0.0975515,1689.61,3488.96,448.256,171.308,38.1115,32.8304,166.483,134.571,0.724191,1.31703,73.2403,train
13,0.232726,0.386375,1393.83,2595.05,1248.3,206.02,54.9782,46.481,62.728,101.336,0.948691,3.84827,37.2355,train
14,0.153043,0.253846,1222.06,1455.32,106.261,268.804,26.876,17.9216,172.981,75.3876,0.396078,0.568152,168.656,train
15,0.28028,0.801491,3799.09,2987.6,569.191,184.305,37.8105,59.8393,128.108,62.8004,0.383613,0.534549,105.13,train
16,0.445168,3.74011,1567.17,2928.5,10514.1,224.573,5.65575,152.728,5.6559,19.5998,0.999999,15.0707,14.526,train
17,2.77093,1.00739,1418.26,4195.35,154.599,106.304,47.8978,8.69926,104.09,49.9562,0.0379005,0.0393392,56.2698,train
18,0.220053,0.200028,3501.9,1217,1404.36,128.275,51.608,18.4153,104.378,127.256,0.986701,5.76894,13.1129,train
19,2.33907,0.492976,2616.37,3516.57,122.122,228.695,39.8207,22.0637,225.09,52.5479,0.0673846,0.0704446,180.669,train
20,0.0777261,0.209265,2148.69,3080.69,17990.3,287.371,55.8912,38.6593,55.8912,115.858,1,107.72,2.1489,train
21,0.0947818,0.134143,1434.91,3364.89,1139.45,88.2437,9.48729,10.6897,9.64531,33.1696,0.997994,8.37807,9.38144,train
22,0.222771,0.0653961,3219.96,2550.48,4559.34,191.558,16.0265,29.2771,150.743,191.558,1,27.3356,6.42135,train
23,0.18736,0.0934996,2351.7,1134.01,107.691,196.676,14.9544,11.6548,170.225,124.874,0.604882,1.01567,108.224,test
24,1.48442,4.8528,3148.04,3895.64,6803.28,138.083,7.7145,442.136,43.4683,31.102,0.725748,1.45587,64.9887,train
25,0.20398,0.101797,3086.22,2655.67,131.884,169.121,42.1302,12.3591,149.488,87.8472,0.360004,0.487849,93.7116,train
26,0.0530155,2.66062,3102.11,3508.13,235.198,133.381,34.3945,12.3379,58.36,35.7164,0.757891,1.43012,52.4576,test
27,0.471436,0.754274,1138.08,3657.64,353.783,287.853,49.2292,59.5683,176.828,70.8208,0.465271,0.659388,168.375,train
28,1.05124,0.333312,1049.83,3467.89,500.825,144.852,59.4279,29.6365,117.998,85.0675,0.314361,0.453805,59.1754,train
29,4.30335,0.14381,2849.85,1917.25,355.263,254.761,30.3389,44.602,251.124,192.105,0.720811,1.2885,125.546,train
30,0.114859,3.11364,2911.19,2836.36,5778.38,231.413,55.4117,58.8507,55.4117,62.0755,1,17.281,10.1846,train
31,0.468839,0.280917,2612.61,3471.01,5147.4,149.913,44.3519,93.1145,73.8949,139.848,0.904646,5.27903,18.0896,train
32,0.0906475,0.524924,3735.39,3053.36,1153.15,277.128,35.2864,77.4229,48.4748,83.5918,0.945467,3.4056,67.1405,train
33,0.070065,0.556835,2185.53,1795.21,359.583,130.432,57.8792,9.79436,66.4701,67.6771,0.88159,2.34824,27.2381,train
34,1.07661,0.0895392,2445.57,1906.72,222.96,103.138,56.0375,5.78078,100.942,89.8973,0.718889,1.30595,25.9274,train
35,4.51807,2.71627,3957.79,3150.27,4064.5,282.181,58.5487,670.193,244.701,136.87,0.350223,0.47499,164.89,train
36,0.0577515,2.21323,1279.87,1621.08,16692.6,220.732,20.4004,14.8074,20.4004,24.5276,1,225.836,0.887063,train
37,0.163405,0.137926,2707.19,2217.66,129.693,136.053,46.2097,8.56751,116.685,74.2197,0.311766,0.424008,66.0602,train
38,0.232966,2.58797,3150.53,3612.75,293.139,272.945,42.9867,54.955,198.071,48.8644,0.325598,0.399389,187.471,train
39,1.11467,0.272908,3314.04,2618.12,4765.79,227.376,41.0175,132.659,191.464,226.682,0.99628,6.67005,27.8356,train
40,0.500956,1.56143,3569.48,2103.26,455.177,155.909,21.8347,50.954,127.413,37.3502,0.212535,0.254552,111.943,train
41,0.204322,0.0827857,2566.11,1874.22,6154.08,284.827,40.9071,37.8462,212.644,284.827,1,39.6631,6.14978,train
42,2.78701,0.390216,3928.95,1407.33,495.777,125.561,49.7564,24.4905,123.325,94.3524,0.588299,0.902787,49.3982,train
43,1.9502,0.195118,4162.1,1235.53,216.623,272.605,56.4361,30.7025,268.823,183.793,0.589155,0.898574,141.732,train
44,0.0934682,0.335431,1700.6,3481.24,472.69,293.408,58.5909,34.8285,74.2961,88.4171,0.933118,2.97378,73.6814,train
45,0.359342,0.769196,2781.84,3348.7,3437.6,235.992,24.0148,195.303,40.6164,99.8371,0.921682,3.43887,56.8138,train
46,0.440603,0.112676,3149.85,1301.07,3780.05,131.299,19.5953,16.3757,119.499,131.299,1,25.7849,4.33212,train
47,0.0657293,1.30847,3827.86,1889.17,18679.3,280.074,5.6343,69.0498,5.6343,33.5679,1,74.2413,3.6966,test
48,0.135442,0.0722204,1269.91,2652.33,156.086,260.553,29.5273,19.3675,147.951,130.635,0.487402,0.907483,124.082,train
49,3.5799,1.36713,2570.64,3863.44,6410.93,98.3949,20.3123,253.152,70.8862,68.2414,0.613825,1.21377,39.4876,train
50,0.103483,0.229695,2512.45,3539.29,124.918,239.892,23.6396,20.3732,161.532,48.7003,0.362353,0.48046,163.093,train
51,1.92601,0.806824,4121.58,2556.63,4945.35,94.683,57.6757,66.3144,86.3292,89.8241,0.868705,2.39745,13.4094,train
52,3.5728,2.85353,2975.6,1829.77,4642.13,120.098,17.9181,282.363,93.538,71.9972,0.529255,0.889076,60.8262,train
53,0.461574,1.26206,2620.82,2660.84,7731.57,158.695,42.9251,138.536,44.1737,84.1788,0.989215,6.39132,17.9182,train
54,0.287616,1.88162,2333.3,3447.44,127.043,80.5831,56.9854,2.70853,76.5471,57.4029,0.171033,0.189307,21.3198,train
55,1.2846,0.516184,1090.74,3578.56,129.608,281.684,26.3516,30.6029,259.843,42.9188,0.0855397,0.0925005,236.119,train
56,1.61896,2.0514,1944.39,3732.07,252.171,101.939,17.8037,20.0779,95.5608,20.4262,0.075809,0.080108,79.6203,train
57,0.17697,2.46315,2520.8,2482.24,11962,148.709,52.8562,42.7606,52.8562,59.8499,1,26.8143,3.5747,train
58,1.87395,0.0755944,3367.92,1212.54,396.373,268.623,48.14,19.9289,265.465,265.558,0.986101,4.3243,50.2782,test
59,0.552727,0.288873,2070.91,1897.32,2105.85,195.787,23.1395,87.5077,119.338,182.8,0.924777,3.8422,41.5545,train
60,0.250591,2.83141,3771.61,1726.61,462.958,241.83,42.2656,70.7836,166.937,56.7445,0.375282,0.489834,152.894,train
61,0.292144,0.105767,3884.39,2540.69,142.597,244.774,12.0229,24.7354,222.977,104.072,0.395483,0.530653,173.463,train
62,0.0867401,0.427438,2075.43,3941.55,8652.7,136.437,24.7505,20.1061,24.7505,36.6845,1,48.0644,2.32367,train
63,0.529649,2.24782,1161.6,2749.02,102.831,90.7246,39.3343,4.83143,82.8718,40.1162,0.152809,0.167138,46.9843,test
64,3.531,0.0881527,1515.24,1327.37,16904.6,140.451,6.0206,15.7299,137.511,140.451,1,144.47,0.930513,train
65,0.354991,2.12997,1157.09,3327.23,6713.44,185.025,35.6979,61.3369,35.6979,44.3529,1,16.3441,9.13644,train
66,0.084661,0.0611822,3535.22,2473.99,1242.23,136.637,31.4916,15.7778,83.92,135.729,0.991368,8.20691,12.7012,test
67,3.03883,2.89757,3258.48,3512.86,447.218,124.563,59.2148,27.9784,121.737,61.9635,0.0432382,0.0451645,62.5609,train
68,0.0516517,0.189545,2395.99,2923.37,347.802,140.031,21.7167,13.327,32.3438,45.7679,0.910179,2.81036,38.3178,train
69,0.0683356,0.130693,2606.45,2198.92,17166.7,172.632,39.1892,23.7679,39.1892,121.894,1,96.3807,1.38454,train
70,0.309437,0.127433,2610.93,2260.05,6728.51,163.028,6.85931,44.9777,107.357,163.028,1,23.3624,6.68464,train
71,0.0828076,1.11575,1102.23,1521.74,2066.42,157.521,14.3261,13.0698,14.3261,22.0238,1,22.64,6.32486,train
72,0.0986882,1.08337,2934.52,3661.22,196.186,288.795,14.1957,38.588,155.55,23.9243,0.485233,0.677432,196.691,train
73,0.715551,0.453911,3548.04,1143.42,6050.25,288.084,49.2825,123.931,239.269,288.066,0.999925,11.6573,20.4836,train
74,0.21674,0.69967,3737.37,1773.43,2897.19,235.864,31.0085,145.429,56.3301,148.213,0.876393,3.57662,50.1965,train
75,0.380061,0.158127,1957.89,2181.56,11775.4,172.126,23.7573,51.1821,103.344,172.126,1,34.1351,4.34652,train
76,0.145946,1.70996,1735.2,1131.02,3900.6,178.552,43.3767,34.2323,43.3769,61.077,0.999999,15.4025,8.77617,test
77,0.648495,0.224863,1868.43,3584.78,18931.4,82.9508,29.5751,43.0197,47.4462,82.9439,0.999871,23.4856,2.2724,train
78,0.0776564,0.631062,2727.46,3970.82,393.813,129.493,49.5786,14.0573,63.1233,55.1884,0.830508,1.85932,35.6953,test
79,0.676718,0.277908,2637.49,2856.43,191.465,226.336,11.9389,34.9142,206.775,55.9211,0.205143,0.241192,182.353,train
80,1.04162,1.24184,1075.48,1037.6,1897.95,94.5578,41.4654,38.941,59.7964,71.6866,0.654734,1.69423,20.5175,train
81,0.38594,0.458341,1538.74,1986.97,505.999,265.12,59.2559,60.8758,162.612,126.1,0.497942,0.85205,120.308,train
82,0.0735835,0.363761,3329.03,3293.27,7869,156.215,35.2926,29.6213,35.2926,60.019,1,32.1234,3.76431,train
83,0.238938,1.41752,1952.94,1417.7,2193.05,83.8772,27.3875,25.808,28.5701,40.2298,0.979066,4.69975,11.7681,test
84,3.85594,1.96511,1942.45,2287.9,511.366,258.258,6.77536,117.854,242.523,32.9886,0.104235,0.113739,230.469,test
85,0.19093,1.02122,2724.39,3534.48,1675.32,108.194,59.3261,24.0252,62.0069,65.9822,0.945142,3.22073,14.3407,train
86,1.63167,1.11866,2107.4,1146.66,134.802,138.063,28.0524,13.827,134.041,38.8318,0.0979858,0.105091,102.573,train
87,2.2074,4.36883,1886.3,1333.01,195.062,281.164,35.7155,46.0279,270.109,43.6191,0.0450371,0.0468469,235.966,train
88,0.573677,0.0801258,1670.63,2785.54,142.679,108.247,54.7965,5.39331,102.62,78.9607,0.452086,0.639262,37.8003,train
89,0.0785847,1.21101,2425.37,2721.29,6576.48,111.096,29.5602,15.5405,29.5602,34.2759,1,34.5046,2.36304,train
90,0.211895,0.582435,3778.8,1481.48,4109.72,276.906,38.5736,164.367,71.629,229.063,0.861305,5.1326,39.9947,train
91,0.104191,1.29276,3017.77,2337.8,464.506,105.43,59.1922,10.9725,70.5329,62.8228,0.75473,1.47732,23.6219,test
92,0.583653,0.0839303,2402.75,3231.05,2116.19,232.157,6.43325,61.1213,188.573,231.821,0.99851,7.80356,28.8827,train
93,0.0704182,0.820292,4016.05,3680.63,271.614,242.366,39.9265,34.6352,119.895,51.3982,0.604977,0.960437,127.516,train
94,0.289067,0.131535,3006.91,2865.94,164.105,170.251,5.27517,20.5549,146.603,59.8015,0.330511,0.435323,125.255,train
95,3.39589,0.192665,2755.81,2096.58,910.575,238.767,9.5501,82.2896,229.974,213.269,0.88876,2.25424,90.371,train
96,4.10316,2.48841,2900.38,1113.06,14544.1,168.193,5.51184,444.407,130.85,165.962,0.986291,5.25108,30.5557,train
97,0.134559,0.68569,3389.87,3712.77,12013.8,284.34,35.1437,113.668,35.1437,79.7928,1,26.338,9.46149,train
98,0.514128,0.141474,3264.95,2250.22,1112.09,229.262,54.0458,53.0842,197.638,220.795,0.951678,3.49333,47.7337,train
99,0.376142,1.73169,1631.64,1035.45,11577.4,105.687,8.74533,59.4955,8.74559,41.9259,0.999997,18.8641,5.13892,train
100,3.84929,0.0686999,2322.72,2733.9,641.849,163.655,23.0143,25.503,160.803,158.799,0.965476,3.41739,39.7336,train
101,0.0514341,1.2245,3572.39,1169.52,3946.05,81.0255,46.8931,6.27158,46.8931,51.2725,1,21.4759,1.58933,test
102,3.52871,0.0557143,3783.16,1175.29,7273.76,244.7,59.8558,12.1037,243.793,244.7,1,111.083,1.66402,train
103,4.33049,1.24837,2336.54,2537.33,136.262,92.4695,59.6201,4.35288,92.0393,60.9944,0.0418341,0.0430187,31.9448,train
104,0.138642,0.0826581,2163.18,1034.52,5359.55,96.7932,41.4623,4.73142,81.017,96.7932,1,62.6766,0.882801,train
105,0.73006,0.183983,1496.35,2348.28,1472.15,223.601,22.3182,79.9055,150.455,207.266,0.918847,3.40741,54.278,test
106,0.117983,0.0606612,3993.47,2715.71,1789.2,87.1046,28.6038,9.63197,66.6617,87.0721,0.999443,10.8609,5.3834,train
107,3.98469,0.219368,1730.5,1400.16,282.374,236.415,50.9234,33.9317,231.494,161.396,0.595569,0.919337,120.166,train
108,1.22025,0.329415,2400.66,2257.86,471.537,275.219,59.4035,71.8653,250.686,156.026,0.44771,0.63398,152.406,train
109,3.22514,1.68397,2321.05,3781.61,1419.37,256.363,12.8543,286.51,218.089,57.8457,0.184763,0.222887,201.857,train
110,2.23709,4.86565,4078.82,2903.48,4338.68,278.252,47.6665,717.847,199.581,98.4792,0.341179,0.475487,165.453,train
111,4.27165,2.73186,1866.17,1131.58,746.589,286.151,30.4182,163.269,265.67,83.2332,0.206524,0.24151,218.686,train
112,0.429976,0.136492,3063.12,2325.89,198.419,214.676,11.5072,28.6614,192.915,101.789,0.444369,0.62501,144.449,train
113,0.257023,1.28821,1331.5,2063.47,778.866,256.998,54.1371,60.9468,78.9091,77.0652,0.877887,2.27588,78.2507,test
114,0.564251,0.0644833,3263.71,3853.66,1020.43,216.005,25.3649,46.1943,190.92,211.26,0.975112,4.10642,45.2695,train
115,1.03915,0.179395,3587.9,1567.57,18472.3,127.79,41.7796,24.1874,121.303,127.79,1,65.6876,1.30939,test
116,0.171516,1.50239,1949.33,3123.58,2463.35,275.154,34.7686,80.2911,35.0068,51.8778,0.999009,7.36779,32.5942,test
117,0.430867,1.24398,1080.29,1591.8,353.046,275.356,46.0008,54.116,159.093,73.3299,0.506913,0.758487,153.283,train
118,2.45134,3.3978,1340.39,2647.66,782.716,276.134,58.0493,146.583,231.522,74.3432,0.204562,0.238215,187.275,train
119,0.13788,4.15846,2226.6,1858.83,1431.79,180.932,22.4605,48.1209,24.1885,28.6858,0.989096,4.66375,33.609,train
120,2.36544,0.713395,3781.8,1965.13,564.812,260.848,51.5212,95.1465,250.212,119.39,0.324225,0.402887,168.457,train
121,0.929059,0.0716277,3155.69,2234.56,1075.6,222.675,13.9228,33.3572,211.298,222.331,0.998354,6.72012,31.0126,train
122,4.8312,0.276643,3028.93,3232.82,4006.71,119.865,12.285,94.8659,113.382,118.359,0.985996,4.48008,23.6767,train
123,0.426466,3.68888,1509.25,3413.07,295.175,188.916,25.8239,38.3057,129.403,28.8664,0.364908,0.458599,129.773,train
124,0.0615053,0.191984,3708.5,3974.28,2420.96,167.26,16.0444,34.4769,16.1066,61.2305,0.999589,10.6139,14.241,train
125,0.331101,0.763766,2922.38,3007.23,231.601,132.693,20.0025,22.2748,109.673,29.7006,0.204282,0.239356,96.1775,test
126,1.08909,1.41835,1001.91,1553.36,1366.51,252.527,8.48849,169.334,97.3399,85.3465,0.635912,1.25234,123.917,train
127,0.204772,1.37616,2178.02,3049.73,1869.87,164.205,33.9337,56.873,36.687,47.4849,0.978866,4.19254,30.4155,train
128,2.01825,0.0515836,2852.1,3368.25,283.172,109.63,59.8275,6.91474,108.429,99.6254,0.799115,1.6298,24.4189,train
129,0.297891,0.128503,3664.59,4129.51,3568.59,169.221,45.0218,64.8211,109.842,167.175,0.983529,6.72489,18.1643,train
130,2.03962,0.0531466,3544.22,2193.18,787.583,290.965,30.2421,30.3512,286.767,290.633,0.998724,6.75687,38.5371,train
131,0.0813575,0.0605214,1021.56,1755.88,3404.97,144.393,58.2784,7.15691,58.2809,125.626,0.999971,40.9686,2.1019,train
132,0.790508,0.290524,3084.19,2177.23,16307.5,269.754,49.306,139.442,212.561,269.754,1,25.7811,8.55077,train
133,0.253028,0.129463,3746.76,3321.91,17281.6,82.6037,8.85489,31.7168,49.1484,82.6037,1,40.1837,1.83529,train
134,1.16243,1.89992,3592.38,1215.51,551.024,252.259,36.2761,100.328,228.233,79.7202,0.201146,0.238605,182.075,train
135,1.58548,0.691939,2491.03,2558.45,18172.2,99.3264,59.1724,70.9479,81.3625,99.2494,0.998083,10.2651,3.9042,train
136,0.142375,0.469829,2479.02,1100.17,613.639,131.042,58.749,17.8297,80.5261,93.243,0.698767,1.7386,29.0556,train
137,2.75099,1.4807,3545.65,2751.42,1199.9,125.761,18.7551,106.006,114.893,44.7751,0.243164,0.294525,88.3458,train
138,0.130005,2.88978,1036.36,3923.33,2789.73,181.509,39.91,19.0779,39.91,41.5927,1,20.7057,6.83862,train
139,1.84059,0.298266,2800.16,2101.9,515.598,146.638,40.5729,36.3526,139.585,98.5586,0.546699,0.822425,70.5058,train
140,0.113859,1.72402,3786.6,2611.6,4789.85,190.968,26.9242,70.7229,26.9306,42.6318,0.999961,11.1098,14.7652,train
141,0.396591,1.91575,2239.85,2330.88,3159.1,217.368,56.3015,136.362,63.8605,86.8391,0.953069,3.55632,43.1648,train
142,0.144392,3.00536,1326.59,1416.82,8903.1,104.387,18.1669,16.5154,18.1669,22.0456,1,46.4794,1.85502,test
143,0.578414,4.92608,1257.52,1135.78,6641.98,284.529,29.8938,185.156,29.9724,62.9874,0.999691,9.13154,27.8767,train
144,0.108082,0.866225,2397.63,1625.81,1490.17,297.809,19.9345,71.4692,22.0162,70.6825,0.992508,5.75041,47.9605,train
145,1.91696,0.0585094,1306.12,3388.6,692.919,266.971,11.4562,48.7863,247.486,257.523,0.963024,3.49492,70.407,train
146,0.324701,4.33783,2535.74,3937.38,994.012,173.058,28.9435,82.3088,73.0906,33.7626,0.693666,1.20727,82.8046,test
147,0.0806311,0.108674,3208.42,2114.61,1395.2,296.711,9.73352,59.1397,68.1068,267.084,0.896761,6.07131,42.388,train
148,0.472299,0.217874,3927.3,3203.43,739.735,289.251,5.75967,118.782,225.213,175.948,0.600328,1.05988,160.573,test
149,2.21716,0.222015,3365.37,3390.87,412.176,266.639,32.6303,72.988,256.857,129.583,0.414312,0.547508,177.08,train
150,0.420985,0.0537117,3458.78,1690.57,278.861,114.954,56.3761,5.03801,111.494,111.859,0.947155,3.07103,18.0664,train
151,1.88153,0.463665,3556.32,3694.58,4570.22,164.575,55.5852,166.924,139.629,153.028,0.894051,2.66789,36.5243,train
152,0.177492,1.45349,3467.89,1548.19,2063.39,107.31,30.7581,44.0481,35.7476,50.3326,0.934822,3.35226,21.3474,train
153,0.227201,0.176269,2729.26,1174.55,5911.69,230.306,33.6915,40.7067,164.66,230.306,1,28.5536,6.8858,train
154,0.442082,1.7174,2908.29,3200.07,297.571,162.789,43.5172,30.9861,138.689,49.1554,0.202063,0.231446,104.13,train
155,0.139071,0.186528,1581.02,4066.49,261.942,283.871,7.98157,39.5491,103.999,60.1216,0.651972,1.19133,150.984,test
156,3.9938,0.260281,4166.75,3008.2,176.962,119.814,22.365,15.3671,118.89,41.9916,0.201404,0.226013,86.8385,train
157,0.228174,2.32601,2399.72,2795.9,967.615,158.631,54.1216,46.66,73.4153,61.2964,0.815388,1.76716,48.2217,train
158,1.14832,1.68092,3321.5,4183.78,8360.26,279.549,35.6809,735.278,86.7725,140.234,0.790495,2.19191,87.9492,test
159,0.245006,1.94306,1803.9,2289.44,4469.68,259.41,35.9156,98.7671,35.9379,58.1179,0.9999,10.1132,22.0971,train
160,0.379473,0.293044,3890.75,3662.18,6456.01,126.34,59.7526,67.0687,80.914,122.248,0.938542,6.01577,10.3886,train
161,1.98162,0.0675868,1524.28,3198.55,4529.11,99.3922,29.4788,15.1138,94.3885,99.3922,1,20.9507,3.33704,train
162,0.0589271,1.09719,1246.84,2331.53,5803.71,256.271,25.6018,16.9479,25.6018,32.2268,1,78.9912,2.92019,train
163,0.0547495,0.285134,1010.52,4148.01,162.614,247.753,43.1077,10.6651,54.9831,52.125,0.941971,2.93923,65.5851,train
164,4.44721,0.211751,2134.45,1517.68,1507.85,133.461,32.5608,32.0895,130.081,132.413,0.989613,4.69195,21.2816,train
165,0.323781,0.552275,3419.64,2858.11,325.098,93.8376,59.9051,8.82209,85.8697,65.4941,0.234814,0.293619,27.1367,test
166,0.493863,0.600195,2912.35,4145.67,395.594,294.651,45.5515,80.8959,238.407,78.0633,0.225789,0.275042,204.492,train
167,0.934474,0.430478,2326.26,4086.03,1072.91,200.071,50.9028,103.062,152.661,109.496,0.392797,0.609972,96.0583,test
168,0.421806,0.974123,1620.71,1240.75,1305.86,129.225,34.8576,48.2873,58.5914,74.8091,0.748496,1.91019,36.9774,test
169,1.74564,0.187311,1166,3097.08,10030.4,205.132,16.4922,109.433,151.368,205.132,0.999997,17.2903,10.9102,train
170,0.323139,0.284479,1061.12,3484.18,708.772,103.408,13.0413,25.2269,29.8367,38.4927,0.814143,2.06707,35.5923,train
171,0.0734689,0.0588256,4049.51,3163.82,198.967,171.156,56.8528,12.0827,130.543,121.774,0.567976,1.06906,60.7272,train
172,3.3689,0.241276,3750.92,1550.67,12854,203.224,22.2525,67.7086,197.865,203.224,1,34.356,5.26752,train
173,0.361668,0.255427,1320.99,2841,966.941,281.66,43.2564,84.8219,104.119,160.144,0.744706,2.0239,87.722,train
174,2.04039,0.106194,1209.78,1079.11,19416.6,98.603,32.7841,7.54251,95.5474,98.603,1,169.437,0.388456,train
175,0.421305,0.624916,3112.92,2921.33,420.247,218.19,7.76934,69.3018,165.348,45.7308,0.251125,0.320435,164.907,test
176,3.35884,0.181881,2559.05,3789.08,4804.62,230.833,48.8818,125.204,216.266,230.558,0.998491,6.97168,26.0592,train
177,0.454199,1.75303,1975.13,3498.25,1570.95,230.34,52.7419,127.786,87.8961,73.5793,0.802057,1.75114,81.3433,test
178,0.243208,1.47762,2037.48,3206.14,668.148,228.34,50.8542,63.643,99.9054,64.2882,0.723632,1.34835,95.2529,train
179,2.3043,0.0579274,3052.46,1740.78,9519.44,280.822,26.1101,25.6849,277.17,280.822,1,94.4022,2.69815,train
180,0.071832,0.604199,2930.37,3708.89,6233.29,183.081,13.4552,35.7053,13.4552,29.3886,1,29.6126,5.72815,train
181,1.17679,0.548399,3144.73,1316.14,343.624,292.657,17.0558,73.0351,272.921,118.245,0.367158,0.476087,212.544,train
182,0.0773319,2.65356,1171.5,1329.28,2318.69,283.013,20.9693,23.7396,20.9693,27.6995,1,25.5943,10.2384,train
183,0.126243,0.168966,2080.13,4181.03,6696.92,255.288,30.8453,58.9392,30.8453,114.275,1,25.5021,8.80093,train
184,2.69464,0.387984,3305.78,2970.9,6999.87,207.071,57.0923,172.113,187.749,206.41,0.995594,6.07279,24.588,train
185,0.401673,0.0516993,1399.18,1355.56,8907.82,221.177,44.1243,12.4081,199.099,221.177,1,127.107,1.39294,train
186,0.520422,1.12296,1441.62,4107.25,739.178,167.33,57.8013,49.7051,101.079,68.5779,0.604876,0.985243,67.2437,train
187,0.14325,0.246827,1807.47,1030.27,131.422,251.331,8.30284,21.1211,169.758,91.359,0.341755,0.5168,160.712,test
188,0.158802,0.248725,4196.03,3593.15,6466.14,238.113,31.4333,134.552,36.1865,181.988,0.977002,9.70398,20.8087,train
189,2.66575,1.05767,1687.41,1321.97,160.542,263.804,40.965,33.255,256.411,64.7489,0.106732,0.11482,207.142,train
190,0.210067,0.0650258,1524.87,3037.71,220.133,162.456,12.1774,17.2659,108.555,99.5867,0.581648,1.11443,78.434,test
191,3.72648,0.371216,2170.93,1249.31,118.877,230.966,34.6551,20.4642,228.436,78.7814,0.224778,0.256331,172.146,train
192,0.0688408,1.35922,1562.72,1214.24,510.234,168.637,6.84894,17.2116,8.64558,17.2775,0.988895,4.74289,33.7328,train
193,0.428021,0.975814,2332.02,3600.26,11092.1,284.28,12.0513,271.658,12.1197,89.3766,0.999749,11.1126,24.4911,train
194,0.205328,0.92852,1102.7,2345.51,10835,178.644,51.8852,28.7001,51.8852,65.0633,1,47.8544,2.64883,train
195,0.549975,0.285003,2891.08,1667.84,12233.7,102.736,15.7111,41.3664,76.72,102.736,1,25.7369,3.38134,train
196,1.65001,0.322517,2472.7,2736.72,435.705,87.1332,27.7281,19.7181,82.3003,50.0681,0.376062,0.493639,45.2557,train
197,0.28551,0.105365,2510.7,4131.83,387.996,213.213,10.2638,45.6105,149.585,115.032,0.516227,0.891232,117.554,test
198,0.166266,0.30375,3724.39,2774.26,1178.76,289.832,19.3726,119.299,97.1778,160.943,0.712322,1.90356,101.207,train
199,2.8365,1.55733,3341.64,3421.1,8833.66,183.871,46.0702,520.531,128.954,143.771,0.709002,1.65804,58.9258,train
200,0.0976912,0.779387,2454.16,4167.91,7809.39,172.836,5.89309,40.0243,5.89309,18.2143,1,32.5732,5.12515,train
201,0.0965568,1.87352,3460.45,2391.75,184.938,135.216,25.5798,15.3704,89.2146,29.01,0.419582,0.553492,83.1111,train
202,3.78333,4.42768,4107.78,3850.84,4578.07,200.85,56.8089,514.536,167.741,86.9865,0.229853,0.294579,112.392,train
203,0.0565791,0.827621,3414,2378.66,16941.7,100.851,58.0575,8.266,58.0575,62.2564,1,87.7077,0.487908,train
204,0.0606829,0.145559,3221.83,3411.86,2043.22,81.5295,37.8518,8.53028,37.8987,55.0282,0.998926,10.4507,4.17491,train
205,0.144841,2.01053,1588.73,2358.49,10438.7,158.17,23.1297,31.0745,23.1297,29.683,1,45.3633,2.97686,train
206,1.68362,1.77434,3391.83,3734.25,274.144,273.192,13.5629,68.1307,261.262,23.8455,0.0459526,0.0480064,248.522,test
207,0.176415,0.739046,4050.99,3536.07,100.675,154.869,15.8547,12.833,136.912,20.7653,0.129173,0.140872,127.47,train
208,0.542907,1.77724,2483.27,1498.06,3062.24,258.34,53.9367,222.482,93.3167,137.501,0.807342,2.27138,72.6535,train
209,0.281433,0.493292,4045.22,3707.17,109.983,283.064,30.8083,25.7248,260.468,44.8754,0.0895761,0.0966065,233.898,train
210,0.512756,0.445359,2653.1,2739.56,3149.79,107.173,58.9741,43.9487,74.8668,94.995,0.747344,2.58161,13.9529,train
211,0.345475,0.452644,2291.66,3523.25,850.381,173.731,53.7986,55.7945,103.258,88.7844,0.587607,1.0741,65.6112,train
212,2.08618,1.07848,2325.77,3126.98,8003.58,101.453,9.09244,241.994,51.5775,80.85,0.776928,2.37327,30.2357,train
213,0.154399,0.116164,4074.34,2101.84,8061.42,189.411,41.3846,36.1419,131.958,189.411,1,33.0171,4.48331,train
214,0.374447,3.90635,1704.82,3896.44,311.05,163.759,30.2118,32.6587,112.6,32.3574,0.383083,0.48726,104.995,test
215,0.373473,2.52215,2193.44,3229.7,395.078,210.747,28.8345,56.1035,142.261,35.7219,0.37648,0.482278,142.006,train
216,0.459617,0.877673,2573.11,3813.63,191.104,139.301,25.3121,19.6205,122.711,31.174,0.145544,0.16159,102.669,train
217,0.0730163,3.09222,3380.74,3144.14,481.82,232.331,46.4025,39.196,73.5455,50.434,0.854014,1.95188,81.35,train
218,0.672089,3.29503,1191.06,4033.68,8683.33,136.255,42.6063,74.9632,42.6096,48.2465,0.999965,10.8474,8.63301,train
219,0.0838482,0.0999834,2728.77,2682.98,19357.2,181.594,20.1612,36.9362,20.1613,157.853,0.999999,84.6023,1.90814,test
220,0.830673,2.08952,3336.82,1005.64,3418.59,151.31,28.2315,172.229,89.174,110.195,0.665945,1.6269,50.3802,train
221,0.217279,0.640992,3798.69,3926.64,6927.27,148.106,17.7654,107.323,18.0768,60.4056,0.997611,8.39286,15.4928,train
222,0.0608119,2.34568,2893.12,3268.53,10208.8,110.277,9.70993,17.6934,9.70993,12.0177,1,58.0255,1.73315,train
223,0.513507,2.37819,3465.38,2320.34,1609.86,287.801,42.9486,241.929,151.848,86.7905,0.555246,0.904671,150.279,train
224,0.562131,1.6684,3616.8,1054.5,2380.25,173.245,36.5201,143.707,102.561,118.203,0.597424,1.35292,60.3748,train
225,0.942112,0.125479,1706.1,3576.72,216.251,153.358,45.8352,17.6388,142.384,85.137,0.365522,0.481838,81.5663,train
226,0.148998,0.210403,2904.07,3815.89,1828.14,209.262,15.7375,77.7758,29.5168,112.609,0.928798,4.22495,42.5437,train
227,0.264902,0.589681,2883.26,2225.4,1434.99,153.856,23.2111,73.8956,57.1068,79.5222,0.740552,1.8788,51.4954,train
228,0.370814,2.96185,2541,3502.97,19143.6,108.739,14.1079,89.1653,14.1079,22.7019,1,20.3171,4.65772,train
229,0.667322,0.0866047,3254.15,3449.7,123.852,129.568,52.3048,7.67736,126.033,78.0023,0.332595,0.414554,61.9882,train
230,0.094262,0.378881,3136.15,1641.1,4311.71,187.237,46.1534,41.6966,46.1886,113.213,0.99975,14.5854,9.67054,test
231,0.416039,2.10071,3659.59,1432.66,6039.66,156.702,43.8058,159.008,52.2657,96.6395,0.925065,3.96685,26.3273,train
232,1.82948,3.81262,3147.1,1704.47,5308.93,86.1652,46.4827,112.632,66.6027,63.8148,0.492976,0.922079,21.2157,train
233,4.74392,0.633079,1288.83,4150.73,798.984,102.456,48.367,35.4267,96.6615,61.8488,0.249254,0.304058,44.3397,train
234,0.27807,0.383483,3562.74,3400.9,2739.45,164.036,51.7129,88.6907,74.5118,119.718,0.797024,2.76519,32.3754,train
235,3.43914,0.059717,3678.81,3095.52,186.535,299.7,26.2486,32.0206,297.169,199.468,0.633456,1.00908,171.66,train
236,0.356867,0.0941106,2462.2,2864.22,287.463,172.254,43.7696,21.2032,148.123,122.43,0.612217,1.06644,73.7597,train
237,0.09671,4.31129,3948.39,3764.22,2115.35,155.729,49.7034,40.309,50.1667,52.1872,0.995631,5.53975,19.0555,train
238,1.0682,0.0767057,3395.36,2467.28,203.75,234.174,35.3627,24.5251,227.412,164.951,0.651814,1.07659,120.369,train
239,3.03523,0.215994,2692.38,3455.19,221.946,86.6602,6.6444,15.2002,84.8002,27.0118,0.254542,0.297396,68.4858,train
240,0.854596,2.94676,1833.11,3646.11,495.141,144.641,52.5235,38.4208,120.115,56.0994,0.266242,0.316068,77.5957,train
241,3.06506,0.649848,3135.26,1043.38,1568.41,299.106,32.5518,161.004,282.352,270.007,0.890832,2.31316,102.654,train
242,0.0956039,0.0787224,2800.61,2833.03,9780.6,97.9139,5.78502,20.5446,21.1831,97.9038,0.99989,43.8546,2.10055,train
243,0.191732,4.48758,2810.09,4096.63,1901.77,156.076,22.082,69.9133,26.3141,25.8849,0.968416,3.52975,36.7623,train
244,0.962155,0.162082,3715.54,2602.75,281.232,258.119,54.9107,40.7825,246.711,151.584,0.475735,0.666649,145.014,test
245,0.200896,2.19667,2925.85,1268.58,184.206,129.362,18.4431,17.1002,100.27,24.5796,0.262285,0.313387,92.8322,test
246,3.93059,0.389037,3631.42,1275.66,104.79,100.457,46.2796,5.10219,100.099,56.5605,0.189765,0.211152,48.6895,train
247,2.59341,0.0574841,1042.38,4046.16,1494.49,172.372,10.9099,37.4577,158.515,171.956,0.997426,6.42542,25.0639,test
248,0.457127,0.629049,2200.93,3842.21,762.189,202.852,21.2673,89.136,114.257,58.147,0.4879,0.757562,116.947,test
249,0.159135,0.0526738,1439.68,1314.89,959.475,259.526,37.9622,15.3448,192.548,259.516,0.999956,13.8532,15.993,train
250,0.132305,2.56856,2633.7,3291.26,655.391,184.762,44.2369,41.1786,66.5855,49.1079,0.840963,1.88087,62.8306,train
251,2.67913,1.82047,2828.88,2922.98,9560.78,146.158,23.661,458.762,85.6262,109.875,0.703807,1.79673,47.9838,test
252,0.0656759,0.0889396,3507.71,3148.26,4495.36,183.112,55.3528,29.2636,56.0843,159.864,0.994275,19.5135,6.50973,test
253,0.129674,4.3802,2557.19,2858.59,19992.9,285.948,14.5154,90.0073,14.5154,21.7038,1,60.2919,4.50197,train
254,1.42744,0.0662948,1321.96,2182.63,5622.74,136.231,41.7399,13.6726,128.985,136.231,1,38.8587,2.43166,train
255,1.33796,2.90578,1929.36,1558.51,142.308,181.009,5.37736,23.9558,171.729,10.6672,0.0528389,0.055128,168.339,train
256,0.124198,2.45698,1318.96,3462.1,531.704,148.23,56.0721,14.4825,59.8214,57.7746,0.959317,3.24579,27.2378,train
257,0.926985,0.401622,3203.58,3819.22,1012.97,290.586,31.7035,173.757,232.075,144.983,0.43757,0.660394,171.533,train
258,0.491319,0.207317,1681.31,1678.23,4318.29,199.411,11.6553,65.2961,120.366,199.328,0.999561,12.4116,15.1208,train
259,0.954636,0.49593,2496.75,1596.01,143.628,157.192,33.1524,15.8771,150.531,53.2117,0.161718,0.181461,110.544,train
260,0.59044,4.01883,1863.53,1814.56,1285.52,83.6236,50.1078,24.5778,61.2862,53.4781,0.666474,1.16833,19.119,train
261,0.278444,2.50836,1350.89,3328.2,14663.5,145.671,33.8349,42.0667,33.8349,38.8739,1,38.9834,2.8688,train
262,0.277682,0.140599,2172.83,3475.24,329.063,133.948,44.8311,18.2053,103.774,82.0902,0.418093,0.673461,55.3248,train
263,2.01721,2.97775,2041.03,2650.45,795.465,177.433,53.2161,86.0936,156.522,64.1246,0.168341,0.193206,108.23,train
264,3.61272,0.137577,3892,2686.25,19804.2,282.152,49.6589,85.9218,276.041,282.152,1,53.5874,4.33857,train
265,0.767739,0.0667779,3195.41,4049.22,256.608,213.301,35.2594,28.815,201.555,141.824,0.59854,0.948997,112.292,train
266,0.0517591,0.121784,2160.58,2254.59,114.395,192.604,50.8814,9.26299,109.773,84.6175,0.584461,1.02294,80.9735,train
267,0.254578,0.228548,1378.93,2929.5,2239.19,213.067,13.4148,68.4411,18.1022,115.637,0.976522,6.37865,30.5652,test
268,1.47277,0.145781,2005.35,1265.87,3201.12,116.959,13.4406,19.1033,110.491,116.959,1,17.3466,5.96769,train
269,0.169869,0.150272,3675.53,1241.48,2540.81,264.577,11.6767,47.1785,189.014,264.564,0.99995,13.6193,18.5683,train
270,0.465413,0.376315,3435.43,1590.52,192.631,292.897,42.3238,39.4176,268.244,108.18,0.262823,0.321836,204.628,test
271,0.267906,0.835201,3931.25,1553.96,209.721,167.123,38.0527,22.9304,145.351,55.7204,0.168683,0.199127,109.338,train
272,0.566534,0.281296,3763.32,4198.31,2054.83,152.375,38.6896,97.2712,106.752,121.055,0.724506,1.73996,47.3378,train
273,0.555864,0.0935748,1557.98,2113.41,1699.69,225.475,44.7278,35.7086,184.243,225.291,0.998983,8.59461,21.0089,train
274,4.88379,1.17312,2928.7,2233.52,658.166,268.305,21.1567,141.188,258.433,75.0416,0.218027,0.251191,214.518,train
275,0.127833,1.76427,2547.58,3917.78,8517.63,205.983,14.6915,62.2968,14.6915,23.7043,1,26.1547,7.31387,train
276,0.268272,2.60966,4133.54,3705.65,330.38,145.012,25.1706,33.7873,114.543,28.6644,0.254243,0.297932,102.268,test
277,0.8431,0.0879037,4194.48,1582.16,1890.13,264.266,15.8955,34.5426,254.498,264.265,0.999998,13.5905,18.2752,test
278,1.32091,0.430073,4011.37,3617.97,4928.09,262.973,19.8894,348.789,197.147,244.048,0.922145,3.16717,70.7757,train
279,0.0987647,0.305298,1583.23,2670.04,10842,237.358,32.6695,32.0066,32.6695,71.9339,1,69.337,2.95209,train
280,0.413988,3.24452,4106.05,1976.8,1816.94,177.197,20.8354,164.505,80.421,46.4842,0.618924,1.06888,90.54,train
281,4.55095,1.16668,2821.18,3595.53,103.493,120.399,18.2605,10.4001,119.589,20.7398,0.0242737,0.0246716,100.491,test
282,0.68499,0.0637333,2202.17,1596.4,227.047,143.2,36.7717,9.55753,136.864,130.709,0.882629,2.23155,42.0949,test
283,2.02375,0.144338,2788.86,2668.27,345.305,114.178,36.1454,17.538,111.07,81.683,0.583572,0.896588,50.7899,train
284,4.26724,0.186321,1639.27,3192.99,820.07,85.3945,23.6027,26.997,81.5351,68.9817,0.734386,1.37845,32.9203,train
285,0.194305,0.335642,1438.02,3860.57,3588.03,88.5324,24.5803,17.8686,24.5824,38.3703,0.999967,12.8412,4.98005,train
286,2.77656,2.80754,3560.05,4155.29,11744.5,180.776,17.5128,912.993,88.4116,95.7728,0.565738,1.18815,77.7379,train
287,0.114049,0.151633,1495.19,1736.89,108.216,266.162,52.2423,15.161,177.254,109.807,0.415614,0.634607,140.099,train
288,0.129257,0.442412,2589.64,4124.44,10742.7,236.915,6.80137,77.0254,6.80137,49.014,1,32.0938,7.17003,train
289,0.46366,2.76176,2517.85,1370.09,6812.08,200.434,16.5445,212.036,18.806,72.5815,0.987702,5.83514,31.1265,train
290,1.02126,0.178962,1182.87,1778.91,9657.73,275.553,31.4485,77.7125,211.223,275.553,1,30.3361,8.04667,train
291,0.0950287,0.188001,1947.61,1447.2,1585.6,295.573,56.2042,43.3447,61.3769,215.517,0.97839,8.56717,27.3365,train
292,0.146761,0.817775,3275.54,2839.42,2471.69,180.185,56.6612,58.5793,58.3279,81.8891,0.986507,5.14162,23.7001,train
293,0.891066,0.732005,3169.11,2416.24,634.128,262.912,31.968,113.259,222.804,96.003,0.277276,0.358528,178.605,train
294,0.734434,1.60808,2971.5,2643.56,599.604,132.972,45.9057,43.1666,113.192,56.06,0.22718,0.274749,71.9919,train
295,0.0698433,0.201531,2561.94,2346.95,1293.9,254.667,18.8598,41.9001,20.5027,107.447,0.993033,7.2311,32.3829,train
296,0.0618853,0.077067,3582.54,1861.22,3641.59,177.789,50.6511,18.2356,95.5376,177.783,0.999955,25.3879,5.00758,test
297,0.166741,4.72102,1883.01,1031.84,3456.24,152.559,34.1212,37.1855,34.125,41.7547,0.999968,11.008,10.7589,test
298,2.08266,3.03723,3508.64,3598.85,279.539,269.889,58.8307,57.1735,262.065,64.0614,0.0370711,0.0382547,204.528,train
299,1.10824,0.0689018,1343.48,2778.83,9372.37,185.338,37.7595,28.2563,166.36,185.338,1,48.9505,3.01485,train
300,0.121354,4.11092,3600.53,3611.32,1498.45,244.811,34.0827,88.8687,41.4222,40.0688,0.965171,3.42941,59.3072,train
301,0.0845991,4.4296,1568.77,1477.16,466.819,165.375,27.4566,17.7321,31.7658,30.1666,0.968756,3.51742,37.985,train
302,3.04124,0.110684,1794.61,3740.94,9124.7,105.08,25.5647,32.9244,99.0475,105.08,1,22.0369,3.60827,test
303,0.783563,0.0743158,3122.87,2446.97,1414.53,164.919,18.4617,26.6147,154.042,164.818,0.999309,7.77861,18.8152,train
304,2.36365,0.227434,1576.04,4011.21,4889.17,267.92,42.4207,202.994,213.429,264.932,0.986745,5.35924,41.5191,test
305,0.113073,0.811465,2648.95,3500.78,11917.7,255.757,6.71881,74.5932,6.71881,32.977,1,39.7886,6.25902,train
306,1.53161,1.7453,1283.91,2430.52,4256.42,215.741,39.1577,279.009,73.8562,104.931,0.8035,2.16452,65.55,train
307,0.40495,0.627947,2202.06,2575.24,355.826,298.936,11.8184,77.8567,211.625,59.9639,0.304093,0.399032,218.806,train
308,2.43768,4.79771,4115.32,3090.86,103.138,126.476,59.715,6.82672,125.795,60.1753,0.0101932,0.0102811,66.1901,train
309,0.0887592,0.324499,1410.84,2556.22,13227.7,167.468,27.9137,17.4756,27.9137,48.9816,1,105.632,1.32114,test
310,0.365518,1.02597,1180.01,3965.6,666.109,174.347,50.9481,40.9336,79.4431,61.009,0.769083,1.54437,61.4518,test
311,0.187512,4.45995,2227.36,2035.03,6209.83,123.836,39.7206,35.1313,39.7207,43.5913,0.999999,14.8683,5.65737,train
312,0.724626,2.96435,3497.46,2616.07,1141.53,229.838,33.3318,171.699,162.09,55.4723,0.344765,0.450422,150.411,train
313,0.435517,3.486,3356.83,1544.63,107.351,153.772,56.1182,10.0133,146.922,57.9778,0.0701384,0.0734294,93.2769,train
314,0.910073,0.675632,2530.65,1782.28,272.972,170.708,26.2337,33.6044,156.117,54.1405,0.19316,0.22669,123.106,train
315,3.55929,0.112353,1627.88,2693.55,6872.89,216.046,48.759,50.626,207.308,216.046,1,22.7106,7.36604,test
316,2.81816,0.980715,2574.27,3142.8,1044.12,109.276,8.71348,84.3705,97.646,36.0871,0.272205,0.33876,80.8052,train
317,0.35117,1.03821,1837.25,3676.36,6512.2,290.091,9.80467,180.803,9.85771,57.1744,0.999811,10.0935,27.7637,train
318,0.199382,1.32235,3099.91,3444.55,253.826,169.963,49.5455,24.5764,130.2,54.9411,0.330212,0.410677,96.8235,test
319,1.88372,0.273483,3580.07,1638.85,4160.35,211.039,44.6198,74.5768,199.981,211.013,0.999839,9.2824,17.9256,test
320,0.0824779,0.101465,4028.97,3797.89,163.703,111.876,20.9576,10.2005,81.1797,47.4281,0.337627,0.492634,62.3112,train
321,0.231143,0.215205,3600.78,1527.35,4150.92,155.552,41.145,37.5939,110.383,155.519,0.999709,12.6286,9.05676,train
322,4.59428,0.78107,3938.54,1296.1,397.749,210.895,18.9857,62.6244,207.434,80.8466,0.322345,0.3929,157.447,train
323,0.0781451,0.100571,1638,1262.12,2073.19,167.934,10.6955,18.8799,20.4373,159.434,0.945943,16.3329,9.1067,train
324,0.0588691,2.42748,2835.09,3673.08,354.73,258.485,14.0569,35.8104,43.9231,18.0732,0.877812,2.12541,100.951,train
325,0.447294,0.164711,2889.13,3492.9,840.112,213.025,51.8709,64.1863,163.356,163.438,0.6923,1.46026,76.4021,train
326,0.0991779,0.398739,1297.93,1095.12,2768.39,92.8127,38.9768,6.93008,38.9768,54.8472,1,21.5061,2.50329,train
327,2.47937,0.243604,3582.07,2435.05,9951.18,113.049,47.7098,38.7583,108.685,113.049,1,16.7757,3.89485,train
328,0.522891,1.64364,3431.09,3580.26,1121.75,113.74,28.5474,67.1275,76.3237,39.9546,0.439195,0.625251,59.8416,train
329,0.314055,2.51987,2160.32,1297.98,204.039,230.093,57.3525,29.7109,186.301,66.4363,0.253512,0.300739,145.614,train
330,0.509487,0.283536,3613.8,3252.28,5134.18,156.78,20.8858,121.305,90.8959,152.433,0.968012,5.56768,23.627,train
331,0.0693868,0.449054,3853.59,4004.05,12768.8,96.9305,36.7706,16.086,36.7706,45.7171,1,47.7538,1.25979,train
332,0.287089,2.84397,3559.92,2545.65,1862.64,263.322,29.0022,195.177,72.3485,55.9613,0.815012,1.82252,104.786,train
333,4.50679,0.812339,4144.63,1876.82,5426.38,284.778,32.2981,371.438,264.893,275.926,0.964941,3.55919,68.4505,train
334,0.104549,1.29454,2662.87,1284.14,151.966,121.167,20.5657,11.445,80.0575,27.4504,0.408639,0.545854,75.3126,train
335,0.161693,3.56889,3343.46,2025.75,3754.8,104.328,5.09121,53.5685,5.23986,12.5007,0.998502,6.94543,14.2667,train
336,0.409866,0.173162,2967.22,2939.22,882.671,115.661,43.8711,27.3917,93.1384,97.6901,0.749669,1.73426,31.0328,train
337,4.29123,1.09385,4194.92,1229.74,12976.7,219.173,46.1779,232.677,206.247,219.152,0.999877,9.64696,17.9304,train
338,0.406314,0.0567014,1896.39,2417.25,4120.16,120.672,43.1667,10.6231,106.886,120.672,1,30.0607,2.57831,train
339,0.144012,2.06586,1291.96,1769.78,1910.23,280.387,55.1655,41.9018,55.178,66.6262,0.999944,10.2669,21.9355,train
340,1.09067,2.16643,2424.43,2334.63,112.923,191.038,7.37877,20.0855,183.442,11.35,0.0413589,0.0427051,177.87,train
341,4.09281,0.358012,2851.39,2525.52,3344.72,273.31,43.1466,201.763,256.022,266.295,0.969521,3.69924,60.3229,train
342,0.180788,2.44832,2416.35,2093.85,191.912,226.192,24.6064,30.905,155.447,30.635,0.350945,0.439312,161.037,test
343,0.0632416,0.0566023,2477.5,2195.98,4141.07,96.6922,57.6008,4.85795,65.6869,96.6839,0.999789,33.3157,1.17311,train
344,0.866277,0.722293,1053.96,2168.28,289.804,225.405,50.3953,40.4877,181.06,76.2474,0.253386,0.317414,139.707,train
345,0.298208,0.0987816,2780.89,2593.99,227.609,130.628,21.6812,15.3775,112.085,81.6936,0.550842,0.888269,67.561,train
346,0.959494,0.195478,2753.45,1911.25,3482.65,174.839,34.5711,52.3902,155.009,174.799,0.999713,9.32166,15.0432,train
347,0.209453,0.69737,1170.48,3461.76,175.167,207.767,46.8066,19.7494,127.21,54.9874,0.500477,0.714498,112.746,train
348,0.106419,1.23418,1040.42,2762.89,5401.62,285.72,43.0275,26.8713,43.0275,50.9078,1,48.7858,4.97467,test
349,0.200132,0.104103,1804.85,2171.55,13343,175.368,51.159,28.0793,97.631,175.368,1,59.0231,2.10442,train
350,0.710874,0.149263,1232.01,4154.65,414.171,290.184,16.5313,72.0275,207.943,132.679,0.424435,0.66787,173.908,test
351,4.78033,1.08167,2748.07,2492.6,567.481,232.049,16.3714,108.392,223.797,56.5736,0.1864,0.210476,191.005,train
352,0.645832,0.0589007,1602.18,1954.31,2859.86,155.779,38.1966,13.5349,142.699,155.779,1,24.8446,4.73272,test
353,0.456219,4.75034,1047.1,4101.92,736.075,95.9609,11.754,31.4497,30.1264,13.368,0.781818,1.54085,42.7262,train
354,1.07428,0.0974381,2898.08,3392.4,197.209,244.016,24.2449,32.0198,233.732,121.114,0.44077,0.596609,162.365,test
355,0.368823,1.03171,3223.91,3196.24,2012.94,214.862,46.5585,150.742,88.0872,92.2712,0.753251,1.69289,74.8864,train
356,1.34497,0.568822,2575.04,1225.21,2209.87,295.823,40.5219,166.453,247.762,279.361,0.935518,3.17088,75.3226,train
357,0.575255,0.869807,3520.31,3752.86,360.303,135.253,20.7013,36.0614,117.446,31.7487,0.155453,0.17792,100.086,train
358,0.0561269,1.47244,2158.26,3812.14,119.715,230.704,19.3411,15.9994,98.6267,22.1914,0.624884,0.98827,133.645,train
359,0.65151,1.74943,1749.36,2162.5,7611.86,173.543,29.3896,163.213,30.3395,72.5317,0.99341,6.67866,21.4419,train
360,2.20577,0.742479,1333.69,3528.45,2254.34,265.795,26.987,296.754,164.92,140.26,0.474329,0.860501,131.637,train
361,4.90807,0.75533,3874.53,2706.48,8702.48,93.0793,59.3865,67.4982,89.5299,92.4046,0.979973,4.25699,7.7562,test
362,0.218735,0.553642,1745.24,2203.36,299.696,149.236,55.1272,18.3202,101.245,70.1453,0.50995,0.785068,61.1293,train
363,0.249173,1.003,1683.91,3322.47,406.631,213.389,24.316,47.912,99.2001,38.6936,0.60394,0.969124,117.827,train
364,0.0993571,0.139184,2879.99,2257.02,218.568,230.239,54.0283,22.26,152.446,124.888,0.441473,0.763829,101.845,train
365,3.24775,0.979407,3698.74,1623.24,1029.9,249.27,55.8701,142.992,237.367,145.812,0.465059,0.647809,138.841,train
366,0.364625,0.109961,3093.55,3112.76,908.636,208.034,35.2369,52.3364,161.635,188.141,0.88488,2.65464,57.5989,train
367,0.0740787,4.97011,1499.64,1807.24,2550.88,156.373,21.8621,14.943,21.8621,23.5258,1,22.962,5.858,test
368,0.13978,0.0729782,2304.4,3920.96,1070.34,91.5108,14.3397,18.1687,35.1052,77.8347,0.822782,3.74056,16.9747,train
369,4.08466,0.170614,1781.55,1536.37,133.605,283.543,42.7081,25.0586,280.1,138.306,0.396942,0.5097,187.557,train
370,3.43244,0.554813,2972.45,2080.34,957.764,213.473,16.4513,125.251,201.197,124.969,0.550793,0.829809,130.775,train
371,0.101224,0.246717,3230.16,2268.92,142.948,157.771,41.6694,12.3026,120.145,63.6468,0.324079,0.437192,86.0629,test
372,4.93331,0.0684318,2220.87,2885.27,2869.15,209.912,7.61608,39.9422,206.267,209.912,0.999999,14.5314,13.9213,train
373,1.5978,1.22742,3668.75,3303.95,3214.33,291.097,30.9507,499.09,205.957,154.021,0.473079,0.792618,155.27,train
374,1.51856,0.366275,4186.82,4027.07,9467.96,254.427,27.3573,333.069,202.041,253.165,0.994439,6.41889,35.1786,train
375,0.565073,0.0778685,3041.23,2352.34,685.121,91.2461,39.8338,9.11856,85.94,89.6148,0.968272,3.74029,13.3094,test
376,0.153925,1.13234,1508.5,1052.91,412.307,193.579,26.6981,30.9158,60.4333,52.6287,0.797849,1.77569,74.9825,train
377,2.42665,1.57459,3143.35,2461.82,519.527,206.166,15.3886,89.9866,194.369,38.6028,0.121683,0.134025,173.209,train
378,4.03834,1.82824,1911.48,2468.03,153.705,259.869,56.6707,30.4114,255.929,63.4106,0.0331691,0.0340648,197.855,train
379,0.140166,3.39387,3865.47,2066.19,3538.79,174.239,32.9482,76.382,33.2628,43.8406,0.997773,6.53144,21.5842,train
380,4.20609,0.130452,2954.84,3761.47,4097.82,161.818,51.0126,54.3541,157.445,161.783,0.999685,8.35112,13.2642,test
381,0.179889,1.46804,3339.99,2580.5,196.807,159.822,14.0829,23.9805,119.91,20.4131,0.273862,0.327561,121.848,train
382,0.0699451,0.841401,3174.59,1317.79,124.132,117.259,49.6932,6.20303,89.3236,55.2877,0.413457,0.559033,49.9714,train
383,1.02691,0.466615,3760.65,3553.03,346.866,154.874,13.6572,42.568,143.851,39.3331,0.181819,0.209221,122.722,test
384,0.943075,0.0701638,1982.31,2456.73,7491.1,185.831,24.4929,27.8105,170.955,185.831,1,43.4585,3.71247,train
385,0.686309,0.360792,1806.8,3004.82,116.183,275.361,14.4199,27.5497,253.144,39.832,0.0973866,0.107169,237.123,train
386,3.70062,3.6472,3528.94,1697.2,2634.1,108.349,23.6221,169.359,95.3808,50.9821,0.322918,0.42554,64.2948,train
387,2.43568,0.0515443,1041.23,3909.91,1464.48,137.507,7.6231,26.146,127.198,137.358,0.998855,7.26667,17.8535,train
388,0.428194,0.103985,1302.93,2516.65,361.985,186.735,36.3529,26.4177,139.383,137.302,0.671286,1.38324,72.9802,train
389,0.329302,0.731138,3666.89,2071.31,868.076,119.365,31.3924,46.3443,80.9853,61.9945,0.436271,0.718896,53.3874,test
390,3.69431,0.117723,4098.86,1231.41,1230.38,94.8032,28.1153,9.66523,94.1649,94.7885,0.999779,8.48751,7.85545,train
391,0.0581087,0.300206,1826.08,3067.8,837.154,166.927,30.8618,14.4261,30.9738,46.5259,0.999177,7.88941,17.2323,train
392,3.65882,0.296135,3543.25,2759.44,17345.5,118.571,27.0756,74.767,112.804,118.571,1,21.2264,4.31046,train
393,2.86885,0.0764108,3378.58,1157.5,1080.73,165.476,40.2898,11.072,164.333,165.475,0.999995,12.2193,10.2449,train
394,1.76801,0.633877,1874.81,2347.37,8144.96,232.972,51.9425,261.93,153.95,227.977,0.972411,5.47396,32.1586,train
395,4.27579,0.923576,1140.76,1180.98,173.981,149.67,48.8352,15.9649,146.397,63.4721,0.145158,0.159509,91.7622,train
396,0.0721519,1.94635,1490.24,3960.32,1053.18,256.751,45.71,22.6905,45.7233,48.6537,0.999937,9.79483,21.5448,train
397,0.0611334,0.18324,1625.14,2425.45,2262.7,240.429,47.1053,19.2067,47.1053,90.321,1,22.775,8.48841,train
398,0.106086,1.64215,2626.18,3318.59,2531.99,188.281,6.67286,50.5878,6.70385,15.9557,0.999829,9.08822,19.9794,train
399,0.0758248,0.511609,2426.85,3057.81,2266.92,279.883,35.822,44.9102,35.8261,64.5296,0.999983,12.3192,19.8111,train
400,0.226198,2.11545,3441.03,3426.48,449.472,169.89,12.4511,52.7393,102.133,19.727,0.430372,0.577464,117.336,train
401,1.05629,0.482719,1038.52,1605.82,7182.43,100.526,16.8601,63.5372,42.6055,98.8268,0.979694,9.26576,8.84619,train
402,0.362601,0.0818042,1150.57,3153.19,10622.3,286.54,28.0827,66.6677,126.741,286.54,1,41.1804,6.27623,train
403,1.40426,0.50709,2732.56,3152.03,114.619,272.024,30.5805,26.3326,265.161,47.0552,0.0682344,0.07171,229.741,test
404,1.2786,0.470601,3426.44,4015.13,2846.14,106.796,58.0085,64.9356,91.9743,92.3746,0.7044,1.50627,22.8153,test
405,2.50084,1.07455,2772.53,1253.47,247.453,103.264,24.0037,17.6452,100.719,37.1042,0.165284,0.183718,71.3073,train
406,0.312318,0.652775,1405.65,1863.69,15901.6,272.064,22.1294,109.724,22.1294,112.32,1,36.2214,6.90018,train
407,0.0750762,3.56461,3383.69,3060.41,3701.78,254.489,29.3591,57.1908,29.3592,34.6015,0.999999,14.572,15.4495,train
408,0.516249,2.32101,2670.37,2341.87,18274,265.941,20.0428,338.976,20.052,82.4061,0.999962,13.2557,18.5497,test
409,0.150133,3.91165,3669.46,3659.51,215.591,200.925,34.2355,29.5782,147.235,36.3018,0.322097,0.391339,137.196,train
410,0.308588,0.916318,1521.15,3817.47,202.242,94.1988,25.5456,11.0555,70.647,28.7061,0.343055,0.430842,54.6646,train
411,1.7337,0.918031,2231.94,1232.33,127.436,148.848,47.1192,12.0783,145.726,57.7955,0.104949,0.112643,94.7794,train
412,1.5084,0.204858,3818.32,4092.32,3179.63,92.8815,21.3616,57.9417,82.8214,90.4762,0.966368,3.79275,18.2228,train
413,3.52166,2.01552,3004.28,3403.76,7299.71,196.083,7.26073,729.812,127.103,113.642,0.563394,1.06404,99.9781,train
414,0.113287,4.59228,2862.4,3066.99,250.604,178.922,16.0763,28.2936,91.6695,18.0851,0.535798,0.772815,112.902,train
415,0.635198,0.18605,3624.97,2459.5,511.029,177.962,5.60959,50.7586,155.918,116.535,0.643599,1.11678,99.3261,test
416,0.242771,0.872789,3549.78,2577.1,119.976,224.183,15.6988,22.8035,197.722,25.837,0.12692,0.139217,190.068,train
417,1.40583,0.331159,2116.57,2907.5,16047.2,221.967,48.7834,166.748,165.928,221.965,0.999991,16.6664,10.3911,train
418,0.0915576,0.274176,2334.06,2106.97,149.902,107.632,22.4743,8.52901,67.7213,37.2386,0.46867,0.701457,56.8972,test
419,1.44792,0.860671,2495.47,3879.09,669.576,82.1833,57.3658,13.9294,78.3282,61.5381,0.168116,0.200555,20.8034,train
420,0.852246,0.288237,2108.68,2592.1,100.99,153.164,40.2326,10.404,147.375,54.1578,0.123306,0.135168,103.021,test
421,0.0521681,4.0786,2480.54,2910.53,3834.58,239.149,17.611,28.6681,17.611,20.026,1,29.6324,7.4762,train
422,1.73134,0.252808,1950.95,1337.97,324.497,255.783,17.9458,48.5684,241.404,161.533,0.603719,0.959338,149.673,train
423,2.30168,4.03869,1205.21,1374.69,1486.15,161.491,33.5287,135.095,112.791,57.8615,0.380581,0.53574,90.9024,train
424,1.78571,2.20491,2196.83,2995.44,530.231,197.508,36.6689,76.9709,177.887,48.3229,0.121992,0.135164,145.165,train
425,0.0619223,0.956285,1618.53,3855.67,5915.92,216.756,12.963,20.4248,12.963,18.5025,1,59.0275,3.45251,train
426,2.45556,0.0703547,3141.38,2687.27,2004.8,276.438,31.3498,46.3355,270.431,276.43,0.999969,10.6039,23.1122,train
427,0.112789,2.79742,1546.1,1004.65,16558.6,218.121,43.1897,30.5052,43.1897,54.0439,1,94.9547,1.84226,test
428,3.70311,2.18316,2794.66,4168.15,321.873,221.571,40.5614,56.3878,216.122,46.758,0.0342337,0.0353716,175.187,train
429,0.0974533,0.358579,1021.21,3713.7,4840.3,134.848,14.7491,11.9522,14.7491,23.7245,1,48.6364,2.46932,train
430,0.173805,2.61839,3539.72,3716.6,221.57,126.914,45.9868,14.931,102.644,47.5211,0.299892,0.360148,67.3871,train
431,0.184156,0.112152,3057.03,2009.69,1135.22,98.1649,28.6135,15.2084,71.1504,96.0895,0.97016,5.03669,13.3969,test
432,0.0940917,2.50286,1621.55,2435.88,275.622,219.288,18.5513,25.4742,52.3253,22.7297,0.831749,1.80647,92.4243,test
433,3.18955,1.00636,2816.44,1277.38,4075.26,89.0293,14.0565,90.8664,78.9141,84.7419,0.942813,3.17016,22.2971,train
434,2.41613,0.0507131,3131.48,1874.67,1341.41,221.981,57.2067,15.6652,219.911,221.981,0.999999,14.1096,11.6782,test
435,0.315394,0.100463,2994.65,2092.68,854.406,279.466,12.7744,54.2005,222.081,270.581,0.966683,4.06401,63.4365,test
436,3.88468,0.16611,2235.68,2308.39,159.622,298.627,14.7314,36.8276,294.387,110.775,0.338305,0.416281,230.718,train
437,0.132743,0.459636,1151.95,2933.09,5297.38,213.577,52.928,24.5655,52.928,71.1496,1,34.643,4.63728,train
438,0.120077,0.337319,3516.32,3236.33,11403.3,151.182,55.431,40.4288,55.431,92.4647,1,27.0073,3.54537,train
439,0.614189,0.0569721,3506.23,3872.05,603.653,141.647,59.5583,16.7022,133.891,135.271,0.922336,2.73643,27.6686,train
440,1.17021,3.61908,3466.24,2375.73,144.001,275.842,38.4834,33.3086,267.63,42.3575,0.0345963,0.0355011,231.309,train
441,0.126772,0.0952505,4155.62,1120.67,135.833,217.256,35.8538,13.3225,191.967,160.662,0.688018,1.27251,98.0799,train
442,1.77805,0.0914728,2583.58,1539.37,180.352,260.154,32.8931,22.9579,255.157,195.934,0.717418,1.28081,127.295,train
443,0.76972,0.0993294,1476.44,3233.76,601.109,163.724,45.5996,30.2663,137.092,139.826,0.79769,1.87141,50.3507,train
444,0.0723452,0.577343,1856.73,1599.92,3420.11,206.892,19.1905,25.2131,19.1905,46.4862,1,25.4614,7.372,train
445,0.882981,0.25818,3117.34,2590.54,5816.49,176.845,11.1276,110.72,136.621,176.672,0.998953,8.69655,19.0356,test
446,0.0737816,0.318867,2232.02,2564.25,687.709,123.583,5.20513,18.9361,8.59659,28.3641,0.971351,4.17599,27.535,train
447,0.222198,2.9275,3187.45,3656.21,1924.78,283.184,58.4598,147.351,75.133,72.2263,0.925806,2.71768,76.5548,train
448,0.171953,1.25387,3424.13,2339.12,673.908,222.091,20.5357,77.354,90.7132,46.9098,0.651821,1.14457,114.784,train
449,3.32641,0.0562073,4111.91,2371.27,2308.1,202.739,12.39,25.3701,200.884,202.739,1,17.3173,10.9918,train
450,0.301324,0.0594494,3047.25,2881.46,3557.73,181.714,40.4078,24.2059,155.352,181.714,1,20.7689,6.80373,train
451,0.0995297,0.339944,2979.74,4094,2182.25,286.323,5.3344,83.1331,6.01085,65.0681,0.997593,7.35824,38.0951,test
452,0.0812017,1.61979,1068.72,4057.93,4516.51,87.9459,31.9456,4.8598,31.9456,32.685,1,52.0445,1.07601,train
453,0.311976,0.130779,3140.34,1379.33,1886.22,246.201,56.8243,34.1557,211.338,246.17,0.999839,10.4565,18.108,train
454,0.0540535,0.252295,2608.99,2060.08,833.873,94.4252,33.9133,8.44974,34.5087,50.1707,0.990161,5.91294,10.1331,train
455,0.0612504,2.40457,1427.03,2371.94,16124,259.755,38.9303,19.3014,38.9303,42.3144,1,184.472,1.19706,test
456,1.54501,0.0660353,1685.92,4080.19,4736.17,231.93,50.3817,48.9159,213.151,231.93,1,17.578,10.3282,train
457,0.624582,1.74402,1190.05,3556.14,452.907,241.233,21.3375,72.9594,143.074,33.1014,0.446387,0.609333,161.091,train
458,0.761095,1.89763,1373.16,3232.38,190.293,91.8805,41.6386,8.62524,83.6275,43.0448,0.164265,0.18208,45.3261,train
459,0.112062,1.40914,3962.36,1715.54,10689.8,97.4333,25.9774,31.7286,25.9774,39.1023,1,24.0746,2.9681,test
460,0.277047,3.19651,3270.65,2704.97,1161.03,212.731,28.4794,117.856,82.6643,42.1099,0.705918,1.28132,101.51,train
461,0.0826289,3.48437,3104.82,3131.83,3544.88,277.566,19.6636,66.1642,19.664,25.7268,0.999999,13.8176,18.6647,train
462,0.473174,1.03525,1668.26,1098.08,4709.73,85.4567,38.4709,35.0279,41.0825,69.284,0.944419,5.9664,7.43735,train
463,0.150756,0.205453,2093.25,1543.52,480.642,270.911,26.3102,46.6647,123.037,173.461,0.604551,1.52309,97.0882,train
464,2.82802,0.334105,2055.81,2223.33,3733.32,84.4601,21.3998,46.3322,76.4908,83.7726,0.989098,5.02583,12.4104,train
465,0.150866,3.01066,3935.96,2881.76,106.755,180.608,15.0354,16.0925,153.507,16.8903,0.163679,0.179782,150.743,test
466,0.134366,1.84766,1369.7,3881.06,170.486,197.011,23.489,19.1844,92.772,26.1643,0.600726,0.926343,112.528,train
467,0.0694695,0.0506497,4019.88,1701.8,2137.83,203.773,19.5635,15.878,146.915,203.773,1,24.8021,7.42717,train
468,0.407277,0.824482,2752.47,3089.03,1116.38,95.8998,9.90548,55.0828,46.7635,31.5333,0.57139,0.995857,49.3407,test
469,1.4602,4.09662,1630.81,3434.4,713.429,127.172,33.8726,56.394,103.49,37.8809,0.253828,0.299595,79.0464,train
470,0.132097,4.45246,2460.47,3055.56,121.13,155.2,47.6068,10.8444,121.835,48.4039,0.310105,0.372683,89.527,train
471,1.19592,0.107474,3807.13,3604.52,116.537,195.496,54.6074,14.039,192.413,90.847,0.257221,0.300824,120.468,train
472,0.418761,0.253132,2599.68,2174.95,225.606,126.202,52.6097,12.6553,114.577,75.5965,0.312353,0.409784,56.0949,test
473,2.97019,3.88217,2629.43,1347.47,237.247,105.161,42.2878,14.3721,103.321,45.0353,0.0436977,0.0453532,60.5785,train
474,0.119587,0.277152,2064.72,2508.44,19193.5,89.717,14.582,18.5519,14.582,41.2669,1,77.7338,0.966569,train
475,0.917579,0.650823,3369.82,3595.13,400.663,143.741,48.4785,33.1738,133.012,62.6566,0.148832,0.171239,82.7973,train
476,4.89917,2.39653,3690.61,1367.27,6364.92,147.806,29.0607,321.666,130.016,127.229,0.826706,1.94248,50.5373,train
477,0.598698,0.949599,2297.64,1335.44,9139.73,291.514,9.20531,324.475,55.6339,265.073,0.906342,7.20723,35.5016,train
478,0.157017,0.25621,2877.44,1177.87,7220.99,291.973,10.1823,85.0294,103.774,291.94,0.999882,23.9279,11.7753,train
479,0.0969335,0.858491,1819.63,2084.88,168.297,297.135,37.421,27.5768,140.789,52.8284,0.601993,0.954158,163.858,train
480,0.681289,2.16233,2784.71,2388.93,109.524,151.037,55.3237,10.0838,145.721,57.2758,0.0555319,0.0577296,92.069,train
481,2.09119,0.625659,1821.67,3519.04,2305.87,149.491,9.14063,175.644,103.384,88.9165,0.568406,1.04731,76.1725,train
482,3.76427,0.131097,3399.97,4114.64,362.646,109.151,19.4767,23.4864,107.316,63.0172,0.485539,0.672295,64.764,test
483,0.548817,0.184853,3961.6,1159.94,6586.23,82.5013,14.4533,14.5908,75.7904,82.5013,1,30.7166,2.21535,train
484,0.215016,2.47799,3753.95,3975.9,105.903,184.201,17.9831,16.4179,163.861,19.6495,0.122371,0.131205,155.027,test
485,0.888071,4.77532,1664.59,2653.96,815.371,80.613,34.3846,28.3908,61.4077,36.6248,0.415445,0.551569,34.8195,train
486,0.0790598,0.538017,1464.92,1622.12,201.026,141.575,12.2305,12.0093,37.8819,25.9911,0.801681,1.73574,59.7399,test
487,0.834626,1.8335,2447.1,1575.9,873.45,222.784,6.66148,138.165,155.136,54.479,0.313007,0.427657,158.183,train
488,0.0982011,0.118099,3686.41,1822.67,527.62,249.329,34.4685,37.3491,146.157,207.98,0.807555,2.45115,70.7878,train
489,0.627601,0.223369,1699.03,3287.76,204.242,298.875,34.6357,43.6835,257.908,94.119,0.225111,0.278114,213.881,test
490,1.13774,0.194817,2378.78,3490.59,13419.6,109.973,44.8561,44.2814,93.6119,109.973,1,19.734,3.29975,train
491,0.534593,0.161122,3248.58,1609.7,556.228,195.934,48.7618,32.8028,177.046,175.239,0.859382,2.14463,58.9737,train
492,0.915397,1.87188,2993.58,3224.34,8281.07,89.3978,32.2112,138.706,38.781,55.1926,0.885117,3.02194,16.7498,train
493,4.54053,3.50101,1774.74,3823.5,622.271,160.505,12.1306,86.9444,149.716,18.6257,0.0727179,0.0772216,139.721,train
494,2.2317,0.0774153,3877.85,1312.35,1171.99,136.124,10.332,12.7799,134.648,136.123,0.999989,11.5358,10.9044,train
495,1.51411,2.67616,2146.88,3847.78,8356.77,238.411,54.5237,523.275,77.4347,105.341,0.875408,2.57082,62.6169,train
496,2.07115,0.0629178,1428.86,3567.25,1409.71,146.33,44.659,22.7559,138.641,146.047,0.997214,6.2809,16.1423,train
497,0.0794499,0.0609123,1672.93,1310.73,114.171,291.907,7.853,14.9346,179.544,194.91,0.658528,1.43001,130.809,train
498,0.684135,0.619237,1128.25,2164.63,15108,183.773,25.4476,122.194,25.4642,116.609,0.999895,19.5731,8.08807,test
499,1.67602,0.416156,2443.77,1360.6,401.065,271.219,41.438,64.2669,255.528,154.939,0.493954,0.708319,160.24,test
500,0.331733,0.109226,3822.76,1245.65,6383.53,80.2076,41.7457,5.23302,76.081,80.2076,1,46.9179,0.819768,train
501,0.161003,0.364932,2360.59,3324.79,13147.2,251.018,51.6519,75.7715,51.6519,114.102,1,34.5922,5.76332,train
502,2.58913,0.566797,1957.03,3915.59,451.534,187.183,23.9667,64.2318,174.507,52.9085,0.177321,0.203454,142.253,train
503,0.437785,2.66533,3910.7,2827.93,1564.73,96.3979,35.5499,59.432,61.6838,43.4349,0.570505,0.913956,37.9822,train
504,0.960094,0.126462,1561.22,1966.38,3791.17,184.086,18.9235,41.0709,156.685,184.085,0.999997,15.2457,10.8333,test
505,0.486313,3.69378,2243.1,1569.56,162.38,90.666,45.2785,6.76366,84.4656,46.4452,0.13661,0.148857,41.6532,train
506,1.05923,0.255024,1308.36,1880.41,16365.2,151.912,46.8775,50.3692,115.566,151.912,1,34.1261,3.07782,train
507,1.44387,0.441414,3009.97,1893.07,865.408,287.021,37.5088,128.911,257.359,191.777,0.618281,1.03564,148.96,test
508,0.626362,0.100878,1782.76,3753.3,1456.56,205.825,35.7565,60.9526,151.24,196.741,0.946585,3.84699,41.8469,train
509,0.0669753,0.110132,1136.16,3600.81,119.427,124.188,56.3392,3.92225,72.6433,66.2298,0.759698,1.56945,32.8423,train
510,1.95207,2.98529,3315.66,2111.51,149.524,188.891,40.9211,21.619,185.551,44.3508,0.0231784,0.023721,144.585,train
511,0.0798255,1.88743,3438.99,2560.56,7045.37,149.047,16.4094,36.4115,16.4094,23.9435,1,25.6644,5.16815,train
512,0.475999,1.29605,3574.06,3953.06,834.877,210.295,39.7882,106.568,147.654,60.5886,0.367382,0.490744,127.645,train
513,0.0927079,1.02761,1036.12,1525.52,270.576,279.217,43.849,21.094,59.618,57.3049,0.933003,2.81684,77.9594,train
514,0.417282,0.0573847,1697.98,2819.48,13767.4,234.47,44.7025,30.7034,191.136,234.47,1,85.0916,2.23016,train
515,0.52639,1.11675,1401.99,3430.65,141.219,130.189,30.6128,12.5994,113.117,33.9015,0.17145,0.191355,89.2186,train
516,4.40839,2.52555,1868.12,2553.35,8637.12,121.214,48.1713,286.618,86.4106,92.6178,0.608502,1.33938,33.1845,train
517,0.348019,0.766646,3729.87,3719.13,491.072,201.608,47.9368,59.0112,156.148,68.6333,0.295831,0.378311,120.168,train
518,3.12089,0.809221,3553.48,3405.64,12941.4,280.747,50.8097,619.614,224.876,275.641,0.977792,4.69586,47.8785,train
519,1.32959,0.861632,1919.46,3899.01,1554.07,184.013,55.2925,130.104,133.034,94.0195,0.396047,0.608941,83.718,test
520,0.424128,0.379805,2978.2,3868.18,654.037,239.952,32.1072,91.7307,167.33,94.545,0.349403,0.517788,140.253,train
521,0.26726,0.334464,1087.53,2513.23,3227.79,283.339,54.2656,66.5503,54.3704,133.437,0.999542,11.1053,20.6179,train
522,0.128304,0.205036,3511.71,2625.06,1481.63,127.238,46.0398,29.7465,61.2178,101.307,0.813075,3.28837,20.077,train
523,0.060159,0.136201,2955.88,2826.67,7539.01,257.646,30.1719,40.45,30.1719,135.238,1,42.3962,5.36543,train
524,3.86281,1.16409,3458.66,2400.41,9915.73,194.184,21.4293,459.365,159.801,185.823,0.951603,3.54857,46.3268,train
525,0.72717,0.148305,2618.02,3288.5,1560.2,154.08,15.4958,62.8196,121.082,144.304,0.929454,3.19909,40.2639,train
526,0.073306,3.99167,1066.23,1495.28,166.404,276.58,45.3604,15.8872,73.3177,48.0222,0.879088,2.12899,95.4735,train
527,1.5401,3.50304,3302.89,2005.74,367.251,232.868,42.4004,65.8492,219.923,51.7724,0.0679649,0.0721968,179.303,train
528,0.777208,0.126865,3051.25,2946.71,10523.7,151.626,28.0191,46.2084,132.14,151.626,1,28.1508,4.39088,train
529,0.224399,0.104841,3023.17,1431.47,259.666,216.149,32.5074,21.6418,184.248,176.712,0.785249,1.73023,83.3444,train
530,0.609498,0.702878,2060.61,3615.6,1806,186.077,30.3307,132.803,80.337,82.588,0.678925,1.43797,73.5343,train
531,1.093,0.270272,1660.52,3495.32,1903.96,184.808,55.7817,94.163,132.925,155.458,0.772529,2.01544,49.4564,train
532,0.206349,0.229958,2143.11,1936.77,340.382,124.419,36.1046,17.0123,85.9489,74.3024,0.435601,0.7697,49.9801,test
533,0.11283,0.0815123,1652,1383.62,9029.1,179.5,57.9838,13.7048,105.974,179.5,1,80.0579,1.51785,train
534,4.98185,3.75929,2120.65,3724.75,964.224,285.685,46.7533,213.297,265.495,61.9862,0.084499,0.0912679,221.211,train
535,0.304888,0.532494,4130.75,2526.97,110.537,283.748,18.4041,27.0336,262.283,38.4946,0.0808957,0.0877686,244.566,test
536,0.720895,1.32763,3676.44,2636.1,6340.23,92.9618,15.6506,156.611,33.8708,60.3995,0.764327,2.39224,24.7011,train
537,0.0543966,0.0784018,1310.56,2538.24,6760.22,181.327,52.1667,9.20784,52.1667,98.4368,1,94.8269,1.36206,test
538,0.0660715,3.65664,3347.15,2918.3,307.562,197.379,47.4074,24.8018,85.2302,49.7315,0.7478,1.39073,80.6398,train
539,2.38219,0.555447,1255.3,3275.42,5006.54,178.24,25.3308,231.422,100.85,152.533,0.831883,2.75187,46.2239,train
540,4.768,2.59416,2435.21,2267.12,429.41,256.12,14.3643,98.3903,247.646,31.0937,0.0691997,0.073013,229.129,train
541,0.341473,0.910647,2803.08,4053.34,941.647,101.624,56.5692,25.5069,74.9758,63.4794,0.59146,0.983778,27.0875,train
542,0.346662,0.118164,2787.62,2908.73,102.363,194.837,9.00044,15.7874,178.5,54.9329,0.247166,0.29782,154.229,train
543,3.80338,0.290919,1855.89,2660.13,311.793,251.756,20.5577,58.4055,243.482,96.0285,0.326433,0.402895,187.321,test
544,0.103129,3.60079,2571.97,1703.09,120.542,238.479,13.1894,21.6775,156.752,16.7243,0.362762,0.454454,179.834,train
545,0.271058,0.173094,2281.6,1376.79,8623.89,126.855,39.0381,20.928,93.0153,126.855,1,36.1872,2.42674,train
546,3.02417,0.110561,3158.74,2239.91,402.46,174.914,7.08447,33.2042,171.438,141.163,0.798895,1.62513,82.5031,test
547,0.78092,0.131168,3353.46,2651.48,239.672,131.359,30.9749,16.9442,124.889,79.6946,0.485332,0.689128,70.6976,train
548,1.18952,1.27838,1414.8,1142.78,225.294,101.834,58.9052,8.45368,96.811,64.6918,0.134794,0.154215,37.5228,train
549,0.464262,0.195257,2488.11,2167.79,132.348,264.39,32.9214,25.1743,242.597,92.3961,0.256944,0.312673,190.213,train
550,2.35803,0.22467,4090.19,1745.66,320.02,215.708,41.0495,37.8913,211.779,137.662,0.55315,0.815964,118.403,train
551,0.675983,1.37298,2874.26,3176.16,194.788,131.514,24.4485,19.4414,121.508,28.9068,0.0934578,0.100254,99.8078,test
552,0.704274,1.02965,3611.5,4134.63,313.036,154.54,41.2172,32.2931,141.844,48.8027,0.112037,0.123073,103.161,train
553,2.04789,0.115069,1002.52,1902.01,1383.1,97.0305,30.5314,14.5082,89.9638,96.8205,0.996843,6.31952,10.4896,train
554,0.58915,0.169278,3297.12,3667.48,116.26,285.123,55.238,23.7587,272.892,93.5077,0.166473,0.187268,204.358,train
555,1.03064,2.23157,1658.31,1608.05,814.373,276.63,33.6159,145.851,191.294,74.2601,0.351159,0.476487,179.095,train
556,0.151541,2.53799,3857.82,3374.4,808.064,160.877,53.8672,46.1716,81.9,59.2585,0.738036,1.38221,57.1385,train
557,2.75786,0.419049,3058.79,2996.81,18858.2,229.662,28.6326,252.454,199.735,229.661,0.999998,15.0167,13.387,train
558,0.117858,3.28679,2524.15,3026.77,7556.64,84.2778,44.4316,11.8539,44.4316,45.6231,1,25.4013,1.56867,train
559,0.0680419,0.146043,3374.62,3846.65,323.495,251.651,35.3503,34.1409,102.964,96.1233,0.687409,1.40886,105.538,train
560,0.0706732,0.114416,2871.89,3332.13,10493.5,285.609,46.4328,48.5445,46.4328,173.763,1,51.7007,4.62616,train
561,0.0799735,0.712351,1827.3,1824.31,2851.23,209.074,38.9596,24.8597,38.9597,58.0891,1,19.5109,8.71893,train
562,0.982148,1.46575,2093.78,2239.43,2697.87,265.369,15.9992,322.383,108.598,114.214,0.628667,1.31194,119.496,train
563,0.142125,2.21675,4117.46,3213.56,978.239,240.485,21.2905,102.43,65.4488,35.6693,0.798543,1.67165,104.709,train
564,0.216153,0.618168,2286.09,1415.97,4769.87,209.361,48.235,79.0971,49.2926,138.6,0.993437,9.65274,16.5827,train
565,0.827949,1.42472,2863.61,3519.99,124.403,178.399,15.2716,19.5374,170.159,19.1674,0.0505151,0.0524702,157.049,train
566,0.064199,3.21216,1632.94,3689.47,981.182,258.413,31.1318,23.8244,31.1529,33.1421,0.999907,9.35945,24.2813,train
567,0.484411,0.0696052,3748.17,3427.03,16852.5,127.417,9.43083,28.1443,111.916,127.417,1,70.6489,1.67004,train
568,0.0536374,0.0644053,2835.96,3712.18,15276.8,117.938,25.2706,14.096,25.2706,84.2289,1,100.43,0.922707,train
569,1.8027,1.13063,3444.57,2954.93,1465.48,91.033,41.0726,54.6086,82.2387,57.4179,0.327164,0.438643,37.2632,train
570,1.07871,0.234189,3170.29,1940.12,7204.51,127.544,15.486,50.9137,112.656,127.543,0.999999,15.8566,7.06692,train
571,0.0636663,0.532189,3250.62,3986.82,15527.3,297.877,52.7396,50.7324,52.7396,76.6503,1,75.0273,3.2673,train
572,0.0910164,0.0854369,3077.37,1196.72,1323.32,219.831,49.8846,17.373,157.805,219.802,0.999829,12.9428,13.1284,train
573,0.167401,1.07244,3079.27,3315.58,9762.08,273.865,14.7963,133.543,14.7963,52.3531,1,18.9381,13.6798,train
574,0.293415,0.188445,1181.82,1513.51,496.566,226.017,48.9084,33.8978,128.263,167.759,0.671056,1.74103,68.2643,train
575,3.24277,1.03845,2831.49,2146.39,286.471,214.258,26.1682,49.861,208.828,48.5383,0.118933,0.128525,174.053,train
576,0.565656,0.0737818,2102.71,1984.45,5881.3,208.428,20.6475,27.4942,185.312,208.428,1,40.1683,4.67484,train
577,1.23817,0.173766,3303.79,3021.68,642.909,97.267,21.0724,27.4591,90.5544,73.3689,0.686355,1.22444,42.7107,test
578,0.157206,0.381091,2091.83,2027.49,3800.01,98.5378,39.3729,19.4415,39.4174,64.5348,0.999247,11.5556,5.11618,test
579,1.06134,1.79352,3969.27,2965.39,1302.75,266.469,29.0923,242.08,209.006,74.6089,0.242077,0.309238,185.823,train
580,1.23185,2.09473,3352.46,3951.9,3355.9,167.856,49.9203,243.889,108.799,79.3821,0.500756,0.812622,72.6747,train
581,0.0931518,4.68212,1126.45,1824.61,1538.77,289.765,46.5083,25.5251,46.5084,49.4961,0.999999,14.6646,16.588,test
582,1.23092,0.222585,2342.46,3243.3,210.193,211.601,48.0265,28.9901,201.547,88.184,0.2455,0.291162,137.921,test
583,0.0901542,1.53387,3490.01,3803.56,206.42,223.82,49.5601,26.1108,140.833,54.0356,0.476224,0.656054,126.493,train
584,1.76342,0.266771,4182.72,3060.96,855.855,198.778,11.3041,97.0406,185.622,130.143,0.633894,1.0481,113.384,train
585,0.692499,0.0517298,1702.21,3408.73,1947.4,228.424,45.1582,32.3134,201.011,228.411,0.999929,11.0439,16.5931,train
586,0.0571619,0.496288,1438.77,3076.38,648.203,284.108,22.8535,21.4745,22.9962,36.9188,0.999454,7.88159,33.1293,test
587,4.76579,3.32661,1642.24,3845.49,1428.13,281.4,11.8441,335.486,238.535,38.0693,0.15902,0.182472,234.913,train
588,0.470736,1.23667,2875.34,1567.4,4658.93,245.124,8.38626,274.972,41.9712,150.244,0.858134,3.44207,59.0205,train
589,1.67006,0.777908,3178.43,1047.3,502.253,285.029,22.0007,95.8583,266.97,139.661,0.44733,0.616485,190.857,train
590,0.143554,0.2061,3494.08,3741.83,645.499,238.325,50.3241,58.378,121.939,126.023,0.61907,1.28691,90.4386,train
591,0.315556,2.07628,2912.99,3298.16,1393.84,296.14,45.858,174.461,106.345,71.3346,0.758325,1.51635,125.166,train
592,1.85717,4.02456,3698.03,1963.17,881.02,174.642,48.8261,98.9772,160.23,61.3534,0.114545,0.128281,112.344,train
593,1.58238,0.106372,2035.22,3443.32,8427.75,289.101,26.9701,96.011,259.288,289.101,1,23.0096,11.3922,train
594,0.0658655,0.0896183,1107.17,4029.55,328.516,122.647,34.2456,6.30456,36.1934,51.7039,0.977967,4.50489,19.191,test
595,0.0817723,0.349688,1204.02,3424.67,781.713,204.837,40.4862,16.1711,40.5894,53.9895,0.999372,7.93974,20.6868,test
596,0.0975208,0.185513,3657.78,1267.61,1234.35,122.155,26.4617,21.0622,63.109,116.028,0.935973,5.24902,17.0634,train
597,1.86586,0.165747,1600.93,2528.4,11972.7,106.116,10.497,40.0715,92.7013,106.116,1,28.5694,3.34691,train
598,0.0926751,0.751367,1072.5,3012.05,675.181,146.289,45.8887,9.96472,46.0338,50.2918,0.998555,6.793,14.7586,train
599,0.0629725,0.155582,2282.14,2973.13,8435.36,93.8856,38.5306,7.95517,38.5306,55.7286,1,58.6963,0.943074,test
600,0.100871,1.25872,1313.33,4061.4,1378.12,120.524,48.5455,9.53509,48.5483,50.4106,0.999961,10.4027,6.91891,train
601,0.0552845,0.25148,1145.17,4181.94,715.06,292.33,58.8196,14.7833,58.825,72.8765,0.999977,11.2945,20.6742,train
602,0.968267,0.565294,2718.26,3736.18,2565.47,149.361,11.9537,167.904,85.5679,91.4524,0.578561,1.21469,65.4478,train
603,0.605299,2.29283,1969.18,1465.8,1331.73,86.9486,46.3782,30.0208,61.7622,55.3107,0.620807,1.11728,22.5427,train
604,4.71324,0.0868502,2399.02,3352.88,152.913,290.126,39.7535,29.6546,287.503,141.59,0.406739,0.525115,193.932,train
605,0.789707,0.0598649,3126.07,1082.79,6074.66,261.357,7.20637,16.4743,254.684,261.357,1,93.7143,2.71197,train
606,0.306022,0.736172,2506.67,2349.36,716.297,95.5057,49.7246,19.3312,70.3051,60.9017,0.550458,0.933779,26.9877,train
607,1.67742,0.500748,1605.89,2599.86,17453.6,114.262,59.4346,71.3418,87.7773,114.234,0.999493,13.4065,4.08751,train
608,0.239906,0.0978537,3615.68,3774.47,339.956,234.828,21.4543,43.1941,185.032,138.402,0.548089,0.920427,127.058,train
609,0.727255,1.39514,3768.99,2729.1,2836.35,257.459,10.6799,369.008,122.835,107.597,0.545524,1.03478,130.1,train
610,3.38513,1.97991,3796.67,3201.76,16781,89.3384,54.8195,185.536,74.9022,84.0876,0.847888,2.64718,11.0563,train
611,1.67112,0.100093,2124.5,2735.45,761.631,212.905,15.772,50.129,198.785,198.858,0.928745,2.7817,65.818,test
612,1.06553,0.96421,1669.17,3474.64,306.658,94.1244,37.1181,15.4359,85.4455,41.7254,0.152245,0.17242,50.3357,train
613,0.385282,0.154598,1740.36,3703.24,2035.33,220.598,25.9495,91.7568,83.7558,186.22,0.823385,3.55509,45.0821,train
614,0.477775,0.168705,2186.48,3351.86,490.368,93.9345,9.33623,24.6718,70.3171,52.9664,0.515734,0.867178,50.3129,train
615,0.122416,0.560846,4177.3,2547.92,115.933,148.166,24.7059,12.385,123.947,33.3729,0.196171,0.226712,106.829,train
616,0.561368,0.330586,1366.27,1856.19,4193.89,145.845,41.999,59.6417,68.0834,139.193,0.935948,6.83454,14.2211,train
617,4.52905,0.2024,3984.94,3792.78,1335.27,152.175,53.0128,62.2273,148.727,134.074,0.817464,1.7394,46.6029,train
618,0.0534164,0.133726,2881.09,4006.17,4484.45,248.857,59.5253,29.1377,59.5253,113.914,1,29.1392,6.49749,train
619,0.0521056,0.514996,3377.41,1797.75,871.418,264.896,13.4325,43.6013,17.1365,60.5264,0.98527,4.95174,50.0349,test
620,0.483704,0.317588,3084.71,3204.48,5096.03,223.191,36.5337,175.69,105.444,209.167,0.924865,5.00737,34.4758,train
621,0.723543,3.4295,2246.77,3088.42,520.953,282.062,52.4231,100.45,220.27,61.9069,0.269082,0.320462,192.82,train
622,2.63243,0.128536,1371.11,3901.53,2921.73,80.046,28.1967,25.8532,72.8832,79.7499,0.994289,5.82615,8.8486,train
623,0.156089,3.859,3691.63,4130.79,14499.3,217.139,11.6216,118.424,11.6216,19.0506,1,25.1627,8.16754,train
624,0.0984432,0.104343,3476.11,2483.73,3516.77,146.478,15.8127,33.5491,48.4381,145.266,0.990725,13.5698,9.53977,train
625,0.213179,2.30974,3128.48,1840.08,16476.9,248.727,42.4521,137.57,42.4521,74.8209,1,24.7057,8.34931,train
626,0.1552,0.259639,1167.78,3581.47,6990.77,150.745,22.8797,23.1744,22.8797,47.8013,1,38.5718,3.31499,train
627,0.674192,0.71025,2759.56,1193.63,1098.31,119.164,58.1372,33.7831,101.006,97.9865,0.652975,1.29552,30.7591,train
628,2.20989,0.52792,1650.52,3852.29,6934.54,252.344,14.9792,428.835,134.773,225.844,0.888356,3.40981,61.8405,train
629,0.654067,0.0562773,2892.21,4003.67,560.177,109.088,17.127,18.6501,99.2293,99.9002,0.900088,2.48619,33.2933,train
630,0.22868,0.196075,2952.02,2227.96,3022.68,89.0968,12.4318,32.4012,41.0999,86.6024,0.967463,6.91931,10.7194,train
631,2.93839,3.07277,4180.72,1342.77,763.638,95.0548,51.556,29.5297,92.651,58.713,0.164532,0.185078,38.6697,train
632,0.88384,0.0937252,2550.42,3698.85,218.755,160.965,45.2452,18.2423,152.873,97.8659,0.454724,0.631008,83.3914,train
633,2.06421,0.0513264,1564.8,2116.77,770.7,83.5604,51.2642,3.50528,82.4752,83.5275,0.998981,7.09368,4.54818,train
634,0.105304,4.39799,1306.8,3029.67,817.06,243.783,16.513,31.1881,17.144,18.8536,0.997223,5.93744,38.1711,train
635,0.10282,1.94886,2370.76,4062.74,2188.42,223.7,47.1625,43.0262,47.191,52.5967,0.999839,8.97769,19.6608,train
636,0.139542,4.52276,2315.5,2376.53,246.708,92.4106,41.3472,8.7573,65.3075,42.162,0.530774,0.763539,35.4967,train
637,0.249017,3.34,3772.41,3139.42,305.631,243.27,24.7806,56.3736,183.26,30.1569,0.274661,0.325349,184.45,train
638,0.0655776,0.669467,3060.33,2143.76,170.098,147.467,24.3627,13.7135,79.1351,33.918,0.555074,0.847571,80.6211,test
639,0.423224,0.209742,2722.75,2117.19,3391.22,146.523,10.4305,60.0924,94.3741,145.754,0.994355,7.63679,17.72,train
640,2.60096,0.0711147,1412.13,2135.51,11178.1,266.818,16.6008,37.9996,256.473,266.818,1,73.6052,3.39946,train
641,0.0519534,0.694934,2715.62,2989.54,121.715,223.268,34.1392,15.2051,115.496,41.458,0.569834,0.862705,124.924,train
642,1.27692,0.986669,1451.73,2895.61,10864.2,110.358,48.9837,108.209,51.9847,86.8587,0.951102,5.86064,9.96019,train
643,0.348926,1.15019,3879.15,2690.94,1536.33,148.522,38.9959,90.9819,81.3046,68.3914,0.613713,1.13504,59.2204,test
644,0.0891992,0.059147,3483.91,3892.41,10584.3,83.2936,55.7412,6.34322,62.8818,83.2936,0.999998,45.9739,0.599303,train
645,0.459339,1.80775,3464.15,4032.64,144.819,217.908,29.9298,25.7825,201.705,33.4665,0.0861963,0.0910113,178.033,train
646,0.200588,1.38414,2940.43,1368.08,13033.4,84.214,36.3422,28.2355,36.3422,51.2531,1,22.0975,2.16639,train
647,0.314544,0.171334,1216.39,3096.41,12390.7,231.708,32.1543,76.348,32.161,176.066,0.999967,32.3848,6.16173,train
648,0.179692,0.0723959,1695.35,1011.81,2460.53,283.844,14.1302,19.7567,218.992,283.844,1,33.5905,8.02946,train
649,0.490797,0.691213,2183.76,2992.73,1746.08,116.603,7.02195,83.6464,38.5585,47.458,0.712207,1.62914,47.9052,test
650,0.334445,1.04803,1809.05,3381.01,1592.38,151.711,35.5121,63.6007,46.5905,53.4611,0.90466,2.63191,39.9407,train
651,0.516798,2.26758,3615.01,2165.85,1976.47,185.013,42.5868,159.424,99.6788,75.0478,0.599147,1.05794,80.6608,train
652,2.45945,0.409395,3903.59,2173.94,3322.87,86.5952,15.4389,61.3811,80.2017,84.4065,0.969242,3.73357,18.4723,train
653,0.987313,4.32796,4016.64,3723.01,565.983,184.275,12.9063,88.9926,161.835,18.4293,0.13095,0.14272,157.235,train
654,0.125621,0.967137,2661.14,2328.37,128.743,181.964,55.023,13.2858,142.221,60.923,0.313081,0.385118,103.196,train
655,0.189751,1.3537,2237.16,3782.91,918.185,188.617,38.553,55.5732,57.7036,49.4052,0.872384,2.16296,60.525,train
656,0.29385,2.01984,3073.74,4157.16,545.438,191.876,35.0129,62.9804,122.148,42.5134,0.444519,0.603883,115.468,train
657,0.754873,0.0722997,3966.5,1236.5,1389.25,112.13,50.4555,5.51359,110.288,112.13,1,15.54,3.96875,train
658,0.0645461,0.178401,1281.78,2502.02,611.55,91.1169,25.4925,5.41862,25.6223,37.632,0.998023,7.39178,8.86047,train
659,0.182701,0.144625,1082.65,2318.98,1869.31,262,5.90481,50.2203,8.10828,155.645,0.991396,9.4504,26.8658,train
660,0.306995,0.214738,2667.42,2699.01,2647.28,298.152,54.0946,128.08,141.744,275.081,0.90547,4.56757,48.3817,train
661,0.063587,1.21931,3037.36,2744.97,255.426,137.797,25.3469,15.7332,56.3351,30.0476,0.724426,1.32251,61.596,train
662,1.52603,1.40484,3791.65,1834.85,2363.92,95.4218,50.4729,63.087,84.5187,74.9474,0.544495,0.917076,26.6875,train
663,3.58679,0.218901,2713.8,1837.65,410.278,286.24,52.6439,59.5474,280.122,200.674,0.633702,1.01992,145.139,train
664,2.65506,1.06946,1207.13,2797.51,3745.9,180.842,54.5763,213.923,114.096,126.079,0.566285,1.25205,57.1086,train
665,0.453234,1.76029,1475.39,3304.38,5979.32,219.96,27.0164,128.979,27.0788,49.1905,0.999676,8.94172,21.5709,test
666,0.838933,1.28244,2736.35,2273.5,9331.97,108.946,24.8417,167.19,36.1157,82.1843,0.865951,4.06514,17.9158,train
667,0.0920861,0.718019,1012.38,2108.92,3687.16,123.449,41.3611,7.65272,41.3611,46.4149,1,39.5508,2.07551,train
668,0.588144,0.0763468,2323.73,2075.58,504.926,259.995,49.159,31.6316,236.85,248.773,0.946774,3.18638,62.646,train
669,1.45805,1.48692,3469.51,2238.14,1707.55,154.327,26.2898,153.114,124.06,72.2987,0.35934,0.513097,89.6691,train
670,0.402364,0.0529714,1723.42,4172.57,507.312,273.252,49.9575,41.8111,212.957,239.125,0.847167,2.29525,82.417,train
671,0.885523,1.05385,3761.67,1352.31,12613.3,101.363,42.0575,84.2119,76.0822,101.148,0.996374,8.85062,6.67643,train
672,0.140316,0.106702,2979.54,3184.86,341.587,177.494,37.0103,25.0711,117.526,110.786,0.525152,1.00517,73.3959,train
673,4.31203,1.48895,1463.77,2086.95,767.552,144.322,33.778,71.5648,132.984,56.8088,0.20834,0.247011,93.2377,train
674,0.0935657,0.341963,2991.96,3360.49,1144.91,85.9616,23.4741,16.8864,25.6413,38.1686,0.965319,4.08976,14.7491,train
675,1.72782,0.280438,2310.69,2810.47,2659.25,115.822,40.7861,55.9338,101.813,111.753,0.945773,3.37398,21.0337,test
676,4.38562,0.209003,1405.32,1118.93,2414.9,207.945,7.74815,46.8155,200.349,207.935,0.999953,10.3263,19.3861,train
677,0.868005,0.147541,1634.86,1511.52,2121.15,84.0483,39.5753,9.91525,77.0611,84.0359,0.999722,9.51135,4.67448,train
678,4.35897,0.35766,3852.82,1158.05,19656.7,250.702,5.43026,101.589,244.653,250.702,1,47.4585,5.16813,test
679,0.438315,0.294634,1092.05,4038.76,166.121,108.586,30.2009,10.4429,86.7691,38.9768,0.278329,0.347052,62.8633,test
680,3.07684,4.10596,2771.07,2179.78,502.464,147.879,59.3176,42.0779,142.944,64.019,0.0557258,0.0589321,83.743,train
681,0.313248,1.14766,1482.49,3664.05,1224.43,184.354,53.3436,55.5994,64.6279,66.5656,0.913868,2.63667,45.4083,train
682,0.0715193,0.069098,1259.61,2868.89,155.541,271.397,59.8366,14.1321,114.523,131.127,0.741507,1.72658,90.8578,train
683,2.23519,0.0732723,2404.59,1835.71,3317.99,142.907,48.3792,12.7147,140.542,142.907,1,24.6678,3.83204,train
684,0.0922297,0.530166,1870.91,3158.77,7069.46,98.099,11.4336,14.9544,11.4336,20.3633,1,40.9698,2.11535,train
685,1.43988,3.80792,4006.11,4039.3,1545.53,224.735,35.4843,246.507,182,51.5107,0.225811,0.267934,159.497,train
686,3.04773,1.52491,2999.2,1304.38,111.669,207.823,5.80033,21.8107,205.437,16.7656,0.0542774,0.0561413,195.316,train
687,2.99391,0.0810925,2986.47,3771.58,15726.6,152.396,8.45422,44.0241,147.472,152.396,1,51.4198,2.79934,train
688,0.197064,1.03418,1959.69,3237.53,16627.3,169.079,27.6447,54.6196,27.6447,43.9579,1,43.0554,3.28493,train
689,0.077469,0.385739,1769.94,3262.45,7333.94,263.053,8.69238,34.8769,8.69238,36.4064,1,53.4872,4.75555,train
690,2.28223,0.168261,1550.29,2514.16,1457.95,241.688,5.47118,95.6709,214.648,231.625,0.9574,3.44641,65.6202,test
691,0.940665,0.0921243,3462.59,1463.97,10260.9,166.389,18.7365,19.9135,160.275,166.389,1,76.0816,1.94071,train
692,0.150045,0.0705621,2872.11,1705.3,208.904,177.139,57.6351,11.1568,151.25,150.354,0.775863,1.7361,53.4063,train
693,2.92569,0.0963746,3463.02,2716.46,463.605,137.161,29.703,23.2272,134.868,118.425,0.825645,1.77086,50.1013,train
694,0.167714,0.0759019,3785.5,3840.88,217.998,280.479,37.4785,33.9756,226.964,154.021,0.479598,0.747771,155.853,train
695,0.990777,0.271538,4096.16,3833.19,5742.59,262.048,21.0961,247.7,201.014,259.072,0.987652,5.51717,43.1338,train
696,1.066,0.138895,3056.37,3505.39,194.367,210.566,51.3113,24.9825,202.898,102.623,0.322197,0.399209,128.532,train
697,0.742714,4.98551,1864.74,2057.28,411.439,223.537,36.1934,65.6513,176.135,42.5943,0.253025,0.297074,159.565,train
698,0.837075,0.269801,3729.13,1237.91,6915.85,155.677,31.6067,41.4383,142.402,155.677,1,20.7067,5.99178,train
699,2.91581,1.6518,1599.26,2038.1,12295.6,299.817,59.9119,697.506,150.238,267.1,0.863626,3.65231,56.728,train
700,0.296248,0.593709,4157.08,3167.6,13788.1,193.249,10.93,222.883,12.2685,129.445,0.992659,11.1959,16.1649,train
701,0.544623,0.476231,4190.73,4099.02,11765,237.571,22.57,380.178,70.9988,217.325,0.905835,6.02689,32.3143,test
702,0.533563,4.41608,2436.6,3590.16,117.586,236.461,43.3105,21.6404,219.815,44.6755,0.086179,0.0904454,184.039,train
703,4.71712,4.586,3239.71,2554.8,11004.3,125.199,12.9765,673.484,81.1293,70.4592,0.512219,0.939234,61.2017,train
704,0.0938574,0.151026,2306.51,1792.11,2253.38,272.368,53.2846,46.1152,59.3482,223.669,0.972323,10.4091,20.4649,train
705,2.16188,2.2215,1976.21,2243.65,108.592,211.242,19.407,20.3514,206.478,23.4901,0.0248315,0.0254176,187.411,train
706,0.0523347,0.771587,1659.26,1058.87,4524.18,252.634,53.6835,17.2762,53.6835,74.8292,1,52.0998,3.81864,train
707,0.268738,0.356233,3034.24,3794.07,588.756,116.771,48.6138,25.3071,85.7355,67.338,0.455355,0.722032,42.9841,train
708,0.0561875,1.02023,1727.84,1684.5,2155.01,276.977,28.9277,24.0814,28.9277,42.94,1,22.1976,11.1746,train
709,1.13559,0.0501561,3642.7,1520.88,11414.7,112.813,20.8169,7.01756,111.116,112.813,1,149.639,0.614785,train
710,2.27838,0.716963,2716.89,1767.83,2939.16,88.5877,22.6107,72.7535,76.8345,80.0112,0.870008,2.31891,24.7532,test
711,0.290479,1.04331,3405.81,3353.15,11509.1,210.453,26.1279,182.325,26.1594,78.2451,0.999829,11.6335,15.8417,train
712,2.33534,1.83009,3251.52,1399.32,405.448,127.501,21.9079,38.682,122.407,37.0128,0.143049,0.158323,95.4057,test
713,3.51177,4.2185,3153.15,3982.94,322.938,236.755,34.9752,63.6227,231.009,38.7618,0.028475,0.0291641,197.012,train
714,3.3307,0.831215,3299.88,1947.5,178.754,274.719,5.41336,45.2403,270.603,33.3603,0.103774,0.110424,253.087,test
715,0.122963,0.851033,1008.42,3476.32,289.491,285.056,59.9915,25.0391,83.1247,68.4551,0.897215,2.33464,86.4936,train
716,0.123698,0.523445,1923.32,2461.16,1106.21,83.9452,11.3795,16.9451,12.7206,24.5327,0.981519,4.64968,15.3182,train
717,3.21732,0.0567442,2739.26,2767.44,371.327,253.944,59.1254,27.6427,250.808,235.153,0.903546,2.36459,74.4431,train
718,0.160492,3.46536,1651.32,3241.41,8572.54,233.062,56.2679,46.8545,56.2679,60.4391,1,32.3463,5.46565,train
719,0.847365,1.87754,2039.95,1445.32,548.924,110.929,8.04626,44.7846,85.0203,24.5497,0.251825,0.317558,81.5862,test
720,0.22598,0.439531,1017.23,1388.17,231.93,164.78,9.79756,20.8103,74.2504,43.9049,0.584129,1.00895,89.7267,train
721,1.39516,0.132769,3331.14,1239.17,802.043,272.506,57.4494,35.072,264.959,270.623,0.991245,4.87495,43.7283,train
722,0.697316,0.182184,3793.23,3002.21,122.667,250.627,25.5002,24.2676,241.452,69.8687,0.197083,0.224272,197.833,train
723,0.0620181,0.115375,1261.27,2524.89,2993.82,136.549,14.7734,9.52542,14.7734,47.472,1,38.2737,3.18169,train
724,0.162658,1.83792,3637.52,1774.81,442.177,165.063,29.7849,40.6242,96.4028,42.2389,0.507548,0.747335,91.8733,train
725,0.0895971,4.77427,1045.87,3357.24,439.39,187.954,45.6903,13.2058,47.0272,46.5142,0.990603,4.68897,30.055,train
726,2.64215,0.107277,3110.67,3909.56,4386.92,251.587,28.3099,93.6394,240.194,251.577,0.999954,10.4599,21.3451,train
727,0.0710284,3.63985,2125.54,2364.91,19281.5,107.733,21.724,12.9851,21.724,23.2325,1,127.715,0.673445,train
728,0.115082,0.159036,1317.23,2761.63,427.051,227.421,40.7117,25.2046,61.1513,98.0992,0.890527,2.81717,59.0201,train
729,0.0586381,0.0873247,3434.21,1673.36,2772.27,128.142,14.1211,16.6362,45.5294,127.97,0.998488,18.9718,6.00094,train
730,0.252414,2.97571,2555.02,2065.36,4387.99,135.073,11.4823,79.545,11.7329,24.425,0.997972,6.80389,18.1279,train
731,0.0923965,2.31757,1134.28,1968.81,18025,109.76,20.7987,9.32342,20.7987,22.8421,1,171.988,0.51725,train
732,4.15446,0.190458,3485.47,2484.38,9001.29,200.342,50.9753,70.6754,195.461,200.342,1,19.0235,7.8517,train
733,0.325929,0.0837575,4152.49,3966.91,11083.2,182.662,6.40964,58.5614,139.393,182.662,1,33.3571,5.28381,test
734,0.881362,0.103,2492.8,1739.71,1051.27,227.8,33.4054,34.6875,212.012,226.984,0.995801,5.86676,32.9959,test
735,1.74219,2.80179,4024.33,2317.23,101.589,165.949,35.9775,13.0077,164.094,37.9811,0.0154152,0.0156475,128.042,train
736,0.325585,0.150962,2791.68,1865.17,1892.88,81.0542,41.6263,11.0275,68.9218,80.7906,0.993314,6.72259,5.82579,train
737,3.56177,0.0545902,4132.69,1737.4,2296.81,271.837,12.8788,24.561,270.169,271.837,1,24.2164,10.6935,train
738,1.18015,0.641585,3281.64,1593.64,5185.25,187.588,50.3656,137.817,152.003,185.156,0.982274,5.07138,26.5786,train
739,0.474176,1.44158,1042.9,1944.23,156.456,151.986,19.1794,17.4352,116.729,25.4001,0.265476,0.316382,111.438,train
740,1.34201,0.249949,2314.24,1288.6,3409.98,154.465,30.398,39.9574,141.599,154.456,0.999932,10.5872,11.7178,train
741,0.274141,0.26218,2696.63,1448.5,2967.89,164.341,45.584,44.6036,104.005,163.034,0.988999,7.81503,15.0287,train
742,0.0957316,0.471072,1758.71,1949.74,11033.2,296.353,58.7618,40.0017,58.7618,102.314,1,65.5319,3.62557,train
743,0.343255,0.306197,2799.11,3677.36,346.499,298.338,51.1952,64.174,231.546,108.188,0.270256,0.360632,185.207,test
744,3.46464,0.496958,1099.66,3805.34,18788.2,112.778,57.2513,104.651,85.3104,112.59,0.996608,9.93511,5.57001,train
745,1.11892,4.88203,3340.35,1359.21,667,274.88,42.3349,136.06,238.476,62.8391,0.156543,0.178458,203.988,train
746,1.25282,0.0980285,2693.38,2929.94,752.899,239.726,25.8019,56.2944,223.043,221.801,0.916208,2.62135,74.7702,train
747,3.37884,0.526377,2509.54,3281.87,826.496,94.0106,49.1021,28.5509,90.6435,65.6294,0.368022,0.478435,34.5445,test
748,0.137654,0.140357,4109.99,4075.47,104.006,184.657,5.92033,15.7162,156.878,33.3953,0.155419,0.183834,151.109,train
749,0.737291,0.30071,3512.47,2443.81,1786.09,159.442,8.6761,96.1483,122.315,139.512,0.867805,2.43046,53.8317,train
750,1.62116,1.07975,1469.4,1505.12,140.282,197.224,34.9304,21.2245,188.314,47.9905,0.0804721,0.0863198,151.299,train
751,1.78368,0.429029,3510.46,2428.8,293.644,134.431,56.169,19.6597,131.291,75.0359,0.241074,0.281802,66.9509,test
752,0.515034,0.142689,2649.79,2732.36,2281.96,224.614,27.4052,76.0441,168.893,222.452,0.989034,5.85301,33.3241,train
753,0.319869,0.295619,3515.16,2505.3,18631.5,228.152,16.6531,156.629,88.8503,228.138,0.999936,25.1568,8.4067,train
754,0.556593,0.0808027,1940.7,4189.87,4408.14,139.088,45.7733,31.5891,109.844,139.08,0.99991,13.0205,7.1661,test
755,3.62351,0.540889,3895.41,2189.78,222.27,246.542,50.7631,39.4106,243.75,84.0371,0.169957,0.18766,177.31,test
756,0.608044,4.18479,2174.76,3205.48,584.073,166.629,44.2707,56.9091,123.593,48.5132,0.351725,0.441693,97.435,train
757,1.69808,0.646641,2917.85,1956.22,207.65,240.249,38.8634,37.869,232.606,68.8,0.148653,0.164154,182.369,train
758,0.826122,2.69718,3338.54,2699.56,138.823,186.589,41.8757,19.4143,179.55,44.5421,0.0486422,0.0503341,139.849,train
759,3.60407,0.990882,1174.03,2454.72,106.942,96.1596,49.1834,4.85548,95.0121,51.1796,0.0424942,0.0439666,45.403,train
760,0.0602471,0.116714,3963.38,1467.95,334.146,117.245,45.9427,8.82418,80.29,97.4467,0.722333,1.9503,26.4082,train
761,0.139949,0.65515,3457.04,1281.88,165.609,249.081,34.6871,27.9242,191.364,67.9372,0.269212,0.342304,168.615,train
762,0.272155,0.570306,3267.16,1925.04,512.581,103.966,50.01,18.1631,83.5386,66.554,0.378588,0.576469,35.4347,train
763,1.13242,0.743947,1655.21,1933.59,1849.55,268.922,53.7585,185.64,169.882,182.811,0.599788,1.28576,100.37,train
764,0.235917,0.0950318,1258.66,2605.65,1820.63,142.467,8.57013,31.0021,38.0617,133.771,0.935054,7.35253,17.0282,train
765,2.32884,0.285639,3640.93,1918.07,337.304,122.027,54.4672,16.8152,120.043,85.159,0.454293,0.61566,49.8518,train
766,0.21102,0.126085,2025.28,3214.5,12471.1,253.512,50.4414,81.229,63.4465,250.858,0.986929,30.7699,6.51338,train
767,3.18668,0.0628242,2082.58,3350.32,213.774,129.658,41.1922,11.7958,127.88,97.2343,0.63349,1.01564,55.1788,train
768,0.0505333,0.239745,1195.48,2465.71,15207.5,188.796,39.7005,9.00712,39.7005,54.9373,1,251.73,0.592283,test
769,3.75173,0.796539,3878.24,1899.38,2356.12,190.564,47.4029,167.243,179.07,157.946,0.772155,1.55732,70.9825,train
770,0.133035,2.34957,2995.78,3704.76,1998.22,130.123,13.2161,46.2206,14.1491,18.526,0.992019,5.01381,23.1309,train
771,1.27186,0.23629,3002.76,2712.76,4449.52,210.093,36.5634,110.945,181.043,209.645,0.997419,6.94155,24.9341,train
772,0.0801068,1.2299,2551.85,2479.43,234.708,276.192,33.0508,33.4429,112.593,44.0177,0.672854,1.14816,142.487,train
773,0.15196,0.279811,3194.82,3787.62,381.208,145.752,37.6158,25.967,92.2655,62.1172,0.494623,0.785211,68.1176,train
774,1.02764,4.90187,2754.33,1043.85,2030.07,107.672,17.6738,116.704,66.4411,40.4819,0.458134,0.717221,57.4877,train
775,4.92218,0.435784,1380.85,3530.39,1413.6,277.547,50.5031,199.949,248.129,180.468,0.57242,0.918826,141.446,train
776,0.380533,1.56395,3833,1667.46,3209.22,185.14,18.2177,191.827,53.6236,91.7756,0.78789,2.20024,59.7736,train
777,0.0518462,0.423757,2006.09,3838.8,8671.44,222.343,21.1413,20.9266,21.1413,34.0056,1,83.3727,2.41328,train
778,4.46261,0.457641,1355.22,1973.95,283.825,177.01,30.4297,35.0636,171.212,69.2444,0.264802,0.314188,123.54,train
779,3.75519,0.571538,1503.73,2177.91,2219.05,118.947,56.4984,61.7582,108.01,106.113,0.794492,1.78271,27.831,train
780,0.168836,0.0851967,4161.56,3320.1,3326.68,139.134,19.4448,33.8375,90.9749,139.07,0.999469,11.7608,10.1716,train
781,2.50454,0.527464,1657.14,2584.38,873.107,159.905,49.8787,66.6742,143.84,98.7899,0.444542,0.640498,76.3643,train
782,0.247264,0.478449,2007.97,1113.72,3468.19,113.244,58.8746,24.2813,64.3394,104.443,0.899488,6.98527,7.00116,train
783,0.271733,0.089993,2267.42,1817.07,5973.38,121.296,57.5155,10.4296,104.368,121.296,1,36.5292,1.74601,train
784,0.292323,0.239016,2595.58,2053.76,154.067,216.561,28.9032,22.9555,186.307,75.6668,0.249196,0.313858,148.996,train
785,0.307922,0.575287,2714.56,4154.04,10765.5,220.464,37.2164,153.148,37.2439,101.301,0.99985,12.8794,14.2258,train
786,0.107006,2.77464,1612.25,2302.96,477.889,111.317,20.7155,14.6019,26.6791,23.0007,0.934178,2.77004,30.5549,train
787,1.99976,2.57448,1316.5,2511.88,269.508,291.253,40.9781,62.9013,267.36,50.7049,0.0954655,0.102371,233.393,train
788,0.0722615,0.0847903,1594.05,2859.26,1359.03,193.689,7.2257,21.4553,7.42598,95.724,0.998926,11.7983,15.7872,test
789,0.113469,2.26905,1304.41,3577.88,5019.25,212.075,57.0036,22.9521,57.0036,59.8308,1,33.9117,4.57281,train
790,0.111455,1.23835,4083.36,2497.69,13552.9,251.849,17.8681,106.487,17.8681,52.2963,1,29.7793,7.85719,test
791,0.432218,2.48455,2471.82,2701.73,4860.51,132.049,14.6022,123.167,16.7635,32.9509,0.981598,4.54949,25.3404,train
792,1.01292,3.22683,4142.68,2013.57,945.111,265.978,14.433,200.474,218.202,45.2873,0.189928,0.22523,212.117,train
793,0.500039,4.65944,2549.48,1363.1,1654.56,232.537,9.87886,197.292,77.7788,40.9422,0.695049,1.29786,119.242,train
794,0.415731,1.17957,1142.6,1815.23,3595.5,130.582,50.529,37.9445,50.7015,68.2503,0.997846,7.56926,10.5533,train
795,0.735239,0.0782835,1640.2,1442.73,3814.23,225.538,21.6875,23.0233,206.446,225.538,1,33.7716,6.03615,train
796,0.101333,0.310952,2746.74,1509.72,523.499,297.495,9.16895,59.276,84.5281,135.435,0.738632,1.88083,113.23,train
797,3.47132,3.76661,1941.42,3271.75,457.647,142.646,27.4686,50.0766,135.216,31.5321,0.0645136,0.067907,109.422,train
798,0.0702507,1.35474,1380.55,3283.62,2916.66,245.159,58.683,18.0853,58.683,62.7485,1,30.0735,6.20067,train
799,2.76272,4.55942,3550.6,1455.8,434.148,170.294,7.0408,67.1893,163.444,17.1633,0.0620051,0.0654073,154.761,train
800,3.71734,0.163209,3309.98,2977.7,3604.51,85.6004,56.9015,13.9365,84.4678,85.5782,0.999226,7.4169,3.8664,train
801,0.0842206,0.122095,3784.51,1883.22,4371.42,166.12,39.3396,29.1101,74.7898,165.943,0.9986,19.0118,6.65919,train
802,1.6923,0.0912127,3573.08,1015.24,9238.15,263.973,44.9551,20.2817,260.619,263.973,1,99.761,2.19543,train
803,1.01661,0.598043,3586.79,2971.65,126.606,161.72,43.7295,14.1852,157.829,51.7114,0.0676487,0.0712403,112.042,train
804,0.979032,3.31929,1229.13,2156.65,1396.96,250.203,44.1002,164.097,113.837,67.0235,0.661642,1.16089,117.467,test
805,0.212002,0.406956,2601.6,1472.57,318.45,260.542,54.6782,42.1708,184.082,125.048,0.37141,0.57738,132.425,train
806,0.290317,4.53212,1236.28,3748.29,1421.77,108.019,17.98,31.6612,19.8052,19.8437,0.979729,3.96132,22.2688,train
807,0.116236,0.238876,2987.87,2949.49,280.734,242.352,9.63936,40.3932,126.045,66.9702,0.49979,0.808337,143.885,train
808,4.99584,0.281955,2525.95,2891.37,2110.1,127.628,36.4627,68.1107,122.231,120.01,0.916437,2.58833,32.2784,train
809,0.186867,0.663235,2764.31,1154.39,3964.73,171.988,15.8184,78.3823,20.2476,118.194,0.971639,7.6753,19.7699,train
810,0.270906,0.316731,1442.69,3258.17,2503.13,182.854,50.5894,51.0883,52.1374,100.095,0.988297,6.40461,20.4098,train
811,0.36058,0.176726,3209.19,2491.4,15772.8,155.158,54.4188,44.3547,116.827,155.158,1,35.8233,2.81211,train
812,0.0548422,0.223005,3409.12,2942.55,16665.8,114.547,59.958,10.2061,59.958,75.5113,1,89.1396,0.612397,train
813,1.11697,1.55292,3472.68,3331.52,18422,142.954,56.0972,303.616,64.6801,114.783,0.901184,4.74932,16.4811,train
814,0.0663623,0.709203,1160.93,2549.36,11465.1,188.543,28.4395,12.3347,28.4395,35.2617,1,148.815,1.07585,test
815,0.425872,0.118977,2088.18,2280.24,14119,169.765,12.1063,42.7724,121.668,169.765,1,52.0426,3.02941,test
816,2.93,0.417096,3736.31,3117.07,335.452,153.645,11.0498,41.6442,149.841,43.0809,0.224629,0.258016,124.144,train
817,0.194867,0.465338,3071.03,2128.82,17846.6,126.086,27.2902,59.1231,27.2905,86.9732,0.999997,29.8218,3.31285,train
818,0.0725499,0.392812,2263.13,1541.71,363.31,82.6541,57.8198,3.4513,61.6339,63.5187,0.846418,2.21275,9.49959,train
819,0.768929,0.162437,2340.28,1178.23,12661.9,288.743,19.7781,51.4765,260.137,288.743,1,66.1586,4.06545,train
820,2.86713,1.63775,2707.75,2444.42,6743.42,99.8705,18.041,236.688,69.3831,77.1634,0.722507,1.68444,35.0991,train
821,0.599607,4.2678,3552.3,3634.37,8026.87,282.395,41.7752,495.297,49.8587,73.7077,0.966406,3.76852,61.7049,train
822,3.3429,0.0898112,2341.45,1995.88,11534.7,173.841,52.1796,21.8081,171.055,173.841,1,64.3491,1.89065,test
823,0.835529,0.30249,2529.4,4149.72,5755.25,146.668,5.12865,165.316,68.445,136.828,0.930481,4.58495,28.7244,train
824,2.85474,0.0957245,2413.01,1848.82,258.114,260.239,18.1246,32.7048,255.491,202.921,0.763259,1.45846,126.707,test
825,2.57101,0.1517,3732.9,1484.48,409.506,250.465,30.7714,41.2596,246.166,213.988,0.833961,1.81844,100.755,train
826,0.0739076,0.891035,4163.18,4055.42,1797.14,254.155,40.1153,65.57,41.0516,58.2611,0.995626,5.84073,36.4858,train
827,2.61314,2.76891,4124.42,3529.46,243.736,82.8478,53.0772,7.08764,82.1902,53.8024,0.0243611,0.0249404,29.0791,train
828,2.09708,0.18061,2984.96,1987.75,1818.07,242.708,28.2682,76.372,230.508,240.999,0.992032,5.06417,42.0071,train
829,0.478673,0.275895,2045.71,4087.74,7029.33,182.189,20.2924,146.293,32.7925,150.009,0.922789,7.17844,20.8118,train
830,0.108012,0.764414,3782.86,2943.49,10891.4,115.218,51.2117,26.1528,51.2117,62.835,1,26.6557,2.40124,train
831,0.0512367,0.0718402,4160.42,1202.6,900.82,87.5418,48.2538,3.39018,71.6378,87.4944,0.998793,10.4268,3.76344,train
832,0.110076,0.147974,3945.31,2091.73,5105.61,196.421,36.9813,49.2254,83.0733,196.018,0.997471,16.4951,9.64144,train
833,0.446118,2.5599,2268.72,1750.03,7150.81,187.135,26.1454,162.409,26.6712,62.398,0.996734,7.06519,22.7119,train
834,1.15614,0.29353,3191.1,4092.16,381.749,190.183,12.0007,56.0087,175.001,58.629,0.26169,0.317814,146.716,test
835,0.611297,0.868059,1967.4,1761.72,9584.99,249.905,46.5366,233.468,55.7794,199.202,0.954551,7.9698,24.3577,test
836,0.11982,0.913726,3584.3,2242.29,2346.97,90.4849,19.117,30.3269,19.8698,33.919,0.989451,5.46483,12.9217,train
837,0.535209,0.268167,1029.17,1111.75,351.868,104.017,26.6473,14.0777,78.4592,73.8666,0.610308,1.18023,40.0085,test
838,0.177838,0.819183,3965.35,1758.55,1596.83,133.091,26.1822,61.0705,46.4895,68.5754,0.81005,2.26439,38.2448,train
839,0.0544868,0.169701,3090.68,2322.17,13726.4,213.932,43.0623,28.7746,43.0623,116.08,1,81.5103,2.0963,train
840,1.12695,0.187542,3167.72,2821.74,1107.16,115.908,24.0492,41.4647,104.293,102.403,0.852981,2.09215,37.4516,train
841,2.26185,1.20662,3176.72,2720.07,169.574,285.499,10.9614,44.863,279.255,24.6305,0.0497895,0.0516665,264.564,train
842,0.118627,4.06059,2149.09,1764.48,2298.71,170.476,52.1927,30.1502,52.2117,56.4007,0.999839,9.01669,13.1162,test
843,3.79412,0.500813,2294.06,3177.43,12335.5,222.546,42.7283,285.729,189.719,222.286,0.99855,7.75184,23.1632,test
844,0.238429,0.120051,1497.79,1000.62,1973.36,280.92,48.034,27.9752,202.584,280.917,0.999988,16.4275,14.1765,train
845,0.0671113,0.0697166,2846.6,2597.75,276.629,275.95,46.496,25.5092,142.421,187.348,0.61386,1.52744,92.2145,train
846,3.77229,3.54892,3683.72,2398.79,806.492,192.055,46.1013,109.346,184.186,58.9457,0.0880031,0.0947352,135.582,train
847,0.059674,0.498456,1368.08,3561.05,528.409,179.799,36.9463,11.6392,37.23,43.5035,0.998014,6.47254,22.0268,train
848,3.65122,0.200804,1849.85,1020.8,9854.25,172.57,22.2928,30.804,168.01,172.57,1,48.0741,3.12596,train
849,2.28624,0.747737,3523.16,1433.54,11133.2,276.784,21.7504,273.343,242.848,276.756,0.999893,10.3864,24.552,test
850,0.358714,0.0657104,1681.67,2159.99,423.989,225.941,38.2628,24.5125,185.306,210.966,0.920211,2.98723,57.8139,train
851,0.0603007,4.13873,3360.11,3654.68,109.356,186.171,53.9654,11.1469,131.156,54.7023,0.416129,0.539715,101.933,train
852,0.752582,0.482587,3413.5,2439.53,18571,190.398,58.3264,155.469,129.879,190.384,0.999895,15.7744,8.37162,train
853,0.395164,0.394234,3766.1,2497.01,10228.9,106.582,17.2284,87.0587,48.0836,105.666,0.989756,10.391,8.51102,train
854,1.15251,1.40944,3451.6,3279.35,141.459,92.1953,44.226,6.56838,90.5441,45.6471,0.0344215,0.0355603,46.433,train
855,0.0917309,0.425539,2350,1325.3,2640.13,277.839,25.2011,54.443,25.2819,121.737,0.99968,12.2474,20.6214,train
856,0.808666,3.74766,1211.4,1919.88,748.431,103.098,11.9807,46.3896,55.7432,18.4281,0.519712,0.764002,61.9825,train
857,0.406447,0.104715,2563.01,3783.36,5072.18,128.061,31.8639,38.1022,91.4849,128.04,0.999778,12.8029,7.51199,train
858,3.45655,4.07021,1517.76,4071.34,115.404,102.244,6.98844,10.8357,100.178,7.64232,0.0216832,0.0219976,93.8939,train
859,0.131599,0.539461,3291.45,1388.58,6672.11,96.2508,48.5277,20.6581,48.5581,76.1054,0.999363,15.4037,3.09619,train
860,2.39487,0.175443,3897.77,2161.52,8210.38,167.348,26.8024,53.2982,161.638,167.348,1,21.6505,6.49157,train
861,0.295677,1.39836,3216.47,4017.39,14430,90.551,59.8869,29.1626,59.887,65.078,0.999997,15.1729,2.02097,train
862,0.773546,0.0514135,1055.62,2105.1,628.018,296.941,42.6214,27.3694,263.423,295.502,0.994343,5.80259,43.5806,test
863,3.77581,1.97227,1805.61,1145.43,17930.3,130.804,16.353,257.696,93.0056,130.424,0.99668,7.93699,14.3721,train
864,0.305052,0.446954,1422.13,3065.63,323.711,243.101,27.7086,46.0901,136.859,61.3462,0.493247,0.746179,142.381,train
865,1.51938,2.04043,1701.54,1451.27,110.37,205.379,44.6072,17.0621,198.78,50.3691,0.0410502,0.0426915,154.591,test
866,3.76317,0.572796,1603.97,2956.14,571.815,103.329,17.2485,40.3084,96.6506,41.0536,0.276546,0.337699,70.4921,train
867,1.36914,0.651404,4001.83,3924.67,16804.8,250.503,53.0525,496.595,159.868,247.297,0.983764,6.57323,29.5509,test
868,0.431756,0.0981508,4030.83,1805.93,579.365,180.302,48.7348,22.2026,167.544,173.994,0.952053,3.26857,38.3223,test
869,3.02106,0.475861,4144.44,3235.26,15302.3,284.635,35.9623,382.785,254.063,284.6,0.999856,9.93954,25.015,train
870,0.556861,0.110795,2762.54,2963.52,670.305,133.995,24.8287,29.931,114.538,115.987,0.835039,2.04148,44.6529,train
871,0.0996577,0.0880651,2293.26,3609.69,3552.41,82.0909,56.4543,5.83797,56.5464,74.8192,0.996407,15.5438,1.64339,train
872,0.778893,1.39961,3919.75,2332.68,4778.6,192.461,47.9936,274.463,102.563,132.06,0.622271,1.56518,57.4359,train
873,1.63741,0.06655,3271.55,3241.06,5240.02,214.521,27.2204,40.3992,206.979,214.521,1,24.294,7.70974,test
874,0.216968,2.46471,3717.9,1139.1,778.491,274.609,35.455,112.137,135.597,75.3959,0.581267,0.965073,144.043,train
875,2.94258,0.0510229,1780.42,1620.56,242.101,263.686,12.2756,19.6405,259.937,249.808,0.9448,2.92797,81.1253,train
876,2.10864,0.45883,3617.67,2424.25,2862.48,227.939,56.485,172.332,205.348,211.415,0.903622,2.57343,60.2036,test
877,0.154196,3.29903,3607.16,3710.63,15145.2,204.71,32.7957,95.6202,32.7957,40.6069,1,27.2293,6.31358,train
878,0.243789,1.15447,3316.22,1905.44,1659.08,210.956,17.1573,126.597,54.366,74.7075,0.808004,2.05215,76.3057,train
879,0.163811,0.0954805,1796.1,1993.97,6629.26,294.508,37.5819,48.9149,128.255,294.507,0.999998,34.8202,7.37864,train
880,0.424406,2.42619,4060.09,1085.68,113.219,99.0387,44.5391,5.85212,95.6424,46.7608,0.0623166,0.0657058,51.6883,train
881,2.33298,0.282861,3719.62,3718.39,5556.06,94.5164,57.5335,38.5683,90.0719,94.2028,0.991522,5.2825,6.94167,train
882,1.87711,0.219797,2311.84,2835.08,1170.14,286.491,44.0687,124.39,257.827,243.685,0.823422,1.8778,106.303,train
883,3.15899,0.0547456,1067.78,3568.93,3438.92,220.915,29.9959,37.3024,209.856,220.915,1,17.6009,10.8471,train
884,0.375779,2.41535,2841.07,1783,1078.44,99.5955,31.0394,44.0627,58.3234,41.2709,0.60202,1.01014,40.8578,train
885,0.378881,0.508721,1245.09,2362.56,546.624,241.403,25.2161,63.956,105.829,78.4291,0.627114,1.15874,117.002,train
886,1.29843,0.0792475,1094.7,2494.37,812.384,251.417,20.2883,44.5398,220.082,245.61,0.974875,4.10975,54.8261,train
887,1.19167,0.822218,3852.07,2186.79,635.531,114.322,16.7887,49.5962,103.518,44.3725,0.282814,0.353462,78.039,train
888,0.0884952,1.62286,2233.21,2417.8,140.053,170.037,55.2878,11.4008,112.349,58.1934,0.502731,0.70867,81.4032,train
889,0.992091,0.72777,2841.18,3731.3,208.285,299.157,8.98959,56.2054,279.217,29.6874,0.0713305,0.0767016,269.848,train
890,4.3255,0.075041,3924.85,3280.55,336.825,287.485,39.1032,45.4397,284.808,223.686,0.74314,1.36823,134.906,train
891,0.455257,4.912,1176.11,2445.75,9481.5,282.725,23.7299,138.675,23.7299,35.2731,1,17.7081,14.6258,train
892,0.168064,0.91174,3999.95,3842.92,106.16,183.486,27.675,15.0994,161.025,31.9845,0.144156,0.157918,142.233,train
893,0.0704007,0.0671808,2080.93,1906.16,3242.71,106.221,9.53107,12.3151,22.1581,105.7,0.99461,25.3223,3.7978,train
894,0.0604797,0.761165,2206.08,4095.39,1035.13,111.936,10.6367,13.508,10.6944,14.9699,0.99943,7.75822,13.0496,train
895,0.0949104,0.434443,4151.34,2638.34,7235.89,257.843,58.4382,78.5663,58.4389,126.983,0.999996,18.3649,10.8579,train
896,0.482497,0.171232,2690.53,2510.16,282.813,250.327,16.8417,45.4143,215.344,122.5,0.452529,0.65798,160.58,train
897,3.87652,0.6648,1634.02,3936.1,2589.88,183.977,23.0684,241.267,145.888,115.271,0.573013,0.989746,93.1576,train
898,0.879021,0.205794,2866.07,4116.73,1484.02,139.244,14.7079,81.0394,107.077,110.364,0.768096,1.75168,54.608,train
899,2.39208,4.41222,1398.81,3976.3,583.651,230.648,47.7647,96.5531,201.793,53.2681,0.157782,0.174429,165.43,train
900,0.0792251,4.56699,4170.8,1247.77,11336.1,268.443,21.486,81.6025,21.486,35.8059,1,34.3069,7.19847,train
901,3.94629,0.064126,3130.04,2844.58,2543.65,108.651,43.2851,11.9235,107.686,108.651,0.999999,13.9446,4.68757,train
902,1.83346,0.0583125,1252.31,2853.29,226.279,254.382,29.1611,27.4216,242.439,193.972,0.731774,1.35999,121.185,train
903,0.0525066,0.0831492,3759.64,2133.56,1344.27,124.128,29.9598,15.3585,46.3267,116.534,0.919348,7.57749,11.4251,train
904,0.719641,0.849591,4134.06,1535.4,5230.46,241.269,28.3694,260.515,153.702,228.079,0.938048,4.00966,49.8072,test
905,0.0972148,1.82307,2258.1,1375.92,609.661,236.96,28.5394,42.4177,43.7312,45.4496,0.92711,2.77724,69.5759,train
906,1.49798,1.38832,1874.47,2876.83,138.493,130.828,29.2432,13.5014,126.019,32.6237,0.0473333,0.0493221,97.4883,test
907,0.110496,0.784063,2072.72,3707.28,8563.78,278.847,46.0196,53.3236,46.0196,64.3645,1,37.392,6.22664,train
908,0.369646,0.724163,3950.26,3568.43,2090.67,203.712,58.2011,141.33,106.924,112.893,0.665161,1.43177,67.6006,train
909,4.64957,0.934176,2677.57,1305.72,6554.9,113.522,10.998,124.17,103.549,112.796,0.992915,5.37389,18.9431,train
910,0.921607,1.46246,1281.41,2032.23,19016.6,92.6758,28.1825,76.1609,28.1849,53.8082,0.999963,16.1027,4.00497,test
911,2.70185,2.39875,3245.26,3727.76,11196.4,216.213,32.4684,908.463,112.605,134.064,0.563873,1.27694,81.1386,train
912,0.222598,2.27436,3226.47,2011.89,2677.46,104.426,8.00437,66.7139,11.5367,22.5842,0.963366,3.72798,24.9169,train
913,0.0666475,0.22038,1822.63,3225.93,3649.5,229.571,13.9659,26.1903,13.9659,50.8055,1,30.0436,7.17642,train
914,1.00213,4.51011,3577.07,3313.26,13846,268.346,46.7909,761.75,55.8454,97.7674,0.959132,3.86251,55.0161,train
915,0.466343,0.96272,3471.24,1720.57,7165.37,290.448,6.60314,378.255,56.782,234.959,0.823217,4.42638,52.7893,train
916,0.110639,0.165886,2290.06,2568.36,17526.8,155.526,23.937,33.3405,23.937,102.191,1,69.175,1.90226,test
917,1.0631,0.992977,2004.75,3933.15,676.266,126.397,57.7633,37.222,108.932,67.2939,0.254466,0.317309,55.0405,train
918,0.388986,3.90363,3603.44,3873.95,6196.43,224.17,57.4079,229.9,60.1536,72.6104,0.983535,4.42069,37.1021,train
919,0.109493,1.05141,3726.28,2952.46,2052.74,281.527,14.3828,107.796,17.3234,49.1081,0.988993,5.0312,52.5131,train
920,0.0586745,0.0959018,1616.66,2741.47,15172.1,268.552,53.9989,20.3518,53.9989,131.408,1,159.948,1.3414,train
921,1.32497,0.117822,2054.63,2123.91,3564.77,121.107,54.3582,16.7032,114.971,121.106,0.999998,14.2453,4.68564,train
922,0.0667336,0.320932,2700.94,4109.65,4631.82,152.489,41.7001,19.9691,41.7001,56.8406,1,25.6975,4.31128,train
923,1.8925,0.0809299,2546.31,2629.97,1854.39,223.018,6.96418,45.975,213.477,222.968,0.999769,8.71244,24.7926,train
924,3.05441,0.13929,3683.81,3984.53,3246.3,115.332,42.5563,40.243,111.755,115.066,0.996343,5.84915,12.3966,train
925,0.183123,0.475141,1753.79,2754.12,18364.7,210.37,6.2627,65.5507,6.2627,56.3552,1,57.1826,3.56938,train
926,0.20838,0.141635,1745.69,2825.4,6645.79,235.601,13.4941,79.1097,18.1269,211.182,0.979142,18.2694,11.9037,test
927,0.575865,0.13625,2151.99,3272.9,11622.1,299.995,10.4088,129.136,195.79,299.995,1,26.0625,11.1112,train
928,2.31701,0.0851109,2997.9,2185.12,18519.7,211.83,28.5848,34.0794,206.924,211.83,1,99.5802,1.84018,train
929,0.231643,1.99946,3770.46,1297.45,16289,168.078,59.6511,94.6996,59.6514,96.1555,0.999997,18.65,5.81373,train
930,0.257317,0.455144,3627.63,2408.81,3257.88,292.114,29.5876,201.093,76.685,213.007,0.820599,3.49014,61.725,train
931,1.40248,1.25649,1109.2,3196.61,8083.52,231.452,13.2954,330.617,18.9235,95.6099,0.974201,5.19629,40.9001,train
932,0.458777,0.847197,2394.18,2336.74,5221.25,107.895,47.7752,62.2392,51.2312,79.2142,0.942514,4.75352,11.9204,train
933,0.201881,1.6628,3561.96,3211.6,256.821,248.662,13.6434,49.859,179.326,22.9799,0.295024,0.357146,194.139,train
934,0.252545,0.249256,2830.23,3628.88,9831.72,169.552,51.6683,83.2265,53.1123,143.68,0.987751,13.7553,8.4651,train
935,2.9593,3.45788,2286.68,1729.22,3858.43,276.064,36.7923,574.065,191.23,132.799,0.401244,0.645282,148.782,train
936,0.387107,0.701849,2893.59,3767.69,11482.5,281.038,30.0719,280.674,30.4652,136.213,0.998433,10.251,24.4437,train
937,0.115712,0.301737,2931.93,3762.51,239.251,294.759,33.5068,42.2824,170.128,70.7505,0.477053,0.705214,176.728,train
938,0.155304,0.102024,3777.3,2264.91,19309.7,274.347,28.006,56.9233,177.312,274.347,1,83.5646,2.94791,train
939,0.341736,0.798739,3663.3,3432.17,348.765,253.704,41.4202,61.4511,204.617,63.8361,0.231233,0.278593,176.196,train
940,0.792795,2.31707,3286.66,3685.32,1164.22,132.08,32.0752,89.5879,97.6979,42.5666,0.343805,0.446807,76.951,train
941,0.12713,0.172343,2928.37,4175.69,5110.49,189.158,17.8243,63.7437,17.934,106.4,0.99936,13.7274,12.4731,train
942,0.994835,0.897511,1690.58,3305.25,2718.68,189.572,11.6077,209.724,64.8736,82.3053,0.700694,1.61649,77.1417,train
943,0.525909,0.563384,1878.55,2563.68,8454.82,122.222,43.694,75.8622,45.4343,96.218,0.977839,8.55799,8.97265,test
944,0.0566903,2.17433,4070.61,2138.63,3721.36,125.25,49.1753,17.5554,49.1753,52.9506,1,16.1263,4.71745,test
945,0.261164,0.106502,2631.85,1032.43,1438.93,121.808,40.4011,8.95106,108.785,121.807,0.999986,13.0864,6.22063,train
946,0.398663,0.576427,3751.7,2476.36,573.397,128.995,53.1531,31.2283,108.116,75.0303,0.288458,0.401696,54.462,train
947,0.0574324,0.901225,1349.11,3207.35,1728.83,116.01,14.8681,7.8367,14.8681,17.5792,1,22.3126,4.53294,test
948,1.92199,0.0919611,1760.9,1340.72,173.085,285.836,21.2022,24.4221,278.62,219.283,0.748508,1.40384,141.099,train
949,0.0564536,1.49798,1219.67,3147.09,589.587,117.688,43.756,5.0895,43.7718,44.8356,0.999787,8.56275,8.63231,train
950,0.171492,0.143198,2698.26,2520.05,2523.55,245.694,9.11151,80.5335,71.6539,232.278,0.943293,6.99302,31.9127,train
951,4.17776,0.0531766,2176.6,3602.35,3904.61,232.641,45.6574,35.8187,228.701,232.641,1,20.3831,9.17344,test
952,0.0515469,0.759414,2602.73,1846.65,5541.42,161.208,22.5118,18.6078,22.5118,35.7806,1,41.3037,3.35795,train
953,1.79499,0.140854,2182.79,1227.37,6160.86,265.233,27.6041,41.0812,254.748,265.233,1,35.6367,6.66809,train
954,1.68038,0.0985148,2686.01,2236.74,14934,228.477,58.7986,37.3889,220.193,228.477,1,67.7736,2.5036,train
955,3.64021,0.265378,2634.4,2283.23,223.449,266.395,40.7141,41.8156,262.034,109.726,0.305794,0.368777,187.137,test
956,0.156506,2.93193,3390.52,3246.48,3399.4,134.916,57.6597,40.9037,57.8319,61.957,0.997771,6.40628,12.0326,train
957,0.109927,0.994233,1465.82,1061.79,1461.26,123.927,49.7492,11.9478,49.7781,61.067,0.99961,9.06866,8.17639,train
958,2.18644,1.4209,2588.9,2040.2,2628.71,225.717,37.8775,290.142,174.46,137.963,0.532825,0.906788,110.374,train
959,0.340488,0.0647103,1931.51,1909.92,520.317,299.362,17.3572,33.9207,247.784,291.815,0.973239,4.20997,65.1923,train
960,0.921025,1.3021,3274.11,1796.54,112.109,248.254,43.0869,22.0622,240.938,52.5181,0.0459684,0.0479249,196.792,train
961,0.636634,0.0668905,3789.79,2582.65,3584.09,295.754,46.3155,43.0915,277.893,295.754,1,20.7468,12.023,train
962,1.46658,0.206914,2821.96,2390.25,723.033,103.796,14.5434,33.0475,95.8111,81.3634,0.748659,1.46192,45.7068,test
963,0.174888,0.0900324,3246.13,1644.38,8127.95,160.903,21.3126,20.666,124.5,160.903,1,54.9009,2.54259,test
964,0.299927,3.61337,1250.09,2792.22,877.797,181.091,48.6243,44.6277,62.0636,53.0475,0.898546,2.34119,50.8406,train
965,1.00818,4.73973,2740.36,3030.9,541.774,255.857,57.7773,95.9024,221.144,64.4531,0.175244,0.196097,177.015,train
966,0.0502688,0.0664086,1426.57,3690.33,146.527,131.653,30.6669,5.94525,48.7481,54.9264,0.820954,2.04328,40.5744,train
967,0.149677,0.238148,1385.53,1961.39,3447.63,233.635,5.05597,47.4006,5.06826,106.535,0.999946,16.6245,13.7488,test
968,0.0862832,0.39514,1719.29,1420.82,485.609,267.477,25.0053,33.5313,41.4428,84.7307,0.932209,3.2735,69.0499,train
969,1.34028,1.60657,3162.97,2094.55,505.728,175.684,35.6581,62.399,160.964,54.2014,0.132428,0.150289,123.384,train
970,0.402847,1.80379,3260.46,2578.97,4882.99,295.515,52.6815,302.752,65.0163,117.762,0.949205,3.71764,62.0014,train
971,0.396281,0.162951,2882.5,2645.32,5724.67,293.635,31.2747,113.075,194.645,293.593,0.99984,13.2805,19.7522,train
972,0.276553,3.95928,1093.76,3543.48,3145.54,289.982,47.5962,73.3145,47.6053,52.8219,0.999963,10.3991,23.3074,train
973,0.129,0.0872529,1572.6,2533.42,264.565,143.23,56.5329,10.1876,93.0116,102.621,0.57924,1.30413,38.5072,test
974,0.156324,0.969902,2604.04,2681.78,239.825,288.16,22.8686,46.7417,173.336,40.8388,0.432822,0.589143,194.9,train
975,1.37327,0.310456,2814.38,1478.4,364.338,183.363,15.4674,41.2067,172.701,105.247,0.534733,0.793803,113.1,train
976,0.216341,2.08245,2945.46,2083.07,11990.7,239.806,13.8839,143.963,13.8839,47.0711,1,18.8171,12.0062,train
977,0.932615,0.0646612,2527.76,3104.69,273.19,236.51,34.2982,29.6317,223.941,181.901,0.729941,1.36082,108.466,train
978,0.267618,1.06033,1233.05,2996.01,1522.1,151.736,44.488,34.8815,46.0309,55.4682,0.985614,4.61262,22.9166,train
979,0.0873393,0.371688,1028.28,1372.29,998.2,230.145,50.2285,16.1567,50.2441,81.9044,0.999913,11.1147,16.1859,train
980,0.0606031,0.066014,2598.56,3113.18,276.547,84.3879,21.0992,6.82389,41.0562,54.3034,0.684667,1.75607,24.6753,train
981,3.48618,0.221199,1194.12,1777.58,585.081,277.971,58.9348,65.345,262.274,225.124,0.758726,1.48801,111.685,train
982,1.74102,2.31264,3133.39,3770.32,299.15,151.375,18.348,38.0957,144.392,22.7171,0.052495,0.0548367,127.346,train
983,0.46839,0.492041,3525.62,1471.35,5088.04,87.2197,57.5846,21.22,74.3697,86.8955,0.989061,7.02803,4.17058,test
984,2.68716,0.0523049,3241.25,4078.74,2290.66,278.399,15.4221,56.1014,271.958,278.392,0.999972,10.7373,24.4913,train
985,0.192116,1.5482,3620.81,3222.73,684.1,111.425,49.6623,26.0932,73.9141,54.892,0.60734,0.983445,38.1424,train
986,0.753396,0.313142,1542.88,3045.37,16934.2,257.912,58.9638,188.271,95.9447,256.389,0.992341,17.7575,11.1178,test
987,3.35375,0.0534254,1217.02,1361.8,1670.32,252.039,55.3881,14.3073,248.534,252.039,1,22.9583,8.56557,train
988,0.537143,0.214215,3593.88,1671.18,5152.54,233.565,42.8259,68.2827,198.193,233.564,0.999993,14.3929,13.2522,train
989,0.540179,1.69674,3907.18,2157.94,2561.23,190.111,34.899,200.934,94.9082,89.777,0.613373,1.21352,78.452,train
990,3.54739,1.95699,2057.94,2084.5,13372.1,264.87,16.2936,892.735,142.583,235.137,0.880384,3.27801,66.7608,train
991,0.26571,1.73386,3247.75,3582.95,514.25,155.973,42.2942,42.9473,106.206,49.2074,0.437789,0.595915,83.5144,train
992,0.254458,1.55124,2475.29,2535.64,1634.44,267.178,19.74,140.772,43.6791,55.529,0.903252,2.59494,86.1285,train
993,0.215441,0.0559075,1814.31,2968.74,6087.12,279.119,54.7368,37.2418,183.842,279.119,1,36.6749,6.11814,train
994,0.245925,3.23279,4192.56,3255.86,601.627,253.359,50.6044,90.8073,165.287,59.2317,0.434378,0.583506,150.936,test
995,0.979878,0.94532,1999.28,1733.1,3888.96,249.978,12.0823,289.841,102.028,188.994,0.743654,2.37372,74.5292,train
996,0.586528,0.120792,1763.56,1888.04,126.057,138.425,18.7243,11.1546,127.641,67.6352,0.40861,0.552738,88.4884,train
997,1.03454,0.245109,2223.01,3249.65,1154.74,156.129,19.0306,77.2387,122.544,116.001,0.707307,1.44974,66.8884,train
998,0.0764681,0.129537,3215.11,2788.88,10201,87.7792,42.9646,11.0178,42.9646,73.4626,0.999999,41.4924,1.08007,train
999,1.09757,0.325356,3612.72,1408.87,3016.71,278.558,9.22704,123.133,247.504,277.851,0.997375,6.58115,40.8171,train
1000,2.21981,0.13949,3820.12,1191.41,195.966,121.954,53.0994,7.89026,121.024,100.577,0.689531,1.17917,40.2634,train
1001,0.384092,0.41298,1764.13,2451.81,1636.61,177.667,10.9915,88.8985,46.469,98.788,0.787146,2.41534,54.3188,test
1002,1.56464,3.74546,2414.35,3992.97,995.297,286.626,26.5394,221.584,227.969,41.3556,0.22553,0.263474,222.631,train
1003,0.388647,0.345489,3541.19,1179.79,172.525,286.786,13.1703,36.8306,260.025,103.529,0.330238,0.423264,213.48,train
1004,0.0521987,0.163499,3649.28,3355.69,202.835,102.343,13.5523,10.2492,48.5382,32.233,0.605974,1.06482,50.5296,train
1005,4.12835,0.578711,4076.6,1425.68,9178.12,146.941,43.0579,85.7076,141.848,146.939,0.999976,11.1242,9.33825,test
1006,0.688906,1.80499,2294.98,3137.19,170.791,164.423,12.1679,24.3118,149.046,16.4613,0.100996,0.108025,142.348,train
1007,0.05275,0.100819,1025.74,1924.51,374.456,264.489,22.3544,13.037,23.5442,89.5454,0.995086,6.92056,34.8157,test
1008,0.0511418,0.130278,3427.2,3419.49,4441.66,135.429,20.2291,20.1915,20.2291,65.554,1,25.3414,4.54593,train
1009,1.70132,3.0553,1158.69,1132.99,14361.5,139.833,19.6851,232.306,21.9888,86.7937,0.980826,7.28527,16.1756,test
1010,0.111185,0.312303,3453.01,1204.72,2046.91,171.546,23.41,47.4746,47.8888,149.592,0.851802,5.44046,23.1933,train
1011,0.875116,0.142307,3720.26,1821.63,920.917,126.192,38.4278,21.9526,119.449,123.111,0.964901,3.5525,23.8377,train
1012,1.29093,0.161415,3581.23,3314.28,1272.92,197.814,34.8456,77.6473,181.019,179.987,0.890609,2.3794,60.9992,train
1013,0.251193,1.31155,1734.85,3631.8,4330.41,265.748,13.3507,109.978,13.3782,36.4395,0.999891,9.93709,25.3967,train
1014,4.19033,0.757028,4004.56,2980.25,3069.23,116.176,33.3225,134.934,108.135,93.13,0.721845,1.36039,43.9635,train
1015,0.690249,0.0933688,2164.12,1396.43,322.176,120.565,20.8554,11.745,112.703,110.936,0.903426,2.47099,36.4553,train
1016,4.24245,2.26116,3609.06,2663.24,4185.88,143.672,57.0825,241.794,127.88,97.2342,0.463702,0.695097,57.7642,train
1017,1.66118,1.51275,3606.48,3491.56,7995.68,131.258,57.1182,244.263,90.4861,103.364,0.623762,1.5138,30.5493,test
1018,0.78528,0.676883,1251.23,3566.02,7372.54,230.501,43.3454,182.612,44.6488,119,0.993035,7.50336,24.7692,train
1019,1.1135,0.175696,1989.07,3697.29,592.806,80.8534,9.98479,25.8605,69.1774,49.7949,0.561744,0.912574,43.624,train
1020,3.13107,0.0798877,3212.45,1879.89,141.966,93.3457,45.9371,4.33956,92.9142,74.8328,0.609503,0.945308,30.5675,train
1021,0.0989869,0.920431,2526.58,2244.08,178.046,264.172,21.52,30.1812,143.495,36.1319,0.497326,0.711905,169.513,train
1022,0.068261,0.175153,1556.92,1718.58,457.254,259.283,24.7353,23.9077,34.326,104.159,0.95911,4.30247,52.2854,train
1023,0.193712,2.60757,2339.69,3463.1,893.875,100.082,14.6629,33.0216,27.2234,18.3196,0.852955,1.97225,36.942,train
1024,0.192953,0.221533,2145.93,1592.09,137.039,135.754,13.2036,12.3484,105.931,48.2145,0.285686,0.388541,90.1087,train
1025,3.404,1.99998,1430.69,3904.58,1340.31,263.198,56.3179,226.481,216.694,85.3201,0.22479,0.275215,168.976,train
1026,2.29736,3.8512,3934.53,2697.5,100.884,82.2644,46.6549,3.55532,81.871,46.9972,0.0110456,0.0111609,35.2416,train
1027,0.237856,1.50965,3307.37,1110.71,285.538,116.13,9.93515,23.8815,85.7731,24.1777,0.285863,0.362966,83.6367,test
1028,0.18373,0.535836,3235.08,3985.29,890.989,196.454,31.5765,71.528,76.1137,65.0719,0.729877,1.49902,80.2793,train
1029,0.24759,0.340849,1978.12,1804.71,1325.37,253.024,53.8423,76.3948,97.0407,178.034,0.783121,2.70615,57.6403,train
1030,4.14373,0.12055,1820.34,2405.63,595.085,175.218,58.0778,29.4052,171.32,159.475,0.865606,2.05203,49.4134,train
1031,0.0579199,0.254106,3888.86,1293.65,9680.1,177.536,35.6315,31.9629,35.6316,132.865,1,42.9764,3.30192,train
1032,1.2504,0.455583,2392.05,3710.32,8600.43,246.156,23.8803,356.668,126.909,234.882,0.949279,5.08793,41.471,test
1033,3.49677,0.562733,3192.46,2639.69,1563.18,118.407,38.8366,74.7225,111.713,89.1399,0.632185,1.05233,47.8017,train
1034,0.680141,0.845627,3385.97,3068.92,301.345,204.974,46.5998,42.479,186.528,62.9683,0.116468,0.130853,140.964,train
1035,0.0840289,0.0589743,1345.79,3720.73,488.534,128.44,52.5476,8.03497,57.3877,89.1655,0.936224,4.32004,16.4471,train
1036,0.603764,0.0905371,1965.74,2413.77,5633,233.21,32.9217,43.7703,196.331,233.21,1,25.7761,7.77034,test
1037,0.23725,2.44427,3076.2,3626.9,483.43,147.014,51.3743,33.2851,101.407,55.1289,0.47686,0.662388,68.8519,test
1038,1.52744,3.40369,3190.15,3564.04,224.295,275.041,25.8669,54.1386,263.931,30.3297,0.0445891,0.0460304,241.372,train
1039,3.14684,0.306893,1541.58,2655.42,1612.67,202.669,21.9719,122.852,177.344,172.724,0.834283,1.97891,76.1794,train
1040,0.863674,1.34133,1086.86,2829.15,1286.56,296.475,20.7696,182.658,101.888,68.9029,0.705779,1.37059,141.973,train
1041,0.0875952,4.16813,1175.31,1289.12,1212.75,189.447,16.9317,17.7604,16.9333,20.237,0.999991,11.7799,14.6448,train
1042,0.138531,0.102767,3810.46,1804.2,1258.93,276.73,18.6329,47.4738,186.795,274.676,0.99204,6.78987,37.7095,train
1043,2.71856,1.22205,1584.28,2802.02,1548.61,262.093,14.5004,272.585,198.803,94.1058,0.321518,0.452254,176.019,train
1044,0.392033,0.504686,1325.93,1721.78,5887.42,230.024,59.9726,88.017,60.6986,161.263,0.995731,11.3261,14.95,train
1045,0.13652,3.94666,2152.01,3777.58,3364.71,180.024,19.2267,47.2401,19.2288,22.3953,0.999987,11.4527,14.0399,train
1046,0.0861259,0.726969,3049.61,2074.58,290.63,97.2198,12.6898,14.2976,42.784,22.17,0.643983,1.10653,49.1952,train
1047,4.41863,2.38445,2350.88,2776.08,16390.4,288.375,31.3414,1361.92,157.265,237.087,0.800464,2.4761,83.0927,test
1048,4.79539,0.105015,2317.86,3636.93,2842.82,171.424,50.6901,46.0785,167.279,171.336,0.99927,7.44329,16.2087,train
1049,1.21173,2.5507,2731,1992.66,189.496,268.469,54.3108,38.7491,256.76,61.9346,0.0546766,0.0572631,204.485,train
1050,0.0856476,0.352061,2556.03,1780.29,158.84,144.272,43.8399,10.5786,95.9497,60.7179,0.481144,0.725567,66.5993,test
1051,1.25577,0.150723,3533.25,4178.36,582.328,212.461,15.6172,72.5554,196.109,130.825,0.585275,0.924658,124.595,train
1052,0.151121,1.36559,1143.82,1729.66,12583.4,111.076,57.9806,9.17785,57.9806,61.8663,1,72.7974,0.729362,train
1053,2.78294,0.793022,1922.4,1624.45,902.641,207.242,51.7659,96.243,189.253,126.476,0.480522,0.700686,106.624,train
1054,0.102016,1.26597,3068.05,3315.9,114.8,131.821,27.1024,9.96294,99.99,29.4758,0.303971,0.366786,86.785,train
1055,1.4933,0.0977505,2068.3,1173.4,700.047,277.279,11.5321,30.3989,267.437,276.561,0.9973,6.10328,43.4241,train
1056,0.841034,2.0566,1824.44,1648.43,8725.41,166.332,43.5302,183.747,46.5815,97.7303,0.975152,5.68647,21.0589,train
1057,0.716565,1.76101,1406.83,3513.09,5954.37,233.505,44.7573,189.138,45.8843,75.3296,0.994029,5.90661,31.7646,train
1058,0.467758,1.32994,2019.75,2323.45,105.428,256.379,9.02879,24.2954,230.662,16.8912,0.103966,0.111593,230.445,test
1059,0.121543,2.17839,2373.83,1763.62,119.09,145.632,37.3553,10.4496,109.415,40.0752,0.33449,0.412758,87.7453,train
1060,0.810075,3.16703,1493.83,2580.95,193.252,202.254,18.085,32.5565,175.351,22.0679,0.146081,0.159697,168.466,train
1061,0.101886,2.5151,2238.67,1039.85,7355.97,226.526,29.4615,44.9481,29.4615,46.648,1,32.2505,6.11043,train
1062,0.0628776,3.71544,1119.22,2945.92,5996.28,260.674,10.5363,17.6032,10.5363,12.1446,1,85.206,2.93569,train
1063,2.13255,2.57665,1034.29,2301.15,15974.7,139.446,45.0211,206.882,45.6513,79.9128,0.993326,7.24249,12.9506,train
1064,0.148861,4.08902,4021.56,3169.37,516.902,125.742,35.5379,30.9288,74.0783,37.9244,0.572744,0.863443,59.835,train
1065,1.1551,0.0735498,3410.12,4143.02,252.628,292.579,26.439,44.9763,281.161,174.038,0.554594,0.829053,178.034,train
1066,0.102126,0.127684,2824.04,2926.41,128.037,278.923,54.2438,20.6341,207.378,109.466,0.318431,0.443942,161.158,train
1067,0.531322,0.0885322,2538.97,2894.1,1491.88,283.622,19.9162,67.0765,233.899,281.708,0.992742,5.82261,44.9612,test
1068,3.26702,0.184626,1292.59,2883.2,7065.14,188.099,32.9761,82.5733,168.545,188.098,0.999992,13.2725,11.6874,test
1069,0.205652,0.207983,3767.01,3894.07,2230.09,85.1355,41.8629,25.2793,52.5041,73.0759,0.754089,2.87867,11.3356,train
1070,0.90424,1.92697,3205.39,2659,373.81,288.304,10.79,94.2019,255.803,29.1751,0.117115,0.128969,252.005,test
1071,0.0897502,0.0917697,2459.97,2126.81,2374.66,274.237,56.9713,40.8761,89.0952,266.403,0.963941,12.1667,17.2134,train
1072,4.98815,0.0542742,1934.47,1719.78,19706.9,172.431,37.9166,12.5555,171.129,172.431,1,211.132,0.637109,test
1073,0.339926,0.186652,3350.88,2012.98,469.216,90.2495,9.38308,20.0966,72.6062,62.8702,0.661426,1.24882,42.8301,train
1074,0.376821,0.393489,2469.65,2517.05,1531.32,271.035,16.462,150.13,109.711,168.043,0.633704,1.64549,98.0397,train
1075,0.197366,1.88532,2705.4,1731.26,293.95,192.782,28.8655,36.0143,125.334,39.8994,0.411479,0.550515,122.519,test
1076,0.510891,2.99736,1375.35,3377.54,180.804,163.149,14.8534,23.471,129.746,17.1718,0.225248,0.257315,129.815,train
1077,2.58411,2.32874,1994.42,2595.75,18335.3,211.537,38.3719,735.265,68.8731,160.007,0.823861,3.55763,40.101,test
1078,0.0673584,0.45699,2586.81,3625.66,210.453,214.057,35.578,21.3065,91.7772,48.4374,0.685122,1.20781,101.241,train
1079,0.594745,0.112606,2741.68,4041.66,14320.3,221.493,19.9706,91.7158,165.246,221.493,1,31.4652,6.4046,test
1080,1.20815,0.181021,2879.05,2803.95,9933.46,206.224,51.1256,78.724,183.591,206.224,1,19.5705,7.92514,train
1081,0.117455,0.376555,2361.72,2800.71,17072,83.7912,27.7373,15.5491,27.7373,42.4811,1,61.544,0.910794,train
1082,0.0662828,4.22758,2518.52,3027.97,1083.68,292.039,43.9223,41.3518,44.3264,47.1527,0.998372,6.49165,38.1587,train
1083,0.817597,2.284,2826.33,2152.4,140.915,164.724,22.1986,19.2208,156.406,26.1084,0.0583604,0.0609814,136.4,test
1084,0.0560194,0.263222,1979.44,2919.05,217.017,286.96,27.8445,23.9979,70.5435,59.0771,0.835213,1.9571,110.58,test
1085,1.29622,0.177906,1030.67,2212.3,136.911,158.852,52.9922,11.7814,150.033,82.926,0.282769,0.347858,86.0518,train
1086,0.0503783,0.108974,2249.75,1117.27,4995.47,250.924,56.7896,21.9273,57.457,236.885,0.996562,44.0756,4.38944,train
1087,0.107376,2.76612,3080.22,2781.19,199.936,208.725,37.5682,25.4809,131.684,40.8804,0.450122,0.604507,127.445,train
1088,4.39816,1.04994,3461.64,1928.76,164.987,270.981,58.6391,33.4747,268.782,75.1691,0.0778462,0.0814714,202.893,test
1089,4.18314,2.91495,2783.05,3913.1,371.783,112.58,8.88491,37.3469,109.372,12.1591,0.0315752,0.032594,100.454,train
1090,0.717977,2.93973,4096.76,1954.86,3059.12,83.0209,49.634,56.504,63.8108,59.4663,0.575377,1.04003,18.4707,train
1091,0.318866,0.30906,4139.54,1607.54,431.181,253.437,9.32487,64.9107,204.261,139.976,0.535208,0.86787,150.542,train
1092,1.4364,3.3587,2653.61,3312.13,295.326,246.426,6.95117,67.2125,228.792,12.993,0.0736336,0.0774795,227.588,train
1093,2.79472,1.89004,3549.12,3295.59,147.152,221.865,27.6188,28.0442,219.037,32.1212,0.0231786,0.0236245,190.58,train
1094,0.741437,0.241833,1559.28,3536.54,1999.91,240.143,29.4273,137.501,121.209,190.2,0.762984,2.3384,68.7534,test
1095,0.838106,0.138303,1058.98,1571.85,12152.9,259.098,39.8809,47.656,205.404,259.098,1,55.9031,3.92138,train
1096,0.569405,0.126175,4106.88,1353.58,158.105,234.38,8.21993,22.9609,224.561,142.661,0.594451,0.925739,145.226,train
1097,2.84736,0.272577,2917.9,1480.52,786.585,149.74,57.5654,31.6153,145.935,135.907,0.849924,1.94913,40.1931,test
1098,0.302852,0.57084,3886.67,2769.51,199.531,80.1432,39.3925,7.08268,74.1261,43.8726,0.147657,0.169513,35.4966,train
1099,0.102715,0.785195,2284.13,3893.59,482.884,87.6608,16.3891,14.3861,26.3428,21.0947,0.860341,2.0582,29.7921,test
1100,2.55762,0.0772285,3193.16,3636.62,10045.9,159.093,51.0794,30.3357,155.378,159.093,1,35.7696,3.0197,train
1101,0.172824,0.567578,2193.77,3193.71,643.924,278.956,54.4462,66.534,103.466,91.151,0.781657,1.69841,103.326,train
1102,1.14356,0.156819,3488.41,1781.74,443.084,291.287,19.8553,59.438,276.388,232.581,0.783716,1.58578,134.146,train
1103,0.600891,0.161023,4058.87,3542.51,8855.31,88.3426,23.902,36.7582,73.2712,88.3422,0.999995,15.5241,4.15098,train
1104,0.0888875,0.224341,2521.37,1489.47,615.387,108.806,5.74095,18.8712,24.6044,62.2163,0.816976,2.74581,30.6656,train
1105,0.0909699,3.53682,3821.89,2192.07,125.143,91.7007,35.4019,5.88161,74.7838,36.1605,0.300484,0.359941,46.999,train
1106,0.0850467,0.239652,2453.19,2044.67,104.899,295.04,39.5484,19.629,200.958,79.6068,0.368241,0.502784,187.123,train
1107,0.34842,0.412431,2793.26,1152.34,4903.8,84.8767,31.1914,25.4478,58.7289,84.7364,0.997386,10.3181,5.18939,test
1108,4.37517,0.09087,2266.05,4024.56,292.124,289.665,33.4476,51.1613,284.504,173.343,0.546003,0.798783,175.135,train
1109,0.0550029,0.218058,1741.89,1013.09,13087.4,291.577,55.6119,22.6075,55.6119,157.949,1,136.599,1.72743,train
1110,1.0455,1.30349,2926.97,2752.81,5253.26,294.461,6.62944,582.533,104.1,168.973,0.661362,1.71667,110.89,train
1111,0.580021,0.2617,2122.5,3273.99,119.862,171.716,36.8566,14.4484,159.98,53.7198,0.125043,0.139895,120.542,train
1112,1.28245,1.47807,2808.79,1998.02,1878.65,118.021,11.4361,126.737,82.8375,54.3513,0.402637,0.636139,67.4619,train
1113,0.172979,1.38335,4102.26,2299.08,2999.45,233.851,32.4033,138.751,38.3191,76.0296,0.970634,4.22693,46.2587,train
1114,0.760182,0.134181,2949.41,3548.52,365.948,161.366,25.0819,33.3321,146.5,95.0861,0.513663,0.768564,91.0844,train
1115,1.71117,1.9096,1127.32,2842.01,2951.84,215.236,31.7597,255.849,82.605,78.9025,0.722878,1.53022,86.6744,train
1116,1.87807,2.37053,2734.65,2775.56,156.614,189.637,30.1122,24.3234,184.901,33.809,0.0296881,0.0304942,155.308,test
1117,0.632296,0.0906275,4062.13,1939.27,7947.23,208.223,51.4313,27.5563,197.495,208.223,1,45.2187,3.46741,train
1118,0.944896,0.768076,2329.2,3210.14,980.494,240.554,23.0299,150.01,172.394,83.8704,0.313345,0.445507,152.994,train
1119,0.166464,3.43526,1137.29,4083.41,5436.57,282.975,5.26885,52.5749,5.26885,9.01683,1,28.7165,9.6706,train
1120,0.0860565,0.273677,3455.83,2419.2,144.147,249.447,50.5634,21.1241,178.417,82.4692,0.357144,0.484694,146.546,train
1121,0.282375,0.857261,2536.21,3912.83,1603.4,234.078,31.1461,124.936,59.6268,68.3923,0.859654,2.23888,77.919,test
1122,3.1237,0.904239,1916.89,1515.66,129.397,91.5652,52.5179,4.77355,90.768,56.001,0.0892002,0.0944143,36.8908,train
1123,2.55122,2.51252,1787,2078.36,2622.47,281.297,13.9836,455.458,181.395,101.204,0.373727,0.575225,173.675,train
1124,3.72968,1.39058,2564.53,3878.23,188.944,211.955,29.8279,33.4937,208.453,36.0385,0.0341002,0.035035,177.268,train
1125,0.322629,0.0543487,1613.9,1494.5,191.654,192.186,32.6859,11.4304,170.234,173.412,0.882294,2.35957,59.6406,test
1126,0.0531092,0.542809,3472.15,3908.57,679.567,207.421,22.9432,32.9413,28.783,38.4698,0.968344,3.68522,48.4741,train
1127,1.01998,1.56792,2838.88,1422.02,558.69,228.964,29.5316,91.1761,197.476,70.4249,0.205049,0.250577,163.196,train
1128,0.0868194,0.0655501,2548.36,1285.02,1186.39,266.271,12.3568,21.3858,169.611,266.246,0.999899,14.0846,18.0259,train
1129,0.660848,0.422262,1015.64,3181.82,5701.32,86.2908,15.2508,47.3384,15.7611,50.4843,0.992817,8.49442,8.30306,train
1130,0.189121,1.58916,1347.58,2002.5,1881.49,298.521,15.0669,72.1648,15.3599,37.7439,0.998966,7.38262,38.3551,train
1131,4.6979,0.685979,2050.97,1046.55,272.461,209.761,39.2467,38.264,205.79,92.5458,0.312578,0.379519,140.439,train
1132,1.71356,1.15286,1519.07,2644.13,17023.6,198.476,39.8659,378.316,53.1387,163.973,0.916318,6.53996,22.223,train
1133,3.86704,1.34291,3958.54,1664.5,14159.4,109.364,17.544,204.458,96.0074,109.013,0.996177,6.33453,14.4397,train
1134,0.173482,1.51756,3201.77,3855.29,794.2,128.584,7.38907,50.1682,38.2635,15.9639,0.745249,1.42983,63.1683,train
1135,0.0633899,0.092382,3565.98,4164.45,931.769,177.311,33.8897,29.6838,45.9943,111.047,0.915601,4.12201,31.8575,test
1136,1.01312,1.32087,1996.92,1073.24,2499.62,187.911,16.2664,170.089,103.838,136.248,0.699012,1.76325,68.0457,train
1137,2.73817,3.03125,3847.26,2184.8,300.168,178.042,45.1416,38.4715,174.39,50.9506,0.0437101,0.0453244,128.167,train
1138,2.3127,0.101625,2577.81,1441.42,1831.33,198.863,52.6949,21.4112,195.271,198.862,0.999995,12.5019,11.6916,train
1139,0.56863,0.144768,1335.94,4130.55,2366.07,162.322,26.495,69.9535,70.2367,143.479,0.861272,3.95681,29.5653,train
1140,1.42021,0.679389,3491.65,1338.79,1319.31,162.542,41.5189,80.9452,146.219,130.513,0.735347,1.4505,61.354,train
1141,0.892221,0.465086,4033.27,2120.96,2924.48,121.376,53.5531,61.0708,104.405,115.464,0.912841,2.96472,20.8826,train
1142,0.284125,0.242244,4009.98,1271.91,13920.8,278.087,23.4351,78.4615,209.221,278.087,1,45.1808,5.63629,train
1143,0.134975,1.6177,3655.43,4034.69,167.817,112.258,34.2663,10.9881,89.9879,35.9498,0.285548,0.34013,65.4766,test
1144,0.357345,0.116895,1773.05,3547.2,11851.8,158.176,16.8911,58.5826,65.7146,158.174,0.999982,28.5828,4.94292,train
1145,0.816657,1.70798,3107.02,3749.99,1172.92,294.918,28.7002,234.921,202.334,65.3785,0.347777,0.462257,200.288,train
1146,0.725127,0.502162,4118.61,3103.68,271.782,173.337,59.2886,27.3512,164.179,76.8378,0.153874,0.174381,100.637,train
1147,0.35043,0.143357,3872.36,3149.22,15349.8,228.761,18.619,94.8715,158.848,228.761,1,34.0001,6.18064,train
1148,0.154805,0.107905,1917.58,2722.58,3660.18,271.495,37.2461,64.0044,55.884,255.111,0.930058,12.4589,17.4867,train
1149,0.656148,2.06455,1486.76,3980.96,4197.81,197.589,56.41,134.982,59.2224,72.8334,0.98008,4.30309,32.1553,train
1150,0.909818,0.971065,3280.2,1870.79,5175.68,168.926,21.5098,224.861,93.5798,145.287,0.839646,2.84901,43.4457,train
1151,1.42995,0.152454,1483.45,1849.88,1276.72,163.825,31.6447,36.6379,146.553,161.557,0.98284,4.52702,28.697,train
1152,0.770856,0.250519,1814.97,2803.29,170.428,238.221,21.2288,31.2487,215.886,65.7251,0.205059,0.24268,183.354,train
1153,1.90798,1.76868,2251.65,2665.39,639.001,237.397,42.1567,109.231,211.971,65.3272,0.130227,0.148739,170.94,train
1154,0.25385,2.03712,3115.89,1986.38,12905.9,235.461,11.3398,177.273,11.3401,55.1487,0.999998,16.3166,13.7358,train
1155,0.137489,2.06998,2534.21,1853.98,9297.58,178.942,28.7939,52.3156,28.7939,42.4259,1,26.6844,5.6268,test
1156,0.116554,0.277696,2568.65,4151.18,1959.49,186.456,10.5482,52.3569,11.5746,55.9667,0.994165,6.54502,26.7197,train
1157,0.946995,0.0572617,4184.35,4158.62,152.05,284.695,18.2255,29.6114,277.223,142.576,0.466658,0.63852,194.748,train
1158,0.502132,0.119053,1387.07,2310.09,234.203,158.286,29.2706,18.6984,131.439,97.2594,0.526983,0.851579,79.8386,test
1159,1.61608,0.873378,3641.17,2449.29,2032.73,109.243,53.667,67.3184,97.8024,85.1366,0.56625,0.95025,33.1173,train
1160,0.0877529,0.0866288,3326.31,2163.38,1182.9,199.948,59.3765,25.2892,113.31,194.316,0.959936,6.31182,21.3789,train
1161,0.0740516,0.477509,3428.67,2784.51,682.554,104.135,54.5469,11.4073,59.206,63.1262,0.906043,2.68829,16.7127,test
1162,0.0768616,2.21115,2755.38,3695.67,638.428,198.724,55.8128,28.6999,63.2087,59.3249,0.948248,3.01454,44.954,test
1163,1.50483,0.0671292,3345.37,3628.18,772.673,82.7466,56.1564,6.17444,81.5201,81.5075,0.953402,3.17246,7.99101,test
1164,2.16953,0.217554,1234.4,2823.56,262.789,100.954,47.0662,11.1328,96.7965,65.1896,0.336321,0.427802,42.3642,test
1165,0.22122,0.148704,2937.43,1219.2,201.462,215.015,13.2684,23.0469,179.548,140.389,0.630101,1.11121,114.398,train
1166,0.0558665,3.03328,1725.39,4114.69,269.276,121.736,15.3447,9.61852,21.95,16.1154,0.937916,2.79357,35.7199,train
1167,1.82436,0.0813956,1768.04,3511.31,174.253,114.04,55.0857,7.56783,111.694,81.5646,0.449143,0.609692,43.43,train
1168,0.0789554,1.0612,2959.42,1199.17,15827.3,97.3232,31.8093,15.3081,31.8093,43.8387,1,67.7357,0.967199,test
1169,0.056899,0.59472,2515.07,3046.24,151.107,217.657,25.9365,17.5869,94.7618,35.6441,0.641012,1.05591,116.387,train
1170,4.05373,0.0536533,3765.25,3914.33,475.67,239.697,9.56957,43.2168,236.865,215.347,0.894192,2.26492,90.8544,train
1171,0.285935,0.15937,3589.92,1681.72,776.203,217.975,55.668,39.599,179.398,203.417,0.910303,2.89611,51.0163,train
1172,0.50442,0.131871,3689.83,3108.29,139.686,209.159,31.5503,20.4396,198.178,81.416,0.280761,0.340786,146.325,train
1173,2.17697,0.378267,4130.03,3686.62,7248.15,277.634,26.3792,346.709,239.073,275.001,0.989517,5.19757,47.8342,train
1174,0.203287,0.183039,1733.62,2140.98,136.562,84.4737,25.8276,5.85392,67.8631,40.7656,0.283234,0.387496,42.8663,train
1175,0.050076,0.404624,2873.11,1606.07,202.58,87.5826,35.4219,5.39643,50.0745,43.7259,0.719086,1.40804,26.6386,train
1176,0.108621,0.115212,2079.1,2961.79,19059.1,238.679,46.118,43.4869,46.118,173.558,1,84.3943,2.28168,train
1177,2.1371,0.425593,1481.91,1246.99,229.634,85.2613,6.74154,14.2718,80.7549,33.6335,0.342486,0.432693,62.1501,train
1178,0.527687,1.47492,3036.58,1573.96,130.921,217.054,49.9726,20.4605,204.285,58.7862,0.0764235,0.0817047,156.282,test
1179,0.775706,0.0600108,3354.8,1101.52,1503.97,277.89,21.1228,16.9732,271.368,277.89,1,22.7519,11.2856,train
1180,0.264703,0.809865,1384.46,3658.29,5710.58,261.689,55.4871,75.5669,55.4873,80.993,0.999999,15.5827,13.2328,test
1181,0.100123,1.72742,2301.89,2871.86,6171.2,202.479,5.38544,45.4247,5.38544,14.542,1,26.7763,7.36077,train
1182,0.387762,0.225332,3964.36,2227.72,17048.3,147.072,28.2915,59.6248,108.284,147.072,1,33.9623,3.49741,train
1183,0.0556426,0.338845,1949.68,1685.29,12838.1,115.555,34.6812,8.77363,34.6812,50.0451,1,118.339,0.683406,train
1184,0.530068,0.390937,2844.41,3357.82,19218.8,277.253,17.0068,333.971,55.7467,271.423,0.977598,14.6407,17.3773,train
1185,2.94643,0.0561674,1012.83,3844,1050.95,124.929,6.05039,25.4061,116.415,123.722,0.989844,4.86757,24.1745,train
1186,0.124885,0.373158,3904.59,3063.94,4545.69,224.79,7.2767,105.775,7.87245,99.7912,0.997261,9.32208,23.2693,train
1187,0.100828,0.105575,3418.34,1802.44,606.585,149.637,49.4442,16.705,101.169,137.23,0.876173,3.18765,27.5394,train
1188,1.22783,0.336625,1537.64,3592.14,1618.52,103.846,46.6945,43.6922,80.7038,82.8274,0.632227,1.3385,26.9952,train
1189,0.146977,0.141966,1510.25,3906.01,3271.18,99.7421,57.8955,9.28798,57.8992,74.6451,0.999913,14.7369,2.83933,test
1190,0.193977,0.091042,3526.98,4073.94,5272.28,234.571,37.645,72.9899,127.885,234.437,0.999317,14.2149,13.8441,train
1191,0.887656,0.0813014,3279.42,3114.62,263.944,173.603,9.77094,26.3535,164.55,113.843,0.635238,1.04234,99.8453,train
1192,0.174391,0.35675,4188,1051.68,118.276,272.773,5.57102,25.4754,237.892,73.472,0.254118,0.315247,215.389,train
1193,0.0615165,0.251063,1897.14,2458.15,8967.02,145.059,55.9472,10.3999,55.9472,72.7986,1,76.8345,1.15979,test
1194,0.390966,0.0834792,1747.95,3740.01,3101.27,155.46,32.0299,38.4412,99.2087,155.155,0.99753,9.93318,12.3953,test
1195,0.633732,0.941533,1134.7,3116.2,9449.52,135.309,59.234,54.7031,59.2368,77.8785,0.999963,13.1409,5.78898,train
1196,1.00886,0.142451,2854.24,3022.61,624.897,269.015,47.2944,70.7618,244.441,211.638,0.74122,1.45132,113.237,train
1197,0.0501946,0.172806,4137.6,3120.3,19649.6,292.408,20.6825,56.4333,20.6825,125.342,1,94.6123,2.87198,train
1198,0.38104,0.0887826,3989.24,1716.1,12094,223.391,49.0916,26.5563,205.921,223.391,1,79.3775,2.19583,test
1199,0.116945,0.153877,4157.88,4196.18,2907.13,86.7947,48.283,17.4501,50.9071,75.3083,0.931863,5.97876,6.00252,test
1200,0.162457,0.257961,1389.17,3537.85,906.691,298.728,14.6483,61.7372,25.1672,82.296,0.962972,4.0176,68.0906,train
1201,3.4486,0.286416,2089.54,3801.65,1207.29,118.46,11.7784,75.2786,108.013,80.9141,0.648057,1.10877,62.3536,train
1202,1.05306,0.882616,3894.31,2831.93,116.844,140.124,39.4087,11.341,137.359,43.946,0.0450508,0.0467468,97.0615,train
1203,2.81399,0.0860051,2668.34,3997.67,848.288,264.792,57.8507,64.6751,256.179,245.958,0.90899,2.46725,76.2418,train
1204,0.411236,4.6522,3530.21,3671.28,3974.73,113.443,33.6404,107.137,39.645,39.9132,0.924757,2.73789,26.9545,train
1205,0.558814,0.577704,1307.7,2813.3,304.51,179.016,45.451,31.1325,136.413,64.6064,0.318968,0.416703,102.238,train
1206,0.178304,1.06425,3325.25,2534.86,2691.76,153.816,7.66965,84.6811,10.9919,39.0594,0.977268,4.53996,31.4593,test
1207,4.87677,2.23383,3486.44,1660.87,3508.72,135.999,13.3394,265.471,120.386,84.8932,0.583352,0.945724,75.6603,train
1208,0.159676,0.158743,3172.93,1106.58,134.623,126.562,15.7872,9.70352,107.409,71.0272,0.49867,0.766382,72.0791,train
1209,0.746784,0.173562,3411.57,2794.87,259.365,233.131,37.5008,38.0411,218.199,115.923,0.400868,0.534682,146.67,train
1210,4.96564,0.234603,1742.77,2214.1,139.132,290.876,31.6374,31.4392,287.243,92.1633,0.233475,0.267853,225.967,train
1211,0.425118,0.0682842,2390.88,3471.83,6960.7,149.874,32.8497,27.743,122.579,149.874,1,29.3613,3.98566,train
1212,0.302238,0.584582,1831.55,1747.1,5830.9,99.5358,55.5074,24.2825,55.6701,79.283,0.996305,10.5334,4.16445,train
1213,1.28716,4.73163,2981.88,1089.82,13739.3,90.021,43.958,151.012,50.6762,73.2431,0.854154,3.57965,10.9912,test
1214,1.38686,0.127996,1731.43,1942.32,948.767,271.983,5.60389,64.278,245.215,264.154,0.97061,3.8163,67.749,test
1215,0.102454,3.37764,2642.5,1468.43,143.448,176.199,7.94688,18.5627,107.635,11.6895,0.407509,0.529846,129.404,train
1216,0.0539201,0.88756,3695.43,3465.81,17147.8,270.106,29.4142,47.9598,29.4142,45.0052,1,86.0582,2.79685,test
1217,0.103571,1.13708,1264.19,3372.35,112.565,189.224,53.3725,10.1856,111.431,56.0287,0.572631,0.859716,90.4866,train
1218,0.168364,0.620203,3790.4,1384.48,1582.74,267.722,16.8143,124.284,72.9707,161.556,0.776187,2.48013,78.5247,train
1219,2.0684,1.24603,1926.78,1453.42,144.463,127.023,20.7575,14.5076,123.383,28.7682,0.0753842,0.0797691,100.424,train
1220,2.46886,0.488993,3199.04,3195.05,852.478,209.325,42.5193,105.905,195.916,110.305,0.406372,0.545636,124.232,train
1221,3.64501,0.786488,2099.3,2142,9738.42,88.8465,17.8986,118.493,73.3612,88.2353,0.991385,5.78065,12.1676,train
1222,0.221934,0.19009,1149.69,3981.87,184.421,288.221,32.534,31.3885,165.204,74.0029,0.481124,0.722778,170.2,train
1223,0.0677721,0.648022,2084.14,1502.24,888.968,260.989,15.1499,34.587,16.1184,50.6789,0.99606,6.29374,38.9069,train
1224,0.0793339,1.68926,1293.35,3699.96,228.803,152.805,53.5699,9.06292,64.4776,55.02,0.890082,2.22991,39.6101,train
1225,0.12203,0.0601044,3956.21,2985.64,422.92,126.672,38.7782,13.3102,99.1021,112.95,0.843882,2.35676,31.4721,train
1226,0.110985,0.489676,1553.47,2088.57,608.31,129.599,11.3098,19.4841,16.5907,30.361,0.955356,3.52822,32.0299,train
1227,0.701508,0.0569208,2637.27,1663.08,4428.84,187.666,38.3961,14.1305,180.029,187.666,1,46.7849,3.19057,test
1228,1.1857,0.107704,2623.4,1771.12,630.697,90.1872,33.9956,10.266,86.8869,87.8129,0.957746,3.30629,16.2772,train
1229,0.240702,0.364389,3096.75,1336.51,2553.55,94.239,47.8413,21.1729,65.834,91.3165,0.937012,5.2433,8.29156,test
1230,0.255241,0.289655,2938.26,3345.28,717.368,203.377,59.7421,55.6269,129.204,117.15,0.516397,0.956537,77.543,train
1231,0.801533,0.221656,3003.56,1140.43,1189.05,86.1255,34.7251,12.8202,80.8002,85.4414,0.986691,4.70385,10.7819,train
1232,0.149611,0.58145,1605.54,2411.1,974.501,231.044,58.9455,40.1445,63.9198,87.5806,0.971096,4.05691,41.1949,test
1233,0.508997,4.61653,3680.81,1328.33,4749.38,207.632,26.6034,296.411,49.4206,74.9396,0.873958,2.535,62.4105,train
1234,1.16539,1.00132,1224.4,2670.64,11668.4,173.936,58.6626,162.773,59.8627,119.531,0.989589,8.17744,13.9498,train
1235,0.065333,0.434065,2773.1,1438.21,9097.6,119.052,35.9964,15.0477,35.9964,60.1006,1,50.2144,1.65403,train
1236,0.251383,4.34801,3915.85,4152.98,1028.67,260.324,13.6879,155.549,102.306,22.3022,0.640691,1.04499,151.215,train
1237,1.44888,1.42379,3930.24,3876.48,8219.33,146.418,57.2149,297.264,94.2161,111.074,0.60378,1.48921,36.1664,test
1238,0.451144,4.75961,2741.99,2966.5,195.558,274.441,26.794,44.5244,238.448,29.9474,0.14534,0.158086,227.679,train
1239,0.822046,0.070941,2384.41,1313.43,171.462,275.724,32.4142,18.8975,266.083,235.228,0.833564,1.84019,110.214,train
1240,1.93306,0.16702,1972.36,2999.04,420.899,134.125,40.3679,25.9733,127.313,92.2213,0.553059,0.840289,61.7091,train
1241,0.495062,0.350464,4010.88,1555.45,574.487,216.984,49.3234,56.005,188.779,152.06,0.612766,1.05385,97.487,train
1242,2.75258,1.161,3228.53,1979.15,313.759,251.116,37.933,61.5469,244.19,64.7182,0.125644,0.136548,196.16,train
1243,3.29652,0.836674,1240.8,2450.97,349.443,160.049,36.5793,38.2319,150.702,55.223,0.150998,0.170405,109.408,train
1244,1.12122,0.0754082,3843.37,3865.79,2335.16,161.102,59.7795,29.521,154.252,161.048,0.999468,8.01052,12.642,train
1245,3.38751,0.077526,2579.27,3457.73,2213.22,104.068,43.4731,16.238,102.209,104.048,0.999676,8.25629,7.33683,train
1246,0.0542034,2.09949,1565.52,1394.26,2177.11,116.44,26.5746,7.62569,26.5746,29.1797,1,25.6564,3.50266,train
1247,0.289522,0.123492,1573.39,2394.22,18649.5,102.373,15.9482,25.553,46.2786,102.373,1,63.0761,1.37017,test
1248,0.191273,0.0552006,2718.46,2226.32,806.718,244.518,31.4943,26.0462,194.426,243.434,0.994912,6.56432,32.2866,train
1249,1.21858,0.160733,3734.15,2573.93,3076.09,232.243,17.1372,88.8986,212.706,232.016,0.998945,7.43529,28.8999,train
1250,0.234573,1.51221,2997.72,3574.24,7880.35,175.446,26.3745,104.819,26.3821,45.7675,0.999949,11.2067,13.3013,train
1251,0.107507,1.93042,3741.93,2811.46,7563.18,152.971,30.9948,49.0687,30.9948,40.0359,1,18.8007,6.48783,test
1252,0.0962926,0.157679,4037.67,2155.05,14211.2,196.27,13.3914,62.1027,36.5397,196.151,0.999349,41.8215,4.36998,train
1253,0.410387,0.828785,1607.95,3197.53,1038.52,100.703,17.6373,41.1447,38.3511,33.1632,0.750632,1.57379,39.6187,train
1254,3.01659,0.0680759,3848.03,3122.23,3263.34,206.955,47.3173,33.9308,204.032,206.955,1,15.3534,10.3976,test
1255,2.87418,1.45255,3311.45,1357.44,1350.08,122.883,23.9846,92.8702,113.126,71.085,0.476249,0.684713,68.7885,train
1256,0.596106,0.0518148,3368.86,3848.2,14896.7,152.288,20.9956,26.1788,139.252,152.288,1,74.7099,1.75736,train
1257,0.122568,0.344606,1218.33,2062.94,18379.5,252.172,12.8174,35.7424,12.8174,63.0949,1,123.081,1.94469,train
1258,0.853317,0.0972363,4030.38,2849.4,1093.63,228.607,39.2832,51.1723,213.727,223.977,0.975549,3.94721,46.7911,train
1259,0.0891165,0.0720142,1568.24,3249.59,385.745,110.647,35.6031,8.75834,47.9786,73.0292,0.83509,2.76013,22.705,train
1260,3.95278,0.486289,1155.83,2709.17,167.332,153.292,26.041,19.6704,148.987,40.9718,0.117333,0.127013,117.553,train
1261,4.16278,1.34427,3492.42,1868.71,172.681,81.8084,51.335,5.05697,81.4605,53.3481,0.0660603,0.0687409,29.285,train
1262,3.42032,0.518757,2831.28,1256.1,9189.25,80.4751,48.3435,20.9372,78.313,80.475,0.999998,14.1024,2.27845,train
1263,0.427013,3.77675,1248.21,3011.07,2403.3,107.382,49.8364,30.2742,50.5829,52.4986,0.987029,4.50898,12.5969,train
1264,0.180241,0.594438,1971.11,1104.84,7511.04,272.222,48.2046,79.5857,48.2109,169.385,0.999972,21.1415,10.5958,test
1265,4.66932,0.198925,2681.11,3209.93,3985.22,139.569,55.6765,53.432,135.301,139.355,0.997459,6.24118,13.4075,train
1266,0.159376,2.90275,1432.32,2689.56,8231.01,166.205,19.6161,33.4631,19.6161,23.9023,1,36.057,4.06549,train
1267,0.487772,0.194411,2119.18,2907.12,586.052,234.348,34.9384,64.2012,172.239,148.533,0.569656,1.03694,109.549,train
1268,0.96628,2.28979,3521.53,1442.31,1691.24,156.327,31.6588,140.135,115.145,74.0909,0.340359,0.512096,82.8597,train
1269,0.0712854,0.104615,1614.75,3159.01,13895.9,156.903,9.24151,16.997,9.24151,60.6731,1,120.721,1.22317,train
1270,0.127399,0.0635531,2309.42,4058.89,5519.52,191.531,30.4739,41.1546,51.6531,190.016,0.99059,21.3973,7.45619,train
1271,0.147655,2.71974,3902.41,3263.81,7375,141.406,41.9553,57.3043,41.9559,48.4109,0.999994,12.7991,7.77007,test
1272,0.470062,1.82385,3272.37,2552.84,109.735,178.795,27.5394,15.8432,168.495,30.9421,0.0680949,0.0713392,144.377,test
1273,2.47435,2.30381,1729.35,4170.78,478.873,84.1562,9.75208,32.9544,76.4548,13.1817,0.103507,0.111912,68.8165,train
1274,3.71943,0.352435,2470.81,1619.23,1131.7,125.013,54.3278,34.3907,121.271,114.591,0.852563,1.9831,30.3884,train
1275,0.150509,0.0698616,1014.34,3277.97,366.412,175.301,7.7602,20.1089,43.584,95.5704,0.786178,2.40006,54.8806,train
1276,0.383611,0.0824858,1238.19,2109.35,1655.62,113.985,13.8297,17.3995,77.353,113.832,0.998474,9.51552,10.5094,train
1277,0.158039,0.749492,3634.49,2003.11,8124.87,153.96,16.0706,79.195,16.0843,68.8209,0.999901,14.1451,9.74723,train
1278,1.54242,0.261149,2894.59,4016.31,6437.55,184.435,34.7128,155.938,149.508,183.386,0.992997,6.13767,24.2231,test
1279,0.0983308,2.03517,1241.88,4002.09,1985.46,252.597,11.5096,29.4405,11.5097,15.1242,1,16.2589,14.828,train
1280,3.34784,0.112975,1586.93,3268.89,3676.52,296.079,53.0417,89.7465,279.186,296.057,0.999912,9.95528,24.4107,train
1281,0.466708,0.088396,3830.29,3906.79,4474.83,269.335,17.7267,86.8895,220.729,269.329,0.999977,12.9576,19.4174,train
1282,0.758922,4.79421,2597.15,2296.3,302.737,132.522,34.775,27.1018,118.772,37.2368,0.14067,0.153593,89.5225,train
1283,1.37606,0.17479,2687.5,3378.32,3681.66,262.36,12.7236,146.752,222.678,261.247,0.995539,6.23487,39.8602,train
1284,0.236325,0.198213,2112.11,3358.44,1196.93,265.676,10.3492,97.7065,69.9274,157.125,0.766659,2.39797,81.6307,train
1285,0.135882,0.124399,3412.45,1439.25,5679.05,224.866,28.7096,35.1202,149.126,224.866,1,31.7192,6.18416,train
1286,1.24454,2.49175,3990.05,1949.16,5211.16,172.038,5.98409,419.814,87.4965,92.4222,0.520542,1.07296,80.5605,train
1287,0.560858,2.68681,1501.41,1017,460.147,168.302,44.5113,41.5993,118.901,59.7354,0.399066,0.546442,90.4044,train
1288,2.44732,0.939688,2810.21,3180.1,377.628,278.636,43.586,81.3531,266.807,70.8098,0.115821,0.126368,215.432,train
1289,0.434614,0.40752,2856.3,1351.61,244.62,116.837,53.8901,11.6153,107.48,74.9779,0.335011,0.444111,47.4831,train
1290,0.480414,0.314669,1037.99,3504.51,1956.42,263.39,31.5133,107.834,47.1455,129.299,0.932584,3.9233,55.118,train
1291,0.173342,0.437815,1898.31,1980.51,8822.91,117.039,54.009,20.7403,54.009,77.9282,1,26.8127,2.35074,train
1292,0.188328,0.197253,4013.44,1643.39,5367.94,242.129,50.7325,62.0413,160.047,242.121,0.999955,16.5593,11.5578,train
1293,1.82337,1.17707,3439.86,2815.71,132.811,103.015,37.3771,8.45822,101.667,39.9292,0.0388804,0.0400723,63.6861,train
1294,2.70086,0.663135,1881.9,2487.82,17314.5,111.984,30.0878,135.032,85.4171,111.938,0.999436,10.4952,7.79882,train
1295,2.40471,3.37205,1455.35,3584.14,392.36,243.351,6.37248,86.6699,218.586,13.5436,0.104503,0.112113,220.894,train
1296,1.25001,0.0679028,1466.28,3084.61,14737,216.297,52.0216,34.4081,197.524,216.297,1,70.3594,2.3348,train
1297,0.0659709,0.536925,2385.15,1981.4,9983.64,197.901,28.976,26.5805,28.976,53.9609,1,63.4483,2.66241,train
1298,0.581312,0.924525,2058.57,2782.03,2446.86,108.872,37.4132,67.3611,52.5819,63.6027,0.787728,2.04472,27.5297,train
1299,1.57675,0.0920155,3970.2,3849.76,312.147,179.517,45.5314,27.4709,175.129,123.081,0.578787,0.881179,88.0063,train
1300,2.1801,0.050486,1665.89,2423.59,275.063,133.26,45.431,9.55905,130.628,123.555,0.889497,2.24803,34.7523,train
1301,1.50087,3.93614,4040.33,1919.04,956.095,192.385,16.1928,147.484,168.064,35.7178,0.138038,0.157667,154.257,train
1302,0.0575457,0.26417,4035.32,2245.78,1907.87,169.373,58.1589,25.7194,58.6161,101.511,0.995889,8.21597,13.4807,train
1303,3.59234,0.244601,3091.75,1975.79,12321.6,278.728,50.2134,110.437,268.785,278.728,1,25.4957,8.96288,train
1304,0.316736,0.779095,2416.66,1570.14,10554.4,264.125,54.5098,160.103,54.9615,185.389,0.997845,13.7886,15.1693,train
1305,2.40339,1.54614,4097.66,2383.75,4730.17,204.04,55.5235,363.046,167.176,154.027,0.66325,1.28342,76.7511,train
1306,3.00604,0.791759,3925.93,1751.19,8071.35,104.605,48.8087,76.9607,98.0833,104.315,0.994813,5.82131,9.53506,train
1307,0.116077,1.9125,3481.82,2979.52,17196.2,155.044,33.2185,49.2372,33.2185,41.8591,1,42.5478,2.86327,test
1308,3.19633,0.11704,3053.92,3164.58,154.389,280.258,6.18131,34.4105,276.732,99.0864,0.338975,0.416835,222.882,train
1309,1.21574,0.132979,2288.07,3515.06,356.169,275.447,28.832,59.4183,254.086,155.949,0.51545,0.761977,166.826,train
1310,0.0690958,0.0682068,1004.48,2875.05,332.95,148.353,15.1154,8.97367,19.0589,60.8766,0.970403,4.79718,26.952,train
1311,0.141419,0.0890799,2503.8,2777.37,479.06,164.657,15.8768,26.6664,89.3469,123.66,0.724444,1.93632,55.664,train
1312,0.750651,0.654352,4053.85,1099.06,1835.99,293.513,58.2095,150.19,244.158,267.047,0.887521,2.55292,81.8032,train
1313,3.16398,0.797969,3062.25,2588.84,4915.21,217.075,28.8858,340.12,181.971,193.528,0.874877,2.37931,69.1975,train
1314,0.695641,0.0669502,2914.45,3422.95,220.383,143.313,11.8302,18.166,134.353,91.1,0.602892,0.961669,82.4294,train
1315,4.9445,3.9719,4081.28,3930.91,1309.62,116.327,44.8609,87.1104,112.01,50.4402,0.078069,0.0838787,66.5159,train
1316,0.186418,0.242501,4138.98,2304.38,697.085,248.515,26.8193,74.1102,152.465,159.44,0.598209,1.24744,106.314,test
1317,0.0535064,0.389375,1920.84,1134.97,1650.36,138.651,34.4195,10.7126,34.4199,58.6601,0.999997,16.0577,6.49105,train
1318,0.408081,0.274552,3917.53,1756.33,356.805,237.61,35.0502,48.0637,207.546,134.725,0.492076,0.739944,134.706,train
1319,0.188831,4.70561,3120.62,2026.29,8020.36,194.12,32.384,95.3059,32.3844,42.3795,0.999997,13.6107,11.883,train
1320,0.167238,3.16942,1403.28,1563.21,5331.3,121.712,15.5523,24.9138,15.5523,20.5809,1,22.7171,4.67311,train
1321,1.81579,0.227065,2896.35,3409.94,3668.69,113.878,29.1246,64.636,101.588,112.604,0.984964,4.7382,17.6183,train
1322,0.107562,0.0749418,1787.91,2155.64,113.838,188.02,47.9125,9.67011,137.737,107.772,0.427238,0.704672,84.9463,test
1323,0.965091,0.313883,1423.48,1083.67,752.428,92.2473,43.634,14.0645,82.0095,84.9824,0.850558,2.21207,18.6922,train
1324,2.93231,0.171633,3050.32,1028.85,3969.39,285.994,44.9124,42.5711,281.234,285.994,1,22.4788,10.7248,train
1325,2.01461,0.587662,2531.83,2558.28,5382.62,213.894,51.1719,230.491,168.706,204.485,0.942175,3.5803,42.8213,train
1326,2.42242,0.125945,3055.19,2758.13,718.764,125.399,37.2097,26.5443,121.812,113.624,0.866486,2.06915,36.9305,test
1327,0.233281,0.453573,1984.38,2571.91,1235.06,215.551,19.7719,78.7519,45.4306,87.2802,0.868941,2.66799,63.7635,train
1328,0.393224,0.450342,2542.24,3077.53,125.53,297.702,12.2463,32.3353,265.356,35.5772,0.113314,0.125572,257.591,train
1329,0.248289,0.870703,1323.09,2073.08,10969.1,132.171,53.5144,25.8392,53.5144,67.8295,1,33.3907,2.35563,train
1330,0.0999058,0.0687723,1410.09,1439.64,1731.37,113.643,8.25033,10.4174,39.6952,113.469,0.998349,17.4872,6.01687,train
1331,1.41999,1.27592,2420.63,4165.35,3009.55,199.509,47.4311,264.731,122.492,97.2425,0.506435,0.875564,87.9636,train
1332,0.353715,0.271058,1677.68,1014.46,16036.2,238.398,19.5548,60.1773,136.991,238.398,1,58.3181,3.75258,train
1333,1.98491,0.43664,3384.49,1989.32,5496.08,125.059,40.3316,73.336,114.142,124.76,0.996473,6.3274,13.3433,train
1334,0.148099,1.23176,3065.12,3733.24,221.269,128.692,41.1667,15.0853,95.4606,44.4472,0.379681,0.487438,68.1765,train
1335,0.28266,0.648208,3356.17,2336.37,7700.83,228.844,48.0952,168.286,51.4502,159.215,0.981438,8.11762,21.853,train
1336,0.171137,1.75599,1961.91,3300.01,445.12,216.469,7.642,50.8498,65.0205,16.4171,0.725234,1.32572,114.239,train
1337,0.400606,0.645363,2801.96,1672.77,17466.6,171.515,40.8194,135.063,51.1901,165.93,0.957267,16.1796,7.73263,train
1338,0.714005,3.7003,2593.91,2220.42,181.51,145.263,55.1076,15.4302,136.932,56.9856,0.0924108,0.0980042,85.0099,test
1339,0.06444,2.56214,2702.22,1725.61,211.539,296.683,36.6967,31.5654,115.41,43.8362,0.697242,1.21482,149.218,train
1340,0.576915,2.95372,1715.19,2745.98,172.086,83.1918,37.8257,7.10035,76.0163,38.7011,0.158169,0.173908,41.2605,train
1341,0.190559,0.0620768,2264.66,3799.67,430.251,120.412,44.2633,13.281,89.6369,100.569,0.739424,1.82409,30.8681,test
1342,0.896385,0.119896,2191.33,1069.29,275.336,183.557,58.2711,14.0276,176.416,167.687,0.873328,2.14763,50.9472,train
1343,3.82335,1.25459,3109.2,4088.42,167.116,219.855,9.05864,34.4237,216.96,15.7698,0.0318372,0.0325805,205.987,train
1344,0.0900128,0.0649439,3644.1,3079.32,8504.89,221.648,17.3853,40.8491,97.1146,221.648,1,42.5281,4.80301,train
1345,4.56582,0.0790211,3298.52,3364,4298.64,272.448,55.8295,57.583,268.624,272.448,1,16.1708,13.3956,train
1346,1.25759,1.37159,2942.84,2756.4,1282.78,122.295,38.7321,79.8184,100.728,59.8444,0.258097,0.346614,62.2232,train
1347,1.32241,3.09295,1428.14,1858.61,1812.4,133.607,38.5937,103.002,79.068,56.5115,0.574016,0.959658,56.8321,test
1348,4.22779,0.0929422,3206.22,2576.41,690.265,285.898,36.3265,56.2995,281.745,271.44,0.942068,2.88263,81.5622,train
1349,2.90844,0.602365,1649.21,2747.27,260.98,298.535,50.5079,58.4763,286.344,85.8441,0.142469,0.157705,224.064,train
1350,0.263573,0.263799,1592.64,4063.72,212.57,212.827,31.5853,28.3233,145.354,58.0062,0.372279,0.506387,133.242,test
1351,0.0509363,4.61396,1329.36,1290.35,11634,168.259,51.6813,7.89379,51.6813,53.0072,1,171.814,0.678512,train
1352,3.17564,3.77515,2345.18,2369.25,562.493,226.468,58.0224,88.6151,214.569,67.9299,0.0706385,0.0755283,157.54,train
1353,0.201286,3.89326,3526.13,2118.51,198.594,247.343,49.3516,33.973,199.478,53.4706,0.241755,0.279804,171.068,train
1354,0.208943,0.586163,2861.71,4197.47,1934.57,179.89,11.5946,93.9093,22.8333,49.7629,0.93322,3.23543,48.5426,train
1355,0.24354,4.11915,2364.68,3652.89,5898.26,161.985,8.9742,88.1133,8.98196,14.8301,0.999949,10.2419,14.9389,train
1356,0.0545272,0.269607,3831.43,1067.58,117.821,160.135,32.71,10.0853,111.861,67.7492,0.378843,0.563963,85.5981,train
1357,1.63007,0.773549,1363.18,2183.31,3787.78,144.171,54.7021,113.05,93.2958,121.639,0.748159,2.24276,29.846,train
1358,0.132394,0.0582628,2710.17,1813.51,3458.47,134.382,51.5366,8.75351,109.986,134.382,1,32.732,2.53103,train
1359,0.678736,1.33906,1532.77,2685,4505.56,187.364,54.439,133.699,58.8493,91.6256,0.966821,4.33084,29.6743,train
1360,0.21045,1.26515,3524.26,1531.56,449.715,135.885,18.1358,37.008,85.9871,37.2352,0.423762,0.606346,82.2921,train
1361,0.161936,2.56569,3024.07,3165.41,8376.12,210.133,33.0024,86.7417,33.0024,43.683,1,17.1044,10.3558,train
1362,0.658946,0.635667,1435.28,1211.44,19839.2,210.758,34.2852,135.685,67.2928,210.482,0.998439,25.7627,6.83923,test
1363,0.519719,0.0832439,1016.84,1273.33,273.842,158.474,18.6789,13.2769,133.351,143.936,0.896005,2.58349,48.4839,train
1364,0.938369,2.17254,1044.62,4127.72,4625.01,99.0794,34.553,62.4074,35.4141,41.5122,0.986655,4.71823,13.4935,train
1365,2.38039,1.27967,1212.4,2791.58,1114.24,223.909,11.5646,175.332,163.156,60.6456,0.286106,0.386089,157.356,train
1366,3.23634,0.552973,3306.88,1963.53,9161,118.909,59.9295,64.0095,112.928,118.882,0.999542,8.43726,6.98718,test
1367,0.0559906,0.351044,1909.43,3997.21,2277.32,141.235,47.1967,10.0537,47.1967,54.3615,1,21.3012,4.41469,test
1368,0.352253,2.60329,2206.79,1545.68,14630,253.164,21.0119,180.463,21.0119,65.8603,1,18.8203,12.3352,train
1369,0.0869005,0.671044,1887.8,1210.08,387.144,217.731,26.081,27.5032,50.0814,59.9511,0.87477,2.3599,71.0412,train
1370,1.63301,2.24198,2078.27,1979.68,467.94,178.729,36.6023,59.2888,161.26,49.9605,0.122915,0.137879,126.702,train
1371,1.12286,0.226527,1318.02,1847.41,616.715,192.557,8.35089,55.7805,154.866,141.642,0.723595,1.47368,90.4477,train
1372,4.16983,2.64958,1210.96,1636.38,1715.53,174.226,35.2259,174.317,139.705,75.4307,0.289242,0.395675,101.611,train
1373,0.0563094,4.53431,1904.39,1518.73,169.42,193.755,25.375,14.2911,60.4867,27.4502,0.791474,1.57989,84.353,train
1374,0.130161,0.124049,3183.85,2082.47,4983.98,247.265,15.9141,59.7488,103.088,247.204,0.999737,19.2932,11.9882,train
1375,4.22974,3.02151,2014.38,3687.22,317.886,276.874,24.5561,77.6516,267.761,31.526,0.0361199,0.0373092,244.275,train
1376,1.94223,0.137115,2553.26,3437.71,15230,128.703,24.4807,49.1265,118.796,128.703,1,32.3106,3.22563,train
1377,0.373854,0.0875853,3182.08,1370.69,3033.24,271.752,47.0933,26.9708,249.081,271.752,1,25.266,8.89176,train
1378,0.125054,2.28861,1570.47,2411.96,249.61,208.146,33.2907,24.5163,83.3136,37.732,0.713918,1.27097,98.2184,train
1379,0.0692055,4.35848,3601.61,2609.62,1376.99,143.821,33.8036,27.3012,34.288,36.2039,0.995597,5.52449,19.8268,test
1380,1.13039,0.0597518,1440.56,2494.51,338.303,273.692,26.5163,32.5343,253.713,244.791,0.883076,2.2697,96.1691,train
1381,0.291686,2.43937,4073.59,2639.23,685.861,287.539,11.2611,139.302,170.302,32.8984,0.424343,0.577222,203.105,train
1382,3.21898,0.813846,2708.8,1195.62,846.151,278.488,37.6859,132.951,263.241,174.319,0.567407,0.869586,157.124,train
1383,1.29235,0.795273,2621.92,1886.78,1802.92,255.561,26.9607,216.477,191.673,171.23,0.631101,1.20154,120.07,train
1384,1.79838,1.21037,3429.45,2873.35,924.333,98.2961,34.33,48.907,90.3662,48.3926,0.219845,0.265781,52.9106,train
1385,0.0593742,0.666907,2421.28,2893.14,12965.2,260.956,24.1106,34.0493,24.1106,41.7577,1,90.1852,2.62621,train
1386,3.27487,1.00461,1123.43,3382.49,188.663,261.104,20.259,43.1351,249.38,32.953,0.052706,0.0555206,228.635,train
1387,1.91433,0.490696,2018.02,3256.63,258.627,190.877,34.9749,36.1572,181.517,57.6012,0.145132,0.161843,139.804,train
1388,0.0576208,0.895304,3999.13,3642.84,18306.5,145.531,24.9754,27.7799,24.9754,33.493,1,79.4441,1.51749,train
1389,3.22981,0.225409,2038.84,1382.63,8110.42,248.048,59.6518,58.7149,239.132,248.048,1,26.0236,7.23944,train
1390,0.124413,3.98468,1837.81,3715.57,9620.92,249.611,44.7924,46.8313,44.7924,47.9555,1,42.0774,4.86766,test
1391,2.64678,0.665344,1939.15,1967.12,123.794,210.67,12.5274,23.1455,206.161,30.2118,0.0892508,0.0945849,186.968,train
1392,0.580894,0.885348,2029.54,1125.6,403.702,137.93,43.4064,27.7706,114.374,71.2732,0.294813,0.4051,68.7899,test
1393,0.958066,1.43517,3441.86,2742.07,5637.69,163.476,32.4605,286.565,76.5733,105.279,0.663302,1.70967,50.8302,train
1394,0.351307,3.08433,2989.67,2111.15,536.034,246.936,31.8984,87.8855,163.259,45.3954,0.389128,0.510367,163.955,train
1395,4.92793,0.574732,1603.36,2314.93,12200.2,114.689,20.5933,125.14,98.851,114.651,0.999594,9.16986,10.2573,train
1396,0.0832937,3.38969,1711.93,2717.8,4094.25,287.613,24.2665,37.5514,24.2665,28.3426,1,28.7129,9.17172,train
1397,1.42355,0.378092,2169.98,1561.62,17642,219.19,49.5916,100.137,186.773,219.19,1,29.8797,5.67604,train
1398,0.25642,0.12564,3994.28,3861.74,3373.55,288.886,32.7247,122.582,169.202,285.371,0.98628,6.95304,36.3362,train
1399,0.16497,0.76173,2915.41,2036.03,14979.9,219.743,58.2338,77.6788,58.2338,108.32,1,31.1461,5.18554,train
1400,0.103737,2.89049,2627.57,2047.15,2175.36,234.918,53.9828,49.2953,54.0681,62.3136,0.999529,7.98077,22.6607,train
1401,1.07356,0.0693392,3166.31,1430.23,1180.08,122.904,16.2057,10.5813,119.791,122.903,0.999991,11.8995,8.96654,train
1402,2.85862,2.63225,3177.78,1843.72,554.97,269.797,33.2334,120.672,256.513,58.0982,0.105108,0.114353,217.438,train
1403,0.241515,1.19775,2964.61,3624.24,2259.84,86.7099,46.6872,26.9204,49.1113,52.8888,0.939433,3.15623,11.9125,test
1404,0.0513759,0.137893,2697.09,3436.11,1201.21,185.524,40.8492,20.0161,41.0714,83.0937,0.998465,8.6689,16.6633,train
1405,1.19783,2.72362,3745.46,3555.44,5443.49,142.562,7.31844,382.874,57.2215,46.8565,0.631014,1.21332,70.3362,test
1406,0.104142,0.111978,1514.1,3920.46,149.662,103.72,6.90286,8.64719,48.8801,26.6001,0.566426,0.949142,57.778,train
1407,1.04091,3.79471,2299.32,3072.97,130.494,97.5643,42.3464,6.97532,94.6499,42.9446,0.0527803,0.0545227,53.4532,train
1408,1.59826,1.19626,3105.79,2041.71,987.392,167.5,38.9486,97.2574,147.907,78.7689,0.309761,0.404271,98.4993,train
1409,0.378503,0.0541945,1757.99,3269.97,1122.21,164.503,8.75887,27.4053,123.318,163.404,0.992939,6.3325,24.4208,train
1410,1.57511,0.565597,2106.29,2772.83,1243.5,181.889,38.4959,111.556,148.263,109.628,0.496063,0.792897,89.7112,train
1411,0.23209,0.452151,2834.33,1155.02,123.317,123.4,19.0673,10.6155,107.262,39.394,0.194827,0.236128,86.0832,train
1412,3.81378,2.65682,1869.35,3621.65,1541.16,145.313,23.1798,158.383,123.098,39.6401,0.181897,0.216173,102.769,test
1413,2.12135,0.680738,1231.01,1812.57,7594.92,206.668,48.4305,191.167,133.464,203.361,0.979099,6.15529,25.1703,train
1414,0.0701078,0.359599,3911.79,4158.01,4293.06,129.883,41.6565,24.1958,41.6567,57.8387,0.999998,15.654,5.63603,train
1415,0.10431,2.69081,3959.86,2318.18,6264.23,205.872,22.5835,75.7078,22.5836,34.7204,0.999999,15.1656,12.0857,test
1416,0.569987,0.119406,2319.26,1694.1,241.143,234.797,35.6416,27.1206,214.282,169.712,0.673194,1.19209,112.467,train
1417,3.26872,0.0576877,3285.13,3889.92,11256.4,80.4372,36.4818,9.8636,79.5186,80.4372,1,50.162,0.876267,train
1418,0.508165,0.0519182,1052.86,3035.72,9787.26,126.017,23.3252,16.1852,95.7661,126.017,1,62.0983,1.6537,train
1419,0.18448,3.9999,1645.56,2763.39,1640.07,198.388,37.8684,48.4817,38.6842,42.2546,0.994917,5.40258,29.5607,test
1420,0.0908233,0.606416,3923.3,1357.3,369.321,272.714,23.0556,52.0572,126.62,86.3016,0.585175,1.03647,140.954,test
1421,4.73601,4.89715,2463.59,1956.94,1836.73,174.392,23.901,235.317,154.224,48.4557,0.163163,0.191657,128.117,train
1422,0.16107,0.232293,1927.06,4000.66,9424.75,107.243,12.7569,29.3277,12.7569,44.315,1,30.364,3.11178,train
1423,2.58139,0.644618,1979.14,1250.96,13675.3,207.681,50.1287,127.048,182.813,207.681,0.999999,16.9587,9.29031,train
1424,0.128073,4.51157,3102.73,1885.17,832.141,165.559,43.2233,42.2776,59.1665,48.1942,0.869676,2.09409,50.8059,train
1425,0.102972,0.529875,2032.78,1647.21,3289.7,267.043,53.7424,44.6477,53.7435,104.896,0.999995,15.7161,13.572,train
1426,2.42293,4.47111,3211.72,1653.53,1447.17,212.188,25.5218,226.842,183.037,56.2047,0.164374,0.195747,156.748,train
1427,0.192391,0.0604053,2343.6,2567.11,9078.01,177.082,57.2825,18.5769,135.881,177.082,1,58.5425,2.04637,train
1428,0.185506,0.610805,3986.09,4085.66,2222.95,80.2344,52.9139,18.4243,55.3179,60.2968,0.912008,3.00625,8.28824,train
1429,0.0852124,0.0949647,4181,4110.71,1223.27,179.625,57.3791,34.8493,81.8087,146.651,0.80016,3.43352,28.4886,train
1430,0.158981,1.10078,1862.15,3031.17,228.952,262.613,26.7107,36.9416,137.83,37.7822,0.52896,0.773361,161.351,test
1431,0.384801,0.706384,1384,3743.16,242.577,198.594,13.1215,35.0232,132.831,26.3672,0.354572,0.455489,144.38,train
1432,0.136036,0.139795,2474.64,2383.38,7410.77,238.893,31.7722,66.3539,41.7869,230.922,0.961518,22.2422,8.95371,train
1433,0.573165,0.289147,1076.34,2829.93,4960.71,205.544,24.3882,107.514,31.2683,155.78,0.962021,8.04109,21.6731,test
1434,0.193353,0.471918,4071.4,2695.36,1364.24,100.378,50.2529,28.0392,64.7604,72.2965,0.710577,1.73299,20.553,test
1435,0.823241,2.41201,1234.81,2890.04,5537.38,259.171,31.5318,229.518,33.3882,64.4574,0.991845,5.44726,41.4489,test
1436,1.72317,3.55197,1915.77,2912.19,860.747,193.867,21.0453,126.644,155.504,33.2885,0.22198,0.260738,147.133,train
1437,0.639238,0.142971,1266.3,1229.24,425.719,112.7,5.45314,16.5587,92.244,99.6727,0.878527,2.42235,38.8959,test
1438,0.0912298,0.231894,3290.04,1960.81,19548.1,124.746,34.1641,27.1882,34.1641,93.9579,1,65.1278,1.39083,train
1439,0.0506283,4.7309,2842.23,3019.52,110.731,133.592,18.3207,8.88539,71.844,18.9427,0.535676,0.769513,80.2431,test
1440,0.257886,0.374127,3031.47,3354.78,1951.28,232.803,26.8991,129.686,66.9171,130.225,0.805647,2.49596,66.4618,test
1441,1.91047,0.108497,1131.94,2673.94,461.971,134.316,55.971,17.5984,126.178,116.631,0.774272,1.59238,38.0941,test
1442,0.213898,0.863316,1132.96,3506.99,1125.84,150.379,11.6449,33.1895,13.4244,22.607,0.987173,4.64574,29.4797,test
1443,0.0617973,0.168478,1529.68,3918.68,10408.4,192.651,6.58262,17.5891,6.58262,33.2242,1,110.107,1.68989,train
1444,0.161463,2.13475,3882.17,2768.02,2954.74,233.301,55.9546,109.693,58.3031,74.5183,0.986758,4.71382,37.1245,train
1445,0.164137,1.33467,2977.22,2204.57,5606.51,258.943,23.6988,114.951,23.7126,62.7663,0.999942,11.4729,20.5031,train
1446,0.068435,0.683178,2792.78,1985.26,131.591,264.628,16.5588,22.9601,144.496,33.4874,0.484269,0.688511,174.481,train
1447,2.49372,0.688026,3867.81,1825.65,800.365,115.403,33.1747,47.4995,110.479,70.9899,0.45988,0.637186,59.3472,train
1448,0.153753,0.336,2330.38,3021,2457.74,297.064,54.1118,86.3821,55.9773,139.213,0.992321,6.85939,35.147,train
1449,0.190992,1.27142,1555.34,1091.63,308.953,263.716,36.8759,41.5577,123.818,66.8185,0.616727,1.04005,134.511,train
1450,0.260294,0.483696,4045.68,3121.36,1932.53,131.732,54.7635,57.5827,77.0507,92.9031,0.710435,1.83514,29.7965,train
1451,4.37416,0.283905,4080.37,2434.56,4412.34,159.522,44.4661,79.3595,155.076,159.283,0.997921,6.38375,17.9858,train
1452,0.145534,0.253576,2736.86,3454.37,193.936,144.055,59.5102,12.0559,113.787,73.2735,0.358009,0.486899,62.1642,train
1453,0.224969,0.821665,1970.46,3371.71,7092.46,287.15,6.33425,124.483,6.3346,51.2674,0.999999,15.9995,17.5515,test
1454,2.65234,0.306587,2048.31,2724.63,238.321,135.482,44.0447,18.6341,132.052,66.352,0.243964,0.2853,78.1888,test
1455,0.529148,2.88387,3482.27,3885.56,12055.2,95.7389,28.7997,122.909,29.0362,39.7684,0.996466,6.54233,10.1955,train
1456,0.38184,3.68321,1453.55,1366.42,14722.5,222.337,22.7085,110.799,22.7085,44.7238,1,26.5258,7.52581,train
1457,1.23326,0.79443,1736.82,3000.54,133.895,143.124,33.4862,13.8577,136.655,39.2996,0.0590092,0.0625111,103.496,train
1458,4.74678,2.70361,2110.04,1633.26,3116.04,274.314,8.89962,543.631,220.037,132.013,0.463853,0.705673,174.462,train
1459,4.58074,3.73261,1431.61,3334.76,146.264,110.499,9.67014,14.5006,108.288,10.8351,0.0219302,0.0223038,99.1397,test
1460,0.109357,0.29865,1914.13,2920.25,468.66,189.085,25.78,29.2281,49.4541,59.2933,0.855031,2.23892,62.3652,train
1461,3.80849,2.2972,3045.25,1510.16,3839.68,221.422,46.5626,379.627,188.689,155.992,0.625814,1.10681,98.8694,test
1462,1.69452,0.323353,2624.06,3682.94,1994.01,255.694,30.1498,205.958,209.375,203.095,0.76679,1.67439,103.289,train
1463,1.2244,1.93596,3152.29,1530.04,5479.4,110.813,41.3982,143.523,73.6278,89.8512,0.698019,1.84984,26.1931,train
1464,0.157526,3.07719,1026.72,2916.79,1005.76,120.291,53.9223,10.7107,54.0676,55.1156,0.997812,6.21859,10.6493,train
1465,0.126659,0.20351,1407.93,1066.2,626.968,209.617,8.95443,29.7059,43.0352,145.859,0.830159,3.51584,47.3803,test
1466,0.546331,0.162748,2466.36,3170.84,1477.93,121.594,52.8453,31.4763,98.2339,113.84,0.887218,2.86394,21.2976,test
1467,2.175,0.227722,2224.79,1670.04,598.765,261.583,11.2392,74.2579,246.237,206.497,0.779961,1.57443,124.018,test
1468,2.04974,0.122562,2655.54,2702.89,819.039,133.862,38.0564,28.7965,128.571,124.984,0.907333,2.47241,35.1589,train
1469,0.14571,3.96172,3373.93,3925.58,1514.46,98.6413,24.2013,34.7985,27.857,26.4389,0.950892,3.08059,22.9776,train
1470,0.319238,4.43766,3777.71,2199.72,296.955,203.062,42.8889,41.6425,168.533,47.1548,0.215577,0.246233,140.232,train
1471,0.762539,1.28412,2256.12,2498.73,665.234,165.341,16.2888,76.2917,120.996,40.0656,0.297518,0.386679,114.684,train
1472,0.093795,0.118671,4149.1,4077.62,140.744,239.514,10.0131,24.3472,176.951,60.3281,0.272604,0.361656,172.99,train
1473,0.829221,0.0580325,2172.04,2519.11,14591.8,218.378,56.8811,23.6092,205.27,218.378,1,99.814,1.61798,test
1474,4.11331,1.33675,2919.32,3973.63,19126.1,169.297,27.8655,691.45,111.715,158.039,0.920399,3.60071,36.1522,train
1475,2.05415,0.509845,2407.29,3818.72,1245.62,255.13,49.205,175.887,219.561,139.545,0.438702,0.639779,141.205,train
1476,0.0871025,0.659329,1783.52,3427.83,4844.58,132.817,40.0787,14.4068,40.0787,46.4532,1,31.1852,2.9738,train
1477,0.620806,0.108863,1709.38,2790,175.606,197.425,27.1167,21.5785,177.091,98.162,0.417156,0.578168,122.88,train
1478,0.0815315,3.08289,3291,1801.11,168.44,252.474,41.8074,26.1183,155.134,46.5112,0.462057,0.627757,155.06,train
1479,0.919182,0.382979,2133.29,1551.68,217.192,198.294,26.9421,29.9281,183.031,77.3038,0.293909,0.365482,137.795,test
1480,4.25569,2.83786,1960.75,2601.62,113.697,200.157,20.3386,20.1524,197.742,23.0681,0.0151794,0.0153997,177.247,train
1481,1.33616,0.0547365,2104.61,2297.57,350.685,97.1447,22.7489,8.73133,94.0397,92.1769,0.933225,2.7885,24.898,test
1482,0.0742955,2.35361,3740.25,2147.79,1090.93,244.59,6.743,64.5629,12.2522,19.5149,0.976837,3.92583,59.1818,train
1483,3.89264,1.30954,2676.27,1414.55,1307.4,268.741,12.6514,231.937,246.478,137.859,0.488922,0.70578,177.404,train
1484,1.97632,0.38037,1980.68,1244.47,222.719,183.764,22.2798,28.1439,176.574,81.7357,0.368184,0.47051,126.365,train
1485,0.143823,0.319298,1514.72,3310.45,213.161,109.422,42.4583,8.7044,69.4657,50.6932,0.596683,0.978474,40.8348,train
1486,1.74882,0.401,3445.72,2977.31,5011.5,150.242,19.8139,151.377,125.121,146.606,0.972121,4.19759,30.2058,test
1487,0.334971,0.0607423,1743.98,2457.53,2975.66,140.921,20.1992,18.0209,110.073,140.921,1,19.934,6.0561,train
1488,0.0805789,0.161849,3710.12,1006.52,17513.5,299.599,10.9558,47.0211,142.315,299.599,1,107.508,2.68485,train
1489,0.0505645,1.73794,2374,3342.44,316.375,87.7524,37.1423,5.62421,40.8997,38.1105,0.925758,2.63557,17.777,train
1490,4.86744,1.16961,2498.26,2051.36,122.476,220.191,48.3254,20.4225,218.511,56.8373,0.0495262,0.0510467,166.746,train
1491,0.645103,0.164337,3938.81,2437.96,518.622,269.054,36.2496,65.3892,243.32,199.458,0.701054,1.29446,126.082,train
1492,0.136688,2.47288,2855.79,1677.26,1095.54,242.872,44.1805,71.9908,58.4474,61.5374,0.928196,2.80653,65.7126,train
1493,0.496507,0.262448,3843.99,3523.86,2822.7,93.1371,24.7235,55.7521,63.9256,85.0071,0.881164,3.05213,19.7513,train
1494,0.241704,0.926534,3082.07,1742.33,351.419,274.063,44.0243,59.8777,193.685,81.1158,0.349411,0.471734,170.389,test
1495,2.97907,4.071,2505.39,3680.42,863.365,104.229,52.2859,41.2589,98.7007,55.0396,0.106423,0.115674,47.7884,train
1496,0.214809,1.9918,3086.83,2000.73,11688,212.058,43.4994,111.768,43.4995,71.5462,1,17.6269,9.56261,test
1497,0.185041,0.0892898,3974.27,2377.17,220.902,98.7764,10.287,11.3925,83.2849,63.9602,0.606549,1.04073,51.5727,train
1498,3.9187,4.54422,4103.17,3545.06,408.684,186.277,45.622,56.0597,182.79,49.1019,0.0247877,0.0254171,137.171,train
1499,0.382936,0.36557,1845.08,2948.75,742.949,258.64,52.0284,81.5945,143.157,127.721,0.55894,1.05152,109.825,train
1500,0.128564,0.0859431,3416.52,2876.15,464.981,191.727,40.8257,27.782,128.477,153.219,0.744814,1.8811,59.7488,train
1501,0.119337,0.091376,3432.18,2385.53,824.819,282.51,5.16494,55.159,147.84,258.211,0.912387,3.78392,66.874,train
1502,0.1272,0.362417,3533.39,2545.55,10979.7,256.523,33.9743,100.024,33.9747,142.395,0.999998,24.4293,9.10991,train
1503,0.420011,0.119679,3145.51,1504.3,8171.51,119.688,23.2253,17.3664,106.543,119.688,1,45.389,2.12524,train
1504,1.30325,0.39641,2539.53,2007.76,444.45,204.468,18.2488,60.7984,186.098,94.6388,0.410215,0.558428,136.795,train
1505,0.165923,0.101211,3042.4,1403.94,417.129,238.604,19.0878,28.3766,182.391,218.791,0.909742,2.93559,68.0284,test
1506,0.0832086,0.309739,2923.82,3888.03,2286.93,141.787,19.315,29.7827,19.369,44.0459,0.999559,9.40015,13.023,train
1507,1.20284,0.368586,3130.76,1108.97,4903.03,182.506,33.0898,61.0724,166.288,182.503,0.99998,11.9952,12.4561,test
1508,0.115495,1.56489,1334.57,1538.45,3003.66,239.426,18.8786,33.9942,18.8786,32.9988,1,19.4871,11.3176,train
1509,4.22239,2.62854,2397.18,3174.68,13242.9,265.579,25.6258,1294.83,137.654,180.793,0.646655,1.58697,97.7755,test
1510,0.435142,4.39378,3671.02,1734.13,7429.96,235.023,8.79229,354.114,13.344,55.2678,0.97988,4.65123,47.6603,test
1511,0.261644,0.632347,3623.69,1971.41,120.169,206.633,56.7493,16.2025,189.544,69.7465,0.114016,0.126745,134.83,train
1512,0.141635,0.114326,2278.66,3298.69,160.045,177.745,58.5195,13.0645,137.265,93.1616,0.339524,0.495897,81.63,train
1513,0.121039,0.374031,2266.5,1138.23,659.456,272.891,39.9038,50.5979,88.4523,158.753,0.791626,2.40384,76.7268,train
1514,0.355374,0.0818864,3920.98,3485.47,334.772,270.619,39.1469,43.5814,239.342,191.843,0.659675,1.17294,130.182,train
1515,1.8999,4.09305,2136.09,3317.7,4397.88,179.337,35.0356,362.349,90.0528,61.7191,0.618735,1.08366,82.3917,train
1516,0.763618,0.0552494,1713.7,1799.63,373.272,124.865,59.1414,6.34631,120.016,122.969,0.971148,3.75417,17.0018,train
1517,0.0641019,0.485419,1724.73,1371.42,128.32,247.586,29.2988,15.9734,103.107,53.2932,0.661877,1.16065,124.481,train
1518,0.105857,0.0877573,2464.91,3284.63,150.688,179.102,36.1643,13.8926,125.859,84.3609,0.372492,0.577507,92.1945,test
1519,0.0731854,1.61164,2434.05,2278.92,251.218,95.2266,8.61074,11.5431,30.4273,11.7536,0.748123,1.41026,45.9487,train
1520,0.193299,1.85223,2381.95,1700.41,3029.33,289.382,29.449,119.309,30.2558,67.3303,0.996896,6.57939,39.3845,test
1521,1.51007,1.1791,1528.59,1459.85,4344.05,185.915,51.0341,181.015,107.495,156.195,0.779662,2.52369,41.6696,test
1522,0.497775,1.86906,2901.04,1904.27,9386.52,247.839,39.4659,297.115,42.0898,122.944,0.987408,6.50008,31.6533,train
1523,0.335575,0.756636,1526.39,4025.12,788.793,273.056,33.4652,92.9778,91.5369,63.9942,0.757622,1.53995,117.874,train
1524,0.11382,0.426543,3039.91,2031.44,13944.2,139.012,19.2133,41.4506,19.2133,67.0503,1,40.301,2.9726,train
1525,0.291119,0.23121,4183.64,2289.93,605.531,225.207,28.6679,64.1558,172.531,149.841,0.616535,1.14369,105.95,train
1526,0.0745708,0.0575964,2956.7,2847.49,577.875,268.205,59.0099,29.2057,135.743,237.088,0.851253,3.52352,50.5398,train
1527,4.07439,0.0954076,3447.03,2142.55,691.261,252.296,36.036,42.6505,249.259,244.682,0.964795,3.38165,61.6995,train
1528,2.51198,0.264905,2775.14,1082.11,6135.17,89.5765,37.7725,14.8499,87.4463,89.5765,1,21.4026,2.42046,train
1529,0.075639,0.894175,1019.74,1323.38,1147.4,203.037,51.6242,11.6788,51.6243,61.4936,0.999999,14.8758,10.1784,train
1530,0.170758,0.328328,2525.15,1627.62,2273.61,146.814,31.978,44.6411,43.2836,115.514,0.90155,5.27287,19.6345,train
1531,0.241919,0.248095,2766.84,3452.44,18083.1,147.172,19.3799,85.4867,19.4562,119.186,0.999402,27.0159,4.72742,train
1532,0.227643,3.01471,2897.37,1711.57,621.457,129.984,5.24158,48.8486,55.9222,14.7086,0.593717,0.942219,78.6034,train
1533,0.70688,0.0522404,3417.54,1496.78,13116.6,194.081,59.0194,10.5608,189.71,194.081,1,167.748,0.805146,train
1534,0.197852,0.208546,1351.5,3669.77,18201.6,243.464,27.8875,57.6448,27.8875,103.209,1,68.0693,3.16702,train
1535,1.73858,0.42487,1199.86,4135.87,2145.84,203.145,42.0915,162.403,125.293,134.513,0.573856,1.22116,75.683,train
1536,0.355689,3.4611,4050,3957.1,130.734,130.016,6.00362,15.4304,119.305,7.13026,0.0863747,0.0907538,118.029,train
1537,0.170305,2.1488,2289.14,2641.38,932.576,293.296,15.0579,97.5039,43.1902,32.2367,0.898891,2.39213,104.553,train
1538,1.60241,0.469159,2181.25,1204.99,304.782,93.2704,13.6234,18.2502,88.049,45.9056,0.405317,0.53912,59.8795,train
1539,1.59526,0.477464,2090.82,2967.16,11593.3,213.671,12.6431,283.315,128.73,212.623,0.994786,8.1832,24.4379,test
1540,0.361172,2.2013,1873.2,1851.2,4800.29,190.333,48.224,95.9277,48.5432,71.7642,0.997754,7.09526,19.9837,train
1541,0.214039,2.37325,2944.1,1857.07,790.847,189.333,51.1018,60.3369,93.583,64.792,0.69268,1.25501,76.294,train
1542,4.46983,0.079243,1530.46,1326.23,247.316,190.613,29.8463,15.2535,188.383,174.988,0.90281,2.35328,61.6763,train
1543,0.055696,1.33139,1353.14,1286.78,498.944,272.152,35.9047,17.7742,36.3076,46.2796,0.998295,6.62044,35.6237,train
1544,0.101523,0.065825,2543,2169.74,10591.7,106.533,22.4246,12.0126,60.0038,106.533,1,74.1598,1.13415,train
1545,0.10847,0.332423,1590.85,1907.79,258.461,81.733,41.2273,5.10733,52.1353,49.2805,0.730703,1.49782,19.7606,train
1546,1.47616,0.219035,2447.83,1707.15,5939.46,105.884,43.4275,23.3541,99.4208,105.884,0.999999,15.8841,3.93202,train
1547,0.0648367,0.353719,3312.49,2539.82,3022.17,242.789,17.2831,48.4313,17.287,71.1926,0.999983,14.0716,16.0253,train
1548,3.09197,0.12479,2417.94,4120.93,13505.9,281.923,14.9601,137.286,263.56,281.923,1,26.2633,10.1649,test
1549,0.386721,2.18008,1923.9,3183.6,10464.8,254.869,19.5026,175.115,19.5033,44.7335,0.999997,14.0654,16.7337,train
1550,0.124604,0.375334,2693.93,2951.51,9603.11,91.7541,7.10383,28.4151,7.10383,32.7538,1,28.6083,2.95894,train
1551,0.614342,3.70596,2558.27,1084.86,164.29,110.575,42.8401,10.3707,103.976,45.4196,0.0974183,0.104533,63.1241,train
1552,0.184904,0.782886,3922.27,3160.45,132.988,292.998,17.5282,32.7103,247.895,30.7484,0.16373,0.183371,245.964,train
1553,0.178783,0.0947121,3912.11,3814.9,1046.26,198.222,21.7823,55.0397,119.529,174.113,0.863358,2.89569,52.6061,train
1554,0.123377,0.0771623,2703.3,3408.2,2594.46,242.63,46.8185,49.997,92.725,236.932,0.970901,9.86544,19.2707,train
1555,0.956049,3.57997,3484.49,4104.65,17973.7,143.526,22.7795,397.434,24.2242,49.8259,0.988035,5.39534,22.1119,test
1556,0.409234,0.299609,2745.16,3791.92,15889.5,95.3052,24.8664,74.2836,29.1821,90.2515,0.938731,14.1439,4.67502,train
1557,0.266165,0.146371,2860.5,4142.12,235.712,189.951,8.8106,31.6341,148.401,60.9874,0.288047,0.388779,134.207,train
1558,0.671065,0.519252,1446.18,2122.7,2930.54,262.783,57.9544,155.909,102.132,199.405,0.784321,3.01968,53.2015,train
1559,0.275576,0.507762,2439.73,1436.23,19250.8,111.532,24.8845,57.7163,25.6871,104.028,0.990737,28.6329,2.99813,test
1560,4.70798,0.141331,2845.9,4162.26,6285.01,158.766,48.1032,65.0958,153.908,158.762,0.999965,10.6842,10.3573,test
1561,0.60243,1.15687,2581.28,3911.48,419.397,115.044,22.1518,32.9099,93.8808,29.4246,0.227826,0.269701,78.4695,train
1562,0.172396,2.6276,1265.54,4161.37,138.133,88.722,55.7924,3.35753,73.3327,56.0994,0.467339,0.633135,24.3065,test
1563,0.621892,0.22785,3756.14,3254.44,4377.06,81.223,30.2454,37.3394,65.2381,80.6004,0.987787,5.9028,8.5307,train
1564,0.053861,0.25698,1858.17,3589.05,513.805,111.291,13.7413,9.67339,14.637,24.2294,0.990818,5.13381,18.8269,test
1565,3.91488,0.449376,1408.85,2994.55,161.217,89.3081,24.4114,9.73069,87.5438,31.6425,0.111424,0.119803,60.3578,train
1566,1.12107,0.643873,1993.61,3401.68,634.642,293.903,52.7094,118.949,240.681,107.018,0.225167,0.289758,187.427,train
1567,0.745203,0.229169,1389.56,4191.84,434.74,110.039,6.34447,31.3867,79.7285,39.0171,0.315085,0.452551,72.1965,test
1568,1.46523,0.0853906,2903.09,2917.11,3273.39,209.555,25.0236,45.9656,198.749,209.555,0.999996,13.1412,14.0422,train
1569,2.06147,0.0629825,2672.47,3883.37,155.331,246.009,53.0178,22.0076,242.014,142.997,0.466237,0.635082,141.682,test
1570,0.084816,1.07716,1846.75,2772.37,16005.7,294.09,46.4646,38.7867,46.4646,59.4528,1,102.185,2.4233,train
1571,3.08483,0.0714105,2402,4138.98,3488.42,222.886,46.0549,52.2647,215.833,222.884,0.999988,11.8025,14.9824,train
1572,0.0823384,0.179168,2887.15,3469.92,758.797,227.515,18.6722,45.1366,37.6453,91.2744,0.909151,3.19193,59.4844,train
1573,3.81904,0.181355,3833.24,2122.01,1291.93,199.375,7.69591,71.0293,194.523,192.266,0.962912,3.35707,54.9793,train
1574,0.612986,0.587327,2687.14,1937.71,5862.04,120.813,27.1585,98.7834,60.8412,113.958,0.926807,5.15087,16.8514,train
1575,0.336644,2.22961,3710.71,3017.86,2891.99,214.335,47.7277,181.652,68.9184,74.7245,0.87281,2.31509,62.8123,train
1576,1.31598,0.216375,1448.97,3174.95,12720.9,253.855,10.2365,167.361,166.086,253.854,0.999995,18.5171,13.1564,train
1577,0.207657,0.0678635,1164.11,4100.03,376.338,96.3447,17.439,12.0803,46.3718,60.8553,0.633325,1.55681,32.0995,test
1578,1.34739,0.172225,1468.36,1022.99,14782.3,160.292,12.7521,25.9944,147.154,160.292,1,83.9018,1.75849,train
1579,0.39556,0.351523,2328.3,4022.34,3174.94,108.394,23.0858,68.3275,34.2042,71.4099,0.869669,3.44735,21.5209,train
1580,2.03044,0.103315,2655.43,3606.44,248.086,83.0988,51.8058,5.59428,82.0613,66.82,0.479796,0.665827,22.5498,train
1581,3.66661,0.32793,3154.34,3169.95,150.53,175,42.2061,18.5026,173.4,60.0052,0.134036,0.144807,122.917,train
1582,0.165216,0.0720728,3941.54,3325.61,10899.8,84.7769,56.9445,6.67104,74.5327,84.7769,1,45.4752,0.612034,train
1583,1.31787,0.0623467,4094.34,2395.79,143.32,293.927,50.5465,22.2951,289.795,199.807,0.613281,0.959496,155.562,train
1584,0.18061,1.01766,3448.33,3223.2,185.459,133.825,37.4457,15.122,109.544,42.0559,0.251929,0.297781,81.5384,train
1585,0.611781,3.62264,2684.38,3532.51,1799.51,157.862,36.0693,129.449,79.0382,46.1848,0.647197,1.09576,71.9357,test
1586,0.479043,0.0893897,1196.53,2628.04,6867.37,100.229,37.3085,14.7813,74.4413,100.229,1,29.2329,2.15239,train
1587,0.862157,0.411183,2219.19,1612.53,211.358,244.392,16.2267,39.5856,223.702,75.9295,0.261665,0.318768,187.292,train
1588,1.45543,1.20864,3859.37,3816.34,878.846,102.583,35.0824,50.548,93.5841,46.0411,0.162349,0.190532,57.5163,train
1589,0.122261,4.17859,1974.84,1214.67,797.594,208.054,45.3391,37.674,52.0186,52.7617,0.95895,3.3034,47.2346,train
1590,0.563236,0.0664883,1662.9,2998.37,492.64,178.104,31.3692,25.8573,150.496,161.073,0.883934,2.47115,52.4872,train
1591,0.908431,0.534345,3388.75,2770.82,7916.26,229.75,55.26,249.728,148.629,223.93,0.966645,5.34676,31.5462,train
1592,0.110778,1.0626,3629.79,1683.7,11862.9,267.598,45.6354,89.2517,45.6354,95.5219,1,29.5021,7.52361,test
1593,0.505632,0.386136,1505.19,2193.64,704.674,183.457,52.6267,49.0479,119.011,110.532,0.49259,0.925893,69.6037,train
1594,1.40856,2.49585,2817.04,2469.42,338.919,100.562,24.2259,24.1729,94.47,28.148,0.0798054,0.0854141,71.3236,train
1595,3.03133,0.844039,1830.81,3988.89,108.304,253.959,9.30005,25.8298,249.305,16.972,0.0313577,0.0321685,238.493,train
1596,0.389318,1.67442,1840.66,1322.54,2247.33,157.27,10.7574,96.1342,23.1172,54.1688,0.91564,3.13609,42.7771,train
1597,2.28075,0.0603581,4038.56,3666.51,11362.6,292.295,42.6783,55.2411,286.298,292.295,1,51.344,4.86166,test
1598,0.97379,0.800399,1077.46,2357.3,3765.04,165.277,16.1329,140.559,31.3105,90.6298,0.898235,3.58843,37.3328,train
1599,0.175976,0.516901,3741.25,4145.2,7660.45,161.862,34.5309,83.8128,34.5588,73.6472,0.999781,11.6355,10.941,train
1600,1.05558,0.275348,1938.48,3003.46,7847.26,136.899,44.5481,76.214,99.6525,136.706,0.997909,9.48886,9.71218,train
1601,0.229982,2.67167,3856.79,2809.97,113.081,159.3,56.9226,10.7961,147.128,58.3607,0.11889,0.127489,95.4717,test
1602,1.08814,1.10911,1599.8,2279.99,10277.3,116.235,41.2541,123.272,45.422,90.0022,0.944414,5.90381,11.9945,train
1603,2.31842,0.297857,3948.24,3891.29,1501.11,142.528,55.7619,71.0182,134.77,117.035,0.706183,1.29512,47.3106,train
1604,1.47944,0.467947,3359.26,4109.26,14817,218.859,45.3775,331.769,152.103,217.912,0.994538,7.70548,22.3911,test
1605,2.99793,0.427541,2639.58,3745.8,15667.5,243.081,57.0336,297.855,205.441,243.02,0.999674,9.78309,19.011,train
1606,0.0553678,2.3568,1023.27,4044.34,2826.11,82.4905,41.5848,2.31757,41.5848,41.8279,1,49.8815,0.820057,train
1607,0.125437,0.0903942,2415.27,2404.31,112.518,249.695,49.3954,15.5824,198.262,121.093,0.35795,0.517717,138.488,train
1608,1.5306,0.951566,2712.05,3171.88,509.28,188.994,44.5745,64.186,173.531,65.8405,0.147251,0.168733,126.033,test
1609,2.14672,1.6831,2788.22,2104.8,226.891,208.38,37.0827,36.9785,202.202,47.5209,0.0609367,0.0640465,162.979,train
1610,0.286413,0.362946,3238.83,1221.98,15402.9,103.605,25.4081,34.6812,66.2184,103.605,1,34.7293,2.2516,train
1611,0.185456,0.08639,1085.24,2573.25,309.87,258.003,55.5366,25.4152,131.725,169.863,0.623699,1.53962,82.0191,train
1612,0.196842,0.0734683,4008.07,3608.52,3132.13,203.498,45.0712,41.9899,150.276,203.457,0.99974,11.8144,13.4062,train
1613,0.111925,0.790623,1106.67,2271.82,568.149,241.104,31.8568,25.5807,34.5818,46.0988,0.986977,4.58688,45.0246,train
1614,0.0692357,0.614312,3072.48,3949.19,368.666,153.235,36.8084,20.0325,59.064,45.0656,0.808843,1.73306,54.3378,train
1615,0.971559,1.28714,1816.79,1001.2,1361.25,161.277,38.4093,87.088,111.939,105.989,0.550015,1.05632,63.9764,train
1616,3.30205,0.950168,2405.64,2414.63,5119.99,92.5966,16.6144,147.378,74.0434,80.8508,0.845414,2.2316,28.7848,train
1617,0.144957,0.579991,2137.41,1381.66,1529,99.7072,53.1128,13.9991,54.5244,70.5821,0.969706,4.93495,9.15569,train
1618,0.848426,3.131,1828.94,3916.46,17788.4,151.854,52.8149,153.675,52.8188,65.3471,0.999961,11.4636,8.6391,train
1619,0.457871,0.0630629,2533.29,3927.26,9248.86,286.114,5.93652,69.3901,226.291,286.114,1,37.3443,7.50256,train
1620,2.05736,0.180848,1553.65,3564.38,610.71,194.963,56.6353,52.2612,178.613,137.709,0.586101,0.947406,85.5744,train
1621,1.77612,4.00878,3591.02,2061.67,754.856,220.52,23.5814,134.546,199.425,39.8608,0.107115,0.118351,178.24,train
1622,0.100253,0.0857244,4085.69,3858.44,710.37,106.098,8.40723,23.4829,48.7668,79.4036,0.726749,2.14767,33.0574,test
1623,0.240992,0.0930399,3161,2626.93,5326.41,118.093,12.3285,25.8499,84.1597,118.093,1,21.793,4.85317,train
1624,0.0531872,0.853785,2823.45,2546.67,146.774,83.4804,23.8395,5.50378,46.8303,26.3708,0.614512,0.97738,37.4982,train
1625,0.159879,1.81592,2036.21,3641.3,552.176,193.948,28.4931,43.5525,60.1649,35.0797,0.808577,1.69616,78.8742,train
1626,1.20033,4.80515,3714.38,3423.55,4750.96,222.225,8.03836,589.231,90.066,43.8564,0.617028,1.0656,124.024,test
1627,2.22917,0.0528524,1336.75,3613.46,2576.27,99.4653,35.1116,12.2903,95.3408,99.4651,0.999997,13.4897,4.77056,train
1628,0.182438,2.22405,2207.82,3229.08,162.154,106.467,34.4987,9.52972,82.8075,35.8257,0.328747,0.402578,58.7694,train
1629,0.26049,0.10339,3997.78,3024.58,6845.83,206.469,42.8589,51.1626,157.34,206.469,1,21.892,7.47354,train
1630,0.0759462,0.215848,1420.98,1909.09,18984.7,141.092,25.1627,12.5109,25.1627,55.5236,1,175.918,0.658998,train
1631,0.503659,1.58633,1990.8,1717.46,384.699,225.062,42.0476,55.554,169.656,62.4385,0.302737,0.383668,144.409,train
1632,2.34765,0.122495,2706.3,1233.06,19752.9,164.296,34.0579,19.6717,161.2,164.296,1,130.776,0.995887,train
1633,2.90721,0.521999,4067.94,2806.14,100.297,201.479,23.3459,17.1993,200.024,35.0877,0.0659156,0.0684715,171.483,train
1634,0.211407,0.121137,1283.63,3999.35,291.256,121.935,30.1639,14.4034,68.8582,59.894,0.57836,1.07329,49.4526,test
1635,1.74997,0.269077,3425.1,2989.14,135.066,294.345,30.3862,32.4996,288.923,70.793,0.15308,0.167927,240.621,train
1636,4.64177,0.167937,1717.81,1732.71,7106.4,199.127,39.9847,46.3085,193.32,199.127,1,24.4217,6.51645,train
1637,0.489756,0.423443,3124.65,2359.89,9110.78,149.415,55.7208,92.2143,89.1564,148.002,0.984918,9.11735,10.1214,train
1638,0.219176,0.971963,2595.96,3383.28,13629.4,263.999,8.06891,145.617,8.06891,52.3508,1,23.9544,10.684,train
1639,0.860231,0.140091,1802.54,2354.57,1373.13,246.362,14.9309,74.0524,198.605,239.432,0.970056,4.16285,53.9297,train
1640,0.0878562,0.245772,4104.13,1577.03,591.687,237.802,16.71,50.609,97.4447,147.283,0.634836,1.64096,85.5335,train
1641,0.305611,3.92237,3313.06,3681.64,14329.1,207.215,5.31233,204.428,5.31269,19.4686,0.999998,14.1521,14.2666,test
1642,0.429291,0.0843862,1586.44,3167.2,580.328,193.489,37.1605,34.1998,143.273,165.121,0.818533,2.17133,58.9317,train
1643,0.474939,0.196913,1776.09,2740.26,206.199,139.516,27.0698,17.6339,118.611,59.7498,0.290628,0.382138,85.5189,test
1644,1.17283,0.0640959,4022.62,3990.73,370.244,278.211,21.3732,49.6704,267.683,215.558,0.75606,1.44746,134.156,test
1645,0.0627196,0.499721,1006.56,1181.7,152.754,277.477,52.7948,12.7067,76.2025,74.3127,0.895818,2.41962,83.184,train
1646,0.646384,0.506645,3437.6,2522.53,15612.1,276.283,10.3736,339.032,123.704,275.651,0.997624,12.2158,21.7159,train
1647,1.66776,0.0579921,3794.36,2252.38,8476.73,196.66,7.17582,24.7506,192.749,196.66,1,64.8959,2.91982,train
1648,2.47709,1.44933,2561.58,2119.93,1734.34,142.025,25.3928,141.856,119.669,71.5626,0.395857,0.564475,81.7926,train
1649,0.598024,0.286903,3048.8,2598.39,1927.78,111.683,34.3621,49.5344,84.5149,100.808,0.859354,2.58595,25.695,train
1650,0.147856,1.12476,3211.04,3062.35,176.062,205.185,11.405,27.9769,146.257,19.5274,0.304094,0.370837,158.904,test
1651,2.87861,1.10296,1611.12,1070.28,593.392,167.82,49.4778,52.9194,156.409,94.3068,0.378808,0.502673,89.1813,train
1652,4.31787,0.897203,3657.06,2136.25,4601.49,237.975,23.4058,366.764,214.748,214.763,0.89182,2.4008,79.7055,train
1653,1.48927,3.79102,3200.95,3985.77,9051.84,297.607,59.5969,902.98,108.187,119.357,0.795849,1.89883,99.7564,train
1654,1.3118,2.33536,3976.94,4184.01,1040.99,196.206,15.3046,163.219,164.919,32.0088,0.172947,0.199539,156.793,test
1655,0.0864268,1.69914,4046.69,3619.61,12351.5,148.714,14.7596,46.8496,14.7596,22.3771,1,35.3161,3.79302,train
1656,0.443596,0.419135,3672.6,3679.33,111.774,290.381,25.6434,27.6409,273.414,43.5672,0.0677041,0.0724803,247.292,test
1657,0.0874928,1.63432,1096.45,3931.58,12700.5,223.806,54.2185,16.2687,54.2185,56.7504,1,132.391,1.28095,train
1658,2.89154,0.474101,1314.82,1894.01,10731.9,192.32,10.0979,163.613,149.285,192.305,0.999917,11.9515,15.2455,train
1659,3.9281,1.86273,3639.1,1699.12,1401.28,295.268,44.0118,275.005,276.03,130.901,0.345819,0.442741,196.253,train
1660,0.0872508,0.160516,4052.38,1386.63,129.987,288.591,52.2556,20.7609,229.873,145.531,0.394676,0.584011,159.716,train
1661,0.138039,1.04211,1984.94,1401.55,645.626,96.0913,11.2064,20.393,21.6638,25.1687,0.876804,2.35631,31.5864,train
1662,0.235096,0.0559512,3262.88,1373.8,3338.16,236.23,17.9313,16.7797,214.356,236.23,1,43.4285,5.02663,train
1663,0.146524,0.0797145,2220.01,3014.44,8793.61,108.101,7.07102,24.2765,33.4694,108.099,0.999982,36.5951,2.7607,test
1664,2.541,0.584782,2615.24,1076.17,13106.2,252.9,22.1139,145.239,231.045,252.9,1,20.8259,11.0817,train
1665,1.18202,0.660227,3646.92,2915.25,5053.13,89.5244,25.4608,105.486,65.054,80.2663,0.855486,2.62537,20.8753,train
1666,1.68783,3.06752,2043.91,2465.15,310.489,102.633,11.5552,26.5345,94.9412,15.0642,0.0844515,0.0900026,85.4603,train
1667,1.76967,0.119236,2902.63,4111.6,2141.21,296.008,31.0164,127.648,271.158,291.388,0.982564,4.36757,59.6147,train
1668,0.100567,0.104168,2575.84,3054.7,6499.51,120.225,5.9649,29.5461,6.16661,98.818,0.998235,25.0904,4.54589,train
1669,0.123893,0.134599,3800.4,1664.84,531.448,101.006,37.0407,11.8212,75.8997,89.7937,0.82471,2.37163,22.2434,train
1670,0.199744,1.11112,4188.96,2629.09,4975.32,167.603,44.9826,101.543,46.2446,79.7429,0.989708,5.94623,20.4094,test
1671,1.14059,4.55104,3651.96,1926.08,123.502,295.741,30.2853,32.082,288.039,33.9453,0.0290144,0.0296495,259.769,train
1672,0.179563,0.0694473,3266.38,3623.08,164.827,87.3624,26.012,6.83403,75.7106,53.1728,0.442717,0.655082,41.4618,train
1673,1.68932,0.737641,1824.91,2045.45,488.395,155.384,12.5713,56.0982,137.187,49.7518,0.260345,0.323696,114.862,test
1674,0.152175,1.62576,1244.14,1860.4,1644.93,285.213,26.8447,48.903,26.915,43.0134,0.999728,8.68827,29.7295,train
1675,0.202816,0.73391,1986.39,3534.01,8533.51,200.211,27.7999,69.4596,27.7999,54.5806,1,21.1817,8.13964,train
1676,0.0726172,1.32436,1507.37,1203,19445.2,282.904,35.5851,27.0717,35.5851,52.5771,1,177.646,1.3922,train
1677,1.01793,0.177632,2292.1,2052.21,17391.5,243.729,56.9025,68.1052,214.539,243.729,1,47.7083,3.91601,train
1678,0.66169,0.596595,1198.49,3367.22,271.122,120.88,20.6221,21.886,93.282,31.5167,0.275269,0.341881,80.7237,test
1679,1.41145,1.40162,2868.26,2866.93,1852.09,237.176,7.45784,291.57,165.155,80.0175,0.315863,0.460907,157.428,train
1680,0.094618,3.496,2430.52,2274.34,234.6,211.665,20.9072,27.8778,90.4424,24.4134,0.635479,1.02013,118.831,train
1681,0.63004,3.04546,4119.81,3186.51,425.431,295.426,40.4654,98.155,257.611,50.5799,0.148318,0.163902,230.719,train
1682,1.56766,0.0633244,1661.86,2542.59,102.899,193.369,27.132,12.4943,188.574,104.732,0.466804,0.639089,121.423,train
1683,0.663592,0.669279,2237.6,3488.25,4082.64,271.651,53.7781,267.018,91.8241,168.152,0.825376,2.74952,65.4032,train
1684,0.524515,1.16756,1838.49,2816.55,16423.7,263.433,53.7016,202.247,53.7025,115.203,0.999996,17.0314,12.3143,train
1685,0.394072,0.066134,1164.95,1108.58,176.766,212.801,18.9639,12.6027,185.349,190.861,0.886814,2.41105,71.2956,train
1686,0.411652,1.15958,3433.67,1546.47,100.504,244.426,51.0633,18.2718,231.499,61.2524,0.0668527,0.0711041,181.801,train
1687,0.151827,0.115975,3094.24,1841.54,3080.95,256.513,59.6862,42.0279,167.052,256.472,0.999791,14.4258,13.6412,train
1688,1.46337,0.528423,2468.36,1365.54,19909.7,134.535,42.024,66.7544,116.055,134.535,1,27.5918,3.35285,train
1689,0.264289,0.337536,1354.85,1257.09,1298.29,266.244,34.7475,68.7863,74.1424,196.86,0.829825,3.62578,52.9821,test
1690,0.589335,0.0916086,3806.1,3476.81,2195.6,112.964,8.43797,33.2149,98.1558,112.721,0.997683,6.89343,15.1279,train
1691,3.19917,0.387346,1890.71,1896.94,596.859,136.47,49.995,34.4648,130.772,96.9004,0.542414,0.812305,57.7436,train
1692,1.33139,2.99207,2115.32,3294.19,206.697,158.984,10.8802,29.2269,148.606,13.8455,0.0700703,0.0733923,141.4,test
1693,0.29398,4.82311,3557.68,2049.29,360.515,114.881,43.5679,21.4515,94.3706,45.7382,0.28761,0.344698,59.5024,test
1694,3.59888,0.0752704,3960.37,1585.56,418.474,176.448,51.4391,14.462,175.433,172.617,0.969352,3.5064,34.559,train
1695,0.403768,0.355669,1223.95,1776.32,3091.18,86.041,37.7328,22.2085,41.1019,72.885,0.930257,6.25501,7.18449,train
1696,0.117368,0.121555,4168.47,4076.77,128.065,139.952,25.8574,11.5956,116.251,49.2566,0.207731,0.261762,90.5442,train
1697,2.6895,3.83976,2313.08,1927.7,3084.3,100.758,7.1498,198.189,68.8996,33.9253,0.340335,0.495787,64.2576,train
1698,0.0672154,0.838542,1767.44,1517.26,1678.67,158.458,52.9627,12.5327,52.963,62.8132,0.999998,14.1303,7.46585,test
1699,0.533004,0.167129,4088.61,2585.92,163.334,160.319,19.2814,18.6668,151.753,62.4735,0.306245,0.37793,114.286,train
1700,0.0664873,2.38845,2019.24,2365.96,446.971,201.186,16.0956,23.9079,23.1069,20.3264,0.96212,3.3293,53.4886,test
1701,1.66571,1.2044,3893.08,3009.92,1621.06,170.725,51.7296,142.697,148.72,91.0925,0.330793,0.44717,88.0267,train
1702,0.2704,1.20177,3421.82,3802.7,929.759,252.923,13.0715,134.574,107.479,42.519,0.606393,1.00486,144.741,train
1703,0.225738,2.86346,1778.13,3362.52,590.502,147.241,9.99065,42.0665,42.4388,14.3596,0.763583,1.47114,71.2386,test
1704,2.27247,0.74036,3078.09,4010.17,8736.99,235.309,20.3962,564.843,154.558,210.645,0.885239,2.94277,64.6497,train
1705,1.54594,0.191112,3579.08,2089.1,2327.74,172.874,20.3635,60.6374,161.915,172.241,0.995848,5.83024,26.0499,train
1706,0.486441,2.50143,2390.96,2814.08,106.671,129.149,12.424,11.8142,118.992,14.1023,0.0870232,0.0917158,110.753,train
1707,0.127548,0.06078,1400.03,1144.08,2527.2,91.6303,31.2083,4.20157,68.1015,91.6303,1,36.3432,1.66254,train
1708,2.46397,0.0754823,3352,2746.88,1440.8,119.513,54.7788,13.4072,117.89,119.441,0.998886,6.94893,9.30536,train
1709,0.160666,1.26063,2933.21,3575.47,2705.88,191.201,9.04769,85.3931,10.0024,27.9931,0.994759,5.74172,31.5583,train
1710,0.123654,0.658688,1361.7,2944.55,208.506,281.081,54.1666,26.6214,122.978,67.8923,0.696751,1.23831,127.677,test
1711,0.321259,0.161688,1798.1,2314.03,18221.8,202.221,59.117,53.5427,109.532,202.221,1,48.7017,2.93838,train
1712,1.06913,3.8181,1678.53,2713.98,108.002,246.774,18.1027,23.85,233.483,20.4044,0.0581192,0.0601829,220.829,train
1713,0.226455,1.63848,3811.03,1626.45,17739.8,185.714,46.9641,119.746,46.9642,91.8983,0.999999,20.5553,6.7501,test
1714,3.55203,3.36774,2909.57,3773.39,154.781,217.46,41.3164,26.8984,214.857,43.4331,0.0147759,0.0149765,173.784,train
1715,0.346982,0.556308,1088.82,3635.63,253.313,205.657,39.3082,29.6222,127.25,53.9544,0.471341,0.670493,116.939,train
1716,0.404367,0.60934,2458.54,1738.2,500.346,253.224,41.5535,71.1785,181.626,108.757,0.338249,0.50329,142.259,train
1717,0.261351,0.0595679,3577.32,3208.09,961.324,168.368,24.6785,27.0581,139.426,166.271,0.985407,5.0305,28.1467,train
1718,0.188439,0.464127,3132.38,2650.03,277.88,221.164,23.7977,40.5251,152.508,56.7461,0.34786,0.470773,145.837,train
1719,1.10086,0.148557,1685.69,3545.12,7523.97,225.676,33.1305,101.402,171.033,225.671,0.999974,14.2864,13.4772,test
1720,0.755857,1.97679,1854.29,2010.2,1738.37,81.139,29.3768,47.5585,47.2068,41.345,0.65554,1.2403,27.3581,train
1721,1.94648,0.876726,3155.97,1807.78,3896.73,221.308,17.0248,283.332,175.185,195.791,0.875093,2.45862,72.71,train
1722,1.55315,0.0654228,3327.89,3866.18,10318.8,204.202,29.2833,44.2432,195.642,204.202,1,40.796,4.28763,train
1723,0.0828742,4.47813,2776.27,3402.55,102.199,132.494,19.5909,9.29524,92.0944,20.2009,0.357827,0.444187,90.9524,train
1724,0.538815,1.13997,3946.46,1833.59,9702.01,292.488,51.2291,417.786,96.013,251.104,0.828464,4.64157,43.0618,test
1725,2.91984,0.407673,1166.92,3650.09,14072.6,103.49,42.371,90.6979,76.8703,103.322,0.997257,9.45708,6.44501,train
1726,1.05096,2.19304,4025.83,1743.79,126.345,156.414,7.44128,18.2481,152.101,12.213,0.0320309,0.0330383,144.431,train
1727,1.36265,1.31476,3660.55,2484.9,397.936,137.437,18.4898,42.9936,128.818,31.6496,0.110635,0.121803,108.042,test
1728,1.1784,4.27495,3058.03,3823.4,8308.37,251.702,10.3576,753.07,42.7238,56.4314,0.865892,2.30559,90.6399,train
1729,0.571405,0.637145,1892.68,3651.58,158.837,141.496,39.093,14.6789,127.923,45.4022,0.132543,0.146869,92.4147,train
1730,0.0621724,0.157921,1154.94,2363.69,10930.6,296.487,59.0413,17.0498,59.0413,104.718,1,152.226,1.55982,test
1731,0.187924,0.191663,1840.12,2333.97,724.647,96.0496,44.4443,13.0003,58.4549,73.5059,0.728504,2.09556,17.9402,train
1732,0.623312,0.257488,1842.47,1450.81,3758.72,107.536,6.12985,37.853,74.5749,107.458,0.99924,10.0617,10.0707,train
1733,0.619736,1.27383,2858.05,2735.7,190.042,147.587,16.9537,22.9625,134.623,23.543,0.0992406,0.107294,120.829,train
1734,0.200292,0.233817,2189.54,4074.73,7928.25,159.732,25.2494,58.9755,25.2536,87.1502,0.999969,18.0784,7.43865,train
1735,1.35513,1.02304,2167.83,2250.04,267.53,211.361,36.409,42.4072,196.925,54.8318,0.105302,0.116222,158.514,train
1736,2.94997,0.0756905,2484.93,1549.06,2626.37,227.993,36.506,22.4516,224.93,227.993,1,22.4,8.54852,train
1737,0.662335,0.213459,2837.74,1038.74,7781.63,240.626,36.9618,45.1582,216.6,240.626,1,35.0953,5.80318,train
1738,0.220593,0.765883,3319.36,1259.85,427.603,111.167,18.3081,26.2053,75.3787,45.4669,0.385406,0.583974,61.2842,test
1739,0.0782026,0.250727,3711.48,3938.3,1718.5,157.883,49.476,31.1236,50.6517,80.9955,0.989155,5.92082,18.1109,train
1740,0.446673,3.47818,2312.7,2787.52,12809.6,217.56,8.63289,215.823,8.63577,30.893,0.999986,12.4001,16.8485,train
1741,0.229527,0.19347,3118.68,2307.64,2756.1,220.321,36.2138,78.9686,110.002,213.091,0.96073,6.17325,28.6523,train
1742,0.369508,0.296943,3236.64,1559.89,13992.8,248.892,38.3038,97.5443,167.331,248.892,1,30.209,6.97106,train
1743,0.157721,0.0609838,3292.46,1163.99,3503.57,181.432,37.2904,10.2318,161.728,181.432,1,49.3568,2.9204,train
1744,0.207908,0.0523916,1535.78,3472.76,3878.27,105.3,21.8132,15.1893,57.7299,105.296,0.999955,21.3157,3.91651,test
1745,0.140648,0.079512,1249.3,3042.62,2014.43,87.414,46.7316,7.06076,47.2304,75.9174,0.98774,11.4644,3.50509,train
1746,3.30452,0.127245,3540.23,2108.09,15482,150.255,27.0192,33.0572,147.429,150.255,1,57.7164,2.1352,train
1747,0.244787,4.57783,2584.92,3440.33,557.037,178.596,52.7758,46.2114,105.564,55.71,0.580445,0.880334,82.9592,train
1748,2.89642,3.21565,1860.02,4144.08,280.423,227.14,5.85117,59.8617,216.028,10.3433,0.0502124,0.0520516,213.47,train
1749,0.360288,0.432151,3162.05,1930.8,1507.05,205.268,41.8867,95.2918,121.624,156.091,0.699005,1.80615,63.2309,test
1750,0.784056,0.881274,2515.9,3467.18,5167.14,197.3,20.1714,283.703,53.4782,113.02,0.811963,2.61945,54.9052,test
1751,2.81147,0.143574,3323.43,1488.28,199.379,258.177,52.811,26.4927,255.341,176.796,0.603726,0.933085,132.876,train
1752,1.48234,0.157024,1357.22,1658.49,11815.2,93.6897,22.9242,18.4289,84.5296,93.6897,1,45.3693,1.55977,train
1753,0.439502,0.0776391,3225.52,1107.05,1190.12,114.422,20.1319,8.10432,108.706,114.422,0.999998,13.8465,6.80968,train
1754,0.317479,0.305613,2245.75,2937.35,124.511,99.1924,42.7409,6.07625,90.67,49.5096,0.150968,0.174636,48.8007,train
1755,0.363132,0.370216,1104.25,1654.52,1723.52,145.997,19.8402,45.9379,31.4348,94.8374,0.908094,4.29819,26.6536,train
1756,0.133958,3.28989,3864.02,1528.9,548.672,168.721,56.2465,37.2029,96.8473,63.6428,0.639021,1.05999,67.8053,train
1757,0.452103,4.16318,3632.24,2708.4,3868.36,82.052,47.9729,49.4462,51.9412,52.3582,0.883556,2.35567,12.7822,train
1758,3.83558,3.25801,2847.72,2619.45,1544.3,182.332,12.6674,225.622,161.676,39.1047,0.155821,0.180954,146.099,test
1759,0.532441,0.983971,3881.66,1391.87,2557.76,144.127,8.242,134.43,79.0829,106.398,0.722346,1.86758,52.5579,train
1760,1.26577,3.12048,3401.24,3451.05,879.443,162.988,15.5333,113.333,136.663,26.0573,0.178528,0.204275,128.869,train
1761,0.462519,0.308343,2828.04,2407.5,19601,131.92,45.274,64.3199,82.7461,131.919,0.999995,26.4044,3.28146,train
1762,0.274466,3.30588,1951.85,2542.28,1338.34,231.325,58.4728,84.1884,74.1744,68.4899,0.909162,2.49822,62.9052,train
1763,1.23935,0.132172,3973.79,2219.68,2243.23,247.007,9.28521,69.6933,232.856,246.839,0.999291,7.64617,31.0683,test
1764,0.116816,0.959095,2899.28,2206.58,19935.2,135.568,8.53503,43.024,8.53503,28.8647,1,58.861,2.15819,train
1765,3.68324,0.120267,1121.72,1469.6,2794.01,185.82,13.1252,30.5226,178.432,185.819,1,15.8083,10.9243,train
1766,0.177246,0.26052,2408.4,4124.19,1752.36,86.5042,53.6217,13.2995,55.349,65.9998,0.947471,4.10505,7.58947,test
1767,3.15051,0.349371,3253.65,3190.82,1252.45,241.431,7.56743,171.787,224.672,161.667,0.658929,1.12349,137.161,test
1768,0.132583,0.892205,1549.33,4089.82,101.292,251.455,19.0075,18.4174,161.795,24.0548,0.385719,0.493109,181.824,test
1769,2.32756,3.27323,2375.5,3940.22,241.47,133.446,42.3966,21.3195,129.59,44.0496,0.042349,0.0436724,88.2907,train
1770,0.0960424,0.0939684,2768.62,1724.56,914.837,260.813,51.2501,32.3925,138.993,251.137,0.953829,5.64526,35.4079,train
1771,0.0677467,0.414956,3983.16,1136.64,525.332,218.281,48.4993,34.4708,90.5385,121.584,0.752393,1.94679,65.6171,test
1772,0.678207,1.22137,3029.93,1867.96,103.622,191.631,56.4641,13.3658,185.127,62.3225,0.0481204,0.0504265,128.985,train
1773,1.95629,1.49507,3695.76,3362.86,12623,268.891,6.9304,1040.97,124.911,213.977,0.790375,2.51068,82.4665,test
1774,0.993077,0.124575,3172.73,2982.43,383.577,294.954,9.45514,66.5618,273.828,188.608,0.62751,1.03241,173.529,train
1775,0.242492,0.238225,1773.5,4080.66,399.711,291.175,31.0967,61.4186,148.361,94.2771,0.549119,0.929432,153.657,train
1776,4.2556,0.0861411,3269.68,4082.43,9878.62,195.611,29.8101,58.3064,191.421,195.611,1,28.091,5.90229,train
1777,4.43207,1.84137,1301.38,2125.01,1031.56,192.993,54.2011,117.178,172.677,84.1474,0.215764,0.263628,113.593,train
1778,0.153404,0.320574,1486.26,1913.37,750.702,231.507,35.5011,40.9666,51.8279,102.29,0.916703,3.29257,54.5711,train
1779,3.29264,0.0965271,3727.22,1661.65,2615.08,224.285,39.9782,29.5618,221.876,224.285,1,16.304,11.3043,train
1780,0.078665,1.41215,2531.42,3415.33,117.059,115.963,41.5357,6.53894,83.1259,42.8915,0.441195,0.587841,55.8601,test
1781,0.0904914,4.13299,1812.39,4166.34,16202.7,93.5908,7.11512,14.1825,7.11512,7.93876,1,98.7932,0.87532,train
1782,1.37788,0.398238,1416.74,2586.47,6425.83,229.964,18.4221,212.337,121.191,224.568,0.97449,6.23848,33.0442,train
1783,0.134093,0.899237,3611.04,1062.77,7692.67,183.248,56.041,61.5834,56.0657,120.48,0.999805,15.8869,8.00547,train
1784,2.08969,1.57283,1111.1,1049.46,9319.16,242.251,20.0942,342.627,94.6848,227.668,0.934357,5.64584,36.7659,test
1785,0.392516,0.0511544,3901.42,2188.48,769.918,181.136,55.911,13.9968,171.996,180.938,0.99842,6.87731,18.1796,train
1786,0.262934,0.276306,2734.02,3274.33,570.969,199.088,21.5374,59.1148,116.855,86.8781,0.463153,0.794262,103.534,train
1787,1.13896,2.87906,1083.93,2506.3,249.763,137.368,7.48403,28.9437,113.923,11.4952,0.180505,0.20231,115.884,train
1788,2.25556,0.255862,2422.42,2020.87,2348.12,297.78,36.2976,133.195,273.403,293.896,0.985144,4.54125,56.724,train
1789,2.95376,0.206564,2372.55,1890.75,15074.6,245.845,20.0213,88.1981,233.26,245.845,1,38.5974,5.85076,train
1790,0.0592675,0.0797639,3988.47,2217.06,722.044,212.367,21.6531,29.5794,87.2352,188.918,0.877049,4.08301,40.9661,train
1791,0.0547232,2.14945,3838.71,4030.78,158.553,81.8782,9.44843,8.02327,43.6842,10.3745,0.527324,0.754778,50.6029,train
1792,4.51843,1.59598,2156.12,3691.62,1660.89,143.629,30.5035,153.101,127.914,56.4892,0.229706,0.281902,92.1799,train
1793,0.0510852,0.326198,1596.8,2201.02,12197.2,246.034,40.189,16.7913,40.189,63.5763,1,149.525,1.37665,train
1794,0.262374,0.85284,3814.57,3640.8,8267.71,151.121,30.9317,119.988,31.2338,69.5748,0.997486,8.26074,14.5128,train
1795,0.229153,0.384811,2062.02,1461.7,278.097,248.336,28.504,39.6408,164.443,98.979,0.381621,0.588542,142.543,train
1796,0.265592,4.84406,2179.01,3289.23,104.252,250.843,47.6481,19.3305,217.441,48.8613,0.164383,0.180139,185.422,train
1797,0.192654,0.433217,3997.03,3882.54,694.361,241.95,24.4655,90.0433,125.017,77.9995,0.537661,0.901717,129.678,train
1798,0.284753,3.38148,4175.97,1631.76,843.498,117.866,34.8745,48.0532,77.4551,43.5833,0.486927,0.709347,56.9689,train
1799,2.73135,0.0525153,1125.49,1492.96,2059.74,127.944,23.7142,8.17193,125.285,127.944,1,26.2711,3.96746,train
1800,0.176823,1.08859,1461.58,3098.28,2736.81,165.104,11.3964,39.7223,11.4045,23.1739,0.999948,10.5897,14.5141,train
1801,0.301994,0.907931,3890.26,3603.36,1426.55,293.71,5.55492,219.223,107.112,72.5626,0.647563,1.21425,153.674,test
1802,2.72984,1.72243,3171.13,1309.36,1060.43,227.009,52.5866,141.582,210.654,115.364,0.359918,0.470198,133.514,train
1803,0.0584963,1.12088,1271.56,1915.24,5469.95,102.828,42.579,4.48146,42.579,44.6665,1,73.5389,0.819287,train
1804,1.4851,0.0591057,3696.85,2532.79,300.88,232.999,47.0555,23.9884,228.63,207.296,0.861769,2.00986,79.7274,train
1805,4.49351,1.18293,2864.56,2207.62,2322.78,201.058,12.339,278.055,179.457,118.814,0.564197,0.889454,119.708,train
1806,2.8878,0.164223,3479.87,2202.61,316.861,204.294,51.4147,32.0278,201.107,139.957,0.579167,0.875982,101.078,train
1807,0.146172,0.0874932,2671.16,2974.77,4418.51,132.378,52.061,20.8798,78.9012,132.284,0.998836,16.9765,4.72553,train
1808,0.654814,0.947937,3840.84,1973.66,15579.1,170.559,19.1709,273.803,61.6919,165.519,0.966709,8.327,17.5751,train
1809,1.03278,0.0622272,2722.38,3492.7,1216.03,218.66,10.8034,44.9369,202.678,217.561,0.994713,5.59503,36.9539,test
1810,2.08098,0.559636,1635.91,2039.64,207.277,245.917,24.1475,40.9529,233.887,60.0253,0.16178,0.18159,197.576,train
1811,0.123294,0.154914,1477.27,1709.58,120.734,266.555,27.4236,18.4725,165.136,97.1736,0.424115,0.662867,153.001,train
1812,0.0772229,0.480465,2916.33,3684.31,1772.14,139.367,59.4502,17.9816,59.5228,69.6083,0.999092,7.86893,10.1468,train
1813,0.142993,0.0702625,2073.13,3644.73,200.423,208.854,36.0852,20.012,141.347,114.23,0.452309,0.782635,99.8486,train
1814,0.101116,0.258802,3450.09,2091.2,951.771,158.967,19.9923,39.8341,44.7828,93.5948,0.821619,2.72825,41.8526,train
1815,0.0919002,0.204417,2028.02,2622.34,367.916,134.693,7.84043,18.9357,33.0932,43.165,0.800928,1.97405,51.4676,train
1816,4.21517,0.443707,3376.21,1686.88,315.541,182.376,47.5164,34.4529,179.955,93.5468,0.34132,0.421575,109.187,train
1817,0.237552,0.0534959,2724.98,1010.96,107.137,194.488,50.2997,6.61887,184.263,172.685,0.848785,1.981,61.7794,train
1818,0.0600194,0.7506,3165.19,4031.87,16105.6,134.563,30.6408,19.7423,30.6408,37.1644,1,84.7787,1.2258,train
1819,0.0655068,2.83498,2968.56,2187.96,16175.7,169.453,36.4031,25.8729,36.4031,40.5743,1,83.1822,1.59949,train
1820,0.279199,0.10264,2667.2,1940.99,656.034,171.854,39.5042,24.5935,138.828,162.951,0.932731,3.29296,37.4881,train
1821,2.57459,0.218556,2131.36,2990.76,1922.39,219.62,12.3064,126.48,196.571,205.806,0.933367,2.94103,65.7932,train
1822,0.700594,0.545639,1376.43,1126.53,529.344,144.507,20.8633,38.2042,104.889,83.0162,0.502678,0.861168,72.1727,train
1823,0.0555341,0.0869307,2758.05,1694.5,9351.13,218.569,57.9162,23.5777,64.6337,217.978,0.996317,63.4818,2.52137,train
1824,0.296871,0.152067,2504.05,2718.69,1004.84,134.241,59.5649,25.1274,100.44,120.344,0.8139,2.43053,25.0064,test
1825,1.01031,0.0729121,1512.14,1757.5,2389.59,262.745,15.1866,31.7228,241.98,262.745,1,18.6479,13.2754,train
1826,0.766094,0.151279,1766.37,2042.71,2470.29,176.693,19.5345,48.4867,140.862,176.439,0.998383,7.99394,19.6279,train
1827,0.547368,0.0830853,3862.14,2170.9,2423.83,115.061,19.879,17.1679,106.94,115.06,0.999996,13.4381,7.08295,train
1828,0.109103,0.942859,1294.71,4103.67,3217.3,190.493,16.8999,24.5211,16.8999,23.2375,1,22.7763,7.62165,train
1829,0.0711419,0.0931628,3717.12,3516,1063.11,200.039,21.9249,40.4399,47.114,145.383,0.858579,4.0202,38.0391,test
1830,4.06287,3.26701,1879.38,4187.45,393.49,233.464,28.348,77.5925,223.302,34.0198,0.0495418,0.0515329,197.191,train
1831,0.913587,0.127849,2140.34,1639.8,779.958,199.264,26.4853,35.0505,181.339,193.674,0.967646,3.72036,44.939,train
1832,4.72918,2.70776,1630.11,3053.18,3815.78,295.355,18.7898,713.841,202.757,105.135,0.334813,0.494973,187.076,train
1833,3.10642,0.0503015,2818.89,1604.49,388.568,270.678,16.7517,20.3218,268.358,268.545,0.991598,4.81447,52.2992,test
1834,0.856308,0.34501,4055.35,4186.39,695.628,127.683,34.4612,48.1224,113.825,67.779,0.357404,0.481622,69.1783,test
1835,0.253512,1.28962,3870.28,1128.23,316.118,255.516,10.6503,60.9192,193.427,52.5195,0.253563,0.322188,192.71,train
1836,4.61727,0.190244,2063.27,2631.82,470.478,89.9537,21.9912,20.5004,87.8018,62.9356,0.602457,0.939662,43.5736,train
1837,0.945713,1.23959,4159.2,1027.38,2879.94,247.385,26.6224,236.839,187.173,212.593,0.842399,2.26138,82.2375,train
1838,0.107739,0.201341,2215.79,2060.89,4137.17,249.768,13.0145,56.5042,13.0786,149.188,0.99973,17.3301,13.6577,train
1839,0.54093,0.0594945,3119.61,1457.81,2766.19,270.461,28.9075,20.9504,258.046,270.461,1,31.8937,7.57372,train
1840,0.346062,1.54407,3021.95,1931.8,205.523,215.916,58.7728,28.4784,188.685,68.3203,0.173292,0.196525,138.566,train
1841,0.322139,0.25889,2437,1461.99,6890.49,163.2,39.6747,46.7516,103.647,163.194,0.999958,18.205,6.78495,train
1842,0.170709,0.769936,1328.33,2956.72,3636.85,222.972,29.0188,43.9801,29.0189,48.3382,1,16.0385,12.0929,train
1843,0.58679,1.95996,1708.78,2277.65,5736.65,258.804,10.5895,246.592,12.8746,65.8286,0.990794,5.72123,42.9854,test
1844,0.218434,0.114548,2833.11,3838.26,6606.56,153.617,19.7479,58.6359,58.8669,153.113,0.996231,15.0264,8.87541,train
1845,0.488192,0.989441,3502.9,1186.54,4258.85,205.444,26.729,182.763,98.5704,182.403,0.871071,3.62759,42.9138,train
1846,2.51762,0.875248,3996.09,2901.02,9638.14,173.971,21.6209,369.647,137.229,167.202,0.95557,3.79588,38.3525,train
1847,0.0570374,0.854735,3654.87,1092.47,440.228,280.601,49.7966,40.5392,86.1349,93.2109,0.842558,2.11177,92.0867,test
1848,1.03718,0.106047,3596.62,2144.58,107.711,119.573,32.0854,7.43356,117.58,64.771,0.373604,0.473606,69.0142,train
1849,0.064948,0.395922,3774.83,2210.62,187.176,168.955,31.1642,17.0384,99.458,50.6315,0.504366,0.763462,91.0288,train
1850,3.89964,1.61338,2674.02,3070.18,7122.63,232.399,45.0775,633.071,171.688,172.884,0.682283,1.43794,88.8816,train
1851,0.705855,3.14497,3334.22,3366.32,14247.8,185.574,49.0216,319.112,49.9816,79.1636,0.99297,6.05394,22.3973,test
1852,2.59609,1.49244,2683.78,4106.46,1067.37,157.048,18.0167,127.52,138.745,38.8239,0.149659,0.17416,119.472,train
1853,2.12962,3.23403,1450.47,2037.24,1598.89,256.834,37.101,253.404,174.799,75.5625,0.373342,0.517615,158.487,train
1854,0.0764958,0.152941,1579.16,3993.98,405.982,185.666,28.6788,17.9237,37.2901,58.0213,0.945146,3.3608,44.1489,test
1855,0.745528,0.123425,1403.04,3109.86,542.77,249.176,6.55427,64.7944,187.231,175.363,0.69577,1.41408,119.377,train
1856,0.818484,0.117319,3274.55,1188.44,304.094,102.204,6.28635,11.7592,97.8162,90.6259,0.879294,2.18104,38.6695,train
1857,3.51383,3.17652,3866.28,1786.4,828.438,171.043,44.409,95.018,164.049,61.1537,0.132229,0.145992,114.695,train
1858,2.66969,0.125363,2174.23,1413.72,200.665,248.561,45.3066,24.2506,244.383,182.14,0.673213,1.13225,120.851,train
1859,0.303769,0.0651604,3446.03,1428.82,1003.31,171.607,40.4411,12.2113,159.941,171.6,0.99995,10.7764,12.171,train
1860,0.800464,0.0836954,2419.51,2787.75,16505.2,214.404,44.1538,39.723,193.894,214.404,1,70.7401,2.4067,train
1861,3.21043,0.573207,1817.52,1201.18,576.069,124.612,9.58592,43.8052,117.105,73.2077,0.553108,0.836671,76.0416,train
1862,1.53509,0.133299,3978.44,1149.51,1683.1,122.545,38.8188,12.829,120.444,122.543,0.999978,10.9842,7.62223,train
1863,1.59219,0.0544436,3089.42,1878.75,983.161,231.172,13.5168,22.2613,226.646,231.154,0.99992,9.61188,22.6425,test
1864,0.842586,2.3655,1237.25,2879.16,2079.8,188.532,22.8066,144.973,49.4675,44.0928,0.839126,1.99504,69.7055,train
1865,0.0749344,0.158442,3728.1,3048.94,148.198,127.129,41.9799,8.86914,95.3817,60.3394,0.372847,0.530486,59.8466,train
1866,0.440901,0.128197,2482.39,1380.19,5353.78,180.108,59.2079,21.3915,160.563,180.108,1,30.2583,3.99559,train
1867,0.105216,4.24176,2184.95,3139.74,917.144,235.359,11.1666,50.5351,15.5369,14.9611,0.980507,3.98947,55.1005,train
1868,4.81368,0.729309,1943.18,4163.62,187.586,159.199,31.9985,22.9199,156.748,39.5465,0.0593394,0.0617759,122.183,train
1869,1.64389,2.1429,2886.5,1998.52,14409.9,187.759,57.1222,447.171,93.52,161.537,0.799277,3.36473,31.0322,train
1870,1.81898,3.28234,2212,1582.89,486.205,273.898,40.2468,102.597,248.399,59.9937,0.109132,0.120839,211.016,train
1871,2.10454,0.105708,4032.34,3620.32,4352.71,277.779,55.3294,85.1295,267.747,277.775,0.999982,11.3737,19.5578,train
1872,1.35668,0.711411,3704.34,2368.2,1015.35,218.795,13.3051,147.38,189.469,100.783,0.425705,0.602667,145.151,test
1873,2.11331,1.92247,3595.89,3094.49,141.858,147.99,57.5454,12.5632,146.337,59.6572,0.0233491,0.0238455,88.5618,train
1874,0.327857,3.33177,2590.62,3024.21,3224.45,96.6076,26.8585,57.5599,28.8386,32.5711,0.971612,3.79636,17.8511,train
1875,0.0951452,1.99435,3499.66,1282.76,10006.1,228.116,5.01728,74.2866,5.01728,34.055,1,30.0504,7.42417,test
1876,4.47916,0.80544,1169.37,1792.71,7394.14,147.305,43.6545,146.989,119.242,145.453,0.982135,5.12089,19.8792,train
1877,0.206126,0.228476,3628.59,3135.48,6488.25,261.195,27.9349,153.214,56.3493,241.807,0.916884,9.05698,23.6141,train
1878,3.73649,0.405798,1751.63,3133.13,262.72,83.4175,9.8514,17.1692,80.7943,23.3553,0.183562,0.206635,65.3516,train
1879,1.63923,0.0746097,3100.58,3787,1288.62,112.407,46.9276,18.2656,108.814,111.574,0.987268,4.56071,14.1746,train
1880,0.155936,0.159962,1914.79,3001.34,1090.68,140.653,42.1893,26.0889,53.278,96.5298,0.887383,3.65284,23.9198,train
1881,1.65395,0.448305,3529.44,2265.73,13009.5,202.067,36.6451,168.022,173.284,202.063,0.999979,12.8079,12.9153,test
1882,0.669079,2.53387,1097.97,1060.68,9017.87,262.865,30.8846,170.404,30.9071,94.2876,0.999903,12.2754,18.8962,train
1883,0.367876,0.367871,3430.17,3251.28,3694.68,128.918,38.3635,83.4201,62.8099,108.11,0.770215,3.08907,22.5784,train
1884,1.1041,1.32546,2348.82,3967.48,2450.91,299.338,16.252,402.303,144.209,92.7535,0.547993,0.94508,164.144,test
1885,1.84443,3.10345,1928.47,2420.49,3378.84,196.153,40.6942,305.279,110.326,81.3337,0.552086,0.949934,90.3502,train
1886,0.963173,0.403946,4057.55,3670.55,1329.23,292.866,36.3724,207.388,239.8,176.244,0.545321,0.896492,156.021,train
1887,2.22436,2.81619,1479.28,2276.68,4219.31,137.274,33.6955,218.248,70.9463,67.7352,0.640361,1.28229,51.726,train
1888,0.0971597,0.331543,2921.02,3757.36,359.107,139.748,26.6619,21.8909,62.6149,44.2347,0.682075,1.26533,60.9592,test
1889,0.16538,0.268518,2429.07,3747.48,203.212,206.747,43.1753,24.4124,145.977,67.4357,0.371519,0.505855,120.133,train
1890,4.81958,0.93904,2066.3,2029.18,2409.75,201.431,24.9444,231.263,178.208,146.312,0.687687,1.26464,95.9696,train
1891,2.15695,0.20398,3308.5,2232.06,321.179,199.56,54.078,33.1082,194.921,126.796,0.499844,0.705432,103.084,test
1892,0.0857068,0.163982,2870.41,3804.68,1351.76,146.14,23.1082,29.6005,25.8191,70.5525,0.977966,5.49465,21.8978,train
1893,3.61739,1.24661,3834.41,4176.79,620.03,227.106,46.9674,103.193,219.666,66.7861,0.11002,0.11908,166.433,train
1894,0.365982,3.17945,1788.56,2887.13,309.578,264.302,9.15831,62.2258,169.24,15.9371,0.372583,0.472941,201.002,train
1895,4.36784,4.94392,2262.74,3766.84,2039.33,154.791,36.7391,207.772,133.768,47.8959,0.178079,0.206341,101.883,train
1896,0.0686741,1.78592,2320.25,3957.98,1433.6,279.823,48.308,36.8844,48.3423,53.526,0.999852,8.99706,25.7285,test
1897,2.65849,1.0907,4120.44,4005.47,1409.18,211.158,34.4825,202.621,192.66,80.8621,0.262513,0.322559,143.786,train
1898,0.063162,0.545958,1901.82,2913.03,2103.24,197.159,59.2754,16.5629,59.2754,69.6898,1,17.5091,7.87496,train
1899,0.259714,0.272068,1811.15,1977.5,4683.69,213.156,55.0036,70.8254,62.5859,186.646,0.952057,9.95723,15.1217,train
1900,0.344362,0.053057,2261.47,2531.3,332.602,274.495,40.8818,27.9545,238.599,249.027,0.890982,2.4765,84.0479,train
1901,2.29199,0.657209,2658.43,2742.94,2484.76,129.733,40.1524,112.967,111.193,102.818,0.699544,1.37837,45.4638,train
1902,0.0779333,0.753081,1721.16,1826.72,2325.51,201.243,9.92914,25.662,9.92917,28.5834,1,17.337,11.035,train
1903,2.14346,0.484697,3855.49,1096.74,7738.62,133.128,30.8941,54.3458,126.552,133.128,0.999999,14.5576,7.02267,test
1904,0.166917,0.420768,2241.79,3502.25,2435.37,179.687,15.5711,61.0537,16.5261,57.0018,0.994181,6.50834,25.0696,train
1905,0.255426,1.64761,1177.37,2426.16,1313.09,166.807,28.5697,40.8935,30.8271,38.7997,0.98367,4.36634,31.1428,train
1906,4.65702,1.01345,1615.68,2765.02,3044.84,217.586,55.3678,276.853,180.791,154.166,0.609043,1.08658,90.9255,train
1907,0.739633,2.55558,3871.26,2097.89,4234.75,253.744,38.6974,418.952,107.427,116.841,0.680399,1.47897,98.9319,train
1908,0.114535,0.13387,4066.96,3922.15,625.836,239.346,25.7512,58.8968,112.906,137.923,0.591959,1.34354,94.1089,train
1909,0.235535,2.6839,2254.01,4008.91,12502.7,243.583,22.0543,117.609,22.0543,32.985,1,23.5501,9.40673,test
1910,0.709771,0.340163,2162.14,3522.44,615.574,200.943,8.47738,81.2325,148.01,76.2727,0.352246,0.513748,131.962,train
1911,0.0697521,0.245481,3500.51,2151.88,15693.8,100.621,29.3202,17.4094,29.3202,62.2772,1,64.2746,1.10932,test
1912,0.787895,0.25932,2386.97,3559.8,2730.75,186.494,16.8791,136.737,113.787,165.003,0.873297,2.95815,50.0732,train
1913,0.316241,1.96889,2365.64,1427.38,149.134,195.678,16.6689,23.6672,164.042,25.0903,0.176728,0.199347,158.698,train
1914,0.643027,1.10704,2337.85,2981.42,2283.05,107.967,37.1223,74.8265,58.1921,59.7931,0.702592,1.51869,32.7748,test
1915,1.43921,0.0634773,1120.95,1818.14,3478.18,247.978,22.9024,25.9761,231.877,247.978,1,30.1375,7.4683,train
1916,0.106401,0.14662,3721.71,3862.27,5589.27,263.138,49.4184,84.2632,50.3496,198.218,0.995643,14.1145,15.0759,train
1917,0.147199,0.182658,1597.72,3189.33,12914.9,213.696,31.9236,42.7496,31.9236,105.306,1,54.9145,3.3101,test
1918,1.79235,0.682663,1262.58,1577.51,11301.8,192.267,26.5793,178.047,113.589,191.912,0.997855,10.4948,15.7538,train
1919,0.618203,0.279179,3284.35,2491.07,2237.03,291.711,56.0199,150.35,217.662,272.21,0.917258,3.21666,67.2095,train
1920,4.75489,0.216811,1552.49,2166.8,14701.7,175.493,43.3635,62.0727,167.084,175.493,1,31.2945,4.22214,train
1921,2.62234,0.232644,2009.82,1307.67,988.583,111.605,58.4011,15.4703,108.67,109.253,0.955786,3.24953,15.6489,train
1922,0.0509243,0.0713522,2008.43,4065.19,103.832,214.978,5.09861,12.6528,91.2677,48.7199,0.589435,1.0152,121.858,test
1923,3.9666,1.5773,1358.35,2688.47,3708.15,161.608,40.7379,251.204,114.985,99.9767,0.490103,0.874454,67.7438,train
1924,0.131916,0.111004,2359.68,2294.52,125.692,190.907,22.1738,14.6335,143.897,79.6273,0.340498,0.493488,116.423,train
1925,0.0594816,0.197964,3609.83,2401.21,2215.45,270.819,25.7243,52.5254,26.1943,136.222,0.998082,10.3179,23.7087,train
1926,2.15291,0.551002,2947.39,2569.61,2780.06,150.575,47.8152,119.652,131.719,132.323,0.822382,1.96351,43.0392,train
1927,0.283366,0.304118,3648.27,1629.14,14560.3,201.536,16.9527,91.4518,113.074,201.536,1,29.388,6.2809,test
1928,0.299404,0.409631,1144.52,3902.49,129.053,138.358,25.0653,11.8295,103.836,32.4653,0.304709,0.376606,91.664,train
1929,3.47796,1.84602,3437.23,2683.69,230.046,293.822,32.6016,58.1786,288.956,44.3451,0.0449559,0.046435,252.9,train
1930,2.60705,4.27812,4135.45,2518.81,209.355,289.061,41.2821,50.8853,284.341,46.0043,0.0190581,0.0194283,243.058,test
1931,1.43199,1.45942,2214.84,1735.87,9208.66,233.361,35.7394,421.9,100.338,202.277,0.842713,3.63496,45.8156,train
1932,0.455674,0.616685,2508.22,3373.76,4967.35,240.931,17.3402,237.94,32.7467,131.705,0.931095,4.34616,47.9008,train
1933,3.31528,3.82403,2491.89,1475.48,6979.99,199.649,41.0266,539.096,134.394,136.573,0.602348,1.23709,77.2345,train
1934,4.06705,0.15761,3288.2,1314.36,196.336,244.959,25.1362,27.7954,242.881,159.312,0.610381,0.947768,141.57,train
1935,3.83329,0.197694,2632.7,2974.06,553.838,95.5551,30.555,23.03,93.2731,69.7246,0.602609,0.941975,41.5825,train
1936,2.1999,0.600645,3197.75,3588.08,1087.46,140.613,8.62961,107.128,125.385,58.3374,0.37662,0.504586,98.5121,train
1937,0.794543,0.0728213,1101.27,1759.95,306.007,296.623,32.3609,30.0284,262.305,266.662,0.886624,2.38766,98.1299,train
1938,0.0579622,1.87976,4041.09,3265.54,383.029,180.73,12.0632,31.561,45.9865,17.2047,0.798874,1.63526,82.3986,train
1939,0.0728716,0.134372,2306.74,2878.38,230.695,206.534,24.0733,20.6935,83.4289,77.5762,0.674694,1.3724,89.7007,train
1940,0.998446,0.135002,3233.67,3335.26,8595.7,159.951,58.1069,45.8571,145.748,159.951,1,19.0902,5.33489,train
1941,1.17463,0.235377,2154.62,3386.84,949.778,170.637,28.1312,73.6291,141.544,120.493,0.648126,1.19142,77.5224,test
1942,0.311117,0.130054,2368.55,3157.76,9211.17,104.816,35.127,28.6193,65.9785,104.815,0.999978,22.4291,3.10702,train
1943,1.02368,0.346286,1551.11,3369.56,16984.8,232.197,54.6488,205.993,102.465,231.189,0.994323,14.5564,12.128,train
1944,0.0796012,0.5417,4101,4046.48,3186.04,298.016,38.3289,84.7555,38.3835,76.9952,0.99979,9.75982,26.6022,train
1945,1.13458,0.468287,2031.15,1922.41,7970.53,219.101,9.68269,188.005,137.52,218.521,0.997229,8.85379,23.5874,train
1946,1.51663,0.308048,1746.8,1912.49,268.036,166.583,12.9991,31.9493,154.523,67.2296,0.353101,0.454962,119.198,test
1947,2.37286,0.0624994,3407.06,2267.92,493.051,166.061,33.9555,18.1214,163.819,161.802,0.967762,3.47847,36.7537,test
1948,0.895711,1.18785,1253.57,2855.91,245.816,289.58,14.4748,58.9337,237.094,31.8471,0.190786,0.218923,239.748,train
1949,0.215722,0.0639372,2484.57,2479.78,1085.61,188.713,25.4342,25.7408,140.687,187.785,0.994315,6.8471,23.7109,train
1950,0.244146,4.69067,3069.97,4199.79,13266.7,168.816,54.2958,85.8359,54.2958,58.653,1,17.7002,6.47002,test
1951,0.108779,3.14691,3403.24,1194.51,732.86,141.87,7.68746,42.0313,28.3336,18.8689,0.846134,1.97962,57.3525,train
1952,0.0568171,0.0549202,1664.07,4193.83,12446,144.737,11.9143,12.5581,11.9143,66.4374,1,131.637,1.009,train
1953,0.461999,1.27312,4039.7,4101.36,10118.1,216.89,27.8259,345.82,31.5965,94.0559,0.980056,5.42138,34.1783,train
1954,1.3846,3.27211,2129.82,2897.94,156.92,242.896,32.5859,31.8861,232.084,35.9486,0.0514131,0.0532121,203.2,train
1955,1.3505,0.494015,1378,2577.93,3353.08,81.9409,29.2008,54.0099,52.9187,71.6102,0.804121,2.63289,16.1076,train
1956,1.762,0.10951,2985.13,1263.92,319.341,173.451,39.4128,16.6364,170.288,159.608,0.896724,2.30718,52.0962,train
1957,0.683384,0.487281,2274.83,1331.77,745.213,246.874,30.3606,87.1743,190.798,164.693,0.620434,1.14835,116.979,train
1958,0.751874,1.04064,2229.06,3221.53,544.798,176.514,16.5723,69.9333,134.787,37.4327,0.260889,0.325064,128.365,train
1959,0.20676,0.583283,2112.62,3294.72,6686.02,210.196,55.0449,67.7702,55.0458,90.3097,0.999994,15.3067,10.1361,train
1960,3.68707,0.135272,1835.31,3323.33,265.677,231.969,6.49559,44.6918,225.365,105.91,0.440913,0.590983,168.219,train
1961,1.24377,0.590225,2095.47,1306.91,145.829,292.778,55.2279,30.8206,280.953,95.1835,0.168198,0.189051,211.348,train
1962,1.24689,0.223931,1487.6,2269.34,266.148,266.909,39.2128,45.0354,242.63,127.834,0.389209,0.52373,169.212,test
1963,0.749469,0.149665,2254.99,2215.45,429.094,141.895,37.1928,24.1207,127.622,109.939,0.694791,1.29411,56.2131,train
1964,0.141057,2.12738,2143.49,1022.2,165.724,252.069,44.1121,25.8998,166.409,56.0222,0.411914,0.548113,156.282,test
1965,0.329473,3.00258,2388.21,3959.7,6549.56,267.834,43.4088,176.52,43.4971,58.2557,0.999607,8.32377,26.9514,train
1966,0.178174,0.804235,3295.74,2667.02,5559.25,204.418,40.3093,96.2946,40.4325,85.2037,0.99925,9.46715,17.3215,train
1967,2.11638,1.51998,2807.93,3870.26,113.464,150.84,30.0455,13.4478,148.577,32.3315,0.0189246,0.0192877,118.52,train
1968,1.39019,0.115813,2703.73,2290.78,454.517,91.8264,9.19554,17.7162,87.113,75.9733,0.808146,1.71321,38.9781,test
1969,0.815061,1.71427,2646.59,3616.59,2393.95,250.747,17.3368,311.951,106.134,67.6531,0.619568,1.10978,130.308,train
1970,0.554034,0.0558344,2699.79,1990.67,755.864,223.503,23.814,22.1571,208.69,223.162,0.998292,6.80051,29.3136,train
1971,0.147349,0.719241,1206.58,3102.6,9436.39,175.862,47.7409,22.7784,47.7409,57.9485,1,53.0766,2.41389,train
1972,0.674818,0.0887196,1114.71,2872.5,10110.4,168.467,59.7051,27.7176,131.62,168.467,1,39.6726,2.74149,test
1973,4.97267,2.02265,3517.88,2499.97,5045.57,110.783,32.3241,234.976,97.3504,78.7937,0.592281,0.997826,46.5708,train
1974,1.75516,0.380503,1797.72,3756.23,3536.06,261.52,52.4924,250.934,181.992,228.062,0.839933,2.47405,70.9644,train
1975,3.93657,2.30102,1591.7,1946.42,4655.48,293.192,28.4133,649.273,189.571,173.381,0.547505,1.03946,139.464,train
1976,1.20384,0.146893,1287.42,2271.14,9261.28,92.3642,33.7259,19.5626,79.742,92.3642,1,27.7605,2.1123,train
1977,0.845646,2.39108,2442.42,3044.27,212.745,269.177,22.7404,49.1561,245.378,29.4934,0.0965746,0.103003,231.056,train
1978,0.112211,0.472591,1189.72,2406.44,117.998,216.782,22.3412,14.8596,105.474,35.4073,0.572453,0.883884,125.931,train
1979,0.0567267,0.904613,1536.86,3478.62,1579.12,221.072,13.7763,18.0722,13.7763,19.5194,1,18.1131,11.4445,test
1980,0.182194,4.46873,2843.36,3086.75,242.939,236.618,40.0132,37.901,163.456,42.7609,0.372128,0.468957,156.01,train
1981,1.4143,0.72064,3754.22,2222.13,3281.91,222.779,47.8666,229.715,179.515,191.317,0.820126,2.04946,69.9942,train
1982,1.81445,0.787648,1185.29,2846.66,110.796,208.266,12.2089,20.6789,198.651,21.4316,0.0490425,0.0515175,186.638,train
1983,1.16081,0.635097,2975.04,1300.56,436.976,112.508,53.164,19.3341,106.91,76.5715,0.394437,0.529038,44.2453,train
1984,1.8377,0.23292,1834.91,2316.03,5306.32,288.476,38.7915,134.663,248.54,288.422,0.999783,9.83656,25.3778,train
1985,1.01567,4.64965,2751.46,1707.51,1370.29,159.398,50.9813,110.878,119.722,64.947,0.365961,0.490339,80.9159,train
1986,0.245327,0.212978,1563.85,2292.72,3712.16,166.827,30.0356,50.9115,34.1256,134.299,0.9701,9.67579,13.7148,train
1987,0.844175,0.460294,1268.23,1396.82,9496.26,123.854,16.3479,69.0454,59.3626,123.736,0.998904,14.7698,7.2708,test
1988,0.0864976,1.62928,1342.97,3953.68,1380.18,213.771,58.8617,17.9947,58.863,61.6552,0.999992,11.8813,13.0379,train
1989,0.0854449,0.807747,3674.68,3384.96,537.839,283.374,57.1434,56.8722,102.242,77.9437,0.800651,1.71296,105.742,test
1990,2.04406,0.372081,3121.73,3396.37,1577.75,180.645,59.4777,104.462,164.274,142.14,0.682216,1.24849,66.2098,train
1991,0.104765,0.839011,2095.93,4159.67,2496.8,142.706,34.0102,23.8669,34.0126,40.8489,0.999978,11.3707,9.55901,test
1992,0.772265,0.615438,3942.99,1914.65,802.612,208.694,8.10864,108.278,173.135,99.9983,0.458107,0.681134,134.907,train
1993,0.0899531,4.29933,3700.06,2373.72,2655,170.172,11.1504,52.9047,11.2189,16.3343,0.999569,7.97701,19.9264,train
1994,0.294704,0.0617839,1908.03,1445.91,2164.04,280.188,42.4935,21.2342,242.426,280.188,1,24.2242,9.8123,train
1995,0.545161,4.50269,2790.47,2475.06,2018.16,81.3243,45.749,38.5816,55.9626,49.2109,0.712901,1.32664,19.1172,train
1996,0.125832,0.772083,1197.72,3346.93,7449.3,226.854,33.2836,29.173,33.2836,44.5729,1,49.4279,3.91621,train
1997,0.138188,0.653856,4145.81,1334.91,17905.4,267.97,31.2218,135.632,31.2236,186.614,0.999993,31.2541,7.57489,train
1998,0.626903,0.323136,1987.33,3107.17,121.303,194.857,13.5314,19.831,178.939,33.2826,0.108927,0.120815,163.484,train
1999,3.14394,0.402337,1058.35,3441.46,1714.17,169.718,18.8974,134.669,129.245,116.158,0.644876,1.238,78.5623,train
2000,0.246311,2.07174,3018.74,3759.02,678.981,282.58,10.8613,118.538,123.158,26.0824,0.586718,0.913162,174.583,train
2001,4.84425,0.0584288,3707.26,2618.24,15093.2,215.45,38.2077,27.1147,213.941,215.45,1,98.6611,1.79648,train
2002,0.199123,2.07959,4165.12,2115.4,14012.5,124.041,54.9654,57.289,54.9655,67.9881,0.999999,16.8953,4.08842,test
2003,1.93863,3.19176,2213.16,1464.14,876.294,229.396,57.869,125.686,200.102,84.7642,0.170784,0.20424,143.429,train
2004,0.664823,0.124949,1119.91,4054.52,458.985,201.8,8.26438,50.2372,134.326,107.428,0.512382,0.905998,109.453,train
2005,0.366655,0.297512,4091.78,4118.71,7135.97,270.025,44.1729,252.489,101.729,250.225,0.912332,5.82354,35.3826,train
2006,4.12011,3.20097,3025.8,2607.06,6069.12,90.6072,51.9746,145.463,78.9391,69.4056,0.451197,0.727267,23.9677,train
2007,0.108382,1.17511,2296.7,1434.81,731.844,193.419,29.2219,37.9947,40.7804,51.7566,0.929606,2.94008,51.9164,train
2008,0.868935,1.1931,2961.64,3630.89,14131.3,245.344,12.1962,571.996,23.0782,144.235,0.953326,5.49114,40.4773,train
2009,0.567173,1.44384,1112.42,2820.61,122.75,97.6454,39.598,6.39271,87.5133,41.1677,0.174549,0.194552,52.0792,train
2010,0.390042,1.66063,1968.33,3672.01,6479.08,214.604,18.8661,150.192,18.9732,43.4963,0.999453,8.43928,23.181,train
2011,1.55475,0.481914,2099.92,1102.44,11117.1,137.23,53.464,44.5032,123.599,137.23,1,20.925,4.00313,train
2012,1.92011,0.156014,4109.24,1882.94,266.689,209.805,48.8552,27.9872,206.258,144.126,0.591931,0.907835,104.943,test
2013,1.11179,1.21754,3137.32,2195.45,886.754,233.718,26.3961,142.13,192.97,79.5679,0.25647,0.33174,160.282,train
2014,2.35431,0.410267,2140.04,3457.5,245.314,202.114,54.9412,32.4643,195.671,77.8276,0.155507,0.172939,132.338,train
2015,0.349266,0.867319,1934.36,3411.15,415.131,152.932,45.7797,31.8628,105.77,56.5495,0.440139,0.614457,76.7536,test
2016,2.27078,0.0624034,1110.58,2731.26,4242.49,158.33,53.1839,17.9211,151.224,158.33,1,24.8914,4.2242,train
2017,0.481282,0.443499,2543.72,3238.05,3995.94,124.732,34.6137,89.0797,51.969,96.6439,0.807417,3.26399,22.2926,train
2018,0.230609,0.629821,1676.72,2704.16,149.042,158.06,45.1792,13.5255,123.08,53.1207,0.309883,0.385453,90.7496,train
2019,0.340702,0.206441,1419.25,3389.88,671.561,275.928,47.3818,70.0981,130.96,147.549,0.634307,1.38884,104.381,train
2020,0.986534,0.623587,1860.93,1692.69,186.026,269.954,50.071,35.9041,250.397,84.086,0.154696,0.176238,193.007,train
2021,0.0651707,0.287355,2876.73,2845.57,1148.76,187.333,21.1869,30.935,22.328,59.0192,0.993132,6.12742,26.929,train
2022,0.813205,0.278841,2825.24,2032.61,18133.7,248.394,9.61242,135.336,189.488,248.394,1,31.9945,7.46321,train
2023,0.115932,0.0956467,3090.37,3572.5,6256.4,298.028,10.1665,95.0618,32.6933,288.371,0.966452,18.3098,15.1943,test
2024,0.0581685,2.91831,2941.68,1224.98,851.624,182.246,38.0238,24.4726,39.2258,44.8695,0.991666,4.97697,28.7363,train
2025,3.43731,0.519842,1246.07,1502.97,12111.7,224.405,46.2597,139.186,191.909,224.405,0.999997,15.5019,11.4918,test
2026,1.65954,0.933764,3478.59,3633.39,10796.4,286.809,49.6088,698.614,165.792,255.524,0.868105,3.18222,64.7079,test
2027,0.140857,4.30529,1302.99,2937,12503.9,237.699,28.2282,38.4452,28.2282,31.2686,1,68.1281,3.07465,train
2028,0.10551,0.494681,2455.95,3479.99,14803.1,125.957,42.8205,21.5429,42.8205,55.3347,1,57.1266,1.4553,train
2029,0.0959338,2.27871,3723.9,1390.98,2149.71,106.985,13.8674,33.1244,14.2641,24.3179,0.995739,6.01742,15.4088,train
2030,0.708538,0.12369,3219.51,3510.83,110.053,126.989,6.45247,11.4917,121.952,32.9156,0.219544,0.253429,104.42,train
2031,0.337991,3.83258,2353.67,1120.35,134.364,226.66,26.7641,24.38,196.014,32.442,0.153312,0.1689,181.448,train
2032,0.0563876,1.21384,2651.37,2725.77,7040.44,86.4038,38.1019,7.22135,38.1019,40.2845,1,47.0919,1.02569,train
2033,0.824622,0.361315,1889.29,1089.26,17728.9,199.206,13.757,72.9862,152.358,199.206,1,45.0469,4.11678,train
2034,2.24153,3.66438,2280.76,3332.91,5655.7,86.3613,43.667,132.753,60.3944,54.5367,0.608204,1.10627,23.4724,test
2035,0.0954402,1.14179,1795.36,3692.97,8707.2,108.521,25.1104,14.2924,25.1104,28.4999,1,50.8153,1.64144,train
2036,0.333127,0.332113,4171.9,2281.94,1315.14,269.564,9.62854,142.905,166.738,198.192,0.725423,1.73533,108.661,train
2037,0.0634783,0.147748,2763.49,3796.67,1694.26,88.117,21.7965,11.6236,21.8562,42.5178,0.999099,9.65818,6.86058,train
2038,1.1946,1.19063,2322.08,1952.05,4178.17,133.735,5.84308,200.959,61.2907,92.3079,0.676077,1.79771,48.0973,train
2039,0.925521,3.75269,3276.94,2931.04,1220.68,281.751,30.7778,242.409,201.824,52.8165,0.31847,0.402482,198.586,train
2040,0.518343,3.71888,3402.4,3995.92,4023.81,123.321,5.71526,182.543,19.816,17.9992,0.880102,2.28157,45.3658,train
2041,2.26753,1.53987,2953.85,3129.01,267.241,164.116,19.333,36.9303,158.602,26.9977,0.052939,0.0554643,138.191,train
2042,0.269337,0.301219,2049.68,3499.98,111.026,131.167,40.2672,8.7456,115.325,48.5627,0.17428,0.201115,78.7705,train
2043,1.75903,0.598842,1543.69,3789.62,1964.89,206.397,11.0996,213.614,127.729,105.228,0.481977,0.865825,108.716,test
2044,0.0886021,0.694135,3984.29,2515.4,1703.81,99.2856,37.2812,21.5156,38.3377,49.6037,0.98296,4.82645,12.6279,train
2045,0.141217,0.344316,3954.15,2934.09,1443.68,251.917,55.5563,90.9689,89.005,145.602,0.829657,2.58542,63.0116,train
2046,0.148312,0.0625808,1578.07,2324.47,1518.05,87.3285,33.3708,7.79116,54.0397,86.9304,0.992621,10.4357,5.13236,train
2047,0.419196,0.1598,3474.91,2132.27,11207.2,280.333,46.1374,79.799,225.551,280.333,1,32.891,7.12035,train
2048,1.32677,2.85939,1707.73,3837.32,1454.3,202.925,36.9353,171.361,127.295,52.5528,0.455632,0.641861,117.83,train
2049,1.54909,1.01821,4110.81,2427.93,281.74,204.322,26.0503,46.5269,197.015,44.8707,0.105572,0.113966,165.141,train
2050,1.99035,0.341647,3776.24,2149.5,19380.1,92.7121,45.1174,34.9521,88.0618,92.7121,1,26.3901,1.80351,test
2051,0.0573977,1.62377,1540.4,2902.46,1418.75,81.2999,52.4729,2.54875,52.4729,53.0137,1,16.0464,1.79648,train
2052,3.97669,4.81738,3304.82,1748.08,1470.2,248.102,18.529,295.149,225.644,53.5775,0.152668,0.174584,200.754,train
2053,0.338396,3.66725,1722.58,2932.72,8868.22,105.995,41.8421,37.3952,41.8422,45.3191,0.999999,15.2137,4.21677,train
2054,0.223243,2.23889,3795.34,3417.89,10148.1,271.901,27.3207,207.225,27.3259,54.4009,0.999979,11.9772,20.4201,train
2055,0.131201,1.29738,3538.2,3727.37,9406.45,267.257,56.6998,97.744,56.6998,76.9122,1,20.2631,10.3912,test
2056,0.722534,1.12954,2815.1,2680.38,5421.44,153.438,41.8304,183.857,63.0464,102.557,0.809905,2.6654,33.9128,train
2057,0.743154,0.0835655,2139.12,1798.79,3940.62,111.799,59.0981,7.92185,106.816,111.799,1,26.2155,2.0103,test
2058,1.24108,4.78767,4123.54,2805.11,522.811,235.195,41.0885,94.7643,216.678,48.1447,0.0953966,0.102158,181.259,train
2059,4.94764,0.0581271,1291.06,1398.13,15627,218.934,6.28043,17.2822,216.228,218.934,1,192.287,1.10592,train
2060,0.915746,0.354357,1033.47,3621.87,11827.2,178.178,18.1836,149.882,19.8067,134.965,0.989856,12.4971,12.6726,train
2061,0.134678,1.36325,3103.65,1898.45,4946.91,229.736,24.1736,85.9203,24.182,57.3724,0.999959,11.8349,17.3685,test
2062,0.0784132,1.17081,4072.4,3943.12,2518.92,153.053,46.5846,33.9782,46.6488,53.9445,0.999397,7.88813,13.4892,train
2063,0.120271,0.343683,2067.58,2941.99,285.353,148.952,41.1802,17.311,79.3375,58.301,0.645944,1.14752,60.6653,train
2064,3.84223,0.60326,1494.44,1197.99,459.306,299.471,58.617,79.9693,285.544,169.27,0.45942,0.635541,174.109,train
2065,0.115015,1.75154,1556.73,2868.55,391.446,294.055,53.4544,38.0121,81.7535,61.0199,0.882381,2.18627,97.1067,train
2066,0.119046,0.122925,1647.49,3821.72,986.04,122.409,41.7158,15.322,44.2865,74.3306,0.968142,5.02756,15.5389,train
2067,0.796895,1.36988,3651.22,3598.39,2715.36,117.404,20.2425,150.398,65.7144,50.7533,0.531997,0.933227,55.388,train
2068,0.621189,4.63966,3189.02,3218.03,177.592,251.26,11.743,40.4615,230.835,14.453,0.0852758,0.0896484,227.834,train
2069,3.12777,0.0675163,3706.81,2068.61,181.657,160.182,29.654,13.2308,159.041,124.387,0.725766,1.30066,72.8342,train
2070,0.126167,0.138595,2305.22,3497.65,1969.86,93.4172,43.9704,13.9823,45.3421,72.8142,0.972258,6.77295,7.0981,test
2071,0.0532781,0.0585717,2204.97,1092.9,363.922,141.348,43.2733,6.05394,89.8148,137.847,0.964303,5.68513,16.6353,test
2072,0.0923899,1.38073,1506.51,1929.09,407.298,186.979,46.6386,18.3735,54.9722,53.5367,0.940618,2.92628,45.1107,test
2073,2.53337,0.304684,1499.11,2793.21,547.537,195.421,42.0826,59.3576,179.792,111.829,0.454853,0.643368,108.408,test
2074,2.3209,0.0842194,4005.29,1637.19,498.205,176.371,37.6911,18.5855,174.372,172.483,0.971961,3.61323,37.305,train
2075,0.117646,0.741777,2128.62,3944.27,227.897,290.808,36.7282,37.3329,141.729,49.4882,0.58674,0.910047,163.815,train
2076,3.99914,0.16965,1054.8,4147.4,288.514,219.684,17.4269,46.7232,208.608,83.8322,0.328321,0.41005,161.944,train
2077,0.0890437,0.243355,3745.69,3904.18,1060.95,258.754,50.0443,63.6107,68.0344,116.996,0.913803,3.18097,59.9564,train
2078,4.03959,0.0707304,1523.58,2006.49,284.432,249.681,10.469,29.2524,244.928,216.588,0.861658,2.00417,102.845,train
2079,0.551055,0.0962454,1800.48,3808.81,231.288,215.877,46.8515,27.051,188.612,120.644,0.436579,0.630934,116.958,train
2080,3.32051,0.73568,3074.95,2958.34,1615.84,277.396,48.077,250.599,252.852,163.221,0.502114,0.742438,155.089,train
2081,2.57899,0.473481,4087.55,1404.51,6525.82,119.293,14.8124,69.474,112.703,119.283,0.999905,9.81314,10.646,test
2082,0.327244,0.0991602,3366.5,3162.06,466.027,229.526,30.7359,45.2542,188.448,175.064,0.726033,1.48629,97.1063,test
2083,3.46287,0.0961123,3883.64,1418.53,176.564,237.875,9.26713,22.5822,236.195,174.9,0.724532,1.29504,127.898,test
2084,0.273393,0.109877,2276.95,3929.5,2673.17,222.472,19.0589,83.3206,88.6243,212.037,0.948699,6.19129,31.1692,train
2085,0.37794,0.0691817,2366.88,4172.06,391.767,167.017,24.9859,28.2868,135.396,122.989,0.690014,1.35733,72.2031,train
2086,0.181634,0.315525,2344.04,2886.82,4051.91,255.965,44.4946,89.7323,45.2053,143.008,0.996639,9.51696,22.1457,train
2087,0.786626,1.73964,3393,1651.79,1101.91,89.786,6.0816,65.9653,65.0708,29.0379,0.295267,0.412852,59.8644,train
2088,0.358173,0.374757,3387.35,4139.87,13970.8,84.715,26.2699,69.5675,27.3754,71.1104,0.981085,11.5151,4.97951,test
2089,0.50265,0.256641,3423.12,1565.26,6102.09,211.866,26.0916,74.6267,168.494,211.865,0.999993,15.1903,12.2297,train
2090,0.0882455,0.0736661,4065.3,3955.53,3493.36,268.106,41.5706,64.5826,88.0818,263.208,0.97838,11.9887,18.4872,train
2091,0.0783799,0.0500982,2866.9,2029.55,2205.05,164.088,27.9513,13.8418,102.488,164.087,0.999996,21.6869,6.27734,train
2092,0.359743,1.39389,2021.67,2381.03,1333.01,225.792,55.0938,99.6944,88.7138,85.1324,0.803044,1.83287,74.7889,train
2093,0.977659,0.179669,3932.63,4118.96,325.727,193.115,59.7972,34.1143,184.242,105.895,0.34577,0.440143,104.733,train
2094,1.42496,2.14143,2947.77,3480.6,15341.5,287.958,24.5244,995.773,50.8943,158.123,0.899899,3.65235,64.9072,test
2095,0.906076,0.099052,2811.34,1886.09,3656.43,192.877,42.2295,28.1441,181.829,192.877,1,19.5719,7.69716,train
2096,0.135285,0.0967496,1930.54,1533.89,14656.5,262.202,59.0674,30.1458,146.778,262.202,1,98.7616,2.05682,train
2097,0.118947,0.0823245,1703.88,2258.89,6784.94,157.719,24.2801,24.7087,35.8038,157.15,0.995735,36.4857,3.64169,test
2098,4.3942,0.826545,3107.82,2489.8,2611.58,101.744,8.08891,134.012,91.931,73.209,0.695317,1.26903,51.3147,train
2099,0.0676403,0.051996,3575.37,1520.46,128.704,244.279,37.5253,12.2165,193.764,192.052,0.747395,1.62797,94.9195,test
2100,1.90484,2.15469,2270.99,1389.34,1710.43,203.813,38.8973,189.828,159.931,102.309,0.384509,0.571365,110.982,train
2101,0.592902,0.200295,1955.76,3081.31,166.687,203.426,24.1311,24.7352,182.095,64.2095,0.223533,0.270082,148.393,train
2102,1.0467,1.01504,3185.32,4140.82,140.5,274.184,12.535,35.4229,263.559,20.9629,0.0406059,0.0421404,252.121,test
2103,2.36881,0.0511891,4198.12,2565.44,1939.83,276.336,8.36829,35.1902,272.797,276.335,1,14.7715,18.1409,train
2104,1.65271,0.118463,2216.67,2607.87,2685.95,250.985,40.2175,65.0926,233.217,250.917,0.999681,8.69422,24.2345,train
2105,1.28752,1.76834,2859.34,3213.21,112.293,123.189,8.92586,12.5163,119.79,11.1286,0.0297543,0.0305024,111.461,train
2106,3.53987,0.0550513,3016.65,3531.99,7793.63,118.864,8.55227,21.4491,116.855,118.864,1,40.0824,2.75213,train
2107,3.41454,0.0985962,1377.19,1339.72,2353.61,227.584,12.383,28.4262,221.539,227.584,1,17.818,12.0777,train
2108,0.189294,0.832379,2545.37,3540.59,11021.1,150.652,21.0403,62.45,21.0403,42.2305,1,22.8737,5.66641,train
2109,0.641861,0.982081,1575.37,3864.05,3113.53,236.313,20.6064,200.919,37.6132,73.5521,0.921157,3.07913,64.5309,train
2110,0.382456,2.6794,2609.83,1453.1,8810.79,296.261,22.6396,272.828,22.9266,92.7135,0.998951,8.82715,30.9652,train
2111,1.88932,0.673522,1276.85,1385.25,1978.68,106.336,45.463,46.1904,87.1886,94.9708,0.813298,2.12079,23.344,train
2112,2.5307,0.415522,3944.53,3438.98,1069.09,161.626,52.095,80.1145,153.601,108.159,0.511859,0.748152,74.9373,train
2113,0.80245,1.06666,3293.39,1754.37,1260.9,280.982,17.2247,210.664,201.269,129.8,0.426814,0.673801,167.075,test
2114,1.35917,0.403706,3327.37,3138.13,1249.92,239.215,45.2043,144.933,207.168,159.605,0.589663,0.986614,115.953,train
2115,0.106677,0.148059,2869.81,2612.29,171.358,211.458,12.468,22.6941,137.328,71.1433,0.372528,0.559732,132.437,train
2116,1.30077,0.0829503,3394.53,2755.58,698.886,238.759,49.1459,41.0716,229.457,228.83,0.947638,3.05756,58.7672,test
2117,3.57244,0.098988,3939.93,1055.8,5192.43,95.1709,49.8106,4.74066,94.8341,95.1709,1,49.683,0.912994,train
2118,0.0953291,4.05457,3035.62,2667.46,6036.03,255.414,43.1298,61.4315,43.1298,48.8098,1,20.8583,10.1775,train
2119,0.0809407,0.531524,3382.45,3040.1,12732,97.7181,56.6174,11.2524,56.6174,63.5811,1,46.5048,0.883793,train
2120,0.554743,0.348198,2063.83,3006.12,4609.51,113.378,11.0851,90.2118,34.5829,97.2701,0.842533,4.40376,19.5708,train
2121,0.670066,1.67694,3841.62,3751.79,213.591,226.124,37.9811,37.9587,211.378,44.0144,0.0783777,0.0829755,177.717,train
2122,3.25862,1.90283,2334.81,2888.68,14029.3,82.2942,10.3028,311.762,41.3174,67.0212,0.78785,2.55233,22.2222,train
2123,0.17408,1.09838,2624.53,1972.74,378.498,167.048,14.5691,37.551,84.8583,31.8992,0.539025,0.828441,99.2105,train
2124,0.151284,4.71511,2168.56,1936.51,3957.08,191.977,32.7629,52.2323,32.7643,38.4833,0.999991,12.0618,13.1997,train
2125,0.050765,4.62635,3665.98,2053.87,2649.53,255.218,55.4425,37.1789,55.4427,59.3553,0.999999,14.2369,14.0322,train
2126,0.799564,1.15138,1925.53,3591.75,15855.5,138.171,52.5619,131.673,52.6457,84.4019,0.999022,10.2986,8.30457,test
2127,1.21243,2.12612,1188.56,2018.48,1012.59,163.597,24.6343,94.6031,97.9488,46.6784,0.472417,0.702673,93.427,train
2128,0.0914824,0.0638692,2721.02,2715.01,8945.22,205.704,8.02182,34.2793,67.9956,205.704,1,51.5855,3.83213,test
2129,1.82802,3.41216,3688.19,2019.8,13587.2,157.503,7.78751,679.537,56.7131,106.387,0.67321,2.01528,50.0129,test
2130,4.80903,4.69757,3703.76,1220.52,539.929,81.5696,58.8931,11.5226,80.9227,60.9028,0.0886247,0.0941711,21.3409,train
2131,4.35233,0.908616,4018.84,3725.87,151.189,213.456,21.7697,28.2256,211.842,30.1072,0.0434956,0.0446595,186.69,train
2132,0.0818747,1.83655,1018.16,2080.88,190.741,262.396,30.4849,17.3109,54.735,35.0146,0.895434,2.28812,90.7563,train
2133,0.422856,0.953269,3687.55,2728.91,2401.47,170.961,53.8302,124.29,91.2521,101.609,0.680512,1.5401,51.7558,train
2134,0.12042,1.18993,3586.23,3201.21,3578.37,278.347,13.5892,114.271,13.7406,43.5877,0.999428,8.28608,31.9339,train
2135,0.652143,1.68832,4027.55,2530.58,503.782,245.052,52.1249,84.127,213.022,71.8156,0.166019,0.191805,166.991,train
2136,0.857853,0.49894,3214.14,3520.63,350.404,249.99,52.3279,59.5173,228.404,86.2103,0.171416,0.19948,169.854,train
2137,0.118477,2.40278,2513.37,3178.9,179.213,150.504,27.7809,16.4086,95.4005,29.9292,0.449008,0.601838,91.5591,test
2138,0.775228,0.235834,1588.89,1252.69,1792.16,172.233,50.6162,35.6568,143.285,171.312,0.992428,6.06637,19.896,train
2139,0.20747,0.517501,2377.53,3884.45,604.454,261.338,53.242,68.6105,122.244,87.373,0.668412,1.22541,113.508,test
2140,1.96229,0.311372,2884.44,4049.92,2171,97.7504,48.8916,48.2694,89.2224,87.1693,0.783434,1.7216,22.2337,train
2141,0.19776,4.34901,3705.24,3970.16,3157.94,201.087,24.6612,127.277,27.3888,32.0326,0.98454,4.30971,40.3038,train
2142,4.57357,3.63138,4153.37,2504.48,5451.81,191.989,10.5723,681.47,156.114,85.5027,0.413029,0.599449,124.999,train
2143,0.518899,2.84798,1098.84,2808.7,4540.21,186.356,34.1057,86.7619,34.1925,44.9521,0.999429,7.96265,19.1097,train
2144,0.0853435,0.366776,1544.75,2662.07,161.009,237.091,13.2534,20.197,83.8905,33.9389,0.684426,1.2213,125.44,train
2145,0.309903,0.154283,1646.67,2634.12,13414.3,245.384,55.1834,77.2784,93.949,245.337,0.999754,33.0078,5.76088,train
2146,0.104886,0.136755,1331.93,2696.83,260.181,173.148,20.4318,16.6037,54.2961,65.452,0.778254,1.86242,63.8159,test
2147,2.26014,0.745676,2991.18,1345.64,1763.12,145.162,15.3271,104.578,129.693,119.549,0.802731,1.75712,59.3141,train
2148,0.547848,4.19721,3032.36,3319.03,2507.29,125.86,22.4916,130.389,47.3726,31.8514,0.759297,1.50926,52.0037,train
2149,0.223628,0.0762218,1585.28,2562.3,312.594,117.599,28.0286,12.2596,83.017,90.8008,0.700817,1.60056,39.2189,train
2150,2.97513,0.624293,2279.1,3869.24,243.129,241.744,17.0903,51.1132,234.206,38.2505,0.0941902,0.100652,210.231,train
2151,0.230737,0.293384,3677.86,3111.16,1402.55,263.571,38.1796,121.783,120.064,171.602,0.6367,1.65274,86.8296,test
2152,0.0980279,0.225974,1225.53,1869.96,5265.68,135.659,32.1758,12.432,32.1758,61.5964,1,43.8311,2.36095,train
2153,0.326627,0.816,1739.32,2543.99,15928.3,193.622,14.4908,101.766,14.4908,63.5134,1,28.0375,6.38897,train
2154,0.764474,2.6993,3221.87,3075.66,521.65,197.741,50.1785,67.5725,170.306,58.3176,0.185919,0.211792,129.536,train
2155,4.48378,2.96916,2385.82,3694.32,284.549,228.928,24.8095,56.5948,223.637,29.969,0.0259186,0.0265995,198.893,test
2156,0.313626,0.312104,1239.02,2043.23,344.824,112.088,47.2282,12.9725,78.7045,67.5709,0.514704,0.887374,37.6207,train
2157,0.607282,4.86214,4136.48,1616.12,386.694,259.016,52.2664,72.5167,230.148,61.495,0.139628,0.153938,187.53,train
2158,1.08499,0.303132,2619.72,1254.59,8041.14,143.381,25.6156,44.7869,127.624,143.381,1,21.1438,5.56972,train
2159,3.66799,3.5775,2044.31,2282.38,1446.17,277.075,54.6459,271.451,240.874,87.8907,0.162751,0.192861,187.703,train
2160,4.89367,0.689903,2522.43,1586.01,734.906,273.1,55.6435,114.426,263.83,160.22,0.480906,0.671643,155.702,train
2161,2.52643,4.87493,4048.41,3629.91,443.827,257.389,44.6497,91.2913,248.464,49.8087,0.0419555,0.0433931,205.691,train
2162,2.80256,1.06745,3043.85,2807.31,348.17,99.9201,25.9965,23.8542,97.1238,33.9567,0.107682,0.116186,68.5129,train
2163,0.890325,1.53003,1720.74,1424.76,895.861,269.686,52.3877,129.747,184.996,111.906,0.389742,0.584759,144.829,test
2164,0.148571,0.303399,2726.5,1320.69,10157.7,279.294,5.70928,105.99,17.6396,270.224,0.96685,25.35,10.4345,train
2165,1.07995,0.0709692,1893.6,3309.56,1165.75,147.66,55.6981,21.363,137.213,146.652,0.989043,4.96323,18.3256,train
2166,0.791343,0.121958,3816.02,2880.32,5846.56,93.0007,27.3106,23.0756,85.3592,93.0007,1,16.6436,3.94687,test
2167,0.61654,3.04477,2274.27,2593.21,8479.01,110.095,35.3379,104.226,35.7639,48.5381,0.994301,6.04704,12.2922,test
2168,0.146361,3.52494,1172.83,2636.76,173.213,280.54,32.1316,26.9886,123.316,35.0354,0.632926,1.00907,155.811,train
2169,0.493008,0.596419,1715.93,2343.28,19767.3,244.122,35.0116,176.894,35.0198,161.583,0.999961,23.3665,8.94879,test
2170,1.96874,1.7014,4027.02,4007.99,100.066,185.283,17.6585,16.5477,183.195,20.0851,0.0144766,0.0146742,165.367,test
2171,4.68863,0.456207,3333.12,1189.5,1217.29,152.615,41.604,53.5442,149.189,140.274,0.888826,2.2432,43.9862,train
2172,1.33375,0.0870888,4069.39,3446.38,1525.51,267.585,39.2353,68.0047,255.055,265.811,0.992234,5.08264,44.5785,train
2173,0.165645,1.10502,1883.71,3013.4,303.414,203.3,11.2715,36.5142,86.2775,22.2371,0.609401,0.972394,120.345,train
2174,0.0557728,4.04748,4054.18,2950.42,991.261,169.476,45.4974,27.6602,47.1467,47.8137,0.986697,4.38391,27.9041,train
2175,1.25972,1.22618,2940.19,3897.85,5689.83,215.613,24.3277,458.596,91.7954,120.279,0.647292,1.53621,80.5992,train
2176,0.278805,0.199371,1227.46,2437.13,121.895,273.516,27.167,23.0202,206.249,74.5442,0.273055,0.356187,188.853,train
2177,3.07998,1.49898,3722.56,2521.85,13474.5,102.713,46.9297,197.507,85.4867,99.1774,0.93662,3.56449,14.6578,train
2178,3.00877,2.0144,1474.03,1727.93,1689.36,135.839,16.786,140.25,104.216,57.0791,0.338446,0.485345,83.0194,train
2179,1.10234,1.84964,1213.6,2463.29,477.115,175.128,42.2474,51.2954,136.785,53.5058,0.288554,0.356642,107.512,train
2180,0.120524,0.0636564,2429.63,3394.48,2008.16,233.902,7.19648,47.7852,70.717,228.342,0.975475,9.29359,23.7955,train
2181,0.68956,3.25301,1764.89,1424.43,6214.06,209.696,29.5036,215.525,32.6006,76.0162,0.982813,5.10606,34.6834,train
2182,0.0542581,1.78997,1516.65,4040.2,254.936,204.928,47.1303,12.3846,54.4287,48.8428,0.953749,3.098,48.5793,train
2183,0.202495,2.165,3503.92,2986.15,16089.8,168.043,30.6056,97.5154,30.6056,45.6891,1,22.6768,6.0607,test
2184,0.0796412,0.282451,4114.53,2624.11,7960.67,225.043,22.68,66.3115,22.6801,112.147,0.999999,24.2936,8.32989,train
2185,0.075391,0.0532531,2358.9,3900.97,13173.8,80.7804,51.8384,5.14701,51.8385,76.6148,0.999997,74.0771,0.390699,train
2186,2.48744,0.438191,3732.5,3829.47,326.985,190.037,26.2176,47.9486,184.872,54.7918,0.174425,0.194862,146.638,train
2187,4.01545,0.114872,3282.69,3859.21,661.737,151.443,51.991,33.9387,148.869,128.548,0.769782,1.4927,51.2873,train
2188,0.179226,0.118629,1391.64,3652.29,314.451,123.752,13.055,17.2577,54.5595,52.8866,0.625061,1.26074,54.8821,train
2189,2.50866,0.061595,1624.97,3550.49,803.907,261.907,14.6377,52.4947,249.029,254.677,0.970761,3.67598,65.2995,train
2190,1.45358,0.0676799,1433.47,3820.65,7464.14,282.447,7.3582,71.1328,248.308,282.447,1,28.8657,9.52994,train
2191,1.1003,0.192997,3855.39,1680.07,163.015,253.098,44.9894,26.3292,246.892,126.19,0.390183,0.502746,161.514,train
2192,1.30282,1.08907,2103.84,3086.22,11053.7,166.521,35.946,306.669,54.6353,127.186,0.856869,4.03287,27.7435,train
2193,1.1294,2.34721,1906.29,2410.03,2444.4,85.3228,13.1531,96.6843,40.4153,30.2446,0.622248,1.13536,39.5534,train
2194,0.953763,0.135681,1738.48,3442.35,183.672,140.345,39.0771,14.7777,131.432,70.7168,0.312437,0.393249,80.4571,train
2195,0.877995,0.0540147,1571.64,1610.92,18721,291.735,9.07275,24.5953,273.911,291.735,1,215.152,1.31378,train
2196,0.128513,1.90465,2230.71,3721.65,2749.7,204.65,43.5386,46.182,43.5541,50.0537,0.999903,9.59175,16.7953,test
2197,0.0541411,0.0642489,1534.86,1473.69,127.736,171.276,10.2149,8.41078,70.0623,99.046,0.628419,1.53716,65.8449,train
2198,1.18826,0.204147,2188.26,1147.49,3807.7,150.851,6.88767,33.7245,137.881,150.851,1,16.2543,8.85692,train
2199,1.57103,2.87317,1296.49,2583.32,4168.14,162.156,45.8006,195.457,66.1942,72.1343,0.824731,2.0464,46.8931,train
2200,0.281977,0.102214,3400.81,1422.42,1981.84,143.458,35.098,15.7545,127.029,143.457,0.999992,13.6311,7.94943,test
2201,1.27931,1.52328,4174.04,3991.81,13534.4,204.118,30.6868,692.794,74.3779,144.621,0.748078,2.53459,51.1877,train
2202,0.0582389,0.195898,3381.76,3050.67,624.006,251.182,28.1711,40.2578,46.7753,95.5343,0.916577,3.16835,64.515,train
2203,0.142732,3.05237,2346.31,3072.01,619.504,84.6637,33.7933,14.2596,42.084,35.314,0.837022,1.84986,23.0178,test
2204,4.50075,0.342404,2682.6,3933.79,1074.05,142.829,54.337,64.0179,137.527,101.865,0.537092,0.797396,59.6042,train
2205,2.56604,3.35258,3887.94,2904.6,18758.1,191.368,35.7803,1005.2,90.6121,139.006,0.663456,1.9263,53.5875,train
2206,0.430286,0.153723,3571.05,3156.12,4639.5,223.969,19.0033,99.3444,159.315,223.767,0.999014,9.56268,21.4127,train
2207,0.521482,0.214528,1146.39,2398.34,734.252,248.175,23.8509,70.6624,129.974,161.19,0.612235,1.42708,96.2373,train
2208,0.102385,0.0969105,2042.78,2306.12,1677.15,187.844,18.3659,32.3603,33.1216,163.163,0.912935,8.01887,19.2948,train
2209,0.0533649,0.705344,1492.4,2295.86,5575.9,85.6685,12.7054,5.81092,12.7054,16.2938,1,70.0121,1.04215,train
2210,2.63863,0.240563,3364.4,1272.73,253.037,279.048,46.7697,39.7133,274.575,176.479,0.558422,0.826456,156.947,train
2211,0.313025,1.35631,1480.52,1933.14,11272.2,140.858,40.1063,46.6921,40.1063,57.9146,1,24.323,4.14223,test
2212,1.45132,0.078277,3320.36,3776.3,7649.05,129.09,53.8106,22.2523,124.472,129.09,1,25.8766,2.90916,train
2213,0.449897,0.164842,1688.05,2218.96,16737.2,88.0433,12.5061,27.6299,51.6619,88.0433,1,45.7578,1.6508,test
2214,0.0912982,0.399258,4164.22,4189.08,2603.66,84.5715,54.9377,11.2225,55.0531,61.6476,0.996106,6.84838,4.31028,test
2215,0.631171,1.31665,3950.84,3154.37,18461.1,241.571,33.0828,508.767,37.5466,155.582,0.97859,7.40323,27.5589,test
2216,1.78016,2.54137,1712.71,3429.6,111.337,218.079,21.5827,21.3501,211.076,24.0323,0.0356373,0.0365173,191.761,train
2217,3.37265,0.919627,2748.79,1688.28,999.134,101.673,31.7264,49.9382,96.2867,63.8909,0.459842,0.643528,49.9815,train
2218,0.47266,0.339516,2252.73,3040.92,3287.71,191.416,16.3224,139.154,60.7273,151.104,0.769768,3.1844,42.3255,train
2219,4.8566,0.111766,1048.92,3244.68,9718.21,284.934,13.7092,98.3581,265.626,284.934,1,26.7982,10.121,test
2220,0.0526703,4.12227,2327.36,3675.4,658.627,179.237,12.9343,20.2879,13.7339,14.2734,0.995192,5.37291,30.8033,test
2221,0.266704,2.1904,2614.65,1845.68,1698.34,134.967,18.012,72.3513,31.2136,35.9084,0.887122,2.43547,42.6011,test
2222,0.14257,0.0555949,4089.18,2851.53,2230.57,229.362,6.21822,35.3741,168.685,229.356,0.999974,14.0703,15.8588,train
2223,0.0590315,0.444455,2260.24,3242.2,3049.31,195.127,40.5974,20.6182,40.5974,54.9055,1,22.8541,6.76159,train
2224,0.0839907,4.49183,2106.02,2894.55,461.053,129.858,37.6658,15.0764,44.6258,38.8253,0.924505,2.6065,32.7,test
2225,1.269,1.44709,1117.14,3506.67,337.774,121.505,51.1282,20.5836,106.985,55.1845,0.206311,0.238262,60.9389,train
2226,0.477153,1.98592,1312.32,2935.36,2431.13,269.401,29.6706,145.911,36.3818,54.7008,0.972005,3.88251,60.0176,train
2227,0.0609633,0.108225,3662.07,2854.1,382.209,229.11,48.5185,27.6825,105.113,138.14,0.686616,1.71201,72.4277,train
2228,0.0807681,0.0626934,1500.48,2247.5,775.648,110.177,33.3864,8.48651,40.1506,93.6156,0.911913,6.40022,10.9412,train
2229,0.436891,0.488126,2210.53,2262.77,4696.42,117.022,52.3968,54.3102,60.786,101.568,0.870186,4.86293,11.5642,train
2230,0.0930732,2.43045,3681.79,3947.02,6400.85,184.921,7.50963,60.7947,7.50963,13.847,1,18.679,9.49791,train
2231,0.766802,1.63143,3567.23,3964.75,4108.04,145.445,49.0652,185.858,77.4988,77.7992,0.704985,1.50183,45.2425,train
2232,2.14028,3.02364,1171.86,2470.47,192.498,171.773,54.3837,21.4909,163.204,57.2608,0.0729925,0.0767499,111.642,train
2233,0.831511,0.084598,3455.34,3674.72,471.056,182.578,26.4251,37.0127,169.696,145.485,0.762459,1.51526,78.5739,train
2234,0.0639603,0.414484,1444.74,2679.83,134.26,281.884,24.2928,17.9139,88.0223,40.4206,0.752594,1.45294,133.427,test
2235,0.0932721,0.695971,2650.69,1594.62,651.17,135.144,15.2943,26.5696,27.6775,39.235,0.896678,2.6338,40.8029,test
2236,4.07902,0.700826,4086.04,1890.26,973.879,261.76,42.1163,149.099,252.815,154.666,0.512418,0.735147,153.098,test
2237,4.68752,0.113645,3204.29,1855.15,711.968,289.172,33.259,52.0478,285.707,280.133,0.964678,3.37702,73.104,test
2238,4.85504,0.0508088,3908.74,3397.21,923.81,125.524,7.58659,20.2567,124.457,124.943,0.99507,5.35206,21.9273,test
2239,1.99848,0.0855958,2303.2,1749.6,186.453,281.987,56.231,23.905,276.794,215.855,0.707061,1.24503,128.209,train
2240,2.67312,0.382361,2336.51,1892.48,2067.48,234.668,45.5036,127.114,214.316,221.169,0.928637,2.85717,61.4824,train
2241,0.0844131,1.1345,3868.51,2862.91,533.204,228.565,8.84635,56.5394,55.4253,26.2539,0.788007,1.63282,106.037,train
2242,0.258469,2.24713,2640.94,3494.31,290.09,287.993,7.1384,65.5205,192.007,15.4827,0.341765,0.424977,225.863,train
2243,0.324181,0.367541,1653.12,4021.49,1743.75,81.6517,7.81847,36.247,14.0155,32.3418,0.916067,3.25381,20.7868,train
2244,1.61184,0.132499,3744.03,3835.95,10539.4,190.74,36.6344,78.3254,177.761,190.74,1,20.7363,7.43168,train
2245,0.0643759,0.430905,3012.34,1078.85,10344,289.631,30.3087,50.2883,30.3087,138.483,1,53.341,4.8616,train
2246,0.100403,0.0568786,3068.68,1392.8,2884.94,114.158,21.6341,7.32979,90.3683,114.158,1,36.4167,2.54071,train
2247,0.0990191,2.4506,1954.8,2837.26,298.781,287.237,53.5842,35.3609,104.553,58.6699,0.781861,1.54359,118.35,train
2248,0.221445,0.189039,3542.79,2139.3,357.589,85.8056,10.8878,15.8965,65.5431,50.1956,0.524679,0.884221,44.4548,test
2249,1.26524,0.109565,3157.59,1997.29,2124.51,94.3516,43.0189,11.2322,91.5401,94.3465,0.999902,9.70835,5.28696,train
2250,0.460671,2.47124,3243.63,3571.05,10309.8,270.555,34.5979,351.628,35.2338,74.4427,0.997305,6.89966,34.1062,train
2251,0.175641,3.80204,3684.93,1526.44,1783.01,130.467,8.41934,72.8622,17.8903,20.9741,0.922399,2.75485,40.8648,train
2252,0.930822,2.09273,3653.23,1162.61,9888.93,109.514,28.7249,173.855,58.3877,100.181,0.884484,4.06447,17.5808,train
2253,0.130437,1.14445,2848.93,1788.85,133.206,189.906,56.8425,14.5413,150.775,63.9453,0.294078,0.35846,109.164,train
2254,0.149263,0.888971,1750.47,3129.44,19868.3,132.258,41.9134,23.6053,41.9134,50.3985,1,76.0421,1.18809,test
2255,0.262731,2.91172,2188.6,2286.26,105.169,209.02,28.2585,17.256,179.011,30.8507,0.166018,0.182897,164.079,train
2256,0.394458,3.4414,3252.64,3824.91,115.225,92.0353,38.3392,5.89346,87.4419,38.7869,0.0855444,0.0898068,51.1475,test
2257,1.71983,1.0855,3757.08,2488.87,2670.49,115.171,27.4989,135.467,94.2055,77.641,0.57193,0.988463,50.7273,train
2258,0.713527,2.45563,1858.82,2008.53,7083.49,239.466,29.623,274.196,32.7311,85.216,0.985188,5.34073,38.7092,train
2259,1.37942,1.80048,2002.84,2674.79,4302.86,267.345,44.898,423.16,114.179,132.765,0.688551,1.55746,98.3439,test
2260,1.48918,0.0593207,1527.47,3551.9,230.24,124.253,55.2048,9.47655,120.087,100.181,0.651371,1.09273,41.1594,test
2261,0.112305,3.63373,3807.99,1900.64,1025.49,112.897,12.8317,38.5321,22.7959,18.4109,0.900422,2.39793,37.5745,test
2262,1.70586,0.327354,2950.88,1330.07,937.608,204.77,6.69571,75.0893,189.853,179.155,0.870679,2.15342,80.086,train
2263,0.130709,0.543697,3083.03,1058.03,5674.83,90.7962,56.3676,13.8121,56.5212,80.3784,0.99554,14.0822,2.43393,train
2264,3.28792,1.7197,1478.16,3431.4,836.469,162.895,15.3711,106.654,140.951,33.4451,0.148754,0.17211,127.505,train
2265,2.52317,0.833729,3518.56,2910.02,536.7,246.514,24.3554,104.317,234.764,67.3519,0.193539,0.221213,194.367,train
2266,0.880489,0.121408,3015.83,1492.71,6847.83,187.465,53.2231,24.3283,178.303,187.465,1,37.786,3.5527,train
2267,0.12076,0.220155,1299.75,3047.72,8157.46,175.927,53.4113,19.2296,53.4113,82.0708,1,51.9726,2.3573,train
2268,4.00264,0.0521727,3237.71,4018.89,1843.74,226.257,34.1762,40.2679,223.15,226.224,0.999828,8.79328,21.8403,train
2269,0.0823535,0.789877,4082.18,3763.3,5037.46,172.921,58.2982,38.5339,58.2984,71.2615,0.999998,14.9843,7.64947,train
2270,2.11907,0.165072,2198.99,1264.59,237.016,85.1075,39.293,6.42802,83.7281,70.0861,0.672124,1.13541,27.1206,train
2271,0.44458,0.316444,2588.06,1753.75,1018.93,186.816,29.9853,65.6269,129.779,148.24,0.754029,1.83604,64.4074,train
2272,0.0757635,0.210328,1277.93,3074.62,105.464,241.118,18.5394,13.8354,98.2206,39.934,0.642008,1.08927,131.186,test
2273,3.18094,0.408424,1187.06,2818.02,839.782,93.4251,7.29311,48.306,80.632,49.2638,0.487283,0.729645,57.522,test
2274,0.064753,0.0541289,4042.45,3379.95,3128.32,166.682,8.91512,28.8133,56.6073,166.405,0.998243,17.099,9.21045,train
2275,0.813895,1.69298,2406.08,3329.41,12166.9,295.924,38.6347,498.111,41.5646,127.005,0.988613,6.21301,40.9398,train
2276,0.702538,0.0806822,4129.17,3302.11,2335.77,270.196,57.7169,56.5911,250.688,270.129,0.999684,8.76718,24.228,train
2277,1.26039,1.09456,2355,3569.69,1175.17,141.181,40.7542,87.4791,111.709,63.1432,0.293468,0.395917,74.4397,train
2278,0.0591137,0.0570739,1415.05,3962.31,5933.23,156.522,10.7123,12.1968,10.7123,64.646,1,70.9304,2.05567,train
2279,2.6113,4.93576,2100.9,1226.64,1367.79,244.23,42.7874,222.622,203.65,79.5576,0.201444,0.24932,162.76,train
2280,2.25197,0.31723,3415.78,1991.22,376.976,154.022,26.557,35.6522,149.387,82.9977,0.442794,0.596788,94.574,test
2281,1.02516,0.513506,3179.21,2146.96,484.353,170.09,46.2991,46.0862,155.949,88.1016,0.337687,0.439332,95.1501,train
2282,0.204287,0.0740098,2450.6,3811.1,749.57,242.175,18.401,52.6287,137.049,204.989,0.833823,2.65749,70.2119,train
2283,0.894419,0.185064,4172.53,1378.46,16726.9,235.749,43.8283,48.9593,222.63,235.749,1,65.5693,2.92698,train
2284,0.536135,0.348736,1000.48,3790.83,11932.2,282.29,5.48517,148.475,5.48547,117.796,0.999999,22.2455,12.4432,train
2285,1.20958,0.247758,4175.02,2422.24,456.04,254.055,12.9529,75.1969,239.164,138.254,0.519702,0.759904,164.891,train
2286,0.370222,0.132714,1546.86,3220.69,452.36,220.67,48.5766,40.3336,150.241,142.939,0.548323,1.05832,89.1626,train
2287,2.68505,2.64829,1447.27,3702.5,720.992,247.443,38.5319,133.227,213.159,52.1191,0.164108,0.185537,184.783,train
2288,0.808122,0.2917,1422.94,2374.38,4597.93,188.328,10.843,119.282,84.5962,183.065,0.970348,6.63858,25.9426,train
2289,0.263728,0.549857,2604.97,4169.12,13701.3,87.8474,8.33545,54.625,8.3355,32.1639,0.999999,19.9435,3.98685,train
2290,0.551651,1.30677,1801.79,2551.68,174.858,215.405,36.8852,27.9849,187.251,45.2778,0.157713,0.175921,160.043,train
2291,0.295815,4.67088,1086.15,3875.13,3297.58,294.176,48.7156,78.8628,48.7257,53.0726,0.999959,10.2633,23.9153,train
2292,1.14561,1.67283,3757.6,2309.7,182.965,220.382,49.5129,29.9188,213.432,57.2563,0.0453182,0.0473544,163.522,train
2293,2.34364,0.878387,1115.92,3038.94,1587.56,279.734,43.4478,234.319,190.139,131.228,0.379178,0.607022,147.597,train
2294,0.604385,0.155259,1872.06,1765.59,1517.5,136.792,34.2033,27.7997,112.222,135.616,0.988534,5.53582,18.3194,train
2295,3.11556,1.48448,4092.93,2213.73,102.59,247.913,48.6673,20.0461,246.34,54.7673,0.0306155,0.0312179,195.4,train
2296,1.90139,2.38073,2028.65,3558.47,7816.76,117.355,6.10848,337.82,29.7752,45.9845,0.78726,2.02651,43.2173,train
2297,0.281123,0.937659,2411.24,2626.08,1213.78,274.812,53.6447,117.827,100.989,101.496,0.785937,1.79061,97.0751,train
2298,4.19994,3.18482,3323.18,2429.43,10716.2,160.809,15.6829,737.78,107.949,111.037,0.657041,1.38501,68.8471,train
2299,4.58186,0.0621064,3701.54,1276.77,595.774,121.509,11.3544,8.72987,120.994,121.447,0.999437,7.51332,14.653,test
2300,2.63106,2.73001,3072.73,3341.3,12644.3,237.889,13.9592,1142.76,96.5378,139.237,0.631229,1.56401,90.3771,test
2301,0.0778472,0.167561,1608.11,1009.1,4236.19,289.345,53.5302,29.5198,53.5395,228.115,0.99996,33.8389,6.96848,train
2302,0.174656,0.0760886,3206.99,1407.77,254.214,178.328,23.9407,14.5186,152.407,159.483,0.877937,2.37328,57.1117,train
2303,1.86137,1.37896,3622.68,3330.47,3528.21,245.775,29.1308,463.047,177.106,129.956,0.465394,0.768241,131.241,train
2304,0.443173,3.16344,3603.93,3248.03,4460.99,158.564,37.3685,177.886,47.1879,54.6812,0.918979,2.79307,39.8759,train
2305,1.47535,0.9977,3300.88,1456.78,16261.4,98.1911,13.3716,123.246,72.8838,98.1678,0.999726,11.1883,7.57901,train
2306,1.20552,0.591903,4150.51,3744.78,224.099,156.591,37.4618,24.8755,151.619,48.6845,0.0942058,0.101103,111.002,train
2307,4.78665,0.050938,3564.03,1207.35,17269.9,98.9766,46.3269,3.23796,98.7868,98.9766,1,280.812,0.187491,train
2308,0.0896529,0.55812,4015.16,1483.62,6011.51,266.115,27.3759,85.9352,27.3866,131.157,0.999955,16.7,14.2951,train
2309,0.18111,0.0526991,3088.17,1402.73,1263.35,195.208,34.8109,11.8569,174.008,195.208,1,17.0901,9.38534,train
2310,3.07229,0.155029,3287.94,2842.63,706.805,295.651,52.9515,84.6823,287.268,245.11,0.791755,1.60386,119.81,train
2311,0.175311,3.45014,3175.27,1350.44,233.836,150.419,23.7542,23.7615,107.733,28.8541,0.336998,0.42007,101.616,train
2312,0.284337,0.117553,1886.73,1287.07,6424.1,101.209,32.844,10.3435,81.9279,101.209,1,42.4595,1.61012,train
2313,1.21757,1.12659,3344.21,3557.73,10674,241.52,37.9076,596.68,94.9807,186.776,0.731136,2.6631,55.9004,train
2314,0.17869,1.10821,3619.83,3421.76,175.902,196.532,47.3324,22.5583,161.657,53.2813,0.23375,0.271945,128.244,train
2315,1.30613,3.40992,1890.61,1711.44,9529.23,214.841,35.1753,414.711,46.8989,106.238,0.934748,3.85897,43.5199,train
2316,0.066575,0.146866,3011.41,2692.09,946.712,294.213,6.78682,54.7102,21.3229,145.162,0.949427,4.72212,57.7897,train
2317,0.209082,2.713,2607.55,4090.73,326.314,298.391,33.515,64.4627,180.152,39.3235,0.446392,0.598529,197.548,train
2318,0.300901,0.196971,1848.78,2658.56,1840.93,291.4,38.2888,105.518,101.721,239.79,0.796099,3.51551,57.3179,test
2319,0.0524173,1.51603,2969.8,1420.02,3190.58,100.135,6.92477,14.5098,6.92477,13.6648,1,20.4959,4.54772,train
2320,0.307565,4.60824,1208.54,1100.32,145.397,147.333,19.1458,15.2665,106.261,22.1566,0.320405,0.391165,104.999,train
2321,0.236848,0.447106,1358.84,2566.33,12242.8,128.241,32.7489,30.733,32.7489,59.5334,1,38.0404,2.51028,test
2322,3.74329,0.613113,1675.08,1853.3,962.354,284.055,45.4039,149.138,260.27,176.655,0.549969,0.84693,154.972,test
2323,0.303269,4.67869,2389.75,3956.1,5767.93,288.55,51.2866,171.875,51.3955,60.5725,0.999541,7.95865,29.7984,test
2324,0.0762249,0.056468,1850.17,2159.12,178.845,92.1244,40.6144,3.88573,64.5717,72.4853,0.618732,1.4669,21.7267,train
2325,0.233945,0.0751353,4126.59,3416.06,126.013,130.739,39.0224,8.74548,121.68,73.0957,0.371505,0.490962,69.4011,train
2326,0.282926,0.815602,2989.2,4013.23,268.416,195.809,47.9874,32.9466,156.852,58.053,0.263539,0.317382,122.745,test
2327,1.07118,3.09869,3261.72,2351.1,146.163,194.396,44.7702,21.2123,188.324,47.6818,0.0405765,0.0418339,145.128,train
2328,0.0707439,3.1513,3748.97,2769.93,165.389,279.372,5.54207,33.5084,153.029,9.38087,0.461394,0.623599,202.604,test
2329,0.0747432,4.98448,3919.32,2248.76,5500.74,144.93,39.5031,30.8839,39.5031,42.2584,1,18.7775,5.6145,test
2330,2.66329,0.466656,1711.18,2432.57,539.107,240.059,47.2402,79.5225,222.61,117.293,0.36331,0.474911,147.508,train
2331,2.30678,0.0946865,2644.7,4084.72,3773.98,137.608,20.6707,45.2229,130.195,137.596,0.999899,9.75774,11.9828,train
2332,0.542068,0.0564089,3148.92,1395.72,19499,117.752,23.4576,7.42391,113.403,117.752,1,247.666,0.380733,train
2333,0.414896,4.14473,3521.66,2609.37,3614.44,132.732,27.2037,138.239,38.1208,39.9857,0.896549,2.47375,38.2462,train
2334,0.0760809,1.08588,3227.28,4137.05,14182.3,177.314,32.9806,35.4387,32.9806,40.8693,1,57.7608,2.4988,train
2335,0.650763,3.26072,3408.5,2016.61,244.287,163.452,9.34797,35.049,147.651,14.6781,0.102536,0.110132,143.475,train
2336,0.163671,2.82379,2367.7,2370.52,101.647,249.029,17.7505,20.5527,195.993,20.8209,0.229317,0.262298,202.197,train
2337,0.0622976,3.87759,1337.95,1291.35,550.252,90.8793,34.0678,4.72823,34.1525,35.0121,0.998509,6.60163,8.59284,test
2338,1.85847,0.689016,1338.35,4190.82,105.767,275.798,52.4602,22.7223,266.662,60.3293,0.040904,0.0425229,214.835,train
2339,0.517884,0.0816186,4170.04,2205.88,710.156,296.218,40.4945,44.903,275.426,289.898,0.975286,3.94441,63.2297,train
2340,0.343499,1.97379,1215.28,1041.16,436.251,186.688,49.0513,35.6178,101.366,66.3832,0.619909,1.04504,81.6452,test
2341,1.93007,4.95278,2680.85,1302.17,2934.59,220.026,28.3996,371.889,148.153,86.0625,0.375069,0.567156,126.726,train
2342,0.499707,0.0765802,1895.76,2327.55,866.899,255.106,14.0151,42.2978,210.456,251.318,0.984287,4.86355,48.792,test
2343,0.931428,0.203052,1194.84,3780.78,5340.32,259.896,25.0485,173.268,104.207,250.747,0.961041,6.95629,32.4452,train
2344,0.543556,0.0503794,3585.03,2048.17,14862.2,192.841,40.3231,15.7376,184.765,192.841,1,144.034,1.0589,train
2345,1.97264,0.744539,1997.71,3688.83,7005.91,159.618,50.1498,238.647,99.0599,137.042,0.793761,2.55087,34.0636,train
2346,0.0687344,0.0708396,2605.38,3187.45,861.327,142.138,34.9073,17.1248,46.5107,110.749,0.891789,4.80975,19.8819,train
2347,0.107119,0.321975,2117.48,2100.45,104.637,83.9905,16.1158,5.39746,60.1946,24.0967,0.350586,0.461314,51.5829,test
2348,0.0836278,0.417618,1202.13,1176.7,5128.18,174.065,15.2401,15.9669,15.2401,47.732,1,51.0107,3.11357,train
2349,1.84261,0.207481,1991.96,3130.54,375.939,200.269,14.8823,51.2666,186.301,93.8111,0.425752,0.578786,136.369,test
2350,0.34993,0.136978,2500.6,1217.64,183.29,202.343,48.1898,16.4341,183.561,146.721,0.639181,1.09892,89.6617,train
2351,0.141961,0.129002,2165.5,3459.55,4933.1,205.094,53.7158,46.4374,54.0368,157.768,0.99788,16.047,9.41342,test
2352,1.88916,0.203223,3019.85,1236.95,612.689,284.498,15.8492,61.2236,273.766,259.402,0.906585,2.43733,99.926,train
2353,1.6266,0.199723,1359.97,2897.2,2086.6,80.9399,30.8226,27.4784,68.5183,78.3106,0.947536,3.60606,13.169,train
2354,2.15036,0.86383,3975.29,2229.61,450.639,138.53,52.2153,33.939,134.56,69.8368,0.204153,0.233976,75.313,train
2355,1.26987,0.0996832,2244.78,1862.02,561.005,186.229,24.6519,28.3224,176.293,177.241,0.944375,3.02246,50.4852,train
2356,0.172211,1.85738,2656.71,1808.92,911.797,114.649,18.9441,36.8552,34.0939,29.9135,0.841703,1.99293,40.4204,train
2357,0.100064,0.722883,2074.53,3448.36,137.551,203.928,5.69282,19.6245,109.392,13.5654,0.47689,0.662621,142.67,train
2358,0.0525258,0.52424,1791.18,1674.65,10655.6,294.354,39.4824,23.9791,39.4824,66.7959,1,113.258,2.25036,train
2359,1.08255,1.18374,3474.2,3016.25,1766.31,170.887,44.9413,150.085,130.981,86.9764,0.333756,0.494702,84.9706,train
2360,0.708396,2.27792,2223.73,3125.9,1642.44,176.076,11.1135,160.226,74.3634,33.6154,0.61658,1.04263,97.5534,test
2361,0.711951,0.0586758,3278.14,2503.89,174.572,267.092,47.5405,22.1194,257.614,198.097,0.685747,1.18823,126.707,train
2362,0.249698,4.44633,2501.1,1479.36,307.35,152.715,54.3911,23.5008,115.085,57.9639,0.382715,0.492137,76.4629,train
2363,0.170109,0.41827,1342.1,2023.52,3041.05,182.971,51.582,29.9952,51.5877,87.0214,0.999956,13.3203,9.86342,train
2364,0.450967,0.0619326,2803.96,3340.02,14394.5,162.234,17.8486,29.867,138.614,162.234,1,69.5869,2.07489,test
2365,0.901801,1.36145,1472.88,2961.47,10938.5,231.837,30.7121,266.426,31.2518,96.7916,0.997316,8.23528,24.3568,train
2366,0.582864,0.156293,3224.58,3942.83,6022.49,214.174,48.134,102.224,159.785,214.017,0.999056,9.77299,16.9736,test
2367,0.0903888,1.55519,4147.74,3527.9,131.999,285.479,33.1963,27.82,211.274,38.2669,0.294133,0.352083,210.758,test
2368,3.87514,0.945986,1623.17,1280.94,810.863,250.366,21.941,130.14,229.676,129.339,0.470169,0.669165,160.496,train
2369,0.687901,0.0844599,3113.37,2677.78,15444.4,166.312,24.9264,31.9765,151.382,166.312,1,68.2883,2.07043,train
2370,0.0673447,3.4712,3489.51,2150.31,139.277,91.98,46.6296,4.7385,71.8162,47.2644,0.444622,0.592669,34.022,train
2371,0.072429,0.983827,4147.16,4028.76,3845.75,181.351,36.4417,43.5268,36.4427,47.4234,0.999993,12.8032,11.3182,train
2372,0.0578355,0.108119,2176,3977.59,5205.82,105.05,52.0677,6.66778,52.0677,67.5723,1,41.3653,1.28083,test
2373,0.310225,0.638973,2083.49,3871.08,104.512,191.256,48.6433,13.5109,170.353,54.1056,0.146575,0.161696,129.276,train
2374,0.139382,0.152319,1024.35,3150.53,1863.99,293.599,39.5846,36.2646,39.6032,115.154,0.999927,13.0553,19.4554,train
2375,0.225327,0.182379,2779.72,3399.18,7496.33,239.62,42.4894,113.399,58.5717,225.41,0.927912,12.0921,15.1273,train
2376,0.269346,0.090285,4128.09,2067.3,558.216,176.777,33.3493,24.8949,154.387,166.729,0.929943,2.99077,44.5972,train
2377,0.527243,0.889635,1256.3,4027.27,5516.73,113.161,49.9369,41.8399,49.9949,61.6149,0.999082,8.32872,7.58417,train
2378,0.339086,1.94049,2970.37,1004.21,173.643,109.84,50.303,9.1381,100.768,54.9924,0.152387,0.1724,52.6258,train
2379,0.228267,1.60047,2308.29,2604,106.417,118.582,58.5034,5.72708,107.713,59.8776,0.180917,0.201965,53.8174,train
2380,2.71197,0.267492,1183.54,1172.38,11156.6,131.416,39.1354,28.9396,122.4,131.416,1,35.5755,2.59394,train
2381,0.0646626,2.40838,3509.45,3881.35,8399.03,180.375,10.7506,38.4928,10.7506,14.8684,1,37.0116,4.583,train
2382,2.00911,0.0508899,1813.58,3738.63,844.409,97.4955,28.1387,13.0092,93.9252,96.5154,0.985868,4.43822,15.4063,train
2383,2.80542,0.439188,1693.08,2478.01,138.219,227.248,46.3589,23.175,222.369,67.6533,0.117721,0.127004,167.668,train
2384,0.67343,3.51966,3558.34,1023.85,1573.73,239.019,45.2333,196.657,156.952,99.8057,0.423495,0.656737,124.962,test
2385,0.506232,3.78388,2931.68,1881.56,1631.29,253.376,35.1966,206.154,114.469,64.1524,0.636665,1.09917,126.375,train
2386,0.442499,4.28697,2033.64,1193.05,101.91,207.463,37.7823,16.2016,189.459,40.95,0.106106,0.113248,158.979,train
2387,2.61697,0.680028,3318.33,4121.49,5288.26,227.71,41.9337,412.716,180.184,189.189,0.792648,1.88682,78.0438,train
2388,0.875814,0.0712066,1784.74,3018.84,178.222,106.732,22.0232,9.97283,100.352,68.4168,0.547685,0.829088,55.9574,train
2389,2.4318,0.222822,3742.66,1489.68,1385.16,142.231,19.6408,39.988,137.838,140.111,0.982704,4.173,28.869,train
2390,3.05588,0.190881,1391.16,3644.19,629.529,290.62,25.6769,105.976,265.692,178.028,0.575032,0.905009,168.342,train
2391,0.133618,0.503034,3850.26,2125.38,205.709,247.159,53.1365,30.7085,187.469,81.8592,0.307646,0.399852,149.281,train
2392,0.629341,1.3873,1178.81,2018.77,7598.79,254.265,9.71868,181.351,9.81524,74.472,0.999605,10.2427,23.8658,train
2393,0.0572639,0.849073,3702.17,2481.46,163.428,254.535,21.2521,26.0423,131.695,33.6124,0.526573,0.770885,159.35,train
2394,2.85973,4.28875,2569.34,2190.66,4434.06,218.438,48.692,489.012,151.884,100.741,0.39208,0.60347,110.286,train
2395,0.476066,0.123144,2921.51,4122.32,649.391,105.292,16.1735,30.0254,83.7041,75.3205,0.663688,1.27924,46.2362,test
2396,1.86816,0.561623,1153.89,4072.34,180.052,249.539,56.2077,32.1977,234.603,70.2855,0.0772584,0.0835261,178.824,test
2397,0.198359,0.906855,3991.64,1541.97,14254.6,243.455,16.0152,180.05,16.0552,144.775,0.999824,18.0033,12.631,train
2398,0.0830231,0.0966946,1117.99,3826.85,2166.68,162.711,15.0936,13.7016,15.0936,52.1215,1,23.3431,6.32381,train
2399,2.76792,0.0717888,1876.35,2529.6,7719.43,127.827,49.8572,14.159,125.101,127.827,1,42.5087,1.83421,train
2400,0.666464,0.525322,1511.02,1025.95,2573.26,219.535,5.87412,108.977,111.321,208.075,0.946361,4.77454,42.3497,train
2401,0.937334,0.0527715,3009.37,1745.18,153.175,89.8681,50.7836,2.89817,88.8407,82.2527,0.805155,1.66321,18.9206,train
2402,0.0550778,0.715783,1008.84,3765.59,1511.99,141.688,29.0838,6.25678,29.0838,31.4052,1,27.2115,4.13811,train
2403,4.53795,1.01197,1243,3935.1,7344.3,265.854,25.8822,678.497,145.567,196.265,0.710012,1.84429,92.3842,train
2404,0.218162,0.486682,4199.13,1210.81,743.729,191.831,47.6402,52.2147,134.834,136.248,0.614515,1.2621,70.2066,train
2405,0.342558,0.188129,2316.87,2620.45,15246.6,174.488,17.4772,77.4035,76.9609,174.487,0.999997,30.9271,5.07678,train
2406,4.63535,4.14782,3159.25,3784.68,2831.22,227.266,31.0846,467.986,195.309,60.8961,0.162896,0.193334,165.295,train
2407,0.592023,0.240915,3605.08,2263.9,1271.14,160.445,15.2074,68.3208,128.434,140.473,0.862485,2.33063,53.7475,train
2408,0.608602,2.54546,2486.35,1645.8,432.029,107.838,40.057,24.4623,91.6724,45.8963,0.238502,0.285508,56.6219,train
2409,0.055209,0.0612573,2269.83,3830.23,240.691,202.415,55.9188,13.8868,91.5996,115.105,0.756439,1.92069,57.6957,train
2410,0.480731,0.388256,2675.16,3744.51,4503.14,219.377,31.4584,196.199,66.8151,166.412,0.81185,3.50158,43.5693,train
2411,0.0611549,0.111544,1485.17,1633.89,1132.44,297.372,48.3983,22.5914,48.6385,172.356,0.999035,12.4683,19.9493,train
2412,0.825147,0.661237,1269.17,1348.26,8250.01,227.879,21.4704,175.213,60.5717,218.004,0.952157,9.25388,21.2379,train
2413,1.97031,1.31839,2013.2,3832.28,1391.39,189.836,51.8036,146.212,152.976,80.7424,0.267042,0.350775,105.083,train
2414,0.133427,0.247533,1314.41,3655.7,760.42,128.372,32.4406,16.4104,34.8003,50.5756,0.975402,4.3359,21.5808,train
2415,0.0668981,0.301899,3337.5,3554.23,507.976,188.439,5.1166,35.3919,29.9246,38.1001,0.864676,2.27513,69.6725,train
2416,1.40984,0.369285,3906.11,1364.2,9800.29,136.743,28.0735,54.7454,126.802,136.743,1,19.4536,5.5861,train
2417,0.0536982,1.30087,2032.27,3950.85,114.132,245.488,21.3202,15.7944,100.757,24.3933,0.645639,1.04584,138.388,train
2418,4.12245,1.46198,3913.42,2275.49,2599.8,123.526,31.2635,159.571,113.635,79.23,0.51989,0.78149,61.3783,train
2419,0.136874,0.0680416,1078.21,2441.32,1603.13,288.667,6.16703,39.8091,18.9191,245.82,0.95486,10.8629,24.8321,train
2420,0.169331,0.13557,2049.1,2559.54,179.539,150.985,5.18029,17.2513,101.266,54.8966,0.340999,0.51744,96.0868,train
2421,0.185863,0.602029,1637.43,3587.26,3384.89,246.714,22.3916,68.2659,22.4052,54.0015,0.999939,11.1221,20.1678,test
2422,4.47639,2.73536,1065.49,1713.84,5785.31,241.029,33.74,539.33,127.951,148.786,0.555001,1.23408,93.224,train
2423,0.105066,0.41383,3000.2,3663.01,3196.14,152.119,57.4151,29.8449,57.4395,77.1034,0.999742,10.1394,9.3378,train
2424,0.212574,3.86985,1152.97,1614.97,2809.06,172.745,24.8937,36.2368,24.896,30.6918,0.999984,11.4612,12.9,test
2425,0.449217,2.93958,1031.73,1151.05,857.245,101.557,37.3227,24.4155,48.8776,44.5385,0.820113,1.84962,28.4814,train
2426,2.74047,4.24648,3953.26,3296.64,4666.76,106.631,39.7769,225.616,85.8059,55.8933,0.311501,0.43076,48.3453,train
2427,2.53862,4.83127,1452.96,3064.38,7579.96,177.886,49.7845,392.41,71.499,76.29,0.830489,2.05501,51.7694,train
2428,0.952539,0.42003,2076.82,1784.13,3606.12,234.046,58.3447,127.472,169.609,228.446,0.96813,4.8121,35.3487,test
2429,0.203455,2.1072,1666.99,2600.1,1157.37,88.1418,37.6116,16.4815,39.5463,40.6197,0.961713,3.4125,14.2405,train
2430,0.804092,0.237738,2643.57,2675.98,4871.19,234.608,50.676,116.631,179.741,234.005,0.996719,7.65691,23.9429,train
2431,0.0752319,0.176024,3231.39,1170.48,15790.4,263.498,49.5156,44.0873,82.146,263.498,0.999999,76.64,2.79204,test
2432,4.61297,0.234425,3372.81,1687.07,2085.52,284.432,20.5279,103.776,277.762,282.924,0.994286,5.27323,49.7601,test
2433,0.066147,0.34319,1367.8,2861.1,6617.41,94.6112,7.53223,7.87853,7.53223,15.556,1,73.1402,1.19058,train
2434,0.195549,0.732798,2630.38,1065.57,201.688,196.33,50.6365,22.1488,153.27,79.0016,0.295553,0.392108,109.817,train
2435,0.0652298,3.31739,2663.19,1603.16,7752.59,187.553,36.0533,26.3185,36.0533,41.0019,1,44.627,3.3948,train
2436,0.0762851,0.266384,3535.85,2898.74,102.027,284.012,15.0274,21.7766,203.278,43.229,0.300144,0.378251,213.44,train
2437,1.16365,3.06235,1056.75,2983.8,150.262,80.3153,59.504,2.92187,77.9392,59.8238,0.114174,0.122195,19.4452,train
2438,1.80692,1.5822,3477.8,3398.4,7289.45,236.658,47.0321,611.346,139.373,160.73,0.599589,1.35568,83.8672,test
2439,0.0816902,0.365018,2348.07,1007.97,6005.65,196.901,13.6087,35.1581,13.6088,109.166,1,31.3097,5.85417,train
2440,1.37191,1.70328,3645.38,2361.45,725.473,102.03,8.65458,58.2562,90.3815,23.1383,0.155112,0.180368,80.301,test
2441,0.399286,0.136029,1364.62,1768.35,3097.88,265.265,54.8417,50.5958,172.408,265.177,0.99958,12.8784,16.3324,train
2442,0.060515,1.13531,1656.3,3485.06,224.861,112.302,16.6254,8.53712,27.1274,18.7831,0.890234,2.24343,37.9662,train
2443,0.195868,0.491056,2981.6,1828.48,1137.23,273.387,28.3285,105.354,92.987,145.664,0.736151,1.94731,92.6406,train
2444,3.67547,0.0602107,2124,2311.71,1024.36,281.354,45.818,32.7608,277.157,281.186,0.999287,7.35944,31.9817,train
2445,0.375104,0.109057,2514.61,2760.81,6667.28,286.675,7.87848,83.9418,197.682,286.675,1,22.1441,12.5901,train
2446,0.198679,0.100336,3379.02,3078.49,1194.11,259.635,53.5071,59.1479,171.531,244.996,0.928981,3.8659,49.5329,train
2447,0.0744918,3.59738,1090.02,3182.92,543.886,84.9627,49.4372,2.88087,49.4828,49.6888,0.998716,6.69833,5.29683,test
2448,1.68407,0.24633,3679.74,3460.16,177.245,260.384,9.52164,39.6664,253.983,56.0598,0.185512,0.207951,223.794,train
2449,0.625522,0.51043,1779.44,2938.5,1451.26,164.937,56.087,73.6417,98.7763,105.185,0.607815,1.30383,50.7434,train
2450,0.617864,0.153554,3330.05,3265.91,103.294,216.351,20.4479,17.9059,207.649,56.1531,0.182259,0.205973,173.349,train
2451,1.58774,0.0578271,1445.21,1279.39,3168.7,137.767,38.2289,7.36418,134.558,137.767,1,42.8298,2.32404,train
2452,2.21321,2.62205,3020.96,1500.72,17881,162.851,56.2958,390.04,104.514,155.418,0.930239,4.54414,21.8131,train
2453,0.0967867,4.89176,3095,1696.26,12416.4,235.675,33.6305,60.5234,33.6305,40.9245,1,41.4493,4.87449,train
2454,0.124771,4.17725,4044.1,2134.37,279.031,122.989,14.0271,23.1256,77.158,16.6209,0.420613,0.552989,82.8781,train
2455,0.989495,0.707874,1696.99,3345.73,1626.52,130.963,24.7842,94.1503,74.8932,64.5376,0.528069,0.96865,57.8845,train
2456,2.79097,0.163652,1261.87,3349.36,6234.77,104.941,38.2453,36.5557,94.561,104.937,0.999943,11.3746,5.86319,test
2457,4.19267,0.07475,2241.33,1476.13,2131.99,137.096,35.8686,11.1695,135.907,137.096,1,19.3218,5.239,train
2458,0.175051,0.693188,1309.37,4068.81,109.172,86.8639,7.89736,6.76993,57.3276,10.2977,0.374036,0.476301,62.0118,train
2459,0.318323,0.110376,3345.79,1766.78,153.374,105.519,16.9843,9.05617,97.016,63.4236,0.524532,0.786491,59.0463,test
2460,0.72921,0.194095,3167.09,3336.25,969.245,272.825,47.7938,106.235,226.825,211.851,0.72904,1.49679,109.606,train
2461,1.9799,0.671995,2357.72,1482.15,19091,126.714,14.2383,112.026,102.716,126.714,1,19.1677,5.86799,test
2462,0.181873,0.0802443,1946.03,1648.68,757.578,299.228,48.0633,32.6457,206.99,294.823,0.982464,5.72633,43.0922,train
2463,0.0622317,4.40232,3012.98,3806.61,161.467,247.106,58.4788,20.3714,138.461,59.6945,0.57598,0.861144,126.164,train
2464,0.115413,0.0862362,2463.12,1935.21,858.869,162.005,51.954,17.392,100.825,156.169,0.946974,5.14646,20.2499,train
2465,2.0052,1.11339,1791.96,2421.49,302.054,138.95,39.7306,27.2919,131.354,49.8534,0.102025,0.112035,90.3541,train
2466,2.10359,0.931991,2613.19,2286.58,365.242,185.183,48.936,44.4379,177.099,69.7884,0.153048,0.171389,121.667,train
2467,0.101639,0.111732,3256.51,3009.26,2097,262.284,7.92667,73.1972,41.1373,225.626,0.869433,6.33553,34.9057,train
2468,0.497536,3.9334,1844.23,1790.9,11897,198.569,32.3516,152.515,32.3534,54.0024,0.999989,12.9658,12.8196,train
2469,0.0809788,0.0767906,2489.63,1444.68,17699.6,141.005,9.9653,14.5373,68.8979,141.005,1,159.545,0.821332,train
2470,4.03184,3.92395,3924.02,3772.8,18811.6,240.169,15.9345,1891.23,120.631,143.683,0.569708,1.27068,100.535,train
2471,0.507327,0.112919,4125.4,3729.42,5393.4,124.33,39.6327,35.6671,107.288,124.328,0.999971,12.8072,6.61309,train
2472,1.50563,0.307535,3942.56,3737.09,302.192,230.864,33.7492,51.321,222.219,78.4039,0.226541,0.262939,169.829,train
2473,1.05844,2.74859,3934.25,2255.64,17235,180.492,56.1436,465.016,68.8212,131.148,0.898048,4.13889,26.981,train
2474,0.0978266,0.141032,2885.17,3464.59,4040.58,212.649,40.0287,48.6727,40.2015,139.642,0.998999,14.3158,12.046,train
2475,0.976247,0.0592109,2777.35,1190.55,1608.55,118.691,38.769,5.63397,116.613,118.691,1,22.8185,3.50251,train
2476,4.13503,0.0611277,3908.92,1034.08,401.461,200.539,9.82613,12.0337,199.794,200.199,0.998218,6.35112,29.9747,train
2477,0.37214,0.622077,4142.12,3778.27,397.193,120.972,10.6156,36.1065,97.5485,25.9776,0.212255,0.257675,90.9042,train
2478,2.09741,0.643122,1771.99,1498.5,1206.34,211.114,51.466,103.61,183.237,158.977,0.673422,1.25176,85.8878,train
2479,0.703846,0.0538782,1373.38,4173.61,953.941,127.314,39.6639,19.1211,107.533,124.697,0.970138,4.24225,20.0443,train
2480,2.41101,1.43025,2576.94,3735.18,1988.77,231.126,12.8994,322.341,179.245,73.2375,0.276493,0.372273,162.08,train
2481,1.44617,0.0504091,2195.34,2838.31,260.631,295.151,13.696,33.4629,284.611,247.577,0.830972,1.82161,128.392,test
2482,3.95651,2.61487,2679.44,1597.85,1320.6,119.916,45.5569,80.2686,112.344,64.7682,0.25836,0.316071,60.7819,train
2483,0.732349,0.0924672,1900.41,2173.08,11711.8,181.687,15.3981,33.4139,157.679,181.687,1,58.2857,2.853,train
2484,0.0766901,2.78624,2098.31,1459,497.857,96.538,17.1862,12.1397,21.0987,20.1725,0.950694,3.09383,24.3838,train
2485,0.0770359,3.41842,3396.37,4052.51,2492.92,178.459,51.9134,33.1069,51.9242,54.3032,0.999915,9.52797,13.2804,train
2486,1.32821,3.58871,1437.07,1103.81,16527.1,273.751,39.2002,445.067,40.5761,151.555,0.994134,8.65869,26.9296,test
2487,0.0598368,0.544615,3117.3,1655.91,2416.01,96.9424,40.6549,10.499,40.6564,52.2967,0.999973,12.9525,4.34558,test
2488,2.44271,2.25814,1051.73,3947.85,3741.23,254.218,12.1429,447.03,80.2128,62.2875,0.718806,1.45626,119.487,test
2489,0.321551,0.145152,2783.48,2138.01,15381.1,141.038,52.1382,27.5889,110.214,141.038,1,49.5627,1.79368,test
2490,1.18477,0.290231,2639.17,3226.52,1884.96,195.183,45.7243,114.136,158.681,167.607,0.815497,2.01291,60.5508,train
2491,1.72986,0.0748322,1582.12,2442.79,4356.42,296.919,24.1812,49.8562,278.702,296.919,1,23.8317,11.4443,test
2492,2.51566,0.128763,2221.85,3387.27,205.017,257.3,20.1225,38.3189,250.444,107.979,0.370424,0.470057,186.905,train
2493,0.121087,0.440707,2449.28,2700.8,1648,240.847,36.4401,59.9181,38.8156,86.7804,0.988378,5.55673,36.358,train
2494,1.22263,0.27509,1932.38,1185.02,1017.06,190.244,19.9543,52.2315,168.136,180.18,0.9409,3.11995,51.3552,train
2495,2.77785,2.64116,3598.02,2677.96,673.373,271.153,54.8576,134.69,257.677,73.9006,0.0880417,0.0952042,200.023,train
2496,0.205218,0.46169,1762.37,2402.04,295.909,139.84,27.58,21.1895,81.2522,46.6868,0.521895,0.818178,71.608,train
2497,2.35204,0.294243,3813.85,1819.61,822.249,248.765,12.0171,98.2302,237.814,195.485,0.774951,1.53574,119.465,train
2498,1.15917,2.7422,1754.48,3754.82,4124.44,190.701,17.8873,293.82,46.2278,46.4233,0.836006,2.02802,71.2387,train
2499,0.510454,1.72925,2438.7,3286.89,3989.19,225.136,14.2208,245.465,27.9514,57.4071,0.9349,3.20457,61.5325,train
2500,1.10916,0.0505679,2995.6,1255.94,12548.8,219.434,47.1674,10.9407,216.142,219.434,1,197.587,0.871853,train
2501,0.0800666,0.922093,1992.82,1578.8,1740.01,208.927,29.729,28.5909,29.7387,49.3683,0.999946,10.9052,16.4314,train
2502,0.286117,0.747318,1141.76,1549.67,1185.17,299.765,7.34457,90.3486,23.1964,85.3592,0.945791,3.62797,76.2324,test
2503,1.00457,1.53289,3673.49,1487.11,569.65,185.994,41.0986,68.6178,167.4,71.1998,0.207744,0.249893,120.456,train
2504,0.0736294,0.315047,1533.8,2648.08,12542.2,165.843,12.4919,17.3184,12.4919,33.2507,1,111.059,1.38081,train
2505,0.0942417,3.20568,1847.04,1359.92,11499.2,115.445,17.1147,17.1162,17.1147,21.0409,1,66.0618,1.48846,train
2506,0.258834,0.159139,3802.36,1724.26,2381.75,148.293,45.3152,28.2179,119.621,148.151,0.998621,8.67992,11.8475,train
2507,0.641113,0.0745079,2159.26,1318.13,631.172,283.691,33.9108,24.473,266.012,283.099,0.997628,6.42668,38.7739,train
2508,0.408427,1.5036,1297.37,2672,292.322,156.774,30.9226,27.635,104.621,37.8011,0.414401,0.551674,94.536,test
2509,0.948789,0.131448,2258.87,1617.72,3123.95,260.071,31.8343,48.5338,237.426,260.071,0.999998,14.6908,15.536,train
2510,0.0549705,1.85814,3039.3,3059.2,826.825,97.8877,25.1198,12.0607,25.6992,27.2415,0.992038,4.94892,14.5867,test
2511,0.0600836,1.64991,3231.59,2536.21,379.708,83.6682,36.1837,7.84793,43.2494,38.0591,0.851199,1.95559,20.6684,train
2512,1.31493,0.20103,3257.39,3668.49,187.264,269.448,59.0547,34.1858,261.467,105.41,0.220326,0.253926,182.554,train
2513,0.352944,0.094515,3937.21,2240.96,617.724,120.001,15.1745,20.5934,105.182,112.403,0.927515,2.91648,33.3376,train
2514,0.0705862,0.11664,1468.01,2431.93,7840.39,212.231,6.53078,21.3149,6.53078,81.6727,1,75.664,2.7186,test
2515,0.659527,2.00321,1531.36,1412.44,1000.91,283.47,22.6291,153.035,131.947,76.7163,0.580903,0.991021,152.896,train
2516,0.591865,0.684076,1696.5,3371.08,473.375,245.641,52.3671,68.0608,177.858,81.8809,0.350709,0.471442,143.778,test
2517,0.904764,0.138405,3692.61,1270.38,18874.1,88.9192,46.2151,7.50853,86.6718,88.9192,1,107.345,0.397822,train
2518,2.16651,1.9287,3664.29,3945.11,6184.72,89.6273,35.787,185.401,66.2732,60.1532,0.452565,0.812824,29.9773,train
2519,1.43439,0.346989,1203.6,3723.25,4700.15,85.8914,15.1258,78.2759,40.5515,75.7142,0.856184,3.63809,16.6539,train
2520,0.1311,4.32129,2353.24,2201.46,157.282,240.683,36.2238,25.0574,159.462,38.8577,0.397245,0.509812,159.314,test
2521,0.114587,0.33022,1810.37,4042.91,792.397,182.775,52.6618,26.0807,57.0524,72.1972,0.966255,3.81978,32.9136,train
2522,2.0077,2.20805,3046.63,3749.49,215.804,259.738,19.2523,50.353,251.506,25.3343,0.0342309,0.0352812,233.327,test
2523,3.13976,0.0537452,2502.18,3437.1,375.358,198.211,52.9022,23.2269,195.254,178.638,0.865304,2.03196,61.8792,train
2524,0.984487,3.83758,2369.64,2507.85,14296.2,154.412,38.6469,268.09,39.4936,66.5031,0.992686,6.12815,18.7525,train
2525,3.33585,1.89489,3299.65,1244.26,3431.13,257.083,47.4507,361.415,224.248,200.739,0.731228,1.45526,105.334,train
2526,0.492265,0.327051,3979.28,1581.22,17809.5,228.251,17.703,108.883,172.666,228.251,1,34.4385,6.11375,train
2527,0.0571352,0.547075,1344.53,3768.28,486.941,101.103,31.4077,5.34244,31.5579,33.9992,0.997846,6.33871,10.9714,test
2528,0.109715,1.66934,3808.99,3877.17,1300.22,176.035,50.092,49.9416,56.5299,57.8082,0.948882,3.11129,38.4101,train
2529,0.0690055,0.843343,2958.05,4185.29,320.621,194.64,14.9092,28.7128,53.975,23.044,0.782643,1.57073,89.5536,test
2530,0.274943,0.392024,3180.27,2632.29,663.929,223.127,57.063,64.7619,149.062,119.821,0.446002,0.759304,97.5433,test
2531,0.212717,0.166393,3589.72,1680.92,1946,258.882,36.9151,61.6021,178.209,257.164,0.992256,6.95761,31.6558,test
2532,1.57889,0.0652337,2433.49,2496.3,12079.4,236.825,22.7967,34.8531,227.754,236.825,1,74.1784,2.88532,train
2533,1.10635,0.930823,3804.44,3830.94,385.402,157.972,9.41709,52.0559,145.605,24.0152,0.0982675,0.108079,135.069,train
2534,0.153136,1.50562,2376.78,1722.23,11558.8,124.493,54.187,25.5891,54.187,64.0554,1,31.7576,2.21382,train
2535,1.39835,0.174193,2499.11,1560.09,2664.64,102.086,41.2799,16.5226,97.3575,102.079,0.999891,9.80521,6.20068,train
2536,0.0820397,0.0841329,3025.2,1800.38,357.972,96.4746,32.8289,7.66466,65.5919,83.4303,0.795048,2.3633,21.4113,train
2537,3.31157,2.87091,2983.63,3375.6,119.13,109.86,47.853,7.29811,109.122,48.606,0.012145,0.0122928,61.2616,train
2538,4.84097,0.99493,1618.74,3180.77,2094.12,157.138,34.7948,173.411,135.008,89.5914,0.447893,0.661724,82.8089,train
2539,0.91159,4.57255,1937.37,3779.03,130.223,130.254,20.4814,13.7319,122.479,21.2761,0.0708312,0.0737353,105.449,train
2540,1.77186,0.196373,2145.4,3851.51,3623.24,245.244,31.3034,159.005,203.415,241.535,0.982663,4.79053,43.8847,train
2541,0.344055,0.262809,2618.39,1649.84,3108.45,117.804,24.0959,40.1136,73.2762,116.61,0.987263,7.16905,12.9047,train
2542,1.65615,1.00871,2445.32,3756.93,4829.56,125.128,46.867,169.187,83.3521,91.5114,0.570452,1.27441,35.0315,train
2543,1.36633,0.122236,1876.94,2412.9,653.233,293.176,33.5741,66.8664,267.102,260.284,0.873296,2.21478,102.362,train
2544,1.56182,2.81218,1682.75,1168.38,13446.2,90.3309,36.0144,128.354,41.4931,75.0789,0.899133,5.11619,9.54574,train
2545,3.16666,0.133434,1580,2049.98,6948,113.921,22.9841,24.8745,108.949,113.921,1,25.4007,3.58009,train
2546,1.99433,0.0533488,2356.1,2646.56,125.207,218.723,16.1579,16.712,215.167,134.523,0.584329,0.886793,133.475,test
2547,0.118763,0.0673649,4076.19,3393.38,1551.51,235.823,29.7672,46.4027,139.97,232.758,0.985125,6.78715,29.9082,train
2548,0.494537,1.95147,3006.34,1182.76,534.565,104.553,21.8763,34.0773,81.6325,36.6404,0.277232,0.359554,63.7476,train
2549,0.498931,2.80612,2086.4,3873.33,903.179,219.02,27.6792,113.237,110.24,38.0975,0.568516,0.867635,125.376,test
2550,0.484891,0.0800439,3713.27,1787.6,189.85,184.509,20.0709,16.9901,175.073,138.811,0.722095,1.32682,89.4924,train
2551,2.48426,1.41446,4066.19,4050.99,2743.37,290.745,29.0428,520.72,239.196,119.919,0.347252,0.478775,189.811,train
2552,0.229906,0.173946,3480.02,2822.26,182.333,88.4701,15.7458,10.1893,75.7347,36.5014,0.285401,0.371412,55.8829,train
2553,0.899638,0.0995537,2628.13,1557.13,1776.43,91.4277,35.803,8.62265,87.7808,91.4266,0.999979,11.4595,4.85392,train
2554,1.99317,2.00618,1108.67,1259.09,432.543,128.494,40.5309,32.1474,113.946,53.2577,0.165387,0.195742,74.3219,train
2555,4.24863,0.30957,2393.76,2657.56,1257.49,284.184,11.8781,172.473,267.226,221.52,0.769877,1.52849,137.157,test
2556,0.186174,0.558631,1756.78,1486.32,785.053,212.581,11.2293,55.5937,42.6039,78.1848,0.84418,2.40029,70.8152,test
2557,0.538156,1.2146,3361.93,2766.24,256.257,242.444,22.4002,50.8315,214.349,37.5292,0.127681,0.141638,198.361,train
2558,0.255783,2.36131,1229.44,1999.92,389.58,162.617,5.66851,34.5506,52.7474,12.9848,0.700036,1.23885,88.6867,train
2559,0.596694,0.126659,1458.86,1002.15,6332.67,193.206,22.0989,21.7189,168.256,193.206,1,49.8905,3.42966,train
2560,0.0598639,3.5408,2022.22,2453.86,6278.14,182.904,29.3353,18.5908,29.3353,31.475,1,51.8605,2.96119,train
2561,0.738692,0.533842,1935.96,3099.59,6123.09,117.484,39.6267,94.9841,51.0654,97.0295,0.853081,4.28164,15.5124,train
2562,1.23584,3.10759,3955.46,1556.6,16603.3,297.353,27.6311,1014.44,89.8301,237.343,0.77751,3.43237,61.0983,train
2563,0.512394,1.34651,1785.46,1810.65,16443.9,91.1894,16.7468,68.1038,16.7474,44.6804,0.999992,17.9742,4.1416,train
2564,0.0812529,0.775199,3825.36,1630.2,3938.6,206.307,42.7722,50.8272,42.7809,82.9921,0.999947,12.6716,12.9049,train
2565,0.234735,3.51366,2059.33,1712.68,12262.6,161.443,23.3001,66.7779,23.3001,34.3969,1,25.3677,5.44564,train
2566,1.26243,1.04591,2659.66,3988.54,118.576,291.813,27.9577,30.3205,282.782,35.2259,0.0342246,0.0353155,255.705,train
2567,0.0849168,0.0982743,2012.23,2472.11,159.394,150.171,30.4592,10.5958,88.1605,74.0733,0.517997,0.932825,66.4757,test
2568,0.936197,0.730087,3008.2,2749.52,632.673,207.154,6.03649,100.143,171.595,55.9239,0.248051,0.315172,158.286,train
2569,0.405283,0.213895,1903.4,1617.26,1916.31,159.651,9.49724,50.5632,94.1051,155.666,0.973462,5.5397,26.3857,train
2570,0.364043,0.292386,1050.69,1274.65,5658.54,143.875,31.7455,39.6534,40.2053,138.143,0.94888,15.1829,7.00772,train
2571,0.418274,1.43695,1595.59,1565.8,703.722,175.829,23.523,61.9893,82.9464,51.0742,0.609842,1.05443,88.0878,train
2572,0.0714653,0.605009,2156.54,1354.73,2314.69,145.379,12.6008,20.4634,12.6014,37.5676,0.999996,15.019,8.84066,train
2573,0.196153,0.264619,3769.92,1951.36,3630.34,127.974,56.5968,35.4019,80.1003,125.157,0.960525,7.03058,9.75168,test
2574,0.135092,0.267867,2859.03,3191.3,438.983,189.554,50.4199,32.8869,104.406,88.8912,0.611987,1.13658,74.9162,train
2575,0.584628,0.19244,1124.42,3280.1,4858.68,216.482,18.0602,112.73,44.9942,196.65,0.900054,7.69727,23.2018,train
2576,0.0716948,0.520576,1502.93,3807.48,148.754,88.3855,5.81323,6.58277,27.2938,9.13436,0.739857,1.38052,44.2526,train
2577,2.18359,0.243009,3013.95,1123.29,1590.58,266.617,32.1896,63.7611,256.928,265.773,0.996402,5.82695,40.0868,train
2578,2.74532,0.540522,2196.63,1832.19,135.278,131.023,7.54987,15.4573,128.46,23.158,0.126409,0.136598,114.264,test
2579,3.49272,2.04581,2150.42,3092.45,265.327,203.601,48.6727,39.5776,198.331,54.9285,0.0403784,0.0419385,149.165,train
2580,0.0528363,0.170866,1770.19,2870.06,147.242,95.6633,45.0488,3.60203,57.1514,52.394,0.760886,1.57428,24.4632,train
2581,1.72156,3.44488,2203.27,1785.96,361.648,286.372,31.2527,85.6531,263.79,45.1746,0.0885136,0.0953446,236.841,test
2582,2.9836,1.86537,4197.78,3961.21,1268.8,168.576,57.7377,123.696,158.7,74.478,0.151033,0.171713,97.4901,train
2583,4.90973,1.77179,1574.84,2387.19,2803.46,257.788,40.1799,401.3,205.887,135.059,0.436009,0.662821,143.144,train
2584,2.49707,0.314307,2410.52,3456.31,236.567,215.323,45.2161,35.5749,209.413,77.9635,0.19251,0.217765,150.38,train
2585,0.155684,0.0699053,4007.54,3546.67,1128.8,286.884,43.72,57.8893,194.1,277.21,0.960213,4.55287,51.2841,train
2586,0.57479,1.78169,2906.78,1536.58,1047.99,261.247,34.2057,157.575,166.935,91.7631,0.415394,0.627244,150.359,test
2587,0.338736,0.656877,3952.23,4018.58,147.827,273.537,44.8829,31.1976,250.234,56.7015,0.101915,0.11042,211.041,train
2588,0.219807,1.96287,2166.57,1530.25,417.439,216.648,42.5374,46.8093,118.356,58.1214,0.564539,0.876557,112.134,train
2589,1.86996,0.106795,3397.37,4036.52,3523.39,297.286,17.717,120.462,278.324,297.158,0.999542,8.17338,34.1892,test
2590,1.53673,1.45657,2720.44,3306.63,188.502,121.049,58.3818,11.3355,118.337,60.7353,0.0432677,0.04509,60.1344,test
2591,2.0272,4.92013,2198,1074.99,2024.61,138.247,45.8784,131.79,108.67,70.7957,0.320206,0.454376,65.0939,train
2592,0.077193,0.977052,3836.38,2021.99,185.56,270.322,5.18459,35.5538,150.266,23.1811,0.452809,0.626594,191.602,train
2593,0.523879,0.103664,1726.72,2834.65,3311.98,180.038,57.3055,36.0531,140.182,179.997,0.999665,11.2709,10.8857,test
2594,0.213515,1.70595,2769.91,1669.02,207.844,260.426,53.3922,35.3098,200.723,65.7935,0.288375,0.351434,169.886,train
2595,0.0743479,0.145487,1471.64,3596.52,1150.88,113.105,23.7907,9.77024,23.808,42.4631,0.999807,10.5186,8.4894,train
2596,0.579334,2.98144,2051.81,1064.94,4036.93,224.476,47.5524,193.851,61.3954,108.607,0.921757,3.39613,48.0194,train
2597,0.367144,0.0512605,1392.56,2341.25,7670.2,89.2172,26.6789,7.50545,74.5371,89.2172,1,63.9111,0.97852,train
2598,0.18383,2.82707,1045.14,1019.36,13066.7,109.613,8.17151,19.4898,8.17151,14.9346,1,68.0104,1.49156,test
2599,4.41442,0.428459,3670.64,3900.26,2342.19,156.952,43.319,139.976,148.314,127.082,0.737132,1.40158,59.763,train
2600,1.81217,0.212455,2284.7,2366.99,13566,103.681,23.2595,40.4421,93.9127,103.681,1,26.9766,2.98114,train
2601,3.90828,2.59905,1962.36,1071.91,489.612,118.136,43.6235,32.549,113.892,55.3067,0.156797,0.175743,66.4791,train
2602,1.96589,2.33184,3860.16,1428.69,151.509,279.629,53.4203,33.185,275.256,63.3813,0.0440346,0.0454779,219.03,train
2603,0.0833834,0.0793846,2247.28,3562.93,5858.99,140.144,32.0152,20.2616,32.0162,103.651,0.999991,31.2669,3.4582,train
2604,0.0630844,0.0548434,2299.07,3468.36,2970.32,81.4078,15.2233,9.58139,15.3453,65.5943,0.998157,20.48,3.22571,train
2605,3.11004,0.10109,2924.96,2153.69,248.588,194.561,23.0033,25.2952,191.78,139.187,0.677228,1.1418,101.755,train
2606,0.655365,0.0685609,3644.27,1050.42,4680.9,144.548,27.2497,8.44755,141.011,144.548,1,64.9969,1.80468,train
2607,0.0504599,0.167774,3787.99,1598.91,4070.79,163.242,27.7612,25.8798,27.8467,124.235,0.999368,21.2973,6.35743,train
2608,0.110337,0.0738653,1024.86,1094.59,4722.36,161.124,25.9615,10.9283,64.4828,161.124,1,58.4071,2.31415,train
2609,1.09559,2.4215,4062.86,1087.41,1103.59,215.092,25.7591,156.4,179.955,85.1558,0.313716,0.419113,141.72,train
2610,1.02967,2.34022,1455.83,4047.82,1781.49,122.522,54.756,68.195,77.0291,61.955,0.671324,1.18843,38.2797,train
2611,0.07484,0.217139,1371.81,2615.83,691.692,173.083,7.96173,16.8966,8.50426,37.7094,0.996714,6.73731,24.428,test
2612,3.50573,0.0777087,1865.58,1839.04,562.655,212.433,51.7417,22.4867,208.995,209.091,0.979199,3.93714,39.9653,train
2613,0.220872,0.229474,2537.17,3979.02,148.388,214.453,37.7209,21.5927,175.921,61.3691,0.218023,0.264795,145.515,test
2614,0.129483,0.176546,3317.5,2211.62,14454.6,197.088,22.2339,68.0514,38.666,196.523,0.996769,37.0202,4.70794,test
2615,0.306414,0.0555209,2757.86,1162.02,8883.95,147.743,13.0927,8.68715,137.463,147.743,1,137.701,0.977848,test
2616,0.436648,0.114093,1613.17,1793.66,3138.3,246.284,50.8234,39.9994,189.498,246.281,0.999987,15.3354,12.7456,train
2617,0.0582969,1.26791,1079.76,3968.81,139.452,266.717,26.3312,13.453,52.997,29.0046,0.889071,2.21539,96.4704,train
2618,0.158353,0.0943506,2960.22,3526.73,161.727,140.424,57.4754,9.466,120.23,85.9233,0.342959,0.486034,58.5307,train
2619,1.64739,0.28611,3917.31,3730.17,6316.18,163.944,17.3031,155.565,139.838,163.067,0.994019,5.91824,24.6297,train
2620,1.52231,0.0618427,2966.83,1864.81,214.466,183.642,50.7423,12.8775,180.791,162.405,0.840206,1.85967,60.0446,train
2621,0.0627785,0.988148,1073.51,2959.96,115.021,287.724,47.0035,13.2186,91.5842,51.5228,0.814803,1.70671,114.923,test
2622,0.111272,0.0657511,3971.12,1657.07,13289,118.778,47.6864,7.74569,101.249,118.778,1,121.969,0.582866,train
2623,0.557843,0.902239,2974.31,4180.08,8924.63,96.7955,19.6749,124.357,21.8456,52.6484,0.971854,5.37887,13.9341,train
2624,0.28904,4.95806,4191.73,1490.83,727.254,237.237,56.7195,95.8107,158.158,69.6815,0.43807,0.600254,131.743,train
2625,0.297203,0.149052,2014.52,1087.49,972.273,207.58,38.6632,27.1277,162.27,206.023,0.990782,5.99827,27.9013,train
2626,0.201581,4.99532,2689.26,3828.09,7177.03,144.804,18.7766,68.3195,18.777,22.3494,0.999997,13.2392,9.51918,train
2627,0.121671,1.6568,3555.35,3034.61,976.791,263.885,45.9619,83.2088,71.5313,62.5118,0.882668,2.25804,85.1859,train
2628,0.0882185,0.611623,3513.22,1036.91,6105.16,155.858,52.344,32.0815,52.3462,102.93,0.999978,19.6985,5.25481,test
2629,1.58908,4.02985,4064.32,2614.3,180.618,162.397,15.5874,25.9312,158.382,18.0488,0.0273486,0.0279657,143.57,train
2630,1.3091,0.0927572,3259.49,1651.11,10245,112.458,35.3179,11.8142,109.689,112.458,1,66.8944,1.15316,train
2631,3.70755,0.115509,1131.08,2251.95,2130.3,246.628,6.41272,62.4578,231.735,246.525,0.999567,8.1897,29.3188,train
2632,0.0513047,3.36324,3633.56,1208.66,919.173,256.051,40.4269,39.849,42.2904,50.2299,0.991358,4.93069,43.3532,train
2633,1.50008,3.4237,1339.38,3307.49,5613.74,226.392,58.7079,308.571,72.8117,85.9575,0.91589,2.79404,54.9672,train
2634,0.495528,2.25634,1827.92,2984.36,1038.05,134.103,47.21,52.1157,76.5669,54.9495,0.66215,1.14602,50.2054,train
2635,4.95873,0.254559,2580.57,1656.25,372.596,181.831,10.5987,42.0691,178.544,110.38,0.582725,0.883741,112.908,train
2636,3.09399,0.606743,4035.95,1129.76,2476.29,180.456,13.93,110.593,171.599,175.268,0.968848,3.61254,44.6606,train
2637,0.0894143,0.56837,2804.87,2730.54,297.975,148.445,46.3937,17.1664,79.9973,57.4549,0.670719,1.18812,57.6102,test
2638,0.327625,0.129238,1457.52,2694.1,197.587,202.766,54.8897,19.5755,161.772,111.112,0.380198,0.567483,99.0731,train
2639,0.391481,0.180143,1253.95,3239.93,261.643,271.604,31.107,42.1961,185.647,103.404,0.357415,0.53299,161.273,train
2640,2.553,2.74657,1186.46,3258.07,115.784,82.9234,48.9551,3.83467,81.6574,49.3837,0.0372692,0.0382246,33.1192,train
2641,0.691858,1.66411,1201.51,2900.67,117.32,119.668,37.0591,8.94181,108.911,38.9115,0.130214,0.141133,76.2173,train
2642,0.730605,0.198688,1147.84,3245.87,681.177,265.035,39.9558,79.0631,170.757,162.55,0.54467,1.05622,116.068,train
2643,0.805253,0.0926633,2593.26,1702.54,438.237,105.766,40.7905,9.51974,101.207,101.133,0.928689,2.77782,21.7228,test
2644,0.832815,0.0768836,1885.28,4059.59,2023.63,282.636,43.8992,74.182,235.389,281.574,0.995552,6.48358,36.6579,train
2645,4.15127,0.0742325,1755.79,1141.63,17425.3,181.271,21.5652,13.5345,179.414,181.271,1,205.617,0.776715,train
2646,0.983453,0.610388,1776.65,2738.55,13820.1,267.747,21.8906,373.408,54.0355,245.277,0.908606,8.26766,27.0193,test
2647,0.164395,0.165374,3531.66,1584.09,705.223,221.381,27.2726,43.7494,146.027,194.277,0.860365,2.69204,62.0363,train
2648,0.850517,0.105207,1064.39,3834.89,9965.71,225.31,58.644,67.2422,151.032,225.309,0.999999,24.7009,6.74735,train
2649,2.83899,0.538434,3386.23,2642.5,1875.77,162.088,35.3787,127.803,148.794,125.203,0.708897,1.31836,68.1334,train
2650,0.757934,0.411504,1352.79,1242.87,314.888,148.615,10.8224,29.5302,119.814,68.5611,0.419026,0.615683,93.7799,train
2651,1.08682,2.48067,3738.76,1820.42,9036.25,292.203,57.1836,681.425,124.504,208.079,0.713554,2.22383,75.4102,train
2652,1.09429,0.212182,2711.05,3082.47,269.869,268.1,13.4874,54.5161,249.723,96.8397,0.327369,0.412616,202.009,train
2653,2.24863,0.088333,4033.66,2179.41,953.724,257.245,55.6237,38.5172,252.999,255.698,0.992328,4.95405,40.3861,train
2654,0.399902,0.0648918,2744.95,2353.18,132.446,260.721,23.3599,20.4134,242.125,157.041,0.563198,0.867345,154.127,train
2655,0.0637942,2.43427,1129.27,3445.62,1773.64,197.682,47.4842,10.8204,47.4842,48.7743,1,24.6198,6.10069,train
2656,0.0728141,3.94996,3061.07,2176.51,1274.9,201.336,50.2675,33.5466,50.8274,54.1695,0.996294,5.71989,26.3132,train
2657,0.129767,0.113944,2951.23,1298.68,343.788,196.774,9.36656,23.2229,136.135,166.302,0.837404,2.32325,67.55,train
2658,0.135708,0.358989,1395.23,3173.13,236.332,173.678,45.1021,16.7283,85.3293,59.7873,0.687131,1.24816,70.7828,train
2659,0.187114,1.0568,1694.14,3760.33,13307.8,289.883,33.0172,81.4258,33.0172,53.5072,1,41.9808,6.11864,train
2660,2.72478,0.840078,1560.01,3647.88,232.318,175.099,25.6881,32.5842,167.434,36.3209,0.0711644,0.0758092,140.257,train
2661,0.45307,2.03189,1880.86,3117.85,2783.4,160.663,6.20339,124.826,14.1801,25.9072,0.948357,3.26629,44.8467,train
2662,0.0696442,1.93791,2362.75,2786.37,10085.7,240.307,51.5067,31.0676,51.5067,57.2603,1,61.2916,3.08037,train
2663,0.111707,4.03947,2673.36,1074.19,884.942,295.199,27.8159,75.1201,43.6536,45.1281,0.940768,2.9633,84.8871,test
2664,3.2557,4.33367,2450.84,2004.74,336.124,136.932,51.8591,27.4843,133.487,55.0226,0.0404889,0.042125,81.7685,train
2665,4.28736,4.76265,2795.9,2969.22,2727.68,118.313,40.127,176.207,103.613,52.5874,0.18801,0.227553,64.5995,train
2666,0.483096,0.72593,2774.08,2757.75,126.92,293.086,57.7851,27.6744,272.436,71.6089,0.087761,0.0947059,218.046,train
2667,1.34789,0.171808,1760.17,2830.92,4210.32,113.724,10.057,50.38,92.4894,113.64,0.999184,8.65655,11.9658,train
2668,0.0719682,1.01042,1852.75,3276.76,7212.11,154.161,13.2329,18.7913,13.2329,18.9085,1,54.0886,2.60551,train
2669,3.53725,0.935447,2466.76,2015.01,15013.4,114.522,22.5437,173.108,94.6824,114.381,0.998477,7.96495,11.5302,train
2670,0.240061,3.51058,3027.92,2587.47,8186.65,270.787,18.3399,183.495,18.3473,38.5408,0.999971,11.2626,22.414,train
2671,4.55501,0.547575,2300.95,1466.41,6534.06,294.575,31.3095,211.287,274.415,294.442,0.999496,8.13738,32.3363,train
2672,0.694064,0.703869,2585.41,3928.41,516.636,160.592,14.6182,60.906,126.651,36.645,0.232517,0.287909,117.89,train
2673,0.0751472,0.189267,3875.3,3610.88,237.973,208.599,23.1895,27.5602,113.961,63.5163,0.510427,0.817166,115.812,train
2674,3.60619,0.514381,3835.88,1920.6,2713.28,138.696,43.7904,86.9254,132.412,131.778,0.927111,2.74645,32.037,train
2675,3.63042,1.91319,1073.92,1171.1,5822.74,274.95,29.1891,454.872,158.279,232.208,0.826083,2.59881,78.1199,train
2676,2.19636,0.960523,2645.85,2058.92,145.462,262.533,29.8687,32.2478,256.984,46.175,0.0700849,0.0735533,221.693,train
2677,1.19324,0.512691,3659.16,3972.78,774.397,221.682,44.3129,107.123,197.147,96.9065,0.296521,0.380202,138.331,test
2678,1.93622,0.144977,2379.24,1116.24,939.02,214.02,18.8279,31.4749,207.187,213.322,0.996427,5.80253,33.5189,train
2679,0.126438,0.153253,2383.12,1837.12,575.514,236.086,30.5743,39.7087,104.302,171.613,0.686282,2.04414,68.9969,train
2680,0.873791,0.103165,3779.76,1018.55,1210.21,123.706,57.3354,6.97411,121.594,123.705,0.999986,11.5171,5.76271,test
2681,4.34503,0.0601576,3443.28,4137.5,2579.29,93.758,35.1913,14.5768,92.7836,93.7558,0.999963,10.3627,5.65148,test
2682,0.0584175,4.59793,1471.02,3032.68,2482.89,226.912,50.9379,15.122,50.9379,52.0223,1,28.8933,6.09048,test
2683,4.59663,2.13627,1095.9,1269.85,1064.59,201.891,17.5854,150.397,172.035,73.026,0.300808,0.39244,141.272,train
2684,1.79018,0.157256,1063.66,4014.09,823.444,291.491,55.468,100.646,238.635,214.909,0.675532,1.30449,122.225,train
2685,1.3998,3.72914,3789.13,3145.92,540.947,243.211,26.7484,108.996,222.662,36.0392,0.0949333,0.101988,201.49,train
2686,0.209765,1.18571,1982.65,2711.59,131.102,199.002,15.661,20.2963,150.2,21.9737,0.266183,0.315233,154.813,train
2687,1.04848,0.0634097,3281.18,4020.46,121.613,95.3361,33.4296,5.91689,93.6162,56.6389,0.374909,0.477032,48.6535,train
2688,0.363849,1.53653,2567.76,1406.14,238.481,243.939,15.5211,45.9858,194.718,36.8052,0.215485,0.255257,192.828,train
2689,2.71611,0.802268,3825.67,3093.55,1118.96,271.446,24.5651,214.303,250.822,110.913,0.349756,0.450859,191.519,train
2690,3.42387,0.451636,2839.79,1522.7,7265.15,173.379,38.6067,92.6793,163.848,173.373,0.999949,10.5643,12.7567,test
2691,0.309101,0.0907559,1732.4,2501.16,2535.5,94.9353,20.4563,16.8907,63.3926,94.8664,0.999075,11.1699,6.66168,train
2692,0.181407,0.535182,2786.3,2209.21,171.685,257.561,48.9678,28.7515,200.679,73.2855,0.272695,0.339665,167.466,test
2693,0.226926,0.550136,2228.13,1017.29,287.765,195.006,6.51153,35.1786,125.431,69.3699,0.369108,0.569132,122.247,train
2694,1.00265,0.270767,3421.03,2604.37,8550.62,279.937,34.3454,173.177,229.449,279.924,0.999948,12.1255,20.2531,train
2695,0.133292,2.75646,2907.28,2230.94,768.234,152.043,46.2428,34.9448,61.8671,51.9254,0.852323,1.98245,45.4872,train
2696,0.969735,0.391467,3876.12,1895.46,390.871,123.255,37.2653,25.2668,116.533,71.3172,0.396001,0.526773,64.6423,train
2697,1.70858,0.125164,2818.15,3110.6,244.923,138.824,50.8506,15.7542,135.552,91.3148,0.45996,0.629078,64.323,train
2698,0.447759,0.288013,3453.88,1045.75,10385.5,90.0593,28.3861,18.5753,78.0481,90.0593,1,34.4815,1.78859,train
2699,0.0709359,0.265734,2132.17,1789.58,16837,133.211,44.6772,13.3905,44.6772,72.835,1,111.321,0.795302,test
2700,0.250763,0.326527,2565.55,1164.8,647.419,255.386,7.4023,67.0549,151.158,183.705,0.710942,1.70221,103.573,train
2701,0.606008,1.43251,1972.89,3308.5,212.172,117.11,54.8715,11.8689,107.182,57.3758,0.159505,0.177463,55.9402,test
2702,1.46911,0.639202,1626.71,1292.45,379.145,167.661,16.715,43.4784,149.468,69.3438,0.348659,0.45894,114.675,test
2703,0.131324,0.0849947,3635.4,4097.71,116.627,264.706,14.183,22.6448,217.274,79.2014,0.259531,0.334862,194.165,train
2704,3.00241,0.0614704,4167.92,2475.43,147.547,275.624,25.2304,23.5913,273.738,180.268,0.619175,0.969648,159.89,test
2705,0.256567,0.154271,1071.17,3036.86,928.865,170.414,14.388,37.7529,33.0448,94.9707,0.880425,3.37982,40.6441,train
2706,0.747557,0.71975,1221.04,1588.57,248.849,120.766,57.9359,12.5546,107.012,68.9162,0.218906,0.272623,50.4507,train
2707,0.972908,1.58381,3980.43,3143.48,1192.71,232.491,59.5853,161.852,190.697,92.0944,0.241717,0.307987,135.701,train
2708,0.183449,1.98409,1273.47,1206.6,3251.47,85.5339,8.13177,18.0823,8.13201,15.6849,0.999997,13.918,5.56127,train
2709,0.29876,1.09915,4155.15,3162.37,842.471,154.23,23.3813,74.6693,94.0801,44.8632,0.459689,0.67865,88.6313,train
2710,0.103895,0.0553916,1180.37,2355.62,8775.17,211.74,5.23315,25.3041,5.4033,199.162,0.999176,71.5554,2.8836,test
2711,0.779906,0.39964,3363.19,1708.46,552.767,280.678,14.1517,95.6744,244.202,154.279,0.525753,0.809595,173.083,train
2712,2.19587,0.352915,1139.26,1221.64,936.973,261.839,24.0386,88.0673,226.635,228.307,0.858993,2.17327,93.9913,train
2713,0.236452,0.0560457,2797.04,1640.04,232.83,208.786,51.5873,13.0219,189.097,193.257,0.901217,2.53306,55.9285,train
2714,0.067551,1.05565,4116.19,2940.89,914.132,297.187,6.14772,77.2145,19.4903,31.0192,0.954156,3.28762,84.4675,train
2715,1.94298,0.0822105,1904.7,2360.04,636.801,231.789,32.6131,37.0071,221.789,223.352,0.957642,3.28215,58.1141,train
2716,0.0767373,0.120492,3066.92,2382.32,308.105,223.3,54.6941,23.6573,122.78,137.109,0.596187,1.30915,76.7831,train
2717,0.160285,3.70709,1387.21,2953.24,7313.98,99.9532,33.5834,14.7572,33.5834,34.9313,1,32.8943,2.01767,test
2718,0.0587682,0.103706,3816,3614.54,6146.26,105.55,23.2953,18.4463,23.2959,72.5053,0.999993,27.4069,3.00122,test
2719,0.0803812,0.052576,1220.12,1772.9,1010.08,126.604,22.8253,9.0431,34.3976,119.842,0.934841,10.8364,8.95286,test
2720,0.14516,1.35004,3880.25,2590.03,4226.45,140.515,23.563,65.772,23.7441,42.373,0.998451,7.5036,15.562,train
2721,1.17074,2.05509,2250.79,3385.62,4821.08,145.896,10.4501,275.916,41.1882,50.1059,0.77306,1.82957,57.2311,train
2722,0.223948,0.563703,2026.57,2079.13,12868.3,110.37,57.6302,23.936,57.6302,78.0531,1,28.3538,1.86007,train
2723,1.29487,0.185275,1894.29,3482.85,108.972,129.307,17.792,10.9681,124.835,34.7894,0.152422,0.168875,100.65,test
2724,4.45459,0.233344,2248.57,2305.34,2369.01,154.699,57.2335,51.661,149.542,153.269,0.985327,4.40389,21.807,train
2725,2.38675,0.14717,2905.27,3026.47,810.754,198.932,20.732,65.6879,189.459,168.211,0.827605,1.82026,81.0208,train
2726,0.272521,0.914305,2363.75,2284.33,2987.65,119.158,18.5107,62.9974,21.3624,48.6736,0.971667,4.63797,21.0859,train
2727,0.085945,0.063176,3752.42,2779.41,181.241,235.045,47.9206,18.6813,177.119,154.311,0.568554,1.03217,103.074,train
2728,0.154704,0.0780541,3846.03,1042.23,10173.2,281.452,22.1786,21.092,246.003,281.452,1,125.055,2.07328,train
2729,0.377234,0.77632,1329.87,2958.6,700.515,290.499,17.0327,98.3396,94.4752,59.8482,0.716812,1.39636,140.382,train
2730,1.57159,0.0971554,1644.21,3290.61,9667.43,220.841,21.6052,63.6959,196.191,220.841,1,30.239,6.58871,test
2731,0.239279,0.152781,3618.86,3106.46,4049.75,204.57,43.61,75.6543,117.201,203.013,0.990329,8.53278,18.6813,test
2732,2.41402,1.54057,2432.49,1499.29,184.716,115.767,50.0541,11.4955,113.809,55.0311,0.0757378,0.0799724,62.2335,train
2733,0.649581,0.0785562,1679.91,1127.57,2872.37,249.201,55.8404,17.1273,233.506,249.201,1,32.4279,5.96278,test
2734,0.105985,0.338051,3764.25,3487.05,652.462,149.114,28.9977,35.7834,59.4209,59.3534,0.74672,1.63544,54.8436,train
2735,4.66278,4.25686,3349.42,1778.08,1473.77,285.325,15.6146,347.039,263.104,61.4643,0.169996,0.19471,235.478,test
2736,0.924968,0.377486,2257.48,2843.62,8403.01,231.628,55.9875,186.472,142.325,229.704,0.989047,7.82821,22.191,test
2737,2.12633,0.581133,3468.76,1054.22,1685.68,272.33,33.204,135.65,253.939,254.622,0.925947,2.75149,80.472,test
2738,0.109881,0.210988,2127.42,2393.31,6306.43,206.811,55.5642,35.3559,55.5643,125.581,1,26.978,5.60632,train
2739,0.432967,0.177254,2749.99,1532.45,331.314,142.999,38.0148,19.0927,126.964,108.304,0.669517,1.21971,57.6273,train
2740,0.13627,1.16153,2493.69,1508.71,2583.87,211.316,51.3023,54.2795,51.5834,82.2765,0.998244,7.60378,21.0071,train
2741,0.571604,1.14338,2494.96,1117.38,2812.33,202.594,19.2888,166.779,85.6495,149.831,0.712156,2.20129,59.3025,train
2742,0.997477,1.47104,3850.07,3496.65,155.989,261.456,21.4109,36.1613,252.04,28.4411,0.0392265,0.0406183,231.82,train
2743,1.79971,0.0725477,3914.16,4023.87,8334.88,118.231,21.2073,28.3233,114.21,118.231,1,28.5517,3.39816,train
2744,0.272774,0.0788225,3972.47,1436.63,428.315,151.23,17.5706,14.6756,137.687,147.17,0.96962,3.78241,34.2636,train
2745,3.48343,0.220672,1060.36,3638.77,640.551,114.789,44.7432,29.5603,106.786,81.5567,0.525564,0.797723,46.1483,train
2746,0.448824,0.102328,3002.07,3605.04,228.489,170.836,57.1613,18.4041,157.177,107.051,0.43888,0.619384,80.5467,train
2747,0.0964296,1.58012,4178.66,1945.19,1754.56,88.9664,7.01402,32.3678,8.63839,17.5449,0.980179,4.35432,18.4479,train
2748,0.269839,0.116445,1628.27,1613.89,1347.53,289.444,19.7983,50.1921,175.208,286.878,0.990481,7.17041,37.2474,train
2749,0.872732,1.04785,1832.48,4060.83,3918.06,218.526,38.8573,245.022,65.3161,96.44,0.852736,2.44992,62.5366,test
2750,0.168952,0.617447,3138.45,1319.38,421.286,229.033,18.8229,53.277,128.557,84.2215,0.477978,0.794507,126.463,train
2751,0.807002,0.0500387,1799.52,2905.28,255.439,174.149,5.04292,19.9369,160.42,142.183,0.810972,1.75709,78.0498,train
2752,0.32869,2.04667,2087.33,1344.3,3369.94,107.079,40.9413,44.5172,42.1926,57.1215,0.981081,4.91185,13.2101,train
2753,0.657242,0.251991,2235.15,2722.9,155.016,215.173,49.2619,22.0398,200.171,81.383,0.193604,0.225922,142.178,test
2754,0.637899,0.370081,1458.47,1994.98,413.234,274.686,24.5294,68.7756,200.762,117.683,0.372381,0.559706,166.433,train
2755,1.39367,0.480162,2380.64,4066.76,246.252,125.66,14.2746,24.9265,118.147,27.0397,0.114603,0.126108,101.223,train
2756,0.371454,4.36439,3758.79,3217.13,10809,182.064,10.7226,239.028,10.8673,27.7464,0.999155,7.74162,22.1139,train
2757,0.397883,0.329296,3817.53,2455.16,3724.68,111.635,46.4367,49.6653,78.9375,107.868,0.942216,4.60705,13.3341,test
2758,0.13058,0.503558,2069.38,4175.13,765.217,230.455,15.0081,53.8698,31.0986,40.6309,0.925316,2.83184,70.3981,train
2759,3.20713,0.621466,2180.7,2799.89,5582.1,83.368,58.5862,40.1449,77.6279,81.6575,0.93098,3.20804,7.19172,train
2760,0.79756,0.396868,2442,2634.76,1913.38,239.133,47.5122,148.723,162.772,189.742,0.742249,1.82984,77.7283,train
2761,1.60629,0.155848,1062.04,2034.46,403.025,159.256,24.4208,29.5117,141.956,117.498,0.690304,1.2711,73.2254,train
2762,0.311293,0.421271,2691.25,2824.89,342.587,197.983,29.7925,42.6934,147.022,65.668,0.302995,0.40893,124.62,train
2763,0.194558,2.77819,2600.54,3343.53,1099.75,270.252,52.1106,96.9116,78.711,62.5436,0.878059,2.17361,88.1215,test
2764,0.522266,1.56921,1413.09,3646.82,992.77,222.614,59.8,86.3808,105.568,74.8946,0.718891,1.3452,87.0098,train
2765,2.90272,0.381955,1819.12,3433.89,127.282,130.338,12.6177,14.122,127.663,23.3848,0.0914634,0.0970443,110.95,train
2766,0.231796,0.321702,3977.13,1866.49,730.453,179.182,19.495,57.7626,116.525,115.693,0.602415,1.2165,79.0778,train
2767,2.03187,0.0715458,2635.35,1698.41,15742.1,195.321,30.2737,20.0555,191.576,195.321,1,129.55,1.274,test
2768,2.39981,0.393707,2410.06,1249.78,7900.28,225.889,48.5911,87.2386,210.805,225.888,1,16.056,11.0425,train
2769,0.0928546,0.592281,2798.3,2865.08,219.218,265.41,47.4738,31.2541,145.126,65.8918,0.551924,0.843679,142.571,train
2770,0.585457,4.23366,3493.58,3083.31,352.805,119.433,42.7664,24.5556,107.428,44.6475,0.156594,0.172492,69.6009,train
2771,3.36041,0.678063,2963.65,1010.24,2186.54,288.976,8.14815,183.169,270.584,275.545,0.952174,3.192,83.7711,train
2772,4.44003,0.0780142,1718.12,3051.69,5788.85,165.642,56.7181,25.9322,162.243,165.642,1,24.3152,4.47968,test
2773,0.32497,0.144199,3218.33,4127.21,6352.94,194.411,7.24826,110.903,88.3713,193.596,0.995645,10.6747,17.457,train
2774,4.1005,0.384396,1752.85,3770.1,577.334,252.767,34.4289,101.023,238.711,104.138,0.319273,0.398378,174.983,train
2775,0.30049,1.60443,3240.55,1666.32,2201.33,293.332,10.1317,230.168,56.9591,96.2242,0.834649,2.26067,104.559,train
2776,0.489159,1.14699,1006.24,3509.83,2890.72,176.218,51.3914,61.1295,52.0242,66.5761,0.994931,5.87293,21.1468,train
2777,0.795369,0.0571973,1104.71,2068.85,135.984,194.75,27.332,13.1365,179.799,138.346,0.663094,1.14917,96.6032,train
2778,0.214566,1.19471,1987.75,1187.51,1043.69,179.873,45.4143,49.6879,63.3732,80.4371,0.866435,2.44708,47.6079,train
2779,0.162084,0.397223,1965.17,3839.9,18089.2,298.287,29.1733,85.7184,29.1733,85.3713,1,56.791,4.73866,test
2780,0.615728,0.208422,2582.72,2710.38,13349.1,134.764,11.9024,69.4047,91.1197,134.764,1,23.6308,5.19919,train
2781,0.897772,0.156605,3598.75,2356.47,277.192,98.4709,8.72755,17.0961,93.1794,55.054,0.51621,0.751128,61.6758,train
2782,0.0843702,4.6317,1842.98,2796.57,6297.98,101.854,20.3629,12.6713,20.3629,21.3411,1,40.5033,2.01197,train
2783,0.276452,1.92027,3111.82,4010.03,9290.76,150.088,22.6717,109.606,22.6794,36.9055,0.999939,10.7998,11.7973,train
2784,0.248399,4.20586,4012.55,3100.99,6564.26,250.209,27.9872,221.024,28.4557,44.9338,0.997892,6.58591,33.6708,train
2785,2.96476,0.402789,3567.99,2861.9,257.678,269.203,53.6055,49.2832,264.544,96.3586,0.198301,0.223535,191.259,train
2786,0.549219,0.0998025,1274.81,2130.59,4274.53,179.374,5.36588,37.0007,126.527,179.374,0.999999,20.1024,8.6561,train
2787,0.252044,1.12183,3773.49,3549.42,404.33,136.353,57.4683,25.0743,109.99,63.7655,0.334205,0.425124,62.0144,train
2788,0.412407,0.347996,3124.94,2086.93,581.459,275.069,40.6686,83.3062,210.428,155.377,0.489369,0.80064,143.271,train
2789,0.439744,3.59375,3546.53,2486.39,8316.08,184.634,20.9208,252.733,22.5808,49.2049,0.98986,5.3323,30.3909,train
2790,1.30739,0.078966,4100.79,1587.18,1759.82,203.96,32.6578,21.4698,199.955,203.96,0.999999,14.0411,12.2,train
2791,1.71533,2.78508,1425.27,1872.01,5480.58,188.219,11.7206,350.238,44.9609,78.8971,0.811667,2.24172,63.9053,train
2792,0.113515,3.13708,3900.64,2293.79,6825.47,244.883,11.0271,103.547,11.0272,25.417,1,15.415,15.1707,train
2793,2.83213,0.613897,3186.35,2340.63,869.482,235.94,23.1561,134.828,220.999,116.988,0.440974,0.605108,155.067,train
2794,0.208638,0.149537,1995.24,1851.35,14076.4,259.358,10.2003,68.978,93.6586,259.358,1,50.8457,4.90027,test
2795,0.250066,0.0733473,3243.1,4133.35,607.346,85.754,52.8766,7.97466,75.9207,79.1809,0.800072,2.00332,13.1303,train
2796,0.219573,0.0846963,1011.46,1659.34,7634.02,157.398,56.7672,14.1427,93.718,157.398,1,54.3193,1.85259,train
2797,3.9612,1.03307,2659.85,4000.35,1057.37,165.736,11.0574,138.59,152.583,44.5929,0.216807,0.255859,131.07,train
2798,3.44329,0.0666384,2552.09,2388.06,10640.7,267.431,29.9054,37.799,263.13,267.431,1,66.8654,3.5523,train
2799,0.68218,0.324256,3371.3,1952.82,159.851,148.914,6.38153,19.5778,140.401,37.2997,0.21692,0.252444,122.476,train
2800,3.09883,0.211373,2001.41,1579.35,133.38,128.784,44.3725,9.21044,127.299,71.9625,0.32685,0.399543,69.0539,train
2801,0.718573,2.75384,2479.67,3979.75,7771.47,149.521,31.0689,206.459,33.6517,49.9071,0.978195,4.36152,26.5663,train
2802,0.0538164,0.124082,1963.76,3404.33,17117,82.3877,42.9071,4.1724,42.9071,52.7845,1,161.966,0.243758,train
2803,0.33743,0.1069,3896.91,3939.21,533.771,191.167,11.8567,50.4308,152.815,131.616,0.667889,1.26756,94.4802,test
2804,0.122856,0.0820119,3636.1,3057.5,1768.3,88.7462,18.5704,17.2376,50.1588,87.314,0.979591,7.05201,9.74808,test
2805,0.332812,0.131968,1460.47,2689.61,8286.51,270.436,10.2476,92.306,80.5309,270.307,0.999503,23.3461,11.1393,train
2806,0.0508074,0.188717,4178.82,1923.57,719.999,182.117,22.7189,29.8309,41.6142,104.895,0.881459,3.39118,41.4319,train
2807,0.239352,3.52915,1490.81,4179.35,1665.9,138.776,49.3786,31.5723,50.2955,51.5192,0.989744,4.66862,18.9521,train
2808,0.635302,1.3482,1790.31,4112.82,1526.39,152.842,6.23926,117.669,49.387,27.4603,0.705684,1.34201,77.0897,train
2809,0.464524,3.61107,3200.08,1344.83,893.374,128.848,42.9748,54.5283,92.1664,54.2032,0.427163,0.600986,61.0364,train
2810,0.354402,0.150471,3495.21,2751.61,524.179,172.505,49.2507,33.9484,145.099,131.244,0.66524,1.26602,64.765,test
2811,3.97871,0.0939481,2487.45,3071.06,329.515,257.742,8.51482,48.6488,252.827,177.13,0.676551,1.14209,147.638,train
2812,0.198871,0.361852,2743.02,2510.94,13864.7,132.887,45.6804,47.5712,45.6817,98.0376,0.999984,25.4162,3.4311,test
2813,0.073059,1.0709,4141.06,2076.82,1033.87,245.525,58.5646,53.9934,67.0587,82.8415,0.954567,3.41729,52.2244,test
2814,0.275902,0.240271,1641.43,1472.37,17671.7,230.584,44.3378,65.8876,85.0963,230.583,0.999996,49.9529,3.72842,train
2815,2.8215,1.78379,1396.55,3717.46,328.101,113.323,32.4859,24.8698,107.012,36.2364,0.078077,0.0832666,75.7993,train
2816,4.62717,0.824979,1521.9,3452.24,390.267,207.312,23.2751,65.4858,198.013,46.2685,0.124939,0.137031,167.798,train
2817,4.33602,2.581,3335.23,3561.21,3921.18,285.395,12.8086,791.229,230.683,98.8912,0.315799,0.426609,201.783,train
2818,0.0528645,0.170247,2117.97,2392.58,688.912,110.959,28.7783,9.12413,29.4684,51.1781,0.991603,6.15288,13.2443,train
2819,1.6137,0.44185,3357.54,3261.68,135.51,243.663,36.6144,26.4711,238.777,54.9821,0.0887121,0.0940273,195.344,train
2820,1.03645,1.59457,3594.47,1876.11,294.355,147.953,44.8097,27.8863,140.468,54.1313,0.0903748,0.0983941,94.7368,train
2821,0.31939,0.283121,2961.36,3227.91,4271.42,265.008,18.2856,188.287,65.9364,224.314,0.835063,4.6739,44.0807,train
2822,0.158465,1.42758,4189.56,2852.48,475.556,291.025,27.0466,86.7972,160.286,48.3615,0.495263,0.71631,182.517,train
2823,1.80922,0.958086,1653.9,1600.92,4009.75,200.67,40.0467,207.165,131.436,175.112,0.840885,2.61423,51.6655,train
2824,1.35235,0.174489,1609.99,2379.52,791.447,256.72,27.5222,77.9965,220.896,215.374,0.819609,1.90618,98.5491,train
2825,0.0788326,0.237207,1348.61,1842.65,182.844,221.005,18.1515,16.8104,62.8862,56.6113,0.779473,1.71984,91.9384,train
2826,0.121872,0.400511,3097.6,3135.27,120.806,90.3612,35.8836,5.4288,75.9806,40.2069,0.263972,0.320007,44.9382,train
2827,0.190245,3.24003,1032.64,3154.85,18548,254.929,7.43737,48.6211,7.43737,12.194,1,94.4131,2.62137,train
2828,2.03507,0.346799,2122.05,3341.97,157.898,94.8866,40.3471,7.92078,93.0525,47.1813,0.125307,0.136238,50.1638,train
2829,0.299465,0.714111,1360.97,3825.8,251.685,93.5652,5.02132,16.1753,53.8775,10.9419,0.448226,0.617534,64.268,train
2830,0.870992,0.201947,3649.63,3994.98,12038,276.497,32.2731,197.031,214.514,276.495,0.999989,14.9212,16.3674,train
2831,3.89717,0.295121,3404.32,2402.83,905.445,157.611,35.4495,61.7452,152.957,122.522,0.71276,1.27684,68.1932,train
2832,0.0642318,0.967826,3496.66,1114.92,1056.26,269.622,34.0223,51.8985,38.548,82.119,0.980791,4.70291,49.1343,train
2833,0.81142,2.08555,3033.42,3379.12,296.367,282.82,15.9773,73.1076,253.119,26.3511,0.111308,0.120407,246.679,train
2834,0.0836026,0.2315,2423.54,2798.81,4566.72,107.018,32.2427,15.1506,32.2428,55.6261,1,22.539,3.31762,train
2835,2.70897,0.149994,1622.39,1612.01,214.914,258.597,8.28747,35.2297,250.581,153.99,0.582089,0.888839,163.925,train
2836,1.36229,0.20252,2211.36,1589.08,118.24,193.057,23.5482,16.5329,187.569,74.9213,0.30307,0.367408,139.826,train
2837,1.16782,1.25167,2000.35,3301.5,250.121,250.08,58.114,44.2949,231.118,68.8329,0.0987753,0.10707,177.094,train
2838,4.6737,0.372543,3839.82,3698.39,5030.22,95.0085,57.493,50.0446,92.2199,93.8149,0.968185,3.65089,9.94879,train
2839,0.0821287,0.0824672,3716.19,2386.47,598.359,176.323,28.7521,24.5568,95.8633,153.529,0.845537,3.04035,41.0402,train
2840,0.07548,0.667667,2428.24,3043.61,830.611,189.745,32.0425,28.4777,34.3694,46.0562,0.985245,4.53185,34.2853,train
2841,0.152851,2.53296,3042.94,2229.91,422.44,199.882,50.7195,40.6858,112.407,57.9227,0.58644,0.908246,96.3116,train
2842,0.397527,0.698465,3992.11,3338.85,2157.94,258.512,39.7981,218.684,120.712,133.57,0.630044,1.35979,101.339,train
2843,2.24651,0.422834,1272.82,2523.84,453.751,199.765,37.9935,56.5579,179.985,90.9918,0.327613,0.425193,124.645,train
2844,0.401063,0.12291,2509.24,3124.16,1113.41,104.742,8.19783,32.9978,71.953,94.1316,0.890098,2.89958,29.6366,train
2845,1.38187,0.115636,3505.18,2727.37,2980.35,198.041,19.7172,56.2324,186.431,198.016,0.999864,9.44996,18.8677,train
2846,0.164781,0.129823,1670.99,1056.83,233.397,137.673,43.9871,9.36701,103.654,112.259,0.728733,1.70113,40.1333,train
2847,0.279519,0.312594,1082.09,3134.22,3331.82,174.796,38.9091,41.0871,38.9554,80.8459,0.999659,11.0155,12.3317,train
2848,1.00581,0.266889,2519.01,4106.04,3474.19,224.34,29.938,191.493,148.76,204.68,0.898873,3.17029,55.1186,train
2849,1.55041,1.405,2936.06,2131.52,1142.43,165.896,10.1349,135.049,136.229,55.2296,0.289511,0.381471,118.212,train
2850,0.18997,0.10721,2888.26,2707.67,264.742,200.611,30.6541,26.2733,152.727,121.161,0.532528,0.911993,99.2408,train
2851,1.75259,0.0613951,2695.06,4192.86,4287.2,196.878,40.8713,40.1595,188.376,196.878,1,16.6544,9.36731,train
2852,1.41768,0.0545088,2731.5,2099.6,399.102,242.95,46.7134,21.7189,237.341,236.486,0.967063,3.48723,54.4194,train
2853,0.736404,0.176894,3398.13,4043.88,494.336,95.7763,17.4019,26.4548,85.2046,54.3841,0.471865,0.691052,53.5157,test
2854,0.413614,0.521236,2666.11,1411.09,193.12,220.071,23.6742,31.1018,191.867,65.9601,0.215309,0.262566,161.049,train
2855,0.0717514,0.226149,3332.62,3414.77,1007.82,201.856,41.003,36.9914,47.1582,88.904,0.961734,4.21472,36.7042,train
2856,0.258224,0.360515,2935.41,1943.53,240.447,227.673,32.3109,35.3124,181.086,82.7088,0.257972,0.343166,146.862,test
2857,0.295025,0.13995,3361.34,2197.67,2816.43,235.157,42.6405,59.1371,175.523,234.917,0.998754,9.15723,20.9972,train
2858,0.820922,1.98982,2113.85,2024.51,5251.82,262.486,36.1236,349.551,61.0506,122.895,0.88988,3.02646,66.5581,test
2859,2.54841,1.02425,1737.4,3090.65,6905.31,98.8473,36.8269,147.552,65.5219,83.4383,0.751549,2.18137,21.368,train
2860,2.46723,0.181653,3348.32,1260.91,1229.71,287.435,44.3858,55.3773,280.731,286.157,0.994741,5.36879,45.0327,test
2861,0.0546538,3.89007,2192.43,3260.29,13196,238.079,17.459,26.4357,17.459,19.5434,1,110.128,2.00331,train
2862,1.70458,3.33494,3196.92,1970.18,16228.5,201.67,6.5619,845.388,46.5365,135.228,0.795116,2.97803,52.0928,train
2863,0.594281,2.25147,3114.15,1507.44,137.336,101.145,41.4944,7.74727,96.959,43.7771,0.070178,0.0742084,56.411,train
2864,0.632464,0.236572,1397.81,1742.47,327.534,175.619,14.3016,33.0754,138.206,94.5391,0.49739,0.794564,100.983,train
2865,0.117044,0.230972,2440.24,1167.3,1825.34,247.554,50.1627,47.4556,81.4024,226.176,0.891694,6.77019,25.9982,train
2866,0.288174,0.318178,2766.28,2440.18,331.075,242.579,27.5593,50.1012,179.73,92.0886,0.300109,0.426418,151.329,train
2867,0.0516292,1.4898,1691.69,3102.24,204.484,271.264,29.7457,19.0092,53.6198,33.8587,0.90115,2.34122,92.9619,test
2868,3.27828,0.244469,3217.45,1571.59,445.749,256.654,47.3558,54.774,251.461,189.921,0.681155,1.16019,122.881,test
2869,0.196428,2.02786,2085.21,3266.86,334.019,147.453,31.7899,26.0816,83.7763,35.7269,0.550536,0.815487,78.0841,train
2870,0.211008,0.43221,2812.44,1409.79,6789.92,163.333,40.6379,67.7319,49.1999,151.797,0.930218,11.4415,9.97537,train
2871,2.98969,0.236983,1299.51,1450.01,4163.56,97.9827,38.7459,20.3551,92.7435,97.9818,0.999985,12.1165,4.88886,train
2872,2.07257,0.20945,1192.17,1679.35,5064.24,253.587,11.7081,85.0782,219.154,253.586,0.999996,14.3977,16.7998,train
2873,0.247114,0.637692,2056.24,2245.94,18936.6,171.149,10.0766,81.8449,10.0766,67.2221,1,37.2676,4.32205,train
2874,0.118119,0.437041,2477.21,3573.81,11367.4,105.632,8.58892,28.3952,8.58892,26.7688,1,38.8489,2.49796,train
2875,0.0625212,1.44471,3801.65,3118.8,2962.37,222.152,58.7246,38.8436,58.7257,67.3454,0.999993,12.4635,13.1124,train
2876,0.949874,4.20372,1004.2,1514.62,1254.77,103.181,33.0339,47.3628,53.5275,40.4727,0.707848,1.31546,37.7463,train
2877,0.539294,0.354812,3247.13,1752.68,169.159,265.51,23.5147,34.4904,245.814,78.9769,0.229187,0.272016,203.894,train
2878,0.112535,0.0645964,3295.44,2261.79,1723.78,106.851,10.392,14.0863,68.8674,106.805,0.999524,11.7983,8.17179,test
2879,0.0529646,0.166836,2041.91,2301.76,1857.62,176.643,51.4902,13.5351,51.4906,86.7362,0.999997,17.1764,7.28625,test
2880,0.0639039,0.102447,3515.91,1959.85,4017.34,131.593,46.9995,16.7441,57.0692,130.395,0.985832,20.0086,4.16795,test
2881,0.116315,2.15636,4077.33,4056.84,14872,224.909,17.1977,98.5087,17.1977,28.4584,1,31.3585,6.62378,train
2882,0.304534,0.261569,3982.02,1155.94,380.611,206.122,44.2042,33.1392,178.794,153.807,0.676902,1.25881,87.0683,test
2883,1.95779,0.0740882,2016.57,3419.07,441.55,254.747,54.2423,41.371,244.268,217.562,0.814544,1.7431,93.6951,train
2884,0.0678682,0.0575627,1267.16,1982.79,701.601,233.995,32.2468,16.7136,39.6501,178.684,0.963304,8.15817,23.8221,train
2885,1.22693,0.137355,1226.33,3586.02,17587.5,299.906,33.5506,131.196,212.711,299.906,1,35.7064,7.4596,train
2886,0.105627,2.12098,4018.62,2850.37,424.346,105.952,16.4304,23.655,50.2245,20.3432,0.622504,0.999694,55.7446,train
2887,0.92378,0.211305,2767.93,1675.66,10392.6,217.303,41.122,62.3814,192.907,217.303,1,29.3515,6.00247,train
2888,0.287918,0.0520993,1286.32,1199.99,1354.5,225.624,30.1308,12.222,192.623,225.624,1,21.6655,9.02326,train
2889,0.336267,2.05955,3554.28,3785.45,2440.3,226.669,13.8169,215.095,46.7016,41.4062,0.845505,2.04178,88.1427,train
2890,0.334,3.15962,3098.5,1263.24,137.838,280.004,31.882,31.5309,249.536,39.7818,0.122793,0.13319,228.753,train
2891,1.55876,2.02749,3127.77,2613.4,1237.8,199.724,52.4356,146.581,169.659,80.0993,0.204123,0.253884,118.42,train
2892,1.27391,0.462617,3142.3,1968.33,3875.59,195.536,22.4516,153.024,157.309,190.502,0.970916,4.25617,39.484,train
2893,0.643408,0.758608,2761.36,2224.17,1238.89,238.913,51.3587,135.416,162.695,131.616,0.427916,0.73426,109.304,train
2894,0.259264,0.230551,1919.71,1562.45,12411.3,237.467,25.9051,76.2084,84.3496,237.463,0.99998,34.4542,6.14027,train
2895,4.29885,2.94999,1488.55,1223.94,182.078,100.304,22.0472,13.7076,98.1617,25.8436,0.048513,0.0504283,75.2843,train
2896,0.068109,1.60305,1900.03,1903.36,1625.7,135.726,57.7011,10.097,57.7015,61.0103,0.999994,12.5625,6.21086,test
2897,0.356687,0.169982,1852,2890.75,5412.14,210.517,17.6238,93.2708,69.3224,207.439,0.984045,11.0142,17.2336,train
2898,0.733395,2.79223,3900.15,3253.33,197.894,200.773,6.31986,36.8003,187.907,10.371,0.0661635,0.0691854,185.96,test
2899,0.0500876,2.11135,2664.16,4037.69,526.688,235.504,11.7905,29.2487,16.3161,15.2215,0.979771,3.94695,55.5333,train
2900,0.0554804,0.215383,2945.97,2814.73,342.004,154.593,53.9113,13.687,70.8518,76.488,0.831743,2.09249,40.02,train
2901,2.84249,1.79717,1946.37,1771.65,1158.66,296.831,26.2058,243.326,252.851,102.628,0.282393,0.363907,210.006,test
2902,0.647915,0.505836,4122.33,1872.94,7417.17,131.975,56.404,71.3,105.28,131.662,0.995863,7.82896,9.61282,train
2903,4.80411,0.160139,3183.17,2992.07,9846.27,80.7145,50.2053,14.6184,79.7585,80.7145,1,20.5495,1.48466,test
2904,0.109013,0.675019,3844.95,3580.85,8974.86,116.728,58.3503,24.4689,58.3503,68.4734,1,21.4121,2.72638,train
2905,1.60993,0.248561,2457.57,1024.96,2702.79,160.719,41.3256,30.4159,153.032,160.714,0.999954,10.609,11.2535,test
2906,0.782245,0.782126,2806.18,3800.57,15032.1,247.663,34.5791,444.473,45.1805,184.106,0.950248,6.84796,29.5683,test
2907,1.15056,3.65064,3163.6,1233.74,7467.83,98.7296,32.8726,171.497,51.6138,70.9498,0.715425,2.05165,22.9648,test
2908,2.6245,2.11686,1673.4,4096.22,416.12,123.096,14.2807,42.2566,113.474,19.154,0.088422,0.0947487,101.549,train
2909,1.89707,0.111254,4002.89,1691.3,145.025,257.492,53.3136,20.5408,254.787,162.479,0.534657,0.770742,141.637,train
2910,2.37681,4.25048,1792.97,2015.62,662.031,104.905,6.09501,58.5725,91.1601,12.9317,0.139101,0.15535,88.474,test
2911,0.560027,3.12242,3821.32,3950.37,11305.6,115.586,14.2417,214.599,15.3077,31.6397,0.989482,5.28287,18.9817,train
2912,0.246447,0.965449,1909.98,2975.73,319.003,183.307,38.1589,32.5849,114.082,49.5011,0.476926,0.677707,102.146,train
2913,1.15161,0.18429,1462.79,3394.76,108.709,259.449,18.7088,23.3637,245.579,56.0536,0.155125,0.173762,214.919,test
2914,0.206904,0.142137,3861.25,3888.76,728.069,224.054,10.0961,73.2044,132.424,142.536,0.619002,1.31721,100.546,train
2915,0.638314,0.0672644,1148.85,2070.43,897.909,194.015,6.47093,26.0045,158.554,193.195,0.995628,6.44742,28.9611,train
2916,4.60671,0.955077,3731.4,3188.67,587.561,287.299,38.0821,131.25,279.664,81.1797,0.172932,0.192932,223.382,train
2917,0.900791,0.445675,2738.4,1063.76,13652.4,143.983,33.8475,52.2143,122.816,143.983,1,28.7971,3.82454,train
2918,0.0596526,4.004,2023.52,3810.55,1941.6,165.662,53.4837,13.5409,53.4837,54.3712,1,16.0851,6.97409,train
2919,1.60321,0.101451,1953.83,1183.97,111.448,292.691,25.7153,19.2309,286.551,185.82,0.599697,0.927849,172.555,train
2920,0.0880589,3.13051,3826.85,4125.77,12780,187.027,32.1514,52.1911,32.1514,36.1922,1,37.9241,4.08382,train
2921,2.8848,1.65441,3537.44,2914.32,15545.2,299.544,36.2831,1135.55,188.268,271.802,0.894621,3.22414,73.0485,train
2922,0.094532,1.43934,2024.9,2884.71,11728.6,101.323,13.8968,16.735,13.8968,17.9273,1,61.2723,1.42686,train
2923,4.011,1.81438,2141.95,2235.23,2144.57,297.546,17.4931,430.318,247.459,123.599,0.378878,0.528799,200.655,train
2924,3.411,0.29923,3625.99,3015.82,1167.84,182.734,29.6921,98.6673,174.757,139.028,0.714418,1.29411,84.4871,test
2925,0.601618,0.588665,1163.06,2672.94,341.141,140.72,56.5407,21.1424,110.505,69.9775,0.358942,0.487543,61.9753,train
2926,0.23373,0.319522,1706.78,1166.14,15456.1,221.77,20.5009,74.6532,34.6341,220.854,0.99545,41.4809,4.83,train
2927,0.504798,0.434922,1855.35,1280.19,10018.7,142.307,38.4529,57.8081,80.5841,142.278,0.999725,17.994,5.76999,train
2928,0.330441,2.92247,2451.76,3125.82,934.963,231.263,30.0151,109.477,96.1335,41.9993,0.671459,1.15405,117.092,train
2929,3.63886,0.120913,3803.43,3857.58,225.798,205.57,58.1787,26.2388,203.674,114.433,0.381666,0.484095,116.205,train
2930,0.417133,0.461264,3268.43,3963.54,2514.04,244.081,44.2938,191.137,103.886,148.841,0.701723,1.844,76.0278,train
2931,0.103266,4.96302,3450.21,2450.19,408.189,185.449,49.3366,32.8636,93.2109,52.0391,0.677661,1.14567,80.5106,test
2932,2.56227,0.127104,3797,3649.59,741.747,132.648,19.4145,41.5019,128.383,108.882,0.79011,1.59901,55.9515,train
2933,0.0613547,0.927794,1907.45,4068.63,332.013,209.985,36.9961,18.9872,47.7439,42.026,0.93787,2.83697,57.1881,train
2934,0.062651,0.244045,2473.85,3360.63,1750.75,174.72,44.5995,20.1655,44.6106,69.1872,0.999915,11.296,11.5182,test
2935,0.163084,1.79077,2209.43,1634.95,345.748,171.939,39.0525,28.7672,92.1018,48.878,0.600792,0.959549,83.2027,train
2936,3.24968,0.0731367,2853.53,1540.61,1317.68,90.9936,29.6034,6.9171,90.2476,90.993,0.999991,11.6945,5.24945,train
2937,4.04648,0.11119,1519.94,2321.36,8762.81,226.774,48.456,46.0257,219.29,226.774,1,33.9498,5.25239,train
2938,1.62433,0.0692671,1365.29,2054.97,1669.32,299.036,25.2879,38.9651,281.466,299.031,0.999984,11.7276,23.3419,train
2939,0.859121,3.31009,3823.8,1505.93,887.982,273.672,22.9505,181.754,218.345,59.4126,0.22067,0.270305,204.682,train
2940,4.42221,0.830975,4112.62,1631.07,677.886,234.26,22.2229,111.727,228.117,104.655,0.388764,0.500145,164.817,train
2941,0.292625,3.86899,2002.46,1760.83,1808.68,194.286,14.8342,99.4019,24.6496,29.425,0.945304,3.08664,54.9582,train
2942,0.114264,0.113672,1325.06,3260.18,474.184,217.795,54.4983,22.2731,70.6867,114.6,0.900865,3.13186,46.9715,train
2943,0.137241,0.107856,3564.8,1342.02,10364.8,255.017,49.0155,29.8177,194.069,255.017,1,71.6075,2.87681,train
2944,1.04325,0.511649,2128.44,1573.14,2388.76,137.992,8.82252,93.3972,95.9305,124.859,0.898326,2.96778,39.0986,train
2945,1.12474,0.0554972,3626.19,1080.67,1202.85,87.0368,55.0566,1.91798,86.5666,87.0368,1,20.0562,1.59453,train
2946,0.699546,0.0805569,1675.8,2095.88,217.65,157.307,27.1996,15.4165,144.157,118.51,0.701804,1.28911,70.832,train
2947,0.273787,1.52707,4060.93,2447.56,6368.57,208.488,20.1838,206.718,22.5617,75.4914,0.987372,5.728,32.4591,train
2948,0.0685251,0.178042,2111.38,3797.66,3822.96,176.907,8.17706,24.4123,8.17706,44.2823,1,26.4231,6.38569,train
2949,0.144564,3.56123,2965.63,3639.46,4592.19,252.779,38.1456,92.0154,38.1522,45.245,0.999969,10.7113,20.0373,train
2950,0.060908,0.291893,2015.51,3525.01,168.932,290.279,42.1674,22.1808,109.596,63.7247,0.728234,1.3761,131.3,train
2951,0.863544,0.0699867,2046.86,1294.84,11429.3,236.151,51.9187,16.6955,226.706,236.151,1,126.121,1.46076,train
2952,1.64234,0.0539114,2272.57,2253.92,899.497,174.56,16.6795,19.17,169.424,174.441,0.999249,7.40253,21.3119,train
2953,0.0593938,0.134792,3065.05,1602.23,2077.31,165.193,22.5588,25.1756,26.9002,139.13,0.969563,11.4109,12.1193,test
2954,0.0624322,0.0803863,3967.71,3541.68,6766.26,116.471,39.5226,18.988,39.8175,106.217,0.996168,27.315,2.80627,train
2955,0.352725,0.17856,1275.96,4117.76,10076.6,167.773,28.4617,62.6947,28.4709,113.73,0.999934,22.3893,6.22183,train
2956,1.56247,0.113205,3637.92,3518.23,263.676,274.038,11.1843,50.0203,265.238,136.775,0.477797,0.662034,189.704,train
2957,0.330247,0.884848,2778.39,1844.13,193.729,84.9999,47.2587,6.27256,78.1637,51.1027,0.181133,0.211136,32.3781,test
2958,0.317299,0.0550969,1547.33,1689.97,14949.5,122.82,59.3571,5.90913,110.784,122.82,1,160.554,0.395274,train
2959,2.16383,0.19324,3370.99,2570.5,7894.54,140.268,19.1088,60.1823,132.017,140.268,1,15.8933,7.62328,train
2960,0.331977,0.0810272,3499.06,2299.59,214.436,232.746,18.6549,26.3187,210.088,159.903,0.659759,1.15084,122.734,train
2961,0.0520057,0.187088,3863.42,2324.99,2944.06,150.003,55.1536,19.0533,55.1728,98.9565,0.999797,14.6529,6.47178,train
2962,0.666018,0.193713,3232.64,1816.11,737.98,241.866,18.601,66.8526,210.815,208.628,0.851129,2.0977,90.5886,test
2963,2.07521,2.86816,4185.93,1512.93,10448.3,107.444,5.51895,364.273,65.5096,89.4659,0.823613,2.40782,34.8644,train
2964,0.13897,2.18664,2053.28,3607.13,2684.92,136.997,44.0523,26.5183,44.0626,47.4144,0.999889,9.40944,9.87675,train
2965,0.143439,0.0704783,3188.41,2964.04,152.248,169.647,54.5671,11.3485,144.833,108.892,0.472061,0.728805,74.5397,train
2966,2.13412,0.33354,2559.7,3337.39,563.586,153.498,51.0391,43.8041,145.479,90.3905,0.38407,0.506297,77.724,train
2967,0.372614,0.608489,2010.76,1070.9,926.764,220.221,10.5142,83.3242,109.009,138.384,0.609756,1.42222,89.9087,train
2968,0.320831,0.32482,1594.67,1076.93,4811.26,240.764,20.0667,76.8834,90.4892,239.855,0.995882,13.754,15.9799,train
2969,0.195339,0.626932,1070.26,3285.58,415.692,279.492,53.3615,40.0361,87.991,72.798,0.846861,1.98834,96.312,train
2970,0.217917,0.879892,2153.8,2127.72,9550.58,186.902,53.2631,62.7235,53.2632,86.7664,1,20.3485,6.56751,train
2971,0.694858,0.320155,3829.49,2471.19,369.945,104.698,46.174,16.4982,98.4975,67.0272,0.35632,0.467596,44.5965,train
2972,0.412916,0.191269,3899,4070.24,3233.01,125.372,36.7029,64.6043,85.2437,119.687,0.935891,4.1528,19.9827,train
2973,0.163003,3.2224,1278.82,3215.84,19526.3,102.898,13.7956,18.5735,13.7956,15.5879,1,93.6735,0.9512,train
2974,1.36792,0.212783,1417.67,2925.51,2906.03,175.74,56.5845,72.0293,138.598,172.295,0.971084,4.66832,24.7862,train
2975,0.345205,0.999303,3812.17,3141.25,2798.4,142.046,58.4196,88.8805,74.5062,86.734,0.807637,2.12648,31.7612,train
2976,0.202401,0.704354,2271.68,1028.12,1265.53,278.741,57.297,84.088,95.8579,173.415,0.825866,2.75241,66.4447,train
2977,1.14531,0.199299,2135.83,1830.59,286.55,132.288,5.2949,24.4518,122.292,72.3167,0.52776,0.785428,85.3316,test
2978,0.333713,0.07602,2275.89,1831.52,210.717,256.918,57.0191,20.8566,229.457,206.816,0.749364,1.51342,98.979,train
2979,0.698452,2.10659,1159.41,1048.15,1110.04,278.061,37.5449,133.573,113.113,98.0399,0.68581,1.37078,120.332,train
2980,0.280415,3.98271,4023.08,2329.78,101.241,298.799,10.0408,27.8196,274.139,13.039,0.0853997,0.0897418,274.787,test
2981,1.08083,0.672534,2647.38,1811.32,1963.11,155.254,19.4646,120.122,113.274,118.072,0.72618,1.61152,61.1895,train
2982,0.125322,0.0726833,1912.72,3886.9,3856.09,122.681,6.8317,27.3728,8.48847,103.722,0.985699,16.0867,7.0986,train
2983,1.494,3.34482,4001.22,1303.96,1478.16,122.383,42.6609,91.0822,107.146,63.544,0.261949,0.338907,61.6189,train
2984,0.0712476,0.249524,1645.04,1642.25,157.693,138.459,47.3078,7.40588,75.2715,65.3806,0.693216,1.34545,46.9639,train
2985,0.128855,0.180265,2760.72,2396.5,187.925,195.945,47.5806,18.8087,143.072,91.1187,0.356372,0.528273,100.086,test
2986,0.119399,1.20052,4056.37,2924.27,1226.33,142.362,43.2275,43.2737,53.0138,55.5539,0.901282,2.53203,35.2872,train
2987,0.168639,1.59109,4084.77,3701.59,1296.77,298.184,58.2506,136.964,99.3536,81.506,0.82869,1.88251,105.62,train
2988,0.865788,2.58893,3873.01,2664.47,1280.02,116.574,9.87374,106.134,84.9228,25.2597,0.296639,0.38173,82.9162,train
2989,0.433769,0.504216,3027.34,2072.07,123.129,257.103,41.9613,23.9544,238.861,64.8892,0.106571,0.117853,194.548,test
2990,0.176286,0.113424,2457.05,2726.37,6721.97,91.3341,33.1083,17.9953,49.7882,91.3009,0.999429,21.7373,2.67708,train
2991,0.999659,0.355309,3837.65,2622.77,17563.5,201.995,7.52534,181.225,154.756,201.995,1,18.8471,10.3183,test
2992,1.38783,4.2133,2678.29,3033.66,481.529,168.806,49.1154,53.1529,154.506,53.2739,0.119474,0.129548,110.384,train
2993,0.169535,4.38221,1289.51,2344.08,167.492,243.858,7.86608,27.4942,118.095,10.5426,0.532915,0.766142,164.152,train
2994,0.0650412,0.0616421,1323.91,1524.11,11239.3,149.173,24.9612,10.6957,24.9614,138.806,0.999998,130.524,0.951633,train
2995,2.29329,0.183778,2218.1,2056.21,16348.1,294.857,27.4777,101.039,274.994,294.857,1,43.2619,6.18048,train
2996,0.367579,0.0689135,1285.43,1153.53,1556.81,120.142,48.4421,5.69964,108.079,120.142,1,19.5842,3.66109,train
2997,3.06265,1.8113,3886.29,3794.7,1355.93,198.07,33.6731,192.799,181.871,61.7234,0.170626,0.197273,142.19,train
2998,2.19111,2.63966,2071.63,1349.09,219.571,256.172,31.6894,46.7189,245.879,44.8085,0.0584416,0.0616577,212.774,train
2999,0.224063,0.405624,4094.65,3406.8,1128.03,283.251,12.5758,149.884,119.882,121.04,0.603562,1.22951,132.873,train
