sample_id,r_inner_mm,wall_ratio_ro_ri,p_internal_MPa,p_external_MPa,E_GPa,poisson,yield_MPa,hoop_stress_inner_MPa,hoop_stress_outer_MPa,axial_stress_MPa,von_mises_inner_MPa,tresca_inner_MPa,radial_disp_inner_um,radial_disp_outer_um,safety_factor_vm,split
0,64.6893,2.90459,121.461,12.3063,178.017,0.30884,820.721,126.204,17.0494,2.37157,214.484,247.665,59.2263,21.2341,3.82649,test
1,182.229,1.83425,137.757,24.9803,201.51,0.284079,709.82,183.189,70.412,22.7159,277.948,320.946,195.215,117.863,2.55379,train
2,28.1891,2.27178,22.33,1.50661,156.18,0.280359,354.536,29.3257,8.5023,3.49784,44.7351,51.6557,6.24596,3.25733,7.92523,train
3,189.174,2.87291,140.381,20.8055,82.4896,0.317827,656.988,131.74,12.1643,-4.3206,235.664,272.121,407.589,132.758,2.78782,train
4,38.5139,2.03271,77.1515,2.89125,166.983,0.282513,438.425,118.791,44.5305,20.8196,169.691,195.942,31.0692,18.5028,2.58367,train
5,184.883,2.33464,107.204,3.101,129.298,0.323643,761.699,147.784,43.681,20.29,220.826,254.988,251.538,127.249,3.44931,train
6,161.104,2.98626,87.494,8.98507,157.66,0.321394,836.358,89.355,10.8461,0.93052,153.156,176.849,119.736,40.9963,5.46084,train
7,130.727,2.00717,54.717,1.1458,162.424,0.263184,780.687,87.8006,34.2294,16.5418,123.424,142.518,78.753,48.751,6.32525,test
8,161.145,1.73877,127.09,1.39206,108.756,0.311256,392.675,248.555,122.857,60.7325,325.318,375.645,398.892,268.939,1.20705,train
9,49.6944,1.80813,10.1238,16.7194,98.0299,0.280009,395.315,-29.1278,-22.5322,-19.6258,16.4579,19.004,-10.543,-11.3248,24.0197,train
10,63.586,1.81097,101.919,1.16042,131.419,0.263946,802.899,187.998,87.2396,43.0396,251.076,289.918,98.4812,66.7559,3.19783,train
11,161.183,2.89295,25.3823,13.7272,132.922,0.277117,786.013,1.09111,-10.564,-12.1456,22.9266,26.4734,13.9338,-11.907,34.2839,train
12,191.539,1.37575,36.2479,23.334,109.64,0.291504,641.318,18.5126,5.59863,-8.86768,47.424,54.7605,55.3162,36.0163,13.5231,train
13,80.1087,1.94364,22.8453,14.9536,136.703,0.307282,840.651,-1.37986,-9.27151,-12.1126,18.5896,21.4654,5.48623,-1.08724,45.2216,train
14,63.726,1.77032,15.0623,4.26865,71.6046,0.33582,508.534,16.6407,5.84708,0.789213,27.4556,31.703,19.0756,11.0532,18.522,train
15,87.3759,2.24468,131.834,18.6337,115.952,0.297411,637.76,150.625,37.4253,9.39577,244.616,282.459,140.945,67.9518,2.60718,train
16,105.46,2.88022,30.6998,18.0797,193.009,0.315715,257.75,-1.99992,-14.62,-16.3499,24.8548,28.6999,7.02359,-5.90175,10.3702,train
17,176.929,2.33902,23.9524,29.9564,81.5118,0.261956,756.974,-38.6463,-32.6422,-31.2993,12.7253,14.6939,-52.4692,-84.2582,59.486,train
18,77.9202,1.67201,118.367,2.03442,139.815,0.271943,800.822,243.871,127.539,62.7521,313.708,362.238,144.34,103.458,2.55276,train
19,170.307,2.04416,78.2419,23.5928,75.2807,0.317589,661.517,65.4418,10.7928,-6.40003,124.434,143.684,208.862,93.961,5.31622,train
20,37.2437,1.69064,57.0501,19.5065,207.202,0.344259,851.442,58.4443,20.9007,0.697104,100.021,115.494,13.9922,8.31919,8.51263,train
21,44.9979,1.50717,24.7071,22.1709,134.292,0.253747,303.032,-15.6455,-18.1817,-20.1763,7.8476,9.06162,-1.42623,-3.75542,38.6146,train
22,78.3999,1.21075,105.592,14.5358,170.931,0.300708,380.313,467.385,376.329,180.896,496.212,572.976,203.986,181.205,0.766433,train
23,71.6337,1.35825,66.2489,1.25635,71.958,0.303034,367.643,217.594,152.602,75.6728,245.816,283.843,213.771,175.846,1.49561,test
24,152.533,2.98767,102.333,27.1466,181.507,0.276401,282.08,67.0117,-8.17493,-17.6608,146.657,169.345,84.1867,10.57,1.9234,train
25,74.9556,1.39333,99.5319,15.5219,77.3128,0.290509,688.811,246.975,162.965,73.7215,300.084,346.507,246.714,197.301,2.2954,train
26,22.289,2.73971,100.252,23.5137,92.5988,0.274264,597.39,76.8141,0.0760931,-11.7188,153.343,177.066,25.8814,6.42257,3.89576,test
27,107.701,2.21963,11.2568,24.9154,103.386,0.344479,772.709,-45.5307,-31.8721,-28.3937,29.6821,34.2739,-33.2019,-31.2344,26.0329,train
28,139.046,1.88269,7.25771,23.1364,112.571,0.279478,893.239,-51.4959,-35.6172,-29.3768,38.3114,44.2382,-50.9606,-48.6974,23.3152,train
29,194.135,1.53588,88.8211,8.59922,103.497,0.329437,549.459,189.69,109.468,50.4343,241.197,278.511,379.534,275.665,2.27805,train
30,52.5077,2.80458,91.6006,17.2158,177.192,0.318824,845.775,78.8375,4.45271,-6.38156,147.604,170.438,32.6192,9.9532,5.73003,train
31,107.485,1.81213,78.0714,23.1657,174.137,0.281779,715.068,79.8226,24.9169,0.875584,136.74,157.894,62.6963,34.8954,5.22939,train
32,43.2547,2.07007,128.947,19.2502,134.608,0.339604,607.93,157.229,47.5325,14.1411,247.836,286.177,63.0526,32.7726,2.45295,train
33,33.1878,2.09442,58.7191,7.45512,103.816,0.272923,874.936,74.0836,22.8196,7.68223,115.011,132.803,28.1358,15.2372,7.60744,train
34,139.978,1.34039,70.5025,8.50054,91.187,0.260517,853.17,209.158,147.156,69.3279,242.193,279.661,321.542,270.182,3.52268,train
35,196.039,2.74825,139.025,20.1588,167.896,0.3419,882.848,134.986,16.12,-2.01939,237.3,274.011,213.918,76.0603,3.72039,train
36,25.6334,2.66375,17.6816,5.8226,205.223,0.313969,432.005,9.92741,-1.93159,-3.87709,23.9101,27.609,2.08543,0.370584,18.0679,train
37,66.2865,1.51864,82.3572,11.4156,76.87,0.275479,737.023,168.143,97.2013,42.8928,216.939,250.5,154.368,115.935,3.39737,train
38,80.1491,2.72829,102.446,24.4946,98.4178,0.337702,698.933,77.652,-0.299446,-12.397,155.969,180.098,94.8216,27.0153,4.48122,train
39,141.336,1.80019,109.855,15.1699,172.102,0.316989,675.661,164.029,69.3439,27.087,237.19,273.883,156.252,96.9319,2.84861,train
40,110.075,2.51983,121.429,10.343,110.045,0.284504,448.956,142.275,31.1883,10.4226,228.374,263.704,173.903,78.553,1.96588,train
41,75.021,1.30804,75.9642,8.19583,178.857,0.343103,674.357,250.212,182.444,87.124,282.477,326.176,103.345,85.2404,2.3873,train
42,177.155,1.94772,137.718,3.81873,112.303,0.27071,778.939,225.942,92.0424,44.1118,314.938,363.659,396.391,249.285,2.47331,train
43,163.2,1.66176,148.283,2.2081,90.4251,0.337548,857.882,309.723,163.649,80.7205,396.645,458.006,600.151,411.327,2.16285,train
44,44.4525,1.8853,36.7462,23.2616,111.043,0.347004,883.348,0.78107,-12.7035,-17.9825,32.4995,37.5272,7.91515,1.21387,27.1803,train
45,97.0884,2.22771,85.7396,22.019,163.469,0.320905,474.721,73.8616,10.1411,-5.93897,138.219,159.601,61.3416,25.2882,3.43456,train
46,105.057,1.43522,102.415,2.82252,165.979,0.273318,422.49,284.706,185.114,91.1456,335.257,387.121,182.156,146.233,1.2602,train
47,30.691,2.4469,133.137,8.33601,208.195,0.340943,257.496,166.513,41.7113,16.6876,259.505,299.65,30.3992,14.0186,0.992261,test
48,58.9504,1.25171,17.2302,15.4906,81.7647,0.33207,539.868,-7.61234,-9.35194,-12.4213,8.32934,9.61789,1.61068,-0.07512,64.8153,train
49,186.941,2.465,76.1694,26.8447,179.937,0.258361,430.964,41.9137,-7.41103,-17.1279,102.263,118.083,68.5878,10.1152,4.21427,train
50,48.431,1.72907,73.5329,23.8059,75.8789,0.322678,470.287,75.9059,26.1788,1.18648,129.418,149.439,63.3484,36.9463,3.63386,train
51,162.712,2.24742,146.447,14.5934,173.079,0.256674,872.53,182.358,50.505,17.9558,284.754,328.805,202.44,104.884,3.06416,train
52,186.863,2.76859,94.5195,7.77906,171.407,0.268226,402.669,104.99,18.2492,5.23505,172.78,199.509,140.565,57.1401,2.33053,train
53,106.874,2.432,78.4432,15.5704,184.887,0.28577,698.205,72.8883,10.0155,-2.77743,131.057,151.332,55.5503,21.4512,5.3275,train
54,88.3858,2.59678,65.4152,22.9447,76.3246,0.250265,864.373,34.3153,-8.15514,-15.5499,86.3692,99.7305,63.2028,4.44676,10.0079,train
55,146.882,2.06314,9.1117,24.174,76.8528,0.341675,502.337,-48.4868,-33.4245,-28.7992,34.0998,39.3751,-67.912,-60.4273,14.7314,train
56,155.924,2.63243,47.7925,25.6132,94.4401,0.259972,401.316,4.0469,-18.1324,-21.8728,44.8942,51.8394,36.5836,-25.1532,8.93915,train
57,69.4037,2.7079,73.9111,13.896,196.418,0.281232,815.573,65.073,5.05797,-4.41904,120.364,138.984,30.7771,9.76798,6.77591,train
58,161.641,1.27054,112.296,1.9926,106.39,0.335738,759.837,467.442,357.138,177.573,502.068,579.739,676.899,575.616,1.51341,test
59,113.919,1.82365,53.5254,8.41239,150.52,0.302631,464.376,75.4959,30.3828,10.9852,111.736,129.021,66.8811,40.8596,4.15602,train
60,82.9996,2.76538,130.589,6.81197,110.493,0.323559,690.412,154.206,30.4291,11.8085,246.639,284.794,144.705,59.8515,2.79928,train
61,88.9964,1.40911,135.699,14.444,79.3765,0.324897,332.998,352.867,231.612,108.584,423.11,488.566,405.509,317.598,0.787024,train
62,41.5325,1.98531,53.7304,27.577,187.861,0.275653,483.415,16.3591,-9.79432,-18.6857,60.6992,70.0894,8.02984,1.29836,7.9641,train
63,112.252,2.67015,12.3227,16.3971,70.7376,0.254875,655.769,-21.8009,-17.7265,-17.0618,8.20835,9.47819,-22.7106,-38.9765,79.8904,test
64,186.403,1.33395,28.3468,3.0691,205.557,0.277478,262.062,87.0706,61.7929,29.3619,99.9544,115.417,78.702,65.9229,2.62181,train
65,96.6123,2.64793,12.118,21.8178,181.156,0.297739,612.793,-34.7446,-25.0448,-23.4313,19.5952,22.6266,-12.8849,-16.3423,31.2725,train
66,40.5842,1.18327,119.877,13.8187,136.574,0.275744,563.082,622.355,516.297,251.239,642.792,742.232,174.175,158.521,0.875995,test
67,180.536,2.77491,107.338,23.5581,109.579,0.270256,890.721,85.2298,1.45027,-11.0539,166.768,192.567,193.134,49.3952,5.34107,train
68,21.2703,1.64981,68.2558,18.0316,102.936,0.277287,447.562,90.5298,40.3055,11.137,137.512,158.786,21.9796,14.3923,3.2547,train
69,32.211,1.49642,77.7921,11.2399,205.963,0.292105,654.055,162.718,96.1656,42.4629,208.288,240.51,27.0616,20.371,3.14015,train
70,91.2442,1.486,77.9951,11.813,181.215,0.28774,271.974,163.925,97.7429,42.965,209.509,241.92,87.6137,66.4264,1.29815,train
71,39.719,2.38117,9.63208,4.89129,150.021,0.285237,360.217,1.87985,-2.86095,-3.87612,9.96962,11.5119,1.51782,-0.227055,36.1315,train
72,46.5766,2.36902,92.6581,24.949,87.8066,0.344907,358.677,72.1208,4.41167,-10.2686,142.703,164.779,57.087,20.8079,2.51346,train
73,124.01,2.0101,120.458,1.34456,178.407,0.344583,773.339,196.12,77.0065,37.831,274.164,316.578,156.113,90.028,2.82071,train
74,77.3272,2.18863,129.037,7.25088,158.95,0.320847,557.374,178.801,57.0147,24.8819,266.595,307.838,103.242,54.6827,2.09071,train
75,99.2795,1.57504,48.4044,11.0772,196.003,0.291876,471.678,76.6672,39.34,14.1314,108.315,125.072,43.9004,30.6737,4.35468,train
76,61.87,2.55732,38.3136,1.22833,166.808,0.294796,703.543,49.2454,12.1602,5.46592,75.8283,87.559,21.857,10.3493,9.2781,test
77,120.164,1.7203,44.3507,24.2323,208.549,0.251341,540.433,16.421,-3.69737,-13.9648,52.6299,60.7718,17.907,5.85133,10.2686,train
78,37.2087,2.14605,83.2754,27.8514,106.219,0.272497,776.838,58.3166,2.89257,-12.4794,122.622,141.592,29.5688,10.4364,6.33521,test
79,121.829,1.80769,79.1987,17.404,87.1629,0.316517,332.005,98.8898,37.0952,9.84558,154.229,178.088,168.902,99.7708,2.15267,train
80,138.686,2.42534,8.42031,0.352511,147.774,0.256617,680.955,11.0202,2.95242,1.29995,16.836,19.4405,12.0574,6.16687,40.4464,train
81,99.8795,2.01411,29.4115,9.25284,112.842,0.334146,891.206,24.096,3.9373,-2.65777,46.3389,53.5075,30.8128,14.1143,19.2324,train
82,35.1029,1.91875,110.534,21.4994,185.352,0.284643,608.003,133.939,44.9045,11.7025,211.72,244.474,30.6939,17.3309,2.87172,train
83,81.1383,2.47993,48.1801,3.91592,151.593,0.251762,514.58,57.5381,13.2739,4.67898,91.5547,105.718,36.6586,17.3642,5.62046,test
84,189.844,2.6147,47.7049,12.0741,113.121,0.331026,270.981,35.7662,0.135315,-5.96938,72.2881,83.4711,89.8428,26.8033,3.74863,test
85,72.3713,2.34464,83.1365,23.7607,144.477,0.262816,892.036,62.0198,2.64406,-10.5583,125.709,145.156,43.4018,13.6987,7.09603,train
86,156.23,2.38224,55.1791,1.37491,77.891,0.276392,522.437,75.4467,21.6425,10.1338,113.125,130.626,176.299,91.8443,4.61822,train
87,168.042,2.94433,45.1605,3.12194,87.6548,0.341438,613.001,49.8798,7.84122,2.35964,82.3073,95.0403,123.64,45.7292,7.44772,train
88,115.373,1.29456,35.3879,16.7394,79.3917,0.26284,838.504,57.0909,38.4424,10.8515,80.089,92.4789,92.3371,75.2321,10.4696,train
89,37.6731,2.41497,69.5872,16.1371,180.611,0.264135,540.257,59.436,5.9859,-5.07561,111.737,129.023,16.5111,5.8377,4.83506,train
90,76.4436,2.11296,130.914,4.51392,168.188,0.339503,646.779,194.853,68.4525,31.9693,282.123,325.767,103.831,56.7879,2.29255,train
91,48.6976,2.44192,96.4302,12.5419,110.581,0.261559,890.453,105.152,21.2637,4.36092,174.575,201.582,56.9116,25.1674,5.10068,test
92,116.047,1.3137,68.562,20.9161,150.65,0.319162,266.938,158.02,110.374,44.729,196.226,226.582,127.583,104.002,1.36036,train
93,33.3843,2.25425,141.665,25.1309,96.4027,0.323803,662.768,148.504,31.9706,3.41983,251.294,290.169,66.929,30.4458,2.63742,train
94,88.5825,1.49907,95.9379,17.4932,83.0885,0.291023,253.252,186.744,108.299,45.4031,244.81,282.682,214.772,160.102,1.03448,train
95,184.879,1.65654,84.5601,10.2805,128.367,0.322167,303.774,149.176,74.8964,32.308,202.421,233.736,239.093,161.757,1.5007,train
96,192.273,2.7121,91.1109,1.05991,201.583,0.290088,256.049,117.329,27.278,13.1091,180.514,208.44,133.493,61.5224,1.41844,train
97,58.6949,2.1803,113.291,25.4323,196.533,0.342882,606.244,109.238,21.3795,-2.02637,192.716,222.529,44.4331,20.052,3.14579,train
98,111.089,1.52912,107.631,11.7208,133.65,0.317846,829.632,227.529,131.619,59.9494,290.257,335.16,201.719,147.805,2.85827,train
99,98.8744,2.56253,33.6211,0.332357,195.555,0.261676,294.263,44.9167,11.6279,5.64779,68.0157,78.5377,26.4113,13.2635,4.3264,train
100,189.777,1.23109,64.9358,16.2553,119.126,0.288025,462.897,221.265,172.584,78.1646,247.857,286.201,346.422,303.504,1.8676,train
101,21.1053,2.41954,121.562,1.58922,167.114,0.250466,745.101,167.814,47.8414,23.1261,250.606,289.375,24.3074,12.9706,2.97319,test
102,186.378,1.14465,131.112,1.64336,183.274,0.324863,898.296,962.526,833.057,415.707,947.118,1093.64,884.809,813.129,0.948452,train
103,194.381,2.4275,65.5619,14.4125,78.1758,0.255668,895.511,57.6451,6.49571,-3.95837,106.7,123.207,187.527,67.557,8.39276,train
104,59.8633,1.3074,57.7064,0.3236,175.204,0.257633,680.918,218.862,161.479,80.5777,239.515,276.568,72.7668,62.8979,2.8429,train
105,124.795,1.63752,27.4907,12.6401,141.061,0.315273,454.67,19.8745,5.02384,-3.80813,41.0195,47.3652,26.3126,14.7905,11.0842,test
106,53.5566,1.17974,140.642,16.0848,146.215,0.253229,528.954,744.297,619.74,301.828,766.379,884.939,257.676,236.538,0.690198,train
107,191.128,1.71009,38.1006,3.75147,97.4292,0.321098,792.732,66.2958,31.9467,14.0976,90.4099,104.396,145.173,96.0272,8.7682,train
108,144.873,1.87783,68.4674,11.7925,110.978,0.338736,892.95,89.7512,33.0762,10.6419,137.021,158.219,142.733,82.037,6.51687,train
109,182.862,2.551,64.8601,26.0776,140.096,0.330165,342.824,26.7883,-11.9943,-19.0359,79.3699,91.6484,71.1208,9.65832,4.31932,train
110,168.564,2.98876,144.509,17.8451,169.621,0.340115,754.24,140.753,14.0895,-1.87781,247.045,285.263,189.355,61.7719,3.05305,train
111,193.846,2.75061,44.2483,1.23361,123.12,0.343705,550.397,54.8835,11.8689,5.31763,85.8506,99.1318,107.478,45.3215,6.4111,train
112,104.103,1.51433,98.4851,12.4302,88.1057,0.311216,326.903,206.713,120.658,54.1141,264.31,305.198,260.562,192.68,1.23682,train
113,83.9902,2.44046,20.021,9.97001,124.239,0.330454,830.711,4.13725,-5.91379,-7.9419,20.9217,24.1583,9.04386,0.0086908,39.7057,test
114,114.725,1.20495,107.574,26.753,131.377,0.31182,490.677,411.753,330.932,152.089,449.751,519.327,347.443,307.093,1.091,train
115,138.594,1.6271,122.264,5.32098,207.9,0.271723,684.668,253.591,136.648,65.6635,325.5,375.855,179.306,130.435,2.10344,test
116,68.1801,2.50392,48.0164,19.9086,154.664,0.338707,601.81,18.8671,-9.24071,-14.5746,57.9229,66.8836,17.6627,2.69214,10.3899,test
117,104.184,2.42605,8.63812,5.54816,103.331,0.338798,734.555,-1.19329,-4.28326,-4.91571,6.44741,7.44483,3.42675,-1.80549,113.93,train
118,172.139,2.84062,20.4238,15.4468,124.369,0.339152,876.947,-9.06164,-14.0387,-14.7427,9.83992,11.3622,3.96564,-14.9399,89.1213,train
119,59.6477,2.92396,60.5804,8.0515,140.326,0.295878,456.351,58.3931,5.86423,-1.09363,103.034,118.973,32.5774,10.6515,4.42913,train
120,170.745,2.19664,131.05,9.04808,115.748,0.332204,799.796,176.742,54.74,22.8459,266.556,307.792,313.746,162.525,3.00048,train
121,134.217,1.24831,102.68,11.574,132.768,0.314852,355.451,405.92,314.814,151.62,440.46,508.599,394.771,341.628,0.807,train
122,198.658,1.8058,96.9357,20.9327,167.517,0.268121,336.096,122.302,46.2991,12.6832,189.866,219.238,171.826,103.886,1.77018,train
123,103.782,2.87453,28.0754,22.6225,98.6007,0.299507,496.101,-15.668,-21.121,-21.8717,10.7451,12.4074,-0.745705,-23.5832,46.1698,train
124,28.0948,1.65508,127.729,27.8838,154.205,0.289664,380.525,186.772,86.9274,29.5218,272.366,314.501,39.2111,26.0691,1.39711,train
125,93.8891,2.22479,92.108,18.8178,92.1917,0.273951,427.303,91.5842,18.294,-0.261895,159.082,183.692,119.041,53.2926,2.68605,test
126,140.428,2.48017,5.08642,5.18771,139.093,0.328421,291.228,-5.32834,-5.22704,-5.20738,0.20951,0.241921,-1.96633,-4.53989,1390.04,train
127,75.1071,2.46771,58.3791,19.2162,147.38,0.288275,591.944,35.3361,-3.82684,-11.5215,81.1597,93.7152,28.2769,6.33078,7.29357,train
128,164.541,1.11286,88.9235,22.2023,97.5038,0.263468,897.962,604.1,537.379,257.588,600.176,693.024,944.446,892.726,1.49616,train
129,89.7578,1.48945,125.739,29.3392,164.458,0.290555,722.985,225.295,128.895,49.778,304.005,351.035,135.008,99.9529,2.3782,train
130,164.952,1.12518,120.285,11.1861,124.533,0.345893,548.316,918.113,809.014,398.914,899.279,1038.4,1088.45,1005.86,0.609729,train
131,39.0285,1.17879,5.977,7.08633,163.217,0.279269,879.654,-13.8911,-12.7818,-9.93407,6.85384,7.91413,-2.25912,-2.26302,128.345,train
132,127.904,1.826,99.4397,11.0366,204.607,0.336252,773.617,153.11,64.7068,26.8351,218.714,252.55,110.974,67.7972,3.53711,train
133,83.3778,1.49252,129.463,21.7679,206.14,0.251184,295.558,261.381,153.687,65.9594,338.481,390.844,112.173,86.0769,0.873189,train
134,142.976,2.60078,122.467,2.02037,115.095,0.328299,619.627,160.219,39.7722,18.8759,244.813,282.686,241.279,110.618,2.53102,train
135,155.107,2.18404,72.5623,14.6105,207.468,0.258785,890.22,74.0847,16.1329,0.761195,127,146.647,69.2789,32.1944,7.0096,train
136,60.9017,2.02432,72.0181,0.939111,117.938,0.273201,885.216,116.029,44.9498,22.0053,162.853,188.047,66.9712,40.9711,5.43566,train
137,176.647,2.49792,120.35,16.4196,135.658,0.270801,412.56,127.181,23.2513,3.41586,214.368,247.531,206.843,87.0828,1.92454,train
138,57.3491,2.7738,6.64767,27.4062,157.951,0.29614,662.573,-54.367,-33.6084,-30.5073,41.3262,47.7193,-15.7446,-16.5749,16.0328,train
139,160.939,1.83685,86.5697,10.3303,113.339,0.28029,670.407,130.137,53.8977,21.7837,187.674,216.707,210.578,132.208,3.5722,train
140,52.1658,2.56069,131.268,15.1088,172.235,0.30044,509.104,142.856,26.6965,5.79385,237.398,274.124,54.6852,22.8756,2.14452,train
141,100.944,2.6042,61.1808,12.477,161.237,0.31244,856.29,53.0739,4.37013,-4.05342,98.9475,114.255,45.9875,15.5455,8.65399,train
142,61.4515,2.78998,19.7988,3.90768,188.615,0.261085,405.609,16.6684,0.777216,-1.56523,31.5815,36.4672,7.24791,2.00533,12.8432,test
143,115.694,2.99386,16.6688,1.27291,180.873,0.342968,544.2,17.9898,2.59387,0.66048,30.0152,34.6586,15.0189,5.36949,18.1308,train
144,50.1305,2.27673,68.3302,5.86695,141.382,0.349004,426.498,86.4581,23.9949,9.06395,134.051,154.788,37.9899,18.4696,3.18162,train
145,162.528,1.16484,18.8711,22.3931,121.149,0.334987,326.301,-45.6538,-42.1318,-32.2625,23.1945,26.7827,-38.2675,-37.2281,14.068,train
146,93.1262,2.94139,74.5882,27.5379,130.684,0.292299,532.969,31.8102,-15.24,-21.389,92.1437,106.398,42.6597,-1.96768,5.78411,test
147,38.6779,1.4203,105.069,10.4495,139.642,0.348505,305.942,270.202,175.582,82.5665,324.994,375.271,77.0123,59.1855,0.941375,train
148,107.772,1.70727,137.643,20.6571,122.877,0.345114,258.978,218.521,101.535,40.4392,308.448,356.165,221.083,141.817,0.839617,test
149,168.214,1.71504,112.181,22.4144,107.423,0.334836,576.54,159.83,70.0634,23.8245,235.569,272.011,296.606,186.894,2.44744,train
150,103.277,1.12954,116.414,6.47413,97.0984,0.265888,857.173,900.503,790.564,392.045,880.676,1016.92,879.851,826.629,0.973312,train
151,161.799,2.01887,120.833,25.2617,170.994,0.288443,847.825,132.453,36.8817,5.81002,219.353,253.287,156.724,81.1733,3.86512,train
152,69.5188,2.49027,116.826,5.13929,149.982,0.262414,554.414,149.492,37.8053,16.333,230.638,266.318,81.5148,40.2471,2.40382,train
153,79.1695,1.61985,83.3572,1.63644,177.795,0.318321,589.081,180.732,99.0109,48.6872,228.708,264.089,85.3914,60.613,2.5757,train
154,105.188,2.55911,91.4695,20.6257,98.8144,0.287631,705.204,75.7519,4.9081,-7.85878,144.818,167.221,111.051,35.6897,4.86959,train
155,59.9839,1.64319,31.3273,28.7484,95.4446,0.342669,285.237,-23.1355,-25.7144,-27.2314,7.09436,8.19187,-1.92891,-6.74544,40.2061,test
156,191.217,1.78065,148.493,18.8269,85.0817,0.268097,455.222,230.309,100.642,40.9077,328.052,378.802,582.433,379.073,1.38765,train
157,79.3367,2.68426,68.4246,16.8366,129.972,0.285741,830.528,51.3786,-0.209389,-8.523,103.753,119.803,44.7833,11.53,8.00488,train
158,142.498,2.55025,110.193,29.848,186.952,0.340704,612.593,79.6934,-0.651576,-15.2498,164.446,189.886,93.32,28.6006,3.72518,test
159,82.1186,2.61004,41.4267,12.0885,170.407,0.33155,615.366,27.345,-1.99323,-7.04085,59.5581,68.7718,20.9213,5.47016,10.3322,train
160,99.2189,1.82956,135.987,24.9579,180.122,0.271064,897.076,180.672,69.6433,22.3427,274.235,316.66,116.491,70.901,3.27119,train
161,163.825,1.22435,28.7563,20.6114,170.756,0.258815,539.295,20.1764,12.0316,-4.28991,42.3769,48.9327,27.5631,21.7033,12.7261,train
162,26.421,2.37425,16.1851,12.4831,177.308,0.330123,493.475,-7.1845,-10.8864,-11.6848,7.79471,9.00056,0.300405,-1.02885,63.309,train
163,23.5469,1.81828,5.47668,29.5126,82.8474,0.326251,700.364,-74.3937,-50.3578,-39.9352,59.6839,68.917,-16.9333,-14.3153,11.7346,train
164,195.421,1.69551,56.4048,4.85322,141.694,0.274301,575.719,101.694,50.1421,22.6444,136.917,158.098,153.025,105.841,4.20486,train
165,93.0153,2.09103,114.64,17.4198,101.152,0.25629,898.878,137.457,40.2367,11.4085,218.322,252.097,150.728,80.3303,4.11721,test
166,109.517,2.12536,91.6535,29.4906,106.338,0.347569,729.245,68.0208,5.85792,-11.8163,138.282,159.674,107.092,44.2484,5.27361,train
167,134.444,1.98823,65.096,28.9315,132.702,0.304578,792.488,31.7258,-4.4387,-16.6851,83.8501,96.8218,57.3779,19.0457,9.45124,test
168,103.353,2.32516,33.1261,2.25707,137.894,0.272375,602.863,42.6231,11.754,4.74847,65.6007,75.7492,37.7397,19.3015,9.18988,test
169,158.869,1.64491,12.522,19.6601,191.765,0.306878,385.817,-35.1679,-28.0297,-23.8449,19.6119,22.6459,-19.8893,-20.0035,19.6726,train
170,92.9377,1.81733,7.76932,23.2892,121.747,0.26064,345.034,-52.2889,-36.769,-30.0291,38.5551,44.5196,-32.3952,-31.7303,8.94911,train
171,35.042,1.16707,143.181,20.2858,88.1785,0.291434,862.806,781.504,658.608,319.161,800.8,924.684,290.187,265.059,1.07743,train
172,184.567,1.74937,129.651,5.16255,198.319,0.306011,453.893,240.172,115.683,55.2604,320.276,369.823,244.703,163.38,1.41719,train
173,97.3407,1.77288,19.545,17.2594,129.954,0.341664,702.121,-12.8409,-15.1264,-16.1929,5.80593,6.70411,-0.47229,-4.90946,120.932,train
174,164.967,1.41077,14.5057,0.74169,209.218,0.258456,578.358,40.8207,27.0567,13.1575,47.9141,55.3265,32.4616,26.5279,12.0707,train
175,103.306,2.14201,100.742,18.0125,107.935,0.312814,282.729,110.829,28.0994,5.04348,183.226,211.571,134.728,65.925,1.54306,test
176,184.45,1.63278,75.6444,26.1477,172.316,0.31856,768.604,82.7704,33.2737,3.56301,137.191,158.415,113.178,70.7284,5.60242,train
177,106.245,2.56758,49.1857,23.4211,142.777,0.318336,814.223,11.5575,-14.2071,-18.8141,52.6051,60.7431,24.7083,-1.45606,15.478,test
178,81.8307,2.49706,52.0107,20.6825,120.187,0.317427,791.913,22.6136,-8.71456,-14.6985,64.6266,74.6243,29.8141,4.27819,12.2537,train
179,169.721,1.16072,98.002,6.94485,190.383,0.341283,499.483,608.533,517.476,255.265,611.877,706.535,494.643,447.764,0.816312,train
180,34.1613,2.1281,92.4701,25.3958,179.195,0.296855,349.925,79.6937,12.6194,-6.3882,149.098,172.164,20.7872,8.9475,2.34694,train
181,143.456,2.08812,102.183,2.96377,102.617,0.346662,392.478,155.31,56.091,26.5636,222.996,257.493,253.768,139.856,1.76002,train
182,37.045,2.73862,12.771,3.08702,153.065,0.342279,438.728,9.57665,-0.107343,-1.59718,19.3536,22.3477,3.50801,0.991531,22.669,train
183,56.2015,1.60239,53.9433,29.8222,181.09,0.329676,555.444,25.0725,0.951433,-14.4354,68.4297,79.0159,14.7774,7.72911,8.117,train
184,175.838,1.94535,109.48,18.4772,182.26,0.307759,865.636,137.893,46.8895,14.2062,214.231,247.373,161.323,90.4696,4.04066,train
185,101.441,1.11379,23.0877,3.33336,188.629,0.314171,712.378,180.68,160.926,78.7963,176.468,203.768,87.7545,82.1903,4.03686,train
186,111.565,2.38383,25.0108,29.1304,122.857,0.289696,874.015,-35.0097,-30.89,-30.0102,8.65928,9.99887,-17.3175,-29.7806,100.934,train
187,61.1412,1.75875,41.5885,0.283788,77.22,0.327878,289.034,80.4865,39.1817,19.449,105.72,122.075,69.4752,45.8118,2.73395,test
188,65.1698,1.76191,149.82,24.3108,180.164,0.32187,562.393,220.486,94.9761,35.3326,320.694,370.306,93.0848,58.2699,1.75367,train
189,175.416,2.35911,36.1483,3.01849,82.5085,0.333547,675.04,44.6247,11.4949,4.23822,69.9515,80.7731,117.503,55.6131,9.65012,train
190,76.1048,1.20841,28.783,19.1035,90.8498,0.28748,334.823,32.6372,22.9578,1.92712,53.1915,61.4202,33.8077,28.2383,6.29468,test
191,188.51,1.92712,58.0576,2.33731,74.5692,0.318621,600.469,94.4472,38.727,18.1948,132.073,152.505,270.869,164.053,4.5465,train
192,32.4988,2.4626,30.4981,2.00854,113.062,0.290289,271.851,37.7318,9.24232,3.61689,59.0888,68.2299,13.0887,6.21174,4.60072,train
193,103.925,2.32588,65.3572,24.3774,194.423,0.342855,333.334,35.1884,-5.79129,-15.0844,87.0751,100.546,33.5513,9.62069,3.82812,train
194,75.2131,2.30538,9.65371,12.6142,193.804,0.294838,804.097,-16.9469,-13.9864,-13.3003,6.3161,7.29321,-3.95043,-5.67759,127.309,train
195,113.724,1.81809,90.6893,6.26098,197.012,0.260335,376.586,151.41,66.9819,30.3605,209.664,242.1,96.4664,63.7116,1.79614,train
196,156.667,1.8691,71.7318,16.2818,108.89,0.253242,518.605,83.6431,28.193,5.95562,134.559,155.375,144.308,82.8487,3.85412,train
197,88.0987,1.40754,73.4537,29.3609,105.826,0.310551,312.209,104.61,60.5177,15.5784,154.208,178.064,102.05,75.9275,2.0246,test
198,66.9649,1.84437,128.449,16.6337,135.188,0.345378,419.858,188.295,76.4799,29.9231,274.308,316.744,110.127,65.6789,1.5306,train
199,177.843,2.51874,111.105,22.6978,188.408,0.297214,735.375,98.7962,10.3885,-6.15466,181.78,209.902,126.153,45.0868,4.04541,train
200,46.1797,2.23314,70.8914,29.6992,185.151,0.292198,260.555,32.1567,-9.03555,-19.3674,89.2423,103.048,14.5983,2.95289,2.91963,train
201,45.7231,2.595,116.489,13.0477,86.2465,0.275098,493.216,126.473,23.0321,4.9922,210.412,242.963,83.3102,34.7345,2.34405,train
202,189.101,2.94985,145.821,26.7266,171.04,0.304932,862.287,123.295,4.2007,-11.2629,233.062,269.117,189.273,51.48,3.69982,train
203,24.8318,2.25792,114.384,12.9249,205.615,0.259478,877.044,138.049,36.5893,11.8322,218.614,252.433,19.8856,10.0547,4.01184,train
204,27.5687,1.54087,105.677,22.6112,149.723,0.250695,638.249,181.342,98.2759,37.8323,248.565,287.018,36.5225,26.8004,2.56773,train
205,61.5729,2.62412,31.6767,12.7358,192.819,0.285532,464.26,12.641,-6.29994,-9.51789,38.3802,44.3177,7.79272,0.0454193,12.0963,train
206,157.455,2.57256,113.38,25.6336,96.6476,0.337815,351.198,93.3497,5.60346,-10.0151,179.033,206.729,219.993,73.9571,1.96164,test
207,69.2808,2.21122,143.248,23.7757,70.1777,0.284031,378.283,157.13,37.6578,6.94108,260.135,300.378,193.343,92.6434,1.45418,train
208,113.218,2.57324,72.2107,4.66933,160.414,0.331064,828.343,86.9015,19.3601,7.34541,137.795,159.112,76.4903,33.552,6.0114,train
209,87.5365,2.04443,142.987,25.3797,72.5143,0.342302,555.007,166.201,48.5943,11.6073,267.765,309.188,254.92,131.563,2.07274,train
210,110.985,2.00225,79.9062,16.3084,161.159,0.262351,887.875,89.5609,25.9631,4.82734,146.763,169.467,75.2422,39.9534,6.04973,train
211,95.5502,2.00895,63.5285,23.6555,126.56,0.292605,826.711,42.4854,2.61243,-10.5215,91.8107,106.014,48.4341,19.13,9.00452,train
212,165.834,2.36715,65.0741,19.9404,185.8,0.259751,298.365,44.8021,-0.331581,-10.136,95.1555,109.876,57.4243,15.8053,3.13555,train
213,64.0706,1.4478,144.306,10.3298,185.99,0.299732,679.999,368.102,234.126,111.898,443.758,512.408,130.151,101.585,1.53236,train
214,98.6978,2.89816,36.9373,27.1541,99.9849,0.288072,547.957,-14.7267,-24.5098,-25.832,19.2349,22.2106,3.31222,-26.4513,28.4876,test
215,98.596,2.71766,59.0778,20.9034,106.304,0.309431,531.68,29.2272,-8.94717,-14.9253,76.4744,88.305,48.3466,5.39242,6.9524,train
216,106.708,2.28214,76.2816,26.3778,87.1131,0.276955,490.052,47.2436,-2.66023,-14.519,106.976,123.525,88.675,24.2266,4.58095,train
217,34.8005,2.80174,112.877,20.1013,111.548,0.319241,739.302,99.7637,6.98766,-6.55683,184.153,212.641,43.0191,13.5465,4.01462,train
218,121.561,2.82795,13.6574,28.4407,187.954,0.275571,694.439,-47.4495,-32.6662,-30.5535,29.2648,33.7921,-22.8088,-30.0123,23.7295,train
219,40.2071,1.38591,83.3347,15.7779,209.137,0.296179,429.178,198.522,130.966,57.5939,244.095,281.857,39.6322,31.5952,1.75824,test
220,129.841,2.64002,110.887,0.0528293,163.323,0.282414,524.554,147.914,37.0794,18.5133,224.128,258.801,138.331,66.8806,2.34042,train
221,77.4243,2.15249,131.816,27.4373,181.984,0.280957,400.864,134.399,30.0207,1.29172,230.549,266.215,72.7813,34.219,1.73874,train
222,27.6517,2.68773,90.7819,21.2675,192.231,0.263762,305.663,70.5847,1.07033,-10.0986,139.748,161.367,13.9809,3.6124,2.18725,train
223,111.042,2.69341,116.713,12.3782,143.424,0.344455,698.483,125.319,20.9849,4.30337,209.606,242.032,127.003,49.56,3.33236,train
224,114.578,2.54716,123.574,0.510965,153.757,0.292384,622.511,167.399,44.3365,21.9128,251.99,290.973,146.894,72.2786,2.47038,train
225,134.762,1.47962,36.9952,24.1568,90.3796,0.283344,732.598,10.2719,-2.5665,-13.3616,40.9346,47.2672,36.5912,17.7912,17.8968,train
226,62.679,1.69288,91.2781,26.399,146.784,0.308755,376.898,108.025,43.1454,8.37324,172.601,199.303,57.0588,35.2125,2.18363,train
227,85.1704,2.11807,90.3352,11.4881,140.385,0.283571,465.222,112.593,33.7458,11.1289,175.741,202.928,81.9356,43.4945,2.6472,train
228,98.3167,2.78396,74.8264,23.4653,208.844,0.263063,357.638,43.1128,-8.24824,-15.8568,102.138,117.939,31.5265,2.74696,3.50151,train
229,121.283,1.32664,107.141,22.9659,75.6524,0.272531,809.057,282.729,198.554,87.7939,337.638,389.87,461.713,384.712,2.39623,train
230,44.783,1.93556,101.794,6.01033,169.456,0.298744,736.359,159.526,63.7425,28.8661,226.31,261.32,47.9166,29.1129,3.25376,test
231,102.815,2.64223,125.512,4.05616,178.361,0.284865,708.614,158.012,36.5555,16.2496,245.539,283.524,109.027,50.3868,2.88595,train
232,160.702,2.88814,102.29,6.60439,174.953,0.252802,740.25,115.149,19.4632,6.42942,188.308,217.439,128.029,51.751,3.93106,train
233,197.945,2.14736,18.0878,29.5381,124.913,0.260207,762.519,-47.3299,-35.8797,-32.7089,25.3245,29.2422,-54.0567,-66.977,30.11,train
234,87.0666,1.94054,121.124,22.5085,157.471,0.288198,802.062,147.421,48.8052,13.1483,232.566,268.545,98.7153,55.2591,3.44874,train
235,185.373,1.17327,126.383,19.6455,86.4736,0.349864,501.12,653.993,547.255,263.805,675.826,780.376,1298.9,1161.57,0.741493,train
236,96.8183,1.36094,71.256,17.4771,97.9012,0.291934,708.187,162.522,108.743,45.6331,202.458,233.778,168.122,135.293,3.49795,train
237,45.7851,2.93886,138.599,25.9145,150.639,0.284422,778.313,116.28,3.59606,-11.1592,220.732,254.879,48.2883,12.6309,3.52605,train
238,139.671,1.27656,113.54,13.7557,88.8062,0.320079,608.832,402.995,303.211,144.728,447.333,516.535,618.117,524.602,1.36103,train
239,180.49,1.7037,81.6858,23.0174,91.0665,0.253027,269.434,97.3234,38.655,7.8188,155.026,179.009,229.934,143.51,1.73799,train
240,130.951,2.78186,42.7501,24.8073,112.269,0.279382,811.641,-1.53911,-19.482,-22.1446,35.6898,41.211,19.3522,-20.6512,22.7416,train
241,180.872,2.15815,101.754,0.406675,142.735,0.349594,575.612,156.358,55.0105,27.3019,223.531,258.112,231.118,124.729,2.57509,train
242,45.3355,1.28727,86.5902,17.1847,191.098,0.258143,259.277,263.478,194.073,88.4442,303.168,350.069,62.3931,53.6499,0.855226,train
243,72.5351,2.95539,87.0196,29.0309,147.827,0.28458,451.878,43.9528,-14.0358,-21.5334,113.425,130.972,36.7246,0.513024,3.98392,train
244,135.585,1.58523,128.048,15.0258,97.3221,0.330963,839.854,247.403,134.381,59.6777,325.15,375.451,376.195,264.139,2.58297,test
245,74.36,2.66066,92.2649,2.51797,86.1417,0.272437,408.873,116.755,27.0085,12.2453,181.017,209.02,119.605,55.9453,2.25876,test
246,190.594,1.94647,124.236,2.58428,71.2364,0.259299,737.85,206.312,84.6605,41.0381,286.263,330.548,609.71,388.968,2.57752,train
247,174.341,1.15755,6.92026,28.5578,141.459,0.291987,319.844,-177.505,-155.868,-92.2126,147.731,170.585,-183.092,-172.057,2.16505,test
248,106.496,2.14473,59.4174,26.6457,123.667,0.305842,442.25,24.3331,-8.43854,-17.5421,72.53,83.7505,41.2239,9.37496,6.09747,test
249,65.2516,1.12149,24.923,2.95205,129.749,0.331603,639.553,189.504,167.533,82.2903,185.699,214.427,85.7355,79.651,3.44403,train
250,58.0346,2.72518,79.0268,21.4805,119.678,0.297619,713.709,53.9744,-3.57183,-12.5262,115.182,133.001,39.3867,8.65483,6.19633,train
251,175.612,2.58315,87.8709,18.0279,190.498,0.280072,470.539,76.4394,6.59639,-5.71577,142.297,164.31,94.6292,31.5435,3.30674,test
252,30.6592,1.33762,118.631,20.14,170.558,0.296869,845.079,327.939,229.448,104.654,386.74,446.569,59.6956,49.1377,2.18513,test
253,57.2495,2.9454,75.5601,17.4243,209.991,0.343613,362.455,55.8602,-2.2756,-9.84993,113.813,131.42,23.2302,5.69822,3.18464,train
254,151.003,1.21638,19.5887,11.0872,176.471,0.27556,684.198,32.8678,24.3662,6.63952,45.4287,52.4565,31.1777,26.6369,15.0609,train
255,148.473,2.77608,47.1115,5.23604,79.3227,0.295913,254.46,49.1273,7.25179,1.00788,83.3453,96.2388,117.49,44.1825,3.05308,train
256,55.5632,2.70686,19.4531,23.0822,114.151,0.281014,853.579,-27.8584,-24.2293,-23.6557,7.27925,8.40535,-7.66351,-14.6188,117.262,train
257,134.129,1.95961,104.85,26.4302,131.183,0.345721,565.586,107.213,28.7938,1.18181,183.652,212.063,146.267,75.1812,3.07966,train
258,109.315,1.68678,35.872,6.3584,169.496,0.304278,328.653,55.1443,25.6307,9.63616,78.8225,91.0164,40.7135,26.7981,4.16953,train
259,135.278,2.04663,72.8213,5.58757,79.5667,0.285087,582.71,103.816,36.5826,15.4975,152.973,176.638,204.292,117.464,3.80924,train
260,116.499,2.90987,44.1285,7.63651,137.479,0.251647,783.092,38.6292,2.13721,-2.74965,71.6703,82.7577,42.7306,11.7147,10.9263,train
261,87.119,2.7154,20.8998,21.8269,201.799,0.27985,590.777,-23.0449,-22.1178,-21.9724,1.85771,2.14509,-4.76918,-11.5593,318.014,train
262,87.0121,1.52656,58.1438,23.2054,101.472,0.274522,720.731,64.2567,29.3183,3.05643,106.002,122.401,68.0674,45.6187,6.79922,train
263,164.52,2.78617,52.1717,15.473,124.796,0.294288,819.827,32.0789,-4.61978,-10.0464,72.9632,84.2506,66.4285,10.616,11.2362,train
264,187.298,1.5176,136.044,15.8086,209.74,0.341887,777.787,288.963,168.728,76.4595,368.066,425.006,276.235,200.561,2.11317,train
265,126.762,1.21938,104.479,28.5865,94.9009,0.310591,607.611,359.054,283.161,127.287,401.432,463.533,470.136,411.271,1.51361,train
266,21.3515,1.46729,57.5887,11.7618,73.5537,0.301184,792.235,113.561,67.7343,27.9863,148.22,171.15,35.5531,26.7688,5.34499,train
267,83.6165,1.72701,22.1702,18.0891,152.143,0.310485,349.447,-9.89105,-13.9721,-16.0306,10.634,12.2791,1.08254,-3.20668,32.8613,test
268,152.225,1.54149,50.5548,2.49253,161.586,0.2668,349.752,115.417,67.3552,32.4313,143.736,165.972,113.286,86.2128,2.43329,train
269,67.803,1.55401,126.235,2.26388,155.482,0.333898,328.907,296.938,172.966,85.3512,366.478,423.173,135.443,98.415,0.897479,train
270,107.198,1.93275,115.356,5.53614,87.3234,0.346771,691.099,184.574,74.7549,34.6094,259.747,299.93,260.957,153.447,2.66067,test
271,85.6111,2.26168,137.822,5.19337,89.5695,0.289601,640.623,191.893,59.2646,27.0356,285.542,329.715,214.079,114.44,2.24353,train
272,114.883,1.81268,130.213,29.9841,149.872,0.282898,648.15,157.941,57.712,13.8639,249.549,288.154,146.298,86.527,2.59729,train
273,114.14,1.35858,30.2835,10.4382,144.858,0.316125,719.511,56.3372,36.4919,13.0268,75.0157,86.6207,48.6888,38.1878,9.59147,train
274,199.081,2.40185,92.3944,11.5642,119.789,0.335593,440.943,103.165,22.3346,5.3852,169.359,195.559,219.98,97.4305,2.60359,train
275,56.6905,2.57022,75.1247,27.3542,187.445,0.307265,364.536,37.459,-10.3116,-18.8329,97.5004,112.584,20.0604,3.01612,3.73882,train
276,85.6645,2.73173,146.989,25.3654,101.578,0.279551,488.379,133.898,12.275,-6.54524,243.255,280.887,149.118,48.8299,2.00769,test
277,130.422,1.33279,149.75,5.45773,147.665,0.333757,378.765,510.569,366.277,180.41,571.853,660.319,441.912,362.429,0.662347,test
278,147.971,1.98784,141.453,24.5435,172.987,0.33317,425.966,171.585,54.6761,15.0663,271.099,313.038,182.791,98.3393,1.57126,train
279,46.6068,1.84647,31.4276,15.6566,193.821,0.321527,577.003,13.2054,-2.5656,-9.1111,38.6533,44.633,6.30968,2.3967,14.9277,train
280,102.622,2.82157,145.743,9.15747,146.621,0.29418,437.146,166.67,30.0841,10.4633,270.557,312.412,144.508,58.6528,1.61572,train
281,196.322,2.39958,87.5224,24.3331,70.9072,0.268363,406.715,65.4175,2.22819,-11.0525,132.45,152.94,254.365,77.8939,3.07071,test
282,122.304,1.20013,59.4732,5.59127,91.6669,0.278727,625.484,293.04,239.158,116.783,305.285,352.513,369.668,333.322,2.04885,test
283,164.647,1.53739,86.0579,15.6401,102.746,0.265535,618.082,158.063,87.6447,36.0023,211.415,244.12,274.59,202.603,2.92355,train
284,193.806,1.64273,33.9667,20.5593,125.601,0.252452,469.85,8.63504,-4.77239,-12.6658,36.8942,42.6018,31.4894,9.16412,12.7351,train
285,73.0563,1.88556,24.8479,26.8179,164.601,0.253878,481.404,-30.3298,-28.3597,-27.5888,4.74748,5.48191,-7.5529,-12.1742,101.402,train
286,177.008,2.76189,121.002,29.5808,195.934,0.295807,397.878,89.4272,-1.99446,-15.7876,182.237,210.43,117.345,28.5089,2.1833,train
287,52.2308,1.55773,27.4382,6.90839,72.0863,0.334619,808.318,42.4042,21.8744,7.48302,60.4853,69.8424,35.5625,24.472,13.3639,train
288,57.1235,1.99951,77.0306,29.2916,193.578,0.321325,271.289,50.294,2.55499,-13.3683,110.266,127.325,23.4131,9.59569,2.46031,train
289,107.051,2.7551,73.7774,3.46963,181.541,0.304743,386.435,88.174,17.8661,7.19826,140.254,161.951,63.9585,27.1797,2.75525,train
290,137.915,1.6261,13.2863,7.30226,190.764,0.338888,562.574,5.9608,-0.0232766,-3.66277,16.6685,19.2471,8.46199,4.34109,33.7507,train
291,45.0996,1.64643,47.9384,4.19246,143.023,0.347988,855.14,90.6965,46.9506,21.3791,120.061,138.635,31.514,21.2704,7.12253,train
292,62.0878,2.25298,108.11,17.2446,154.753,0.295538,860.541,118.208,27.342,5.04868,195.997,226.318,59.6457,27.9726,4.39059,train
293,132.585,2.20727,103.288,13.2772,118.806,0.333142,568.713,123.226,33.2154,9.96908,196.166,226.513,172.21,84.5325,2.89914,train
294,125.028,2.53197,94.3335,15.4083,117.327,0.274078,733.431,92.6896,13.7645,-0.821939,161.967,187.023,126.566,49.1413,4.52828,train
295,33.064,1.6751,75.7755,12.6277,137.651,0.329394,413.798,120.453,57.3047,22.3385,169.939,196.228,33.161,21.7703,2.43499,train
296,28.3356,1.2785,122.021,8.07391,164.993,0.294449,789.512,465.005,351.058,171.492,508.38,587.027,77.3576,66.5159,1.553,test
297,67.0765,2.97631,45.0115,0.298521,163.612,0.282982,594.16,55.794,11.0811,5.39128,87.3001,100.805,27.4705,11.7627,6.80595,test
298,165.768,2.79433,118.673,24.3642,97.1626,0.336313,886.182,97.6484,3.33982,-10.5122,187.34,216.321,240.721,71.8409,4.73034,train
299,141.11,1.2323,20.5641,16.6765,189.972,0.297881,637.157,2.20472,-1.68282,-9.17967,19.7183,22.7688,8.21885,5.50966,32.3129,train
300,54.6577,2.91922,122.836,24.4811,141.529,0.324914,593.704,100.026,1.67073,-11.4052,193.004,222.862,55.4741,15.0289,3.07612,train
301,40.5556,2.95002,30.7723,4.47337,110.713,0.288807,515.397,28.6541,2.35518,-1.0591,51.4648,59.4265,13.864,4.27175,10.0145,train
302,180.567,1.42786,41.0059,25.6963,189.264,0.2614,493.038,19.0892,3.77962,-10.9584,52.0439,60.0952,31.1713,18.2012,9.47349,test
303,127.559,1.26351,101.192,13.5654,140.006,0.2886,409.093,367.892,280.265,133.35,406.239,469.085,326.731,282.839,1.00703,train
304,170.715,1.72499,31.1019,28.2301,172.777,0.335418,692.244,-22.4512,-25.3229,-26.7765,7.49172,8.65069,-3.00145,-11.7138,92.4013,test
305,51.8951,2.24978,79.718,23.4448,196.32,0.329889,270.313,60.5387,4.26552,-9.58965,121.466,140.257,23.7906,9.01767,2.22542,train
306,153.756,2.56576,17.8646,13.4111,169.115,0.3117,653.682,-7.36229,-11.8158,-12.6134,9.09525,10.5023,1.94357,-8.64024,71.8707,train
307,101.759,2.14401,59.4681,14.7679,103.539,0.349516,330.581,54.7882,10.088,-2.33996,98.9489,114.256,75.0781,33.8565,3.34092,train
308,171.921,2.98296,146.163,19.6018,70.8164,0.271125,896.631,139.008,12.4469,-3.57743,246.965,285.171,436.029,135.647,3.6306,train
309,42.4319,1.87163,23.616,14.5896,199.076,0.289758,520.798,1.64929,-7.37711,-10.9833,21.8804,25.2653,2.4884,0.0131047,23.8021,test
310,97.7545,2.34656,13.1566,27.8025,120.106,0.292885,793.023,-48.9485,-34.3026,-31.0526,30.9966,35.7918,-29.3006,-32.5915,25.5842,test
311,71.6653,2.95284,60.6149,9.70341,179.095,0.269925,660.335,54.3988,3.48732,-3.10805,99.6047,115.014,28.6506,8.20665,6.62955,train
312,124.503,2.78431,118.166,15.1507,134.34,0.318108,584.83,118.377,15.3616,0.105457,204.852,236.543,144.515,51.9895,2.85489,train
313,104.603,2.85119,111.794,5.10595,71.8742,0.283533,854.124,131.512,24.8236,9.85881,210.709,243.305,233.46,97.414,4.05358,train
314,133.41,2.1742,74.3574,7.33388,96.5344,0.291231,500.944,95.6545,28.631,10.6486,147.235,170.012,157.835,83.1278,3.40235,train
315,186.715,1.43404,33.4507,15.877,181.776,0.311839,767.151,34.9657,17.392,0.757513,59.2503,68.4164,46.3879,32.5635,12.9476,test
316,177.59,2.32794,76.3343,20.0887,131.983,0.263307,293.887,61.6112,5.36562,-7.36156,119.464,137.945,112.553,39.4473,2.46004,train
317,96.1892,2.35145,42.9379,25.0908,180.351,0.345496,306.782,0.636919,-17.2102,-21.1505,37.7369,43.5748,12.1491,-1.54754,8.12951,train
318,74.0645,2.45126,100.152,22.9177,94.6129,0.290892,776.447,85.1573,7.92269,-7.4975,160.483,185.31,91.176,32.1801,4.83819,test
319,161.844,1.80106,121.909,5.98922,168.512,0.309563,718.234,213.254,97.3343,45.6726,290.26,335.164,227.483,147.119,2.47445,test
320,39.5631,1.39198,142.25,26.2303,83.0236,0.264489,438.59,337.27,221.25,97.51,415.277,479.52,166.358,134.254,1.05614,train
321,79.842,1.70219,122.848,4.94387,168.452,0.284342,677.169,237.237,119.333,57.1944,311.842,360.084,121.292,84.2905,2.17151,train
322,196.692,2.23403,138.153,2.7759,106.482,0.309498,415.286,200.443,65.0667,31.1454,293.233,338.596,431.434,232.277,1.41623,train
323,37.4539,1.38833,33.9096,2.45742,150.107,0.28997,317.31,96.8194,65.3673,31.4549,113.215,130.729,24.3354,19.731,2.80273,train
324,26.3826,2.70188,88.1527,25.0601,103.457,0.33113,357.036,58.0615,-5.03115,-15.0456,126.625,146.214,23.5205,5.68364,2.81963,train
325,105.646,1.59186,90.6012,23.3709,126.239,0.310466,803.928,131.511,64.2808,20.4549,192.355,222.112,128.284,86.8403,4.1794,train
326,46.7701,1.95663,18.4999,0.891773,157.748,0.255824,651.544,29.1673,11.5591,5.33369,41.281,47.6672,9.6463,6.04639,15.7831,train
327,172.583,1.75333,122,13.4536,191.555,0.265022,754.752,199.758,91.2117,38.8791,278.651,321.758,199.821,133.441,2.7086,train
328,111.75,2.54099,115.159,24.19,133.878,0.265336,528.287,100.121,9.1523,-7.51883,186.438,215.28,110.743,37.257,2.83359,train
329,91.8232,2.71729,57.5769,2.79356,88.8437,0.318224,868.711,69.1534,14.3701,5.78826,109.752,126.73,88.5056,37.6808,7.91525,train
330,110.735,1.81596,123.438,21.1151,174.069,0.2849,437.741,170.273,67.9501,23.4175,254.361,293.71,126.447,77.7401,1.72095,train
331,32.8076,2.00566,134.303,28.163,198.143,0.257696,625.471,148.206,42.0662,6.95158,244.66,282.509,29.9732,15.7849,2.55649,train
332,88.3142,2.76721,120.996,14.4905,147.278,0.333328,533.662,124.011,17.5055,1.50751,212.183,245.007,98.2459,36.2286,2.51511,train
333,195.941,2.25023,147.491,8.22017,175.532,0.343081,572.613,199.598,60.3266,26.0532,300.588,347.089,269.312,136.164,1.90498,train
334,48.8316,2.44249,80.3487,2.6638,81.0579,0.268712,433.958,106.309,28.6245,12.9803,161.651,186.658,74.9494,38.0397,2.68454,train
335,65.875,2.86088,111.188,9.61644,165.802,0.261058,251.078,120.23,18.6581,4.52082,200.413,231.417,58.8324,22.72,1.2528,train
336,102.23,1.61251,94.1396,18.1802,127.545,0.26621,709.385,152.718,76.7584,29.2891,213.785,246.858,136.245,95.3857,3.31822,train
337,194.025,2.37299,149.77,2.15386,198.57,0.31326,736.648,209.212,61.5963,29.7212,310.887,358.982,241.17,122.798,2.3695,train
338,101.89,1.15189,45.6177,13.2868,168.255,0.268487,701.061,216.874,184.543,85.6281,227.325,262.492,124.827,115.18,3.08396,train
339,61.3486,2.63533,18.2295,7.21666,147.944,0.341085,842.865,7.50112,-3.51172,-5.36419,22.2834,25.7306,6.44758,0.851751,37.8248,train
340,140.485,2.65494,69.5444,12.5121,73.2113,0.300472,278.113,63.378,6.34563,-3.08324,115.114,132.922,163.491,56.201,2.41597,train
341,192.175,1.91218,88.891,14.3017,162.746,0.337868,700.823,116.445,41.8556,13.777,177.826,205.336,167.469,94.9086,3.94106,train
342,70.238,2.7054,69.1784,10.2548,87.2246,0.316451,481.712,67.3177,8.3942,-0.930323,118.209,136.496,72.0732,25.9981,4.07509,test
343,29.183,1.15117,71.9493,11.2124,168.389,0.257587,871.646,423.067,362.33,175.559,428.697,495.016,68.6951,63.8411,2.03325,train
344,131.482,2.20176,7.44484,10.9526,98.1155,0.316093,786.49,-16.2837,-12.7759,-11.8643,7.65471,8.8389,-13.6423,-16.4157,102.746,train
345,89.7995,1.38092,85.6968,14.9437,91.7322,0.273013,447.141,211.835,141.082,63.0691,257.67,297.532,213.419,172.957,1.73533,train
346,135.477,1.66252,84.4533,8.54299,163.813,0.293109,599.476,153.434,77.5241,34.4906,206.017,237.888,139.004,96.1336,2.90984,train
347,75.9904,2.18727,12.7249,23.079,84.8122,0.308076,744.078,-38.9053,-28.5513,-25.8151,22.6728,26.1803,-24.2203,-26.4336,32.818,train
348,49.5246,2.42279,6.83166,16.5271,175.411,0.343509,699.416,-30.2043,-20.5089,-18.518,20.2413,23.3726,-6.0692,-5.79418,34.5539,test
349,74.2112,1.40257,41.4696,10.9833,199.305,0.293349,795.515,82.5437,52.0574,20.5371,107.399,124.013,33.0215,25.7231,7.40712,train
350,123.754,1.55123,15.5132,29.5748,107.551,0.345538,386.279,-63.6343,-49.5726,-39.5737,41.6741,48.1212,-51.319,-45.8357,9.26902,test
351,198.244,2.36837,84.2095,13.9931,115.872,0.319113,384.389,86.6914,16.475,1.24094,148.005,170.901,193.617,83.2461,2.59715,train
352,120.003,1.16759,32.2863,8.94661,158.607,0.284445,642.324,142.89,119.55,55.3018,151.707,175.176,103.158,93.9634,4.23398,test
353,106.418,2.97887,7.13427,29.0805,122.746,0.257255,329.82,-56.6014,-34.6551,-31.8678,42.8398,49.4671,-40.3736,-49.0076,7.69891,train
354,139.893,1.37527,91.007,22.4288,87.944,0.324553,477.44,200.021,131.443,54.507,252.038,291.028,337.019,264.776,1.89432,test
355,98.1064,2.34886,105.771,20.5898,149.328,0.311301,741.146,102.306,17.1248,-1.73248,180.199,208.076,89.1999,37.1498,4.11292,train
356,148.677,2.10321,76.3689,2.11134,151.794,0.348101,669.804,115.528,41.27,19.5794,166.187,191.896,132.517,72.4905,4.03042,train
357,115.48,2.27843,119.202,25.808,103.869,0.275115,435.561,112.152,18.758,-3.52499,200.358,231.353,162.227,67.9588,2.17392,train
358,24.5181,2.49561,57.4835,26.3638,74.7548,0.318502,419.485,16.6607,-14.459,-20.4114,64.2107,74.1441,13.6015,0.359319,6.53295,train
359,120.346,2.56673,38.9556,10.8985,184.474,0.292519,538.241,27.2004,-0.856734,-5.8776,57.2928,66.156,26.3003,6.78255,9.39457,train
360,168.013,2.21313,20.1204,23.7042,152.321,0.334452,509.846,-29.1269,-25.5431,-24.6236,7.79983,9.00647,-15.6211,-22.897,65.3664,train
361,199.275,2.22021,135.252,15.9982,188.012,0.255945,892.75,163.955,44.7013,14.3516,259.121,299.208,206.574,106.183,3.44529,test
362,77.6853,2.09205,38.7688,11.2815,99.0024,0.281471,842.412,32.4866,4.99932,-3.14108,61.709,71.2555,34.7481,14.8709,13.6514,train
363,82.7779,2.33721,35.9897,21.7732,107.065,0.310631,478.281,-1.18513,-15.4017,-18.5874,30.1417,34.8046,12.1913,-5.17609,15.8678,train
364,46.8406,1.52239,90.1872,11.7846,90.6612,0.31829,829.425,185.62,107.218,47.7165,238.856,275.807,102.886,75.3364,3.47249,train
365,183.135,2.32739,127.287,5.84288,131.621,0.326941,851.192,170.593,49.1494,21.6532,257.971,297.88,285.414,142.421,3.29956,train
366,97.6589,1.42516,99.8639,19.8071,128.311,0.308197,607.345,215.539,135.482,57.8374,273.147,315.402,173.908,134.244,2.22351,train
367,35.3651,2.99753,27.6399,7.56788,155.586,0.284715,449.28,17.5314,-2.54056,-5.05422,39.1195,45.1713,6.10078,0.717554,11.4848,test
368,60.1827,1.25601,64.1057,27.384,132.639,0.255232,360.379,136.498,99.7763,36.1961,173.728,200.604,65.166,55.5803,2.07438,train
369,192.097,1.60639,40.4138,5.02844,77.6554,0.34252,695.641,75.1344,39.7491,17.3603,100.068,115.548,205.393,141.168,6.95171,train
370,185.297,2.09292,94.3766,10.1281,129.702,0.310669,385.333,123.967,39.7185,14.7952,189.091,218.344,212.425,114.424,2.03782,train
371,47.5682,1.75857,106.054,11.8961,79.4415,0.28535,683.366,172.255,78.0967,33.1003,241.022,278.309,115.608,75.8646,2.83528,test
372,199.475,1.22947,60.3207,17.6744,158.693,0.309051,280.917,191.687,149.041,65.6833,218.245,252.008,238.865,207.403,1.28716,train
373,155.41,2.42052,125.928,21.5995,161.695,0.345953,556.69,125.672,21.3434,-0.128053,217.891,251.599,162.701,67.1412,2.55489,train
374,153.422,1.9216,149.403,28.3788,190.24,0.329285,514.223,182.541,61.5172,16.5692,287.472,331.944,182.488,101.359,1.78878,train
375,114.782,1.28277,97.4932,12.6782,120.85,0.255112,661.672,334.923,250.108,118.715,374.484,432.417,312.965,271.765,1.76689,test
376,63.9504,2.38726,28.0415,0.495994,107.431,0.301627,506.432,38.7735,11.228,5.366,57.8636,66.8151,27.152,13.8682,8.75218,train
377,171.743,2.52329,102.121,13.7045,113.539,0.307348,372.774,107.66,19.2436,2.76952,181.675,209.78,209.038,86.2769,2.05187,train
378,191.651,2.58491,46.3015,13.7628,81.3586,0.331759,860.653,30.2296,-2.30907,-8.03594,66.2779,76.5311,113.675,29.9757,12.9855,train
379,60.2906,2.84014,134.842,9.99552,164.236,0.292836,580.297,150.186,25.3397,7.6721,246.841,285.028,68.8035,27.1288,2.35089,train
380,193.242,1.49566,93.5789,25.8888,168.111,0.28719,793.785,151.245,83.5547,28.833,212.024,244.824,195.228,142.197,3.74385,test
381,70.043,2.49438,111.031,14.8172,87.8901,0.286283,357.343,118.246,22.0327,3.60772,198.56,229.277,118.744,50.1772,1.79967,train
382,33.1209,2.26473,103.536,2.97924,75.712,0.266936,778.193,146.285,45.7282,21.3745,216.351,249.821,73.5879,40.4393,3.59689,train
383,138.131,2.02149,130.092,23.9347,102.865,0.284034,352.312,151.012,44.8553,10.4603,243.443,281.104,248.414,132.15,1.4472,test
384,134.802,1.23979,49.5111,13.6569,184.052,0.298105,480.37,155.716,119.861,53.1022,177.731,205.227,113.264,98.1608,2.70279,train
385,122.379,1.91537,41.5582,18.7952,73.9634,0.3388,361.326,21.0276,-1.73553,-10.2653,54.2009,62.5858,63.8432,25.7025,6.66642,train
386,188.237,2.86984,119.593,6.53622,156.435,0.262886,470.079,137.769,24.7122,9.08797,222.881,257.361,200.733,83.0213,2.1091,train
387,171.889,1.11255,6.86829,27.2804,140.923,0.27614,281,-219.391,-198.979,-113.13,184.05,212.523,-227.182,-217.403,1.52676,train
388,103.94,1.4021,18.7265,14.2186,103.992,0.298516,620.534,-0.376603,-4.88446,-9.55155,15.8915,18.3499,8.06083,3.09894,39.0482,train
389,93.6761,2.20678,125.844,10.0436,127.104,0.267893,561.911,165.603,49.8034,19.8799,252.4,291.447,142.972,76.7147,2.22627,test
390,188.171,1.4533,145.417,2.16942,136.321,0.256729,523.18,398.702,255.455,126.643,471.221,544.119,557.003,448.352,1.11027,train
391,25.8744,1.83953,42.4317,19.3856,126.146,0.289512,555.64,22.9957,-0.050437,-9.71802,56.6618,65.4274,7.8136,3.16017,9.80625,train
392,187.793,1.83389,120.241,16.4947,206.237,0.267532,510.894,175.055,71.3082,27.4067,255.734,295.296,182.015,114.202,1.99776,train
393,178.286,1.27498,112.779,1.47653,132.894,0.288853,667.061,465.675,354.372,176.448,500.956,578.454,600.063,519.694,1.33158,train
394,159.366,2.14788,44.6398,12.6316,186.263,0.319533,804.775,37.0929,5.08473,-3.77345,70.7826,81.7327,44.9724,18.9776,11.3697,train
395,193.884,2.30318,11.3783,1.69671,84.6327,0.281668,768.053,12.4831,2.80153,0.552408,20.6646,23.8615,35.5832,16.4824,37.1675,train
396,34.335,2.61074,27.214,27.753,132.211,0.330342,731.118,-28.4772,-27.9383,-27.8456,1.09394,1.26317,-2.67196,-6.48969,668.334,train
397,27.8578,1.63585,33.3265,13.3636,152.419,0.322922,747.608,30.4215,10.4586,-1.45251,55.2073,63.7479,7.61286,4.55744,13.5418,train
398,49.402,2.54062,78.6864,21.7367,155.39,0.299219,269.77,56.0936,-0.856008,-11.2964,116.723,134.78,26.3934,7.29221,2.3112,train
399,36.2757,2.05947,69.6542,19.2919,152.468,0.340856,614.26,62.1445,11.7823,-3.75482,114.141,131.799,20.7389,9.6225,5.38159,train
400,78.9967,2.64511,115.609,22.7483,109.712,0.290859,338.059,101.084,8.22284,-7.26272,187.662,216.693,98.5172,32.2861,1.80143,train
401,139.233,2.03549,6.74528,5.67953,182.94,0.25933,390.165,-3.93567,-5.00141,-5.34047,2.43319,2.80961,-0.609991,-3.32082,160.351,train
402,97.4413,1.30312,11.8225,20.1862,193.28,0.343882,522.796,-52.5108,-44.1471,-32.1666,35.2371,40.6883,-18.8468,-17.1755,14.8365,train
403,150.363,2.05581,83.5065,20.1753,73.6052,0.337283,552.315,82.4145,19.0834,-0.545974,143.692,165.921,226.272,109.495,3.84375,test
404,146.699,2.025,114.948,28.2668,158.48,0.26218,876.464,114.327,27.6454,-0.310738,198.558,229.275,133.8,65.8645,4.41415,test
405,172.92,2.36564,85.3176,2.37626,93.941,0.260574,474.59,116.656,33.7144,15.6691,174.914,201.973,248.139,131.727,2.71327,train
406,91.6064,2.16,23.381,8.09708,203.941,0.337302,452.438,15.5259,0.241993,-3.92754,33.6944,38.9069,11.1115,4.16999,13.4277,train
407,35.8879,2.86039,113.011,19.3163,165.426,0.329313,537.88,100.471,6.77584,-6.27024,184.88,213.482,30.3181,9.43336,2.90934,train
408,111.25,2.68337,80.6886,12.58,207.615,0.334519,427.778,77.4973,9.38877,-1.59562,136.993,158.186,56.2763,20.3183,3.12263,test
409,62.9755,2.89872,125.96,24.9329,90.2988,0.304966,595.511,103.389,2.36206,-11.2854,198.622,229.349,101.295,27.1045,2.99822,train
410,91.1369,2.29992,28.6147,26.4138,88.6099,0.256454,492.811,-23.1867,-25.3876,-25.9007,4.70078,5.428,-9.46856,-28.3184,104.836,train
411,158.6,2.30069,60.8225,2.17813,76.4062,0.281294,747.772,83.7859,25.1416,11.4817,125.235,144.608,202.729,107.57,5.97097,train
412,153.159,1.68186,132.705,28.9905,161.408,0.255855,443.365,188.157,84.4427,27.7261,277.875,320.862,204.028,135.279,1.59556,train
413,186.3,2.62515,95.8189,22.5353,183.368,0.302765,276.718,75.6265,2.34292,-10.0962,148.476,171.445,109.416,32.5991,1.86372,train
414,51.969,2.96491,89.3901,19.378,94.2753,0.294964,380.901,68.6073,-1.40473,-10.3914,136.83,157.997,54.0439,12.0556,2.78376,train
415,119.354,1.64213,123.944,13.6828,113.103,0.294528,257.204,226.558,116.297,51.3073,303.544,350.502,261.656,182.327,0.847338,test
416,81.7605,2.27984,120.537,14.7853,74.8122,0.315538,376.441,141.352,35.6005,10.4076,226.803,261.889,192.458,92.1434,1.65977,train
417,150.407,1.88001,55.5947,17.8829,204.182,0.31453,767.44,49.5885,11.8766,-3.00314,91.0913,105.183,50.1052,25.5453,8.42496,train
418,43.6452,1.80211,65.4497,10.3779,80.6966,0.26256,456.515,93.6992,38.6274,14.1248,137.827,159.149,57.9662,36.6904,3.31223,test
419,151.56,2.27407,72.7635,26.9914,120.244,0.250992,868.869,40.7263,-5.04582,-16.0186,98.285,113.49,79.4202,16.4796,8.8403,train
420,130.844,1.82274,55.2371,14.9259,70.2602,0.283256,666.386,60.1006,19.7894,2.43173,99.8853,115.338,139.778,79.187,6.67151,test
421,21.6591,2.91596,72.0868,17.9112,166.357,0.32234,399.039,50.7057,-3.4699,-10.6906,106.341,122.793,10.0757,2.18283,3.75243,train
422,158.547,1.76863,48.0899,3.16851,101.103,0.329901,402.996,83.9712,39.0498,17.9406,114.368,132.061,147.279,94.7888,3.52367,train
423,169.677,2.91191,14.2988,3.51275,141.311,0.287041,587.157,10.1576,-0.628471,-2.07061,21.1798,24.4564,17.8384,3.40616,27.7225,train
424,159.756,2.6622,59.2312,18.7072,114.078,0.303413,624.269,35.131,-5.39295,-12.0501,81.7201,94.3622,79.4851,14.6859,7.63911,train
425,28.3589,2.31754,33.0272,26.7719,177.814,0.312162,344.108,-17.6544,-23.9097,-25.3408,13.3132,15.3727,0.0902401,-2.82464,25.8472,train
426,172.206,1.24091,102.031,15.8182,149.221,0.33929,561.406,389.791,303.578,143.88,425.931,491.822,433.446,372.516,1.31807,train
427,51.7968,2.7604,29.7453,0.0436332,205.01,0.312782,701.332,38.6316,8.92996,4.44316,59.2162,68.377,11.76,5.26827,11.8436,test
428,188.264,2.65811,86.3206,29.7014,100.889,0.314351,670.271,45.587,-11.0322,-20.3668,114.235,131.908,147.65,23.3461,5.86746,train
429,46.0844,1.91283,5.96093,25.4409,172.512,0.274931,365.216,-59.5734,-40.0934,-32.7671,46.4297,53.6124,-13.0699,-12.3099,7.866,train
430,68.6982,2.73311,120.081,25.4681,91.0217,0.271324,734.389,98.392,3.779,-10.8446,189.203,218.473,101.072,28.1191,3.88149,train
431,70.9595,1.43329,98.209,9.4658,134.193,0.258257,529.069,247.617,158.874,74.7042,299.495,345.826,134.146,107.642,1.76654,test
432,44.7123,2.71449,33.1639,13.4614,96.7897,0.313313,410.152,12.4287,-7.27386,-10.3676,39.4843,45.5926,12.042,0.240842,10.3877,test
433,182.428,2.3386,87.3072,2.60039,167.966,0.254104,357.032,120.015,35.308,16.3538,179.546,207.322,149.931,80.8042,1.98852,train
434,171.574,1.10584,101.582,8.20005,138.603,0.314537,866.988,923.115,829.732,410.766,887.414,1024.7,1022.32,962.483,0.976983,test
435,91.9895,1.38788,95.3826,10.2439,126.685,0.340666,341.879,258.736,173.597,81.6765,306.675,354.118,191.266,150.424,1.11479,test
436,190.135,1.59535,60.9917,12.2662,82.3566,0.349376,365.007,99.5282,50.8026,19.2682,139.014,160.52,263.432,178.104,2.62568,train
437,58.1639,2.01527,11.8852,18.1227,174.896,0.310717,816.422,-28.4353,-22.1978,-20.1602,14.3328,16.5501,-6.14517,-6.90485,56.9618,train
438,54.2441,1.88762,119.021,20.9656,195.154,0.282355,846.003,153.603,55.5476,17.291,236.099,272.624,50.6786,29.6886,3.58325,train
439,118.04,1.15386,118.563,26.9255,117.505,0.278021,894.78,617.769,526.131,249.603,637.682,736.332,583.984,538.084,1.40318,train
440,143.236,2.86665,116.751,12.8975,79.6352,0.339019,645.713,119.734,15.8803,1.4914,204.803,236.486,285.644,101.818,3.15286,train
441,56.3648,1.3659,147.989,1.13125,78.0924,0.312389,614.636,485.013,338.155,168.512,548.196,633.002,345.441,281.827,1.1212,train
442,159.588,1.34921,76.756,5.05659,85.5829,0.331888,579.645,241.444,169.744,82.3438,275.569,318.2,446.765,362.522,2.10345,train
443,126.863,1.3832,26.5888,20.9415,117.393,0.288056,729.814,-2.92659,-8.57392,-14.7577,20.4921,23.6622,9.70818,2.55525,35.6144,train
444,34.4396,2.10934,43.8207,5.62426,163.335,0.307678,417.706,54.7194,16.523,5.44936,85.3382,98.5401,14.0271,7.3727,4.89472,train
445,132.228,1.77731,100.942,14.9113,177.366,0.294021,322.417,150.821,64.7906,24.9396,218.034,251.764,129.098,81.9407,1.47875,test
446,35.208,1.86441,60.8258,14.6649,120.95,0.26981,252.424,68.7826,22.6216,3.97838,112.244,129.608,24.4872,13.8421,2.24889,train
447,78.2992,2.77915,104.119,24.902,148.145,0.342357,881.797,77.8784,-1.33845,-13.1202,157.614,181.997,62.3752,17.1545,5.59465,train
448,68.2796,2.42932,114.843,12.5543,120.414,0.314587,433.604,131.472,29.1828,8.31428,213.315,246.315,93.5528,42.0374,2.03269,train
449,184.071,1.14828,146.008,12.8556,152.944,0.30579,337.336,956.289,823.137,405.141,954.618,1102.3,1055.55,971.78,0.353373,train
450,90.2058,1.17142,97.7659,17.6387,164.377,0.296233,668.455,493.023,412.896,197.628,511.638,590.789,254.324,231.152,1.3065,train
451,46.9084,1.89082,94.7071,29.0062,151.462,0.343783,253.952,87.7209,22.02,-3.49312,157.987,182.428,37.623,19.4374,1.60742,test
452,38.9536,2.53496,8.11372,28.6681,170.682,0.253612,568.448,-56.7987,-36.2443,-32.4562,42.1625,48.685,-10.6146,-12.0003,13.4823,train
453,91.5636,1.49669,101.984,3.55626,147.61,0.325546,862.469,253.616,155.189,75.8161,307.959,355.601,162.604,122.238,2.80059,train
454,23.0468,1.76779,77.9074,9.93825,126.042,0.256557,591.703,121.999,54.0301,22.0459,173.124,199.907,24.9282,16.4607,3.4178,train
455,27.9325,2.69796,24.3496,12.8619,204.308,0.331707,650.994,2.28494,-9.2028,-11.0323,23.0662,26.6346,1.91697,-0.471002,28.2228,test
456,154.096,1.21477,36.0808,28.8768,171.937,0.319059,786.329,8.6182,1.41415,-13.7313,38.7105,44.699,21.9679,16.3402,20.3131,train
457,118.696,2.56545,13.6116,23.9638,109.913,0.323288,443.079,-38.0255,-27.6733,-25.8186,21.1431,24.4139,-27.2981,-32.0797,20.9562,train
458,126.422,2.60028,21.9087,20.9286,87.0007,0.2554,683.002,-19.6082,-20.5884,-20.7585,1.99227,2.30048,-12.6581,-37.564,342.826,train
459,51.5439,2.47748,139.232,6.7082,193.447,0.257924,497.915,177.402,44.8783,19.085,274.213,316.634,55.5257,27.5179,1.81579,test
460,86.9225,2.81542,107.889,15.9841,134.788,0.310332,527.484,102.457,10.5527,-2.71572,182.165,210.346,88.2084,29.696,2.89563,train
461,39.6346,2.851,100.375,19.9859,164.281,0.339803,423.297,82.9582,2.5693,-8.70832,158.771,183.333,28.9573,8.47387,2.66608,train
462,107.845,2.35027,35.2804,0.919547,171.789,0.25248,645.565,48.6325,14.2717,6.67607,72.6707,83.9129,35.064,18.9126,8.88344,train
463,63.1375,1.68306,54.5381,5.09552,111.484,0.336778,501.848,98.3038,48.8612,21.8829,132.365,152.842,61.9016,41.1846,3.7914,train
464,177.726,1.88367,52.8415,11.4687,165.65,0.252027,443.816,62.3762,21.0034,4.76735,99.7815,115.218,79.9229,45.861,4.44787,train
465,63.166,2.79071,138.036,17.6415,71.7272,0.295731,368.601,138.225,17.8309,0.0946777,239.249,276.261,157.651,56.5743,1.54066,test
466,58.6387,2.58927,21.7522,27.0099,84.0964,0.303187,468.506,-34.111,-28.8533,-27.9316,10.703,12.3587,-13.2814,-22.0188,43.7735,train
467,32.8542,1.10533,141.838,6.57936,150.919,0.306261,422.114,1348.62,1213.36,603.393,1290.78,1490.46,262.816,247.983,0.327023,train
468,101.983,2.25635,84.409,19.5846,133.751,0.257227,307.974,76.93,12.1057,-3.73949,139.724,161.339,75.9464,31.1487,2.20416,test
469,151.89,2.91778,33.5835,22.8225,121.92,0.271442,591.222,-9.19711,-19.9581,-21.3903,21.1192,24.3864,7.13239,-28.9234,27.9945,train
470,57.9731,2.95215,71.1776,19.2709,75.0652,0.284182,753.535,46.0915,-5.81519,-12.543,101.558,117.269,53.9711,7.35459,7.41976,train
471,144.086,1.41572,132.198,24.4174,74.0439,0.302498,836.269,298.011,190.231,82.9066,372.573,430.21,608.931,475.327,2.24458,train
472,103.07,1.76916,77.4857,11.0152,91.4987,0.271001,812.66,117.871,51.4009,20.1929,169.184,195.357,150.267,97.4795,4.8034,test
473,179.643,2.8956,78.8334,3.25754,92.8281,0.261437,690.674,92.7871,17.2113,6.97686,148.628,171.621,215.919,90.9968,4.64701,train
474,54.0842,1.80656,53.2453,14.1416,208.912,0.254417,363.241,59.5111,20.4075,3.1329,97.65,112.756,18.7071,10.8543,3.71983,train
475,133.731,2.15877,112.382,24.3294,106.674,0.278973,763.837,111.836,23.7834,-0.273016,194.179,224.219,179.601,82.9394,3.93367,train
476,199.204,2.69658,126.918,3.44311,179.747,0.280821,534.354,159.409,35.9332,16.245,247.966,286.327,211.107,96.6417,2.15495,train
477,117.041,2.31464,63.7995,3.14476,189.308,0.346143,299.699,85.3488,24.6941,10.7746,129.166,149.148,64.1154,31.559,2.32026,train
478,64.7278,1.77414,90.0713,1.66753,183.081,0.346351,311.245,169.065,80.6608,39.4967,224.418,259.136,65.9652,42.3757,1.3869,train
479,45.8753,2.27303,42.1395,10.1707,83.7551,0.348698,633.158,37.1431,5.17434,-2.49819,68.6608,79.2826,28.87,11.9421,9.22153,train
480,122.092,2.65416,85.8695,13.0213,72.4038,0.282289,844.735,83.9308,11.0826,-0.96935,147.051,169.8,182.867,67.2774,5.74449,train
481,165.928,2.1425,42.2321,23.616,152.918,0.281587,298.935,5.37025,-13.2458,-18.4309,41.2248,47.6023,24.3623,-3.26854,7.25133,train
482,188.904,1.49769,113.749,29.1998,104.04,0.263251,421.089,191.38,106.832,38.816,264.249,305.129,383.302,283.627,1.59353,test
483,113.641,1.63946,139.197,1.49948,180.65,0.251137,361.721,299.363,161.665,80.0828,379.805,438.56,197.659,146.377,0.952387,train
484,77.0151,2.71037,129.788,27.8991,71.5155,0.297364,403.437,106.101,4.21161,-11.8437,204.286,235.889,159.615,46.7875,1.97486,test
485,132.453,2.98103,35.1144,15.5059,125.449,0.250279,597.273,9.07528,-10.5332,-13.0196,38.2694,44.1897,22.3015,-10.6823,15.6071,train
486,37.9087,2.08023,26.0665,5.83241,88.4506,0.277988,335.451,26.5639,6.32978,0.248684,45.5792,52.6304,14.4609,7.02727,7.35974,test
487,130.027,2.5861,70.5716,5.39909,127.267,0.314902,269.636,82.6896,17.5171,6.05901,132.728,153.261,105.238,45.7342,2.03149,train
488,46.3832,1.45461,126.728,7.71251,113.948,0.326968,598.264,324.613,205.597,98.9424,390.873,451.341,135.834,104.074,1.53059,train
489,118.884,1.71755,36.6747,21.4477,88.87,0.349489,600.24,9.397,-5.83005,-13.6389,39.8993,46.0717,36.0934,14.779,15.0439,test
490,142.136,1.66112,67.4759,23.3493,199.457,0.263624,721.027,70.9403,26.8137,1.73219,119.872,138.416,62.9042,38.4865,6.01498,train
491,112.615,1.58278,106.889,5.71593,115.343,0.302697,767.185,229.89,128.717,61.5007,291.659,336.779,237.867,172.818,2.63041,train
492,133.638,2.59464,95.3343,20.8532,186.701,0.254272,571.587,79.615,5.13389,-7.85963,151.511,174.949,75.7689,23.0939,3.77259,train
493,196.232,2.85296,40.1053,26.4703,118.308,0.286593,334.271,-9.01566,-22.6507,-24.5605,26.9244,31.0897,15.7857,-37.9779,12.4151,train
494,168.47,1.28036,135.402,2.92829,135.036,0.275511,313.014,543.96,411.486,204.279,588.345,679.362,654.967,568.684,0.532025,train
495,153.307,2.74212,56.9682,26.6979,186.941,0.322005,835.281,12.8588,-17.4114,-22.0547,60.472,69.827,31.4129,-3.85175,13.8127,train
496,165.552,1.19481,24.4327,24.068,139.916,0.28015,718.698,-21.9974,-22.3621,-23.215,2.10905,2.43532,-10.2335,-12.8872,340.768,train
497,38.1011,1.18145,35.4923,2.91311,73.5019,0.346321,283.717,194.282,161.703,79.3951,198.991,229.775,92.8285,82.8098,1.42578,train
498,122.255,2.13824,10.8111,10.9184,202.588,0.29717,491.653,-11.0858,-10.9785,-10.9485,0.237908,0.274712,-2.78775,-5.78126,2066.57,test
499,157.278,1.97427,70.4208,3.38061,106.701,0.336918,680.631,109.93,42.8899,19.7546,156.188,180.351,187.199,108.759,4.35775,test
500,93.9636,1.42239,132.906,2.30293,179.824,0.250094,684.268,383.587,252.983,125.34,447.296,516.493,201.425,165.158,1.52979,train
501,65.7077,1.92008,66.6519,21.7949,198.915,0.327735,801.341,56.454,11.597,-5.09896,106.613,123.106,26.4163,12.9459,7.51637,train
502,174.277,2.10173,48.3653,27.3336,109.833,0.29872,474.152,6.00714,-15.0246,-21.1791,47.088,54.3725,42.4953,-1.77715,10.0695,train
503,104.806,2.74044,136.891,17.1369,142.673,0.257454,611.045,139.408,19.6538,1.25845,239.282,276.299,128.059,47.7947,2.55366,train
504,135.501,1.48284,30.4303,9.05979,166.056,0.297312,414.551,47.9637,26.5931,8.76666,67.8912,78.394,44.3938,32.2828,6.1061,test
505,108.915,2.87508,61.3278,5.33965,82.8093,0.254848,726.019,66.0594,10.0712,2.36578,110.321,127.387,106.648,40.9497,6.581,train
506,139.342,1.77223,18.9727,8.25385,204.7,0.282687,744.916,12.4788,1.76,-3.24692,27.2378,31.4515,12.7702,6.04531,27.3486,train
507,151.45,1.99858,96.0768,8.37255,127.023,0.3441,634.195,137.912,50.2076,20.9175,202.64,233.989,195.269,109.355,3.12966,test
508,118.807,1.38958,40.469,25.8122,140.78,0.307193,613.486,20.3329,5.67603,-10.0681,52.656,60.8019,30.2609,19.582,11.6508,train
509,31.425,1.42579,11.1697,24.3826,74.6911,0.270085,856.736,-63.1799,-49.967,-37.1748,45.0422,52.0102,-21.0883,-20.0007,19.0208,train
510,163.237,2.78722,109.929,10.4204,80.6299,0.299496,674.522,118.491,18.9826,4.28112,197.817,228.419,303.945,117.49,3.40983,train
511,38.2855,2.59806,115.517,14.6303,182.431,0.281385,384.838,121.348,20.4613,2.91551,205.13,236.864,32.1157,12.9535,1.87606,train
512,108.077,2.44297,121.637,27.685,126.074,0.309225,661.134,104.089,10.1372,-8.77386,195.485,225.726,123.801,44.8403,3.38202,train
513,44.1332,2.34721,6.63686,4.92673,96.3015,0.340553,709.125,-2.45812,-4.16825,-4.54749,3.6189,4.17875,0.619023,-1.01306,195.95,train
514,102.931,1.15683,36.6273,17.0576,200.133,0.320214,719.211,118.218,98.6481,40.7952,134.1,154.845,60.1149,54.171,5.36325,train
515,112.01,2.38154,23.2154,22.7874,79.1199,0.272813,552.697,-22.1761,-22.6041,-22.6957,0.900015,1.03925,-13.6629,-34.3754,614.097,train
516,195.078,2.71822,44.3366,14.5627,187.813,0.268734,760.206,24.5321,-5.24186,-9.90227,59.642,68.8686,40.6206,3.76265,12.7462,train
517,95.837,2.22634,128.697,25.4918,112.051,0.305277,757.434,129.882,26.6768,0.592495,223.936,258.579,144.536,65.2717,3.38237,train
518,181.578,2.24864,120.705,22.5528,198.498,0.341249,791.388,123.993,25.8409,1.64403,211.914,244.698,150.59,67.8305,3.73447,train
519,148.227,2.27453,46.663,27.1782,142.492,0.297279,844.366,1.64386,-17.8409,-22.5095,41.8349,48.3068,23.1012,-7.26331,20.1833,test
520,103.567,1.93656,94.637,26.8892,119.623,0.322705,570.358,90.1249,22.3771,-2.25605,160.009,184.762,105.1,53.2876,3.56455,train
521,85.5168,1.88411,8.96608,14.1866,161.805,0.342427,832.23,-23.5018,-18.2813,-16.2339,12.5883,14.5357,-7.86042,-7.83133,66.1115,train
522,56.8343,1.68222,118.812,15.2349,141.23,0.271472,735.016,201.55,97.9728,41.3689,277.441,320.362,89.5685,61.5211,2.64927,train
523,27.2297,1.51345,93.6259,17.125,184.22,0.330748,547.487,177.933,101.432,42.1535,235.177,271.559,28.8168,20.839,2.32798,train
524,189.914,2.39867,116.408,13.1288,191.461,0.301902,444.165,133.604,30.3243,8.59775,216.517,250.012,164.809,75.4048,2.05141,train
525,124.64,1.54858,78.3167,21.4547,142.596,0.283673,374.041,116.75,59.8878,19.2166,168.933,195.066,116.702,81.9221,2.21415,train
526,34.9552,2.90708,8.00118,4.64324,83.4562,0.339354,726.987,-0.383967,-3.74191,-4.19257,6.5967,7.61721,1.57236,-0.90522,110.205,train
527,153.972,2.8532,109.35,9.42877,104.374,0.319485,692.005,118.478,18.5573,4.56427,197.305,227.828,224.165,84.6501,3.50729,train
528,127.241,1.48415,97.9473,18.2504,193.033,0.282557,522.043,193.975,114.278,48.0139,252.812,291.922,137.162,103.571,2.06494,train
529,78.6846,1.40548,96.6749,4.04503,95.214,0.311886,575.088,278.52,185.89,90.9227,324.928,375.195,231.651,184.438,1.76989,train
530,117.74,2.19051,53.0588,24.5213,146.462,0.298217,549.363,19.0426,-9.495,-17.0081,62.4416,72.1014,32.1058,5.08875,8.79803,train
531,140.568,1.79619,34.9296,23.3936,147.857,0.29764,850.147,-1.49429,-13.0303,-18.2119,28.9558,33.4353,13.6167,-1.10448,29.3601,train
532,75.4069,1.72954,56.797,8.78222,102.366,0.27019,617.6,87.4566,39.4418,15.3298,124.927,144.254,72.6773,47.9969,4.94367,test
533,51.8108,1.30164,34.5438,3.59645,188.986,0.295227,876.172,116.502,85.5544,40.979,130.809,151.045,31.4183,26.5916,6.69809,train
534,199.858,2.88233,55.7795,25.5445,129.88,0.343493,743.449,12.9652,-17.2698,-21.4072,59.5347,68.7447,60.7489,-5.0662,12.4877,train
535,90.6653,2.07598,146.862,14.3154,72.6472,0.342613,408.412,198.328,65.781,25.7328,298.943,345.19,299.311,160.295,1.36619,test
536,124.301,2.4529,126.276,15.3384,179.644,0.255892,375.871,139.827,28.8887,6.77513,230.452,266.103,117.909,52.7501,1.63102,train
537,23.2942,1.28559,19.0723,14.421,181.339,0.296058,807.425,4.48187,-0.169399,-7.29519,20.3985,23.5541,1.57849,1.03376,39.5826,test
538,30.894,2.87091,111.355,17.9841,99.687,0.303354,751.178,101.172,7.80149,-5.0913,184.054,212.528,42.3018,13.1692,4.08129,train
539,171.021,2.09339,16.5682,21.3321,173.404,0.294654,490.273,-28.9128,-24.149,-22.7405,10.6907,12.3446,-17.0921,-23.0469,45.8596,train
540,198.143,2.72927,70.0331,11.8793,108.505,0.330055,360.669,64.3098,6.1559,-2.86169,116.344,134.343,161.372,54.9293,3.10001,train
541,95.0947,2.29736,86.7019,28.625,129.254,0.259829,859.454,56.6041,-1.47276,-15.0489,124.107,143.306,61.0958,16.6909,6.92512,train
542,95.6842,1.45484,86.0014,17.8944,70.6172,0.302199,297.278,172.207,104.1,43.1027,223.615,258.208,250.901,190.191,1.32942,train
543,189.308,1.82656,43.7824,15.5637,100.048,0.328071,433.864,36.8114,8.5927,-3.4855,69.7962,80.5937,98.9957,51.2971,6.21615,test
544,48.2969,2.86456,76.2301,6.59144,74.9365,0.322036,346.784,82.376,12.7374,3.07297,137.357,158.606,68.2757,25.6079,2.52469,train
545,86.0683,1.61235,63.0723,3.53237,187.773,0.271298,652.268,130.448,70.9083,33.688,167.594,193.52,63.4469,46.358,3.89196,train
546,180.347,1.4274,102.818,11.6241,106.793,0.293143,274.635,255.369,164.175,76.2757,310.199,358.187,444.397,350.066,0.885349,test
547,127.427,1.49792,111.641,15.4826,93.0968,0.273345,556.976,235.302,139.144,61.8306,300.462,346.943,340.709,259.31,1.85373,train
548,143.876,2.43731,23.7956,1.33854,91.4621,0.259925,887.061,30.2096,7.75254,3.207,46.7699,54.0052,55.9401,27.8616,18.9665,train
549,107.101,1.66206,72.4301,10.9481,77.4055,0.333814,579.98,120.304,58.8216,23.9368,166.912,192.734,188.855,125.3,3.47476,train
550,170.622,1.71995,145.024,6.9906,100.736,0.311685,676.04,272.022,133.988,63.4988,361.172,417.046,503.776,339.021,1.87179,train
551,121.787,2.46676,89.9273,20.4015,87.6177,0.273416,479.846,76.4704,6.94454,-6.72846,144.105,166.398,143.026,49.2447,3.32985,test
552,123.389,2.34803,123.334,29.3871,100.153,0.283882,678.022,106.191,12.2442,-8.57147,198.774,229.525,176.961,66.5921,3.41101,train
553,165.11,1.44389,5.11416,8.45639,139.412,0.257741,551.735,-17.9605,-14.6183,-11.5373,11.1252,12.8463,-16.1883,-16.1856,49.5931,train
554,116.413,1.60315,109.088,25.0076,73.981,0.343238,843.722,166.176,82.0957,28.544,238.386,275.265,304.989,204.036,3.53931,train
555,138.272,2.66716,34.8295,5.70048,125.417,0.339377,588.188,32.9575,3.82855,-0.935966,58.7053,67.787,49.718,17.881,10.0193,train
556,63.3404,2.72024,134.495,22.26,125.211,0.286762,827.522,125.05,12.815,-4.7225,224.773,259.545,83.4545,28.2821,3.68159,train
557,176.744,1.97713,98.2889,18.7201,208.447,0.318028,529.295,115.553,35.9843,8.63209,185.193,213.842,122.155,65.7036,2.85808,train
558,53.515,2.82691,74.0629,19.001,184.282,0.251944,716.009,51.8122,-3.2497,-11.1253,109.011,125.875,21.2788,3.5632,6.56823,train
559,32.0426,1.54224,112.6,26.6874,101.022,0.328023,608.685,183.872,97.9598,35.6362,256.752,296.472,66.3293,46.4835,2.37071,train
560,33.5256,1.44154,89.8199,21.8637,192.957,0.343459,739.661,172.167,104.21,41.1733,226.887,261.986,32.8163,24.4397,3.26004,train
561,38.3578,2.19604,42.4869,7.72791,158.528,0.30867,651.341,45.2173,10.4582,1.36516,75.9541,87.7042,14.0122,6.60068,8.57546,train
562,136.389,2.49373,54.5618,11.6197,157.067,0.334259,379.99,47.7794,4.8373,-3.39119,88.6301,102.341,58.3102,21.3399,4.28737,train
563,60.833,2.66441,146.26,20.7521,130.261,0.322948,442.524,145.912,20.4041,-0.174009,253.028,292.171,90.2271,33.7979,1.74891,train
564,77.2212,2.13753,63.2762,3.89969,172.124,0.3088,760.959,88.7499,29.3735,12.7369,131.658,152.026,46.8181,25.5514,5.7798,train
565,129.713,2.48202,89.4449,23.6249,75.7697,0.294727,371.392,67.7045,1.88456,-10.8702,136.095,157.149,166.52,51.2063,2.72891,train
566,29.7703,2.81744,33.6802,25.2138,130.34,0.331097,558.83,-14.3068,-22.7732,-23.9935,16.7778,19.3733,1.09376,-4.1705,33.3077,train
567,108.762,1.23649,129.526,22.7534,205.475,0.271553,302.364,487.772,380.999,179.123,534.596,617.298,251.058,221.571,0.565594,train
568,22.7448,1.20445,88.1921,25.4267,202.882,0.267245,489.562,315.857,253.091,113.832,349.917,404.049,34.6421,30.9847,1.39908,train
569,160.126,2.38663,115.77,18.3275,140.941,0.255015,676.312,120.614,23.1723,2.4224,204.714,236.384,169.872,73.8297,3.30369,train
570,140.054,1.73707,103.341,8.81359,183.021,0.271611,373.925,179.426,84.8987,38.0426,244.884,282.767,150.875,102.3,1.52695,train
571,29.4446,2.07574,106.981,28.0015,203.311,0.349035,814.195,98.7193,19.7393,-4.13107,178.142,205.701,19.9136,9.30558,4.57048,train
572,43.4135,1.32104,99.1309,1.84421,138.245,0.31356,780.455,356.562,259.275,128.716,394.642,455.693,109.059,91.0573,1.97763,train
573,67.231,2.36483,99.2167,21.7086,191.048,0.338121,365.774,89.5543,12.0461,-4.83122,163.48,188.771,43.8949,17.4926,2.23742,train
574,89.1661,1.6474,13.2388,4.8142,112.345,0.316372,768.917,13.4411,5.01651,0.101154,23.1055,26.6799,13.9668,8.50876,33.2785,train
575,183.075,2.35154,87.9893,10.7474,97.8098,0.311027,500.169,100.599,23.3568,6.30469,163.322,188.588,235.849,108.887,3.06247,train
576,114.822,1.26053,54.9667,9.22921,177.659,0.308376,434.924,191.831,146.093,68.4319,213.733,246.797,121.298,104.147,2.0349,train
577,145.443,1.61395,109.391,18.9532,119.17,0.257849,439.947,184.191,93.7541,37.4004,254.25,293.582,247.455,175.305,1.73037,test
578,64.7748,1.93796,54.4733,9.63271,166.118,0.258426,656.225,67.7522,22.9115,6.63941,105.85,122.225,31.239,17.8982,6.19955,test
579,139.42,2.577,139.545,18.4255,137.831,0.334759,534.727,145.637,24.5175,3.046,246.975,285.182,193.537,77.3306,2.16511,train
580,145.243,2.64105,111.596,27.6741,162.834,0.289935,780.876,84.3377,0.416139,-13.629,169.683,195.933,107.611,29.1907,4.60196,train
581,44.3199,2.9729,10.7297,7.73076,142.23,0.345348,740.552,-3.96662,-6.96555,-7.34816,5.85699,6.76307,0.70938,-1.62864,126.439,test
582,145.213,1.7161,65.83,21.0309,89.6288,0.309819,758.495,69.8342,25.0351,2.00207,117.489,135.664,145.182,85.9982,6.4559,test
583,43.0414,2.51248,117.828,26.2834,89.1502,0.315373,776.62,99.7254,8.18033,-9.05153,188.407,217.554,67.4659,23.4403,4.12203,train
584,159.265,1.79081,149.217,19.3215,126.729,0.30399,324.503,228.286,98.3906,39.5346,326.927,377.503,328.796,207.606,0.992586,train
585,122.73,1.11403,36.8187,22.5819,148.453,0.317465,724.597,109.77,95.5336,36.4759,126.95,146.589,90.8402,83.9241,5.70774,train
586,25.2323,2.04693,24.8816,19.4661,119.386,0.342776,460.996,-10.6552,-16.0707,-17.7684,12.3204,14.2264,0.837836,-1.43093,37.4172,test
587,198.125,2.83188,34.1016,26.6765,140.259,0.341545,330.884,-17.1358,-24.561,-25.6187,14.6928,16.9658,4.6069,-26.8005,22.5202,train
588,107.643,2.42362,89.9763,5.3194,171.502,0.325056,290.019,114.076,29.4192,12.0499,176.715,204.052,87.4979,41.4237,1.64117,train
589,157.139,2.23236,103.71,0.443444,112.646,0.343195,450.917,154.671,51.4045,25.4806,223.765,258.381,253.215,133.321,2.01514,train
590,61.2241,1.68435,118.013,25.7047,119.276,0.321966,785.648,167.101,74.7921,24.5437,246.916,285.114,101.22,64.9865,3.18185,train
591,92.0095,2.6374,91.6822,21.5453,139.617,0.348245,732.868,72.1439,2.00691,-9.76917,141.878,163.826,70.827,22.4422,5.16549,train
592,161.289,2.91046,127.254,9.02968,127.495,0.293019,767.944,140.845,22.6202,6.79524,232.181,268.099,222.83,85.6963,3.30753,train
593,155.031,1.41146,51.9084,22.9061,187.165,0.345046,509.647,64.555,35.5528,6.32331,100.86,116.463,66.5001,48.2554,5.053,train
594,30.7719,1.34076,9.85615,28.402,101.429,0.269385,595.63,-93.4506,-74.9047,-51.6534,72.3949,83.5945,-23.3245,-21.6965,8.2275,test
595,39.2273,1.90247,14.2447,22.7313,124.335,0.306744,669.382,-37.6975,-29.211,-25.9711,20.3107,23.4528,-8.00148,-8.56629,32.9571,test
596,46.1115,1.64093,125.431,2.50886,136.406,0.269161,503.638,265.654,142.732,70.1116,338.689,391.085,94.8369,69.0816,1.48702,train
597,161.472,1.59445,32.2298,14.3288,196.442,0.261871,314.964,26.7859,8.88494,-2.72192,51.1091,59.0157,29.541,17.4967,6.16259,train
598,44.1194,2.21804,8.285,18.863,120.464,0.280131,733.231,-34.8383,-24.2603,-21.5616,22.9958,26.5533,-9.69719,-10.5086,31.8854,train
599,29.0163,1.56834,63.0968,18.4981,187.189,0.256312,646.271,87.2078,42.6091,12.0555,130.168,150.305,15.5461,10.7601,4.96491,test
600,47.4316,2.43091,19.1978,28.7006,139.317,0.26842,764.628,-42.0748,-32.5719,-30.6363,19.812,22.877,-9.77058,-13.7756,38.5941,train
601,23.927,1.76646,11.5781,29.8307,121.98,0.346514,886.05,-65.2996,-47.0471,-38.4389,46.5242,53.7215,-9.40915,-8.10486,19.0449,train
602,135.832,2.10064,82.8587,25.6517,155.737,0.281528,332.18,65.0813,7.87437,-8.88867,128.12,147.94,79.2915,32.2431,2.59273,train
603,117.47,2.67833,48.9161,4.36692,138.412,0.253158,739.015,54.6147,10.0656,2.84932,89.6603,103.531,56.249,23.7533,8.24239,train
604,197.691,1.32781,68.3932,22.0583,81.222,0.345512,660.724,145.718,99.3834,38.6626,185.426,214.112,379.676,302.651,3.56327,train
605,127.865,1.17429,101.338,0.776153,178.514,0.332435,276.075,630.506,529.944,264.584,633.795,731.843,412.743,371.979,0.435591,train
606,90.8104,2.20961,73.2709,12.6502,122.026,0.257048,778.563,79.1991,18.5784,2.9641,132.043,152.47,72.3883,34.644,5.89629,train
607,157.31,2.05062,32.4542,14.9987,206.401,0.265573,893.318,13.3493,-4.10616,-9.55244,39.667,45.8035,18.6768,3.77278,22.5204,train
608,81.2964,1.37703,123.523,26.0107,102.333,0.320376,444.46,289.114,191.602,82.7955,357.354,412.637,240.047,189.701,1.24375,train
609,124.645,2.47337,130.47,16.2103,158.389,0.330663,317.126,142.704,28.4439,6.1168,236.575,273.174,144.659,61.8599,1.34049,train
610,184.754,2.61779,131.724,20.6415,205.363,0.254245,838.776,128.4,17.3171,-1.66218,225.274,260.124,146.024,54.1381,3.72336,train
611,157.163,1.38636,55.954,16.2698,123.647,0.310411,377.305,109.497,69.8126,26.7714,143.285,165.451,150.691,117.276,2.63326,test
612,139.574,2.32094,35.3218,23.1998,99.6092,0.25642,629.577,-5.55124,-17.6732,-20.4365,25.782,29.7705,12.2554,-21.0867,24.4192,train
613,99.8128,1.56572,38.5476,25.3429,149.62,0.313908,497.585,6.05671,-7.14803,-16.2454,38.6285,44.6043,15.5147,6.16976,12.8813,train
614,108.223,1.60175,58.7626,22.0487,112.013,0.256334,301.246,61.5658,24.8519,1.40161,104.207,120.328,73.6887,46.6501,2.89083,train
615,54.9982,2.09738,148.972,14.5118,73.9066,0.280985,482.888,199.065,64.6055,25.0469,301.409,348.037,174.048,96.2148,1.6021,train
616,114.525,1.8793,21.5966,8.02681,168.724,0.27993,687.261,16.2626,2.69283,-2.66699,32.7871,37.8593,15.6489,7.25359,20.9613,train
617,196.133,1.67688,140.255,26.1823,138.482,0.282807,817.424,213.804,99.7314,36.7746,306.625,354.06,344.261,229.745,2.66588,train
618,22.5834,1.50588,90.2367,28.1829,170.494,0.326753,894.39,131.772,69.7182,20.7677,192.265,222.009,20.4611,14.3898,4.65186,train
619,21.6123,2.06219,112.727,7.47895,127.206,0.334044,349.656,162.484,57.2363,24.8787,238.339,275.21,32.5919,18.0173,1.46705,test
620,108.705,1.86275,99.4636,20.667,173.872,0.315087,622.671,121.937,43.1401,11.2365,191.738,221.4,93.615,53.7011,3.2475,train
621,124.444,2.84445,61.4941,19.579,113.612,0.341846,810.455,34.1583,-7.75674,-13.6679,82.8374,95.6524,65.559,11.2431,9.78369,train
622,174.925,1.48955,21.8157,27.2019,159.173,0.250021,524.143,-41.4267,-36.0406,-31.6212,16.9836,19.611,-30.8438,-34.9222,30.8616,train
623,64.4962,2.89313,126.964,29.3511,201.501,0.312336,328.255,94.7507,-2.86253,-16.1068,192.011,221.715,44.6307,10.4971,1.70957,train
624,46.4794,1.40352,117.199,13.9099,164.071,0.280217,377.787,302.375,199.086,92.5879,363.361,419.573,87.6129,70.3908,1.0397,train
625,76.6797,2.68136,101.447,7.87575,204.88,0.326694,692.616,115.93,22.3587,7.24147,188.254,217.377,54.9073,22.6459,3.67916,train
626,64.273,1.77963,12.6027,24.2012,182.225,0.282157,461.305,-46.5041,-34.9055,-29.5534,29.3594,33.9014,-12.2072,-12.3897,15.7123,train
627,121.683,2.19482,84.73,1.81524,133.32,0.267802,877.985,124.542,41.6271,19.9059,181.235,209.272,129.516,73.684,4.84447,train
628,168.086,2.07242,34.4765,26.7402,182.012,0.328338,367.936,-14.308,-22.0443,-24.3922,17.4664,20.1684,4.63667,-10.0584,21.0654,train
629,120.499,1.14879,90.7406,28.1594,115.53,0.263222,393.319,425.885,363.304,167.572,447.411,516.626,423.108,391.342,0.879099,train
630,79.4233,1.66378,93.4508,11.5121,160.07,0.254135,337.83,163.109,81.1703,34.8291,222.187,256.56,88.3229,62.1166,1.52047,train
631,179.222,2.79913,149.126,3.21351,123.717,0.256843,800.208,185.394,39.4814,18.1339,289.703,334.52,317.31,144.556,2.76216,train
632,132.266,1.35924,75.2535,25.3017,90.6839,0.286802,725.625,142.525,92.5732,33.6357,188.602,217.778,225.288,178.789,3.84739,train
633,165.421,1.1108,30.5925,10.4697,123.96,0.251618,796.759,181.73,161.607,75.5688,183.877,212.323,227.411,215.274,4.33311,train
634,49.1127,2.94707,18.902,19.0281,125.504,0.324447,386.062,-19.187,-19.061,-19.0445,0.246816,0.284999,-2.69052,-7.73654,1564.17,train
635,48.1797,2.61127,67.1127,28.7132,151.537,0.315318,748.284,22.8849,-15.5146,-22.1139,77.9402,89.9976,16.2212,0.425157,9.60075,train
636,60.1163,2.95861,64.6086,12.905,93.8613,0.255641,679.558,52.1357,0.432066,-6.23646,101.104,116.744,44.9915,10.0913,6.72141,train
637,82.7533,2.83354,130.625,20.057,99.5206,0.324214,483.771,121.972,11.4037,-4.32664,218.755,252.597,137.803,45.4954,2.21147,train
638,30.6007,2.17042,98.3587,10.7228,84.0363,0.280667,478.832,124.147,36.511,12.8941,192.696,222.506,53.941,28.3741,2.48492,test
639,103.484,1.69158,83.0621,10.4736,163.11,0.280238,314.179,140.107,67.518,28.5222,193.27,223.169,98.5863,67.0328,1.6256,train
640,174.455,1.24534,23.6748,10.6454,194.628,0.334917,387.1,49.6884,36.6591,13.0068,63.5344,73.3632,47.7409,40.0384,6.09276,train
641,21.4979,2.18582,82.7391,18.6519,75.1926,0.315122,594.372,79.3633,15.2761,-1.68791,140.385,162.102,30.2968,13.5522,4.23388,train
642,146.647,2.33044,25.4692,17.7713,193.875,0.263799,769.807,-6.59879,-14.2967,-16.034,16.3423,18.8704,3.29015,-9.48167,47.1052,train
643,95.9387,2.39371,135.462,15.8525,142.188,0.281147,651.77,154.333,34.7237,9.43558,250.969,289.794,128.04,58.9963,2.59701,test
644,42.6252,1.16931,117.552,27.1164,193.185,0.251497,849.669,555.76,465.324,219.104,583.106,673.312,116.99,107.597,1.45714,train
645,106.685,2.58026,116.657,28.431,79.7849,0.312685,544.625,90.9822,2.75655,-12.8372,179.82,207.639,175.8,54.032,3.02871,train
646,74.3001,2.4701,92.9257,3.45073,198.685,0.251915,620.407,121.103,31.6279,14.0886,185.354,214.029,52.7145,26.7398,3.34715,train
647,91.884,1.60813,14.8051,19.6538,197.349,0.318958,570.914,-30.6166,-25.7679,-22.7108,13.6931,15.8115,-8.68355,-9.17596,41.6935,train
648,70.0004,1.25271,36.5079,0.110684,154.633,0.342656,357.903,164.159,127.762,63.8255,173.783,200.667,70.0751,60.0708,2.05949,train
649,109.274,2.18361,58.6391,18.6818,145.57,0.266638,273.896,42.4833,2.52606,-8.07788,87.5745,101.122,45.2443,15.8362,3.12757,test
650,94.282,2.35533,41.66,22.322,143.135,0.282596,610.597,5.52076,-13.8172,-18.0696,40.8597,47.1807,14.7548,-3.72774,14.9437,train
651,111.292,2.67376,123.493,10.9298,148.845,0.297733,694.208,138.245,25.6818,7.376,226.671,261.737,129.215,53.4578,3.06262,train
652,172.268,1.96751,136.569,11.0057,162.572,0.252998,373.369,202.024,76.4609,32.7276,293.23,338.593,241.911,147.952,1.2733,train
653,136.594,2.94045,141.692,25.5282,115.802,0.297398,343.438,121.02,4.85626,-10.336,227.515,262.711,196.078,53.8369,1.50952,train
654,56.0083,2.32219,80.2704,12.4535,76.6759,0.296347,841.181,86.2415,18.4245,2.98553,144.204,166.512,79.7253,36.0121,5.83329,train
655,72.1293,2.46092,61.0587,26.0898,128.587,0.299371,646.535,22.7114,-12.2575,-19.1737,72.547,83.7701,26.213,1.78494,8.91195,train
656,89.224,2.62603,98.9665,29.5984,114.825,0.300853,604.697,63.3002,-6.06793,-17.8331,140.527,162.267,76.4917,16.7364,4.30307,train
657,126.101,1.25216,139.42,2.21719,139.529,0.264604,787.201,618.177,480.975,239.379,656.098,757.597,534.781,473.281,1.19982,train
658,29.981,1.62481,17.768,14.0814,117.848,0.255053,492.184,-5.89902,-9.58559,-11.8335,10.2788,11.869,0.420003,-1.23011,47.8833,train
659,70.6494,1.53821,8.74516,12.3654,147.372,0.332727,260.693,-21.2859,-17.6656,-15.0155,10.8606,12.5407,-6.41432,-6.3087,24.0036,train
660,90.9345,1.70129,80.555,15.9282,156.566,0.34916,830.209,116.928,52.3011,18.1864,171.025,197.483,80.5602,50.9006,4.85431,train
661,29.3958,2.41779,97.318,16.3591,94.779,0.276271,490.463,98.0146,17.0557,0.348332,169.163,195.333,38.7083,16.1067,2.89935,train
662,153.613,2.47622,131.497,7.8267,153.575,0.25701,787.407,164.042,40.3719,16.2726,255.944,295.538,193.704,94.6183,3.07649,train
663,187.016,1.70921,82.6565,7.85301,107.301,0.343745,813.065,144.813,70.0099,31.0784,196.995,227.47,283.298,184.777,4.12734,train
664,175.259,2.36368,14.3856,16.8516,165.739,0.295837,835.902,-20.3928,-17.9268,-17.3892,5.2024,6.00721,-11.6241,-19.4886,160.676,train
665,106.162,2.56928,26.5412,21.6035,178.096,0.313618,510.194,-14.9027,-19.8405,-20.722,10.0792,11.6385,-0.0477713,-10.0567,50.6183,test
666,130.228,2.43861,83.6782,11.939,189.858,0.263157,484.493,88.8042,17.065,2.56298,149.374,172.482,75.5548,32.6719,3.24348,train
667,43.8702,2.19931,5.56082,10.3961,165.321,0.26975,679.722,-17.7518,-12.9165,-11.6563,10.5577,12.191,-3.47825,-4.06656,64.3815,train
668,116.346,1.27463,64.9817,10.0836,112.786,0.331816,771.88,220.578,165.68,77.7982,247.302,285.56,223.154,188.303,3.1212,train
669,151.832,2.49965,116.9,11.6075,144.98,0.283785,501.607,133.809,28.5171,8.4548,217.12,250.709,172.363,76.9939,2.31027,train
670,101.508,1.12382,37.7801,29.7429,112.911,0.337842,781.316,39.4223,31.385,0.821089,66.8593,77.2025,46.6667,41.5812,11.686,train
671,132.341,2.35762,130.138,3.30289,197.819,0.259711,687.953,179.182,52.3466,24.5218,267.879,309.32,138.223,73.8714,2.56815,train
672,60.3322,1.41274,94.6981,20.4831,102.459,0.294315,628.304,202.782,128.567,54.0419,257.625,297.48,126.452,98.7357,2.43883,train
673,194.214,2.50021,26.0147,10.1901,123.852,0.279237,590.104,11.6616,-4.16298,-7.17656,32.6286,37.6762,32.8203,2.69134,18.0855,train
674,44.4932,1.89326,95.2608,22.1296,134.418,0.25271,468.33,107.595,34.4642,6.16729,175.679,202.856,43.0672,24.1259,2.66584,train
675,158.468,1.81142,64.3906,16.9731,156.686,0.266283,672.926,72.0157,24.5982,3.81255,118.131,136.406,89.1491,51.4848,5.69642,test
676,194.876,1.69012,23.366,1.11495,154.139,0.308157,282.478,45.1069,22.8558,10.8704,59.2993,68.4729,61.8963,42.4146,4.7636,train
677,131.56,1.54645,33.7671,4.79552,150.712,0.25184,658.618,65.8168,36.8453,16.0249,86.2422,99.5839,61.3535,45.921,7.63684,train
678,194.637,1.91178,134.268,1.4817,209.543,0.327592,255.085,231.337,98.5502,48.5342,316.623,365.605,240.969,147.632,0.805642,test
679,104.853,1.8318,9.17104,28.4883,83.4111,0.262994,547.829,-64.2076,-44.8903,-36.6893,47.6631,55.0366,-65.5519,-63.8976,11.4938,test
680,181.022,2.91872,85.2518,11.0604,112.657,0.280854,891.935,82.8654,8.67407,-1.19319,145.594,168.117,172.164,56.8212,6.12619,train
681,91.7227,2.3928,26.8627,24.9755,136.192,0.297434,821.334,-22.2895,-24.1768,-24.5761,3.9605,4.5732,-4.70753,-15.21,207.381,train
682,33.9908,1.23347,16.7635,17.5208,81.6723,0.336999,898.069,-21.1826,-20.4254,-18.9731,3.82708,4.41913,-3.80371,-4.172,234.661,train
683,168.531,1.25767,68.6453,7.8348,162.534,0.278594,762.663,262.041,201.231,96.6979,286.383,330.687,263.607,230.136,2.66309,train
684,43.9311,2.07417,44.4629,20.2384,182.521,0.258227,326.033,18.6579,-5.56662,-12.9025,54.6642,63.1208,8.05619,1.49334,5.96429,train
685,151.342,2.88763,141.214,28.4935,142.346,0.315788,610.269,114.948,2.22727,-13.1331,221.843,256.162,174.034,47.1953,2.75091,train
686,180.651,2.51006,95.5887,2.85361,72.9163,0.308101,259.458,124.873,32.1381,14.6422,190.926,220.462,371.162,177.27,1.35895,train
687,179.954,1.29951,95.012,25.9836,203.648,0.282907,290.823,243.497,174.469,74.2425,293.157,338.509,220.359,184.667,0.992036,train
688,73.6073,2.34985,48.4859,20.9768,205.12,0.29049,517.62,18.6997,-8.80943,-14.8931,58.1844,67.1856,13.3172,1.358,8.89619,train
689,37.1142,1.94296,39.888,21.2105,183.491,0.333206,293.637,10.9279,-7.74963,-14.4801,44.0079,50.8159,5.87457,1.62806,6.67238,train
690,169.345,1.60066,29.9349,14.1952,140.805,0.323495,255.569,21.6961,5.95646,-4.11938,44.7138,51.6311,39.3432,22.8725,5.71565,test
691,134.702,1.35213,116.586,4.34976,192.365,0.289268,412.341,378.901,266.665,131.158,429.105,495.487,262.37,217.753,0.960933,train
692,62.9525,1.24212,89.83,6.61221,89.4663,0.294154,872.052,383.193,299.975,146.681,409.65,473.023,257.865,226.171,2.12877,train
693,179.053,1.37074,116.606,16.0918,110.53,0.275982,541.945,313.14,212.626,98.267,372.171,429.746,515.47,421.784,1.45617,train
694,67.3038,1.27222,131.218,26.6332,90.5922,0.341127,633.836,416.119,311.534,142.45,474.008,547.337,306.301,257.111,1.33719,train
695,136.731,1.79812,145.295,26.5612,177.028,0.332749,440.227,198.506,79.7724,26.6056,297.74,343.801,183.823,110.768,1.47856,train
696,139.591,1.52153,98.1792,23.488,87.5605,0.309348,797.315,164.797,90.1058,33.3089,227.744,262.976,294.715,211.196,3.50093,train
697,125.467,2.9988,44.1837,9.91199,107.376,0.315244,618.65,32.9353,-1.33636,-5.62417,66.787,77.119,56.8315,12.4791,9.26302,train
698,130.141,1.79547,128.664,2.23044,181.94,0.284399,564.443,237.917,111.483,54.6265,317.468,366.581,185.243,124.04,1.77795,train
699,178.921,2.54304,32.1542,9.73216,197.145,0.349917,898.959,20.8924,-1.52956,-5.63086,45.9397,53.0466,30.9605,8.8769,19.5682,train
700,89.5417,2.12087,148.055,20.3212,200.172,0.301477,320.082,180.443,52.7092,16.194,284.488,328.499,98.499,51.1865,1.12512,train
701,113.341,2.02991,149.58,29.0533,195.98,0.321623,457.646,168.721,48.1945,9.57058,275.657,318.301,123.619,63.9346,1.6602,test
702,112.539,2.94876,70.0959,24.2827,74.2806,0.321118,702.761,33.4374,-12.3758,-18.3293,89.6624,103.533,93.6795,5.84221,7.83785,train
703,197.724,2.96434,106.487,14.5762,194.213,0.270545,344.268,100.94,9.029,-2.7736,179.637,207.426,132.858,41.4146,1.91647,train
704,44.6149,1.55608,64.2011,7.42599,152.31,0.33744,820.637,129.237,72.4616,32.5178,167.522,193.438,40.988,29.1693,4.89868,train
705,167.227,2.66529,49.2344,11.6593,72.1781,0.309655,420.265,38.2279,0.65281,-5.50323,75.7446,87.4623,127.84,36.8487,5.54845,train
706,21.7838,2.22899,34.8727,0.551863,170.727,0.32847,825.35,51.0659,16.7451,8.09663,74.425,85.9386,7.63793,4.0576,11.0897,train
707,85.7324,1.91013,97.1764,26.1944,116.845,0.266714,765.436,98.3875,27.4056,0.605562,169.363,195.564,91.0884,47.9746,4.51949,train
708,24.5602,2.34424,37.9803,6.4172,151.13,0.339535,532.781,39.1881,7.62497,0.603888,66.8298,77.1684,8.43084,3.6568,7.97221,train
709,142.063,1.10129,124.747,4.88325,195.181,0.264915,436.927,1241.36,1121.5,558.307,1183.08,1366.11,819.928,781.443,0.369312,train
710,169.279,2.1987,82.7965,7.19844,159.33,0.253903,458.127,107.832,32.2342,12.5179,165.089,190.629,133.524,72.1439,2.77502,test
711,88.773,2.35347,114.013,22.0608,195.399,0.309297,499.693,110.41,18.4574,-1.80166,194.356,224.423,66.4353,27.6266,2.57102,train
712,170.244,2.58533,107.022,3.74363,106.988,0.271591,449.82,135.875,32.5969,14.4266,210.355,242.897,256.227,122.164,2.13839,test
713,186.19,2.92988,102.565,27.9651,100.976,0.321252,604.252,66.3069,-8.29268,-18.1289,146.247,168.871,193.757,35.1973,4.13172,train
714,184.121,2.25971,109.213,8.88285,85.3478,0.338509,254.885,140.314,39.984,15.5506,216.097,249.527,371.099,183.914,1.17949,test
715,55.1723,2.26943,5.38152,23.2155,98.0869,0.343207,899.9,-49.6435,-31.8095,-27.5125,38.332,44.262,-21.5735,-18.381,23.4765,train
716,55.4053,2.06891,46.838,13.6984,133.509,0.251793,325.394,39.646,6.50641,-3.59598,74.8973,86.484,21.7227,9.32503,4.34453,train
717,182.767,1.1522,83.8102,16.5697,104.665,0.329066,889.664,461.206,393.966,188.698,471.998,545.016,745.091,678.692,1.88489,train
718,65.5836,2.84874,34.5129,21.0133,187.615,0.319573,855.893,-3.71912,-17.2187,-19.116,26.6682,30.7938,4.6909,-4.37612,32.0942,train
719,130.619,2.59589,52.1227,4.17492,114.994,0.264058,286.001,60.4834,12.5356,4.18034,97.5197,112.606,83.0816,36.9585,2.93275,test
720,78.959,1.99682,5.78059,3.63907,92.2292,0.288536,306.698,-0.0637848,-2.20531,-2.92219,4.9509,5.71681,2.09516,-0.533618,61.948,train
721,150.109,1.50292,110.63,2.24218,125.013,0.337503,869.856,278.357,169.969,83.8635,336.872,388.987,345.082,257.017,2.58216,train
722,123.001,1.63346,131.568,18.7708,75.3984,0.327558,492.275,229.259,116.462,48.8454,312.486,360.828,418.206,284.091,1.57535,train
723,28.4193,1.44498,16.8387,14.2959,159.817,0.275704,365.504,-7.07869,-9.6215,-11.9587,8.45239,9.75998,0.153081,-0.612324,43.2426,train
724,66.1075,2.58709,124.513,7.26384,109.28,0.288665,542.912,151.175,33.9265,13.3313,238.753,275.688,110.867,50.3549,2.27395,train
725,42.7991,2.98094,7.07853,22.0991,109.112,0.29907,730.886,-40.9292,-25.9086,-24.0039,29.3155,33.8506,-12.4081,-14.1722,24.9317,train
726,175.069,1.41496,100.64,27.2771,169.913,0.327994,525.481,192.502,119.139,45.931,253.868,293.141,216.832,164.773,2.0699,train
727,33.7216,2.86901,56.0009,12.796,209.033,0.262606,447.647,42.3583,-0.846477,-6.82125,85.1816,98.3592,9.49471,1.99256,5.25522,train
728,52.5832,1.5774,19.3744,16.5153,108.36,0.317009,672.048,-9.81388,-12.673,-14.5941,8.27966,9.56053,0.463171,-2.15168,81.1685,train
729,26.2289,1.33006,115.3,6.31273,157.785,0.271883,357.795,386.106,277.118,135.403,434.23,501.406,63.2744,53.5103,0.823975,train
730,83.2829,2.78589,75.4619,9.98777,169.919,0.275033,326.609,74.854,9.37989,-0.303941,130.177,150.316,46.9018,16.6728,2.50895,train
731,44.0017,2.68276,11.0846,9.08256,207.253,0.263527,436.712,-6.43436,-8.43644,-8.7595,4.02725,4.65027,-0.255811,-2.12712,108.439,train
732,192.759,1.65179,117.623,13.916,188.904,0.304701,793.344,209.794,106.087,46.0855,283.551,327.416,236.317,162.288,2.79789,train
733,93.2738,1.31285,147.847,27.8148,194.402,0.296665,266.659,423.992,303.96,138.073,495.227,571.839,204.822,170.862,0.538458,test
734,132.157,1.39817,72.6427,6.93482,132.163,0.317182,585.7,196.397,130.689,61.8772,232.995,269.04,199.801,158.352,2.51379,test
735,158.791,2.76104,142.04,12.349,70.4167,0.289068,616.098,156.504,26.8127,7.23185,258.547,298.544,440.795,176.152,2.38293,train
736,93.2325,1.5559,86.1853,8.11098,147.703,0.250479,682.856,179.863,101.788,46.8386,230.404,266.048,119.753,90.4403,2.96373,train
737,186.743,1.13624,146.95,6.91317,152.814,0.337199,343.113,1095.46,955.421,474.254,1075.96,1242.41,1203.81,1107.8,0.318891,train
738,143.567,2.15287,108.387,5.56533,174.331,0.298904,786.139,153.831,51.01,22.7223,227.087,262.218,147.772,81.3465,3.46183,train
739,107.927,2.48688,6.94376,8.85218,81.8273,0.282721,417.575,-11.4968,-9.58838,-9.22028,3.94305,4.55304,-9.13631,-14.6913,105.902,train
740,148.591,1.76394,64.5517,2.70566,163.256,0.283848,550.158,117.721,55.8752,26.5848,157.853,182.273,116.955,78.8246,3.48526,train
741,86.5103,1.78365,81.8784,4.20466,159.587,0.288337,729.629,144.684,67.01,31.4027,196.209,226.562,86.3209,57.209,3.71864,train
742,45.3877,2.02541,39.379,8.90383,194.283,0.348342,885.367,41.2182,10.743,0.919607,69.7992,80.5972,12.759,6.39928,12.6845,train
743,95.2982,1.84768,86.5222,25.1003,102.837,0.349244,795.943,87.2116,25.7896,0.344658,150.458,173.734,108.709,58.9614,5.29014,test
744,185.662,2.04748,9.51583,26.3001,208.348,0.264899,867.516,-53.6001,-36.8159,-31.558,38.1781,44.0843,-38.068,-39.2081,22.7229,train
745,141.484,2.99015,111.047,3.36761,120.142,0.338582,691.231,131.432,23.7523,10.1923,209.993,242.479,194.994,75.503,3.29169,train
746,145.903,1.37776,81.7314,18.0932,123.343,0.322603,495.841,187.242,123.604,52.7552,232.938,268.973,232.547,183.22,2.12864,train
747,184.682,2.07121,73.4008,21.3925,125.807,0.256368,771.207,62.2327,10.2243,-5.58409,117.462,135.634,121.082,52.1148,6.56558,test
748,59.5838,1.52585,145.922,28.8325,71.0378,0.297571,260.877,264.567,147.478,59.3225,355.493,410.488,243.523,177.134,0.733844,train
749,125.18,1.84022,118.847,13.5357,146.169,0.28611,293.445,180.034,74.7232,30.5937,258.838,298.88,175.807,110.071,1.1337,train
750,155.977,2.36763,26.2699,4.73546,78.944,0.303284,603.723,26.1502,4.61576,-0.0598491,45.3971,52.4201,67.4449,28.3957,13.2987,train
751,159.711,1.98684,118.755,13.395,98.4633,0.274741,854.724,163.456,58.0955,22.3503,244.402,282.211,308.093,179.297,3.49721,test
752,111.158,1.53265,79.7561,16.2409,152.643,0.315734,514.789,141.44,77.9247,30.8419,191.561,221.196,114.247,81.8273,2.68733,train
753,92.5402,1.83317,118.968,14.1122,208.127,0.317342,387.718,179.585,74.7289,30.3083,258.555,298.553,92.3594,56.7215,1.49956,train
754,114.191,1.29803,47.6253,29.905,170.04,0.276858,731.866,39.5615,21.8412,-4.03192,75.506,87.1868,36.172,27.2292,9.69282,test
755,187.414,2.08243,136.198,11.1542,91.105,0.325701,790.836,188.845,63.8006,26.3232,281.496,325.043,462.094,252.146,2.80941,test
756,117.647,2.92657,58.2313,20.6764,116.634,0.289377,714.109,26.8074,-10.7475,-15.712,73.6457,85.0387,48.6236,-0.64231,9.69654,train
757,157.789,2.15611,91.9025,8.96456,89.3072,0.322841,650.204,119.434,36.4958,13.7656,183.023,211.336,255.586,133.124,3.55259,train
758,129.627,2.74534,110.965,15.9334,78.6677,0.298449,685.804,108.174,13.142,-1.39568,189.78,219.139,233.502,82.8465,3.61369,train
759,187.204,2.3322,12.8859,13.638,71.7734,0.257345,772.167,-14.729,-13.9769,-13.8075,1.59619,1.84312,-20.4999,-42.0574,483.757,train
760,27.2869,1.44975,139.278,4.387,101.877,0.26693,733.868,375.368,240.477,118.045,445.697,514.646,102.057,81.597,1.64656,train
761,60.2299,2.1615,116.335,2.6426,83.3296,0.326855,600.847,172.972,59.2796,28.3185,250.547,289.306,145.816,79.5019,2.39814,train
762,86.2262,2.10428,107.731,8.67228,113.184,0.260893,781.936,148.18,49.1214,20.2245,221.625,255.91,130.279,73.9147,3.5282,train
763,141.953,2.21394,34.6891,8.75236,147.091,0.335873,826.236,30.4801,4.54328,-2.10454,56.4382,65.1692,41.3418,17.4985,14.6397,train
764,80.6411,1.36495,16.7207,15.053,146.675,0.278394,292.192,-9.52071,-11.1885,-13.1207,6.2354,7.20002,-0.666919,-2.51028,46.8603,train
765,170.135,1.81901,124.667,8.60687,102.126,0.269103,834.613,207.992,91.9314,41.6623,288.091,332.659,383.712,251.628,2.89704,train
766,76.2818,1.48161,51.458,20.761,197.52,0.328869,787.034,61.3046,30.6076,4.92332,97.6552,112.763,29.586,20.4938,8.05932,train
767,182.393,1.1942,54.0545,22.0343,90.0752,0.272572,677.726,160.277,128.256,53.1111,185.616,214.331,325.065,289.658,3.65122,train
768,20.4147,1.74674,13.8579,13.741,202.761,0.299453,660.097,-13.5103,-13.6271,-13.6841,0.300951,0.347508,-0.52988,-0.952257,2193.37,test
769,188.774,2.24213,135.42,8.43165,153.488,0.300257,751.125,181.623,54.6349,23.1016,274.568,317.043,264.855,138.513,2.73567,train
770,58.2496,2.68842,95.4337,25.3571,149.134,0.272783,347.099,67.2247,-2.8519,-14.1045,140.866,162.658,37.9277,8.30864,2.46403,train
771,146.492,1.74075,95.7501,16.0572,170.287,0.309133,623.022,142.143,62.4498,23.1963,206.021,237.893,141.575,90.2141,3.02407,train
772,38.4229,2.42135,75.3181,13.8697,92.5438,0.339178,581.51,72.8509,11.4024,-1.23364,128.318,148.169,41.0269,16.6129,4.53178,train
773,63.4483,1.8105,104.453,26.1339,105.359,0.279887,635.46,120.949,42.6298,8.24794,195.203,225.401,89.0517,51.9374,3.25538,train
774,138.158,2.99182,84.4932,0.41107,149.552,0.262578,399.781,104.821,20.739,10.164,163.951,189.314,114.866,50.2423,2.43842,train
775,199.387,1.99329,22.2575,23.7224,139.989,0.339794,787.764,-26.1727,-24.7078,-24.2151,3.39065,3.91518,-14.7865,-23.9017,232.334,train
776,99.328,2.52049,133.37,6.25748,161.653,0.297791,406.209,168.348,41.2358,17.4891,261.296,301.719,124.646,58.6827,1.55459,train
777,21.4172,1.98174,50.5885,26.6138,187.918,0.314701,440.761,13.7411,-10.2336,-18.4237,55.711,64.3295,4.04133,0.889827,7.91156,train
778,195.556,2.01348,21.0958,9.13077,97.5646,0.294095,550.532,10.6697,-1.29533,-5.21305,27.5098,31.7656,36.8946,11.797,20.0122,train
779,188.81,2.10517,27.8251,11.0429,151.904,0.267703,858.618,15.5198,-1.26238,-6.15264,37.5377,43.3449,30.5962,8.74197,22.8735,train
780,67.5645,1.31988,148.258,21.751,162.603,0.276879,420.711,445.708,319.2,148.725,514.39,593.966,185.146,155.78,0.817883,train
781,172.978,2.07206,34.7767,14.8536,127.257,0.28632,780.385,17.1682,-2.75492,-8.80426,44.9856,51.9449,40.2978,11.3191,17.3474,train
782,82.4772,2.03182,50.6738,1.06608,163.703,0.265111,886.7,80.2571,30.6494,14.7916,113.39,130.931,45.2279,27.65,7.81994,train
783,86.1656,1.34248,62.43,7.66002,178.069,0.268771,870.638,183.652,128.882,60.611,213.113,246.082,89.1035,74.4777,4.08533,train
784,89.0203,1.74548,77.2999,9.87903,81.4208,0.312073,532.492,123.424,56.003,23.062,173.832,200.724,153.45,99.025,3.06326,train
785,91.0524,2.10787,82.6908,29.5691,193.634,0.313847,630.739,54.4093,1.28763,-14.1408,118.732,137.1,39.8753,14.8736,5.31229,train
786,49.7395,2.75702,32.7426,12.2152,111.332,0.264235,435.729,14.5315,-5.99591,-9.10556,40.9406,47.2741,11.4325,-0.446154,10.643,train
787,164.181,2.72613,19.3412,14.1739,96.197,0.346024,675.196,-7.39968,-12.567,-13.3704,10.3417,11.9415,6.68919,-14.1259,65.2888,train
788,34.3943,1.31791,31.9178,17.4306,138.948,0.301677,276.304,36.3773,21.89,2.22972,59.1453,68.2951,11.2216,8.63708,4.67161,test
789,52.0316,2.67403,18.7934,24.1676,173.471,0.310034,864.589,-31.2895,-25.9152,-25.0414,10.8219,12.4961,-5.30877,-8.54895,79.8922,train
790,51.3317,2.42418,144.715,14.0409,199.718,0.328113,402.078,170.224,39.5507,12.7549,272.745,314.939,54.8797,24.9056,1.47419,test
791,104.306,2.71146,71.6916,15.9537,172.622,0.273659,363.48,57.3338,1.59592,-7.17889,111.739,129.025,47.6856,12.9865,3.25293,train
792,137.594,2.81932,147.403,9.50226,129.351,0.334535,361.481,168.09,30.1897,10.3437,273.225,315.493,227.576,89.6946,1.32301,train
793,110.003,2.9709,75.2106,3.40405,144.147,0.319335,307.659,86.7528,14.9462,5.77108,140.264,161.963,83.1255,32.172,2.19342,train
794,102.786,2.40411,11.4615,7.64275,164.656,0.272992,788.07,-2.22616,-6.04488,-6.84381,7.99801,9.23531,1.72981,-3.13683,98.5333,train
795,125.071,1.28497,34.0091,4.1506,166.216,0.316154,447.216,117.42,87.5615,41.7054,131.141,151.429,86.5229,73.1819,3.41018,train
796,47.6101,1.85404,84.1492,4.77866,113.74,0.348861,299.269,139.718,60.3472,27.7843,193.875,223.867,66.7147,40.6052,1.54362,train
797,185.737,2.88313,47.6582,21.2977,110.188,0.278476,515.538,12.2727,-14.0879,-17.6928,51.9017,59.9309,51.3636,-15.6975,9.93297,train
798,33.2912,2.46124,22.2436,21.409,159.127,0.325072,884.436,-20.2443,-21.0789,-21.244,1.73143,1.99928,-1.27781,-3.71446,510.813,train
799,176.813,2.96194,120.574,4.27313,108.795,0.291043,274.119,141.951,25.6507,10.6888,227.354,262.525,282.673,114.487,1.20569,train
800,188.414,1.58808,109.671,18.5409,164.722,0.252546,863.382,192.338,101.208,41.3337,261.548,302.009,239.742,173.388,3.30105,train
801,40.3803,1.46834,131.173,8.28016,169.819,0.289146,655.832,327.225,204.332,98.0259,396.984,458.398,80.0878,62.2819,1.65204,train
802,157.656,1.34803,121.593,0.142874,189.591,0.333624,722.197,418.546,297.096,148.477,467.774,540.139,340.587,277.56,1.5439,train
803,137.737,2.12387,122.214,18.4842,76.2336,0.287145,707.712,144.337,40.6068,11.0613,230.839,266.55,318.449,164.002,3.06582,train
804,136.264,2.83097,15.3823,10.8435,139.676,0.327365,712.093,-5.01068,-9.54943,-10.1965,8.98209,10.3716,3.2808,-7.35103,79.2792,test
805,76.4633,1.96505,77.5723,4.43034,100.606,0.332064,837.106,119.835,46.6926,21.1311,170.959,197.407,105.322,61.4523,4.89652,train
806,88.7512,2.95946,15.7064,25.7652,140.141,0.262736,403.399,-38.417,-28.3582,-27.0617,19.668,22.7106,-17.2133,-27.1364,20.5105,train
807,52.9733,1.74524,95.0752,18.2765,97.2753,0.323796,304.829,133.599,56.8002,19.2619,198.038,228.674,86.1224,53.6802,1.53925,train
808,199.967,1.81365,74.1445,17.7316,150.574,0.271649,621.832,87.9648,31.5519,6.91015,140.391,162.109,141.076,83.0761,4.42929,train
809,71.5305,2.16656,84.9453,1.44743,167.239,0.291813,377.854,127.258,43.7599,21.1562,183.773,212.203,62.3916,35.2215,2.05609,train
810,86.0464,1.86163,25.0594,21.1703,155.087,0.296752,788.784,-14.1267,-18.0158,-19.593,9.46796,10.9327,-0.486045,-6.11382,83.3109,train
811,97.2228,1.62091,105.104,13.9818,203.726,0.284163,834.041,189.128,98.0059,42.012,254.812,294.232,98.8123,69.65,3.27316,train
812,23.613,1.71688,114.163,18.2114,205.181,0.265703,899.504,176.27,80.3184,31.0535,251.523,290.433,22.8272,15.1955,3.57623,train
813,141.416,2.51757,117.044,21.858,207.828,0.278616,853.876,108.99,13.8044,-4.0268,195.751,226.033,97.1148,36.0024,4.36206,train
814,31.0656,2.19421,12.2923,14.5253,195.297,0.299338,527.012,-17.9289,-15.696,-15.1106,4.8814,5.63656,-1.54713,-2.38208,107.963,test
815,103.728,1.45767,54.3082,12.0023,200.799,0.290802,333.984,105.527,63.2215,25.6096,138.422,159.836,58.8239,44.6259,2.4128,test
816,179.111,1.9752,128.989,19.8475,101.981,0.283475,321.498,164.527,55.3855,17.769,254.192,293.516,344.336,194.182,1.26478,train
817,73.1691,2.02036,98.8434,10.5826,206.99,0.270948,513.43,134.956,46.6951,18.0562,202.476,233.799,55.4433,31.9025,2.53576,train
818,34.55,1.95045,62.2354,5.07856,104.089,0.251206,874.234,92.8425,35.6856,15.3035,134.301,155.078,34.7304,21.4404,6.50949,train
819,126.822,1.58613,65.7316,1.67087,197.921,0.344883,424.65,146.914,82.8528,40.5909,184.156,212.645,99.6941,70.565,2.30592,train
820,178.263,2.53951,82.3826,13.5414,181.273,0.259032,404.12,80.5666,11.7254,-0.908013,141.118,162.949,100.445,38.6296,2.8637,train
821,117.101,2.93467,120.651,24.6972,185.877,0.341998,684.616,96.4667,0.512972,-12.0921,188.029,217.118,89.3732,24.2099,3.64101,train
822,184.264,1.34164,65.7846,9.33633,195.457,0.292655,807.577,188.232,131.783,61.2235,219.984,254.016,178.71,147.475,3.67107,test
823,130.069,1.84265,74.3011,29.5286,177.086,0.280304,251.52,52.6263,7.85385,-10.8374,109.922,126.927,56.1823,25.9432,2.28816,train
824,178.094,1.36795,69.0271,7.95773,95.0556,0.331927,405.109,193.293,132.224,62.1331,227.176,262.32,366.437,292.796,1.78324,test
825,174.002,1.55792,128.834,4.542,107.251,0.327484,554.571,293.939,169.647,82.5523,366.133,422.774,501.47,364.215,1.51467,train
826,35.2747,2.28838,148.332,28.6446,146.332,0.329162,664.999,147.543,27.8558,-0.394395,256.235,295.874,47.3678,20.6391,2.59528,train
827,174.637,2.75617,146.575,23.7137,93.5411,0.251294,818.185,136.399,13.537,-5.08832,245.063,282.974,325.805,106.9,3.33867,train
828,166.038,1.62988,94.9436,9.26012,146.638,0.323958,524.988,179.873,94.1898,42.4648,237.998,274.817,222.921,153.977,2.20585,train
829,108.296,1.80468,52.3839,28.9476,182.371,0.296449,430.728,15.2574,-8.17888,-18.5632,58.5791,67.6413,21.5497,6.32891,7.35293,train
830,50.1052,2.22514,131.099,18.2202,193.941,0.266008,796.138,151.794,38.9153,10.3476,244.992,282.892,47.5148,23.5752,3.24965,train
831,20.955,1.24953,148.207,1.89934,128.082,0.253428,761.181,665.705,519.398,258.749,704.868,813.912,104.33,92.8734,1.07989,train
832,50.8452,1.54766,138.459,10.235,173.922,0.302919,627.961,301.792,173.568,81.6665,381.269,440.252,93.257,68.7407,1.64703,train
833,105.543,2.72379,62.489,7.03155,182.823,0.298698,499.9,65.7049,10.2475,1.60797,111.019,128.194,48.4293,18.6609,4.50283,train
834,142.764,1.83025,104.284,28.989,105.397,0.300083,332.735,110.392,35.0973,3.05414,185.915,214.677,190.678,106.305,1.78971,test
835,117.855,2.2776,48.8351,7.1411,190.565,0.32723,740.887,54.4667,12.7726,2.81577,89.462,103.302,42.9984,19.9851,8.28158,test
836,54.1602,2.29875,122.101,11.6465,153.385,0.254766,416.837,150.371,39.9163,14.1349,235.967,272.472,62.8083,31.8851,1.7665,train
837,112.66,1.79296,6.32169,1.04765,103.243,0.260917,505.832,8.9891,3.71506,1.3337,13.2595,15.3108,11.2292,7.12249,38.1485,test
838,69.595,2.25369,139.367,7.1114,143.209,0.274132,500.336,189.99,57.734,25.3113,285.232,329.357,107.523,57.7672,1.75414,train
839,23.3589,1.60418,99.7337,12.3954,200.054,0.310878,699.827,185.962,98.6241,43.1144,247.42,285.696,23.7688,16.6844,2.8285,train
840,141.764,1.64542,103.225,17.0788,133.532,0.266322,475.127,169.976,83.8294,33.3753,236.599,273.201,200.204,138.857,2.00816,train
841,168.994,2.41347,103.633,16.1257,83.9547,0.343409,320.453,107.655,20.1479,2.01112,182.98,211.287,286.947,121.429,1.7513,train
842,53.7691,2.91414,57.0682,7.16703,152.836,0.291125,807.731,56.0549,6.15379,-0.506619,97.9674,113.123,25.6175,8.59933,8.2449,test
843,189.213,2.05067,63.6373,20.4134,197.231,0.314794,695.88,49.7813,6.55736,-6.928,98.2234,113.419,69.068,29.8327,7.08467,test
844,81.055,1.46137,27.5562,0.00582566,148.803,0.341327,758.584,76.0651,48.5147,24.2544,89.7386,103.621,42.0475,32.0306,8.45326,train
845,31.5043,1.23715,88.674,14.9789,96.8861,0.339068,740.407,336.531,262.836,123.928,368.238,425.205,105.542,90.8731,2.01068,train
846,188.987,2.85857,126.606,13.1137,125.16,0.300934,735.742,132.03,18.5376,2.71196,223.985,258.636,255.658,93.5259,3.28478,train
847,26.9134,2.04872,21.6785,24.0099,113.987,0.295363,627.548,-27.7996,-25.4682,-24.739,5.30109,6.12118,-3.32668,-5.3546,118.381,train
848,187.712,1.67361,43.5088,0.194993,191.297,0.292077,454.37,91.2191,47.9053,23.8552,116.678,134.728,95.1426,67.3236,3.89423,train
849,169.414,2.21604,119.331,4.0644,194.521,0.339447,447.96,170.149,54.8828,25.4092,250.697,289.48,175.954,91.9406,1.78686,test
850,97.02,1.21273,35.8882,10.8749,108.17,0.316337,643.106,120.416,95.4024,42.2638,135.363,156.304,106.195,92.9713,4.75097,train
851,27.3217,2.922,111.943,24.8876,72.3632,0.29826,828.682,85.2647,-1.79028,-13.339,170.787,197.207,46.3011,10.6034,4.85215,train
852,125.983,2.03538,114.362,13.4956,208.041,0.300181,880.221,151.56,50.6942,18.5993,230.295,265.922,109.187,60.5949,3.82214,train
853,100.803,1.95194,130.339,14.0344,192.283,0.262083,394.518,185.047,68.7421,27.3538,273.132,315.386,111.159,66.7711,1.44442,train
854,142.641,2.47757,116.088,21.3689,79.1647,0.255543,713.58,110.218,15.4985,-2.93524,195.987,226.306,253.396,96.9132,3.64096,train
855,43.7191,1.98347,66.1717,3.04966,156.495,0.339927,488.74,103.098,39.976,18.4632,146.592,169.27,33.3325,19.2479,3.33402,train
856,128.792,2.88105,14.5791,8.62391,123.185,0.260499,332.499,-1.03731,-6.99246,-7.80819,11.7275,13.5418,5.01277,-8.16877,28.3521,train
857,101.903,1.40499,75.8237,26.094,173.748,0.271846,567.483,125.752,76.0221,24.9641,174.569,201.575,81.8622,62.897,3.25076,train
858,185.571,2.91511,28.4608,28.7938,73.7856,0.260111,273.5,-29.2156,-28.8826,-28.8382,0.653714,0.754844,-35.9935,-101.849,418.378,train
859,57.8254,2.08134,108.831,3.64298,180.992,0.257387,764.418,164.684,59.4956,27.9263,236.871,273.515,59.268,35.4065,3.22715,train
860,171.228,1.61791,136.305,10.8892,186.474,0.289704,507.665,269.589,144.173,66.6417,351.515,405.894,266.079,190.191,1.44422,train
861,89.4663,2.47432,105.434,28.2881,201.375,0.254796,898.663,78.9797,1.83384,-13.2271,159.707,184.414,48.5213,13.644,5.62696,train
862,127.056,1.1115,7.52037,10.3603,118.55,0.348609,694.617,-37.3254,-34.4855,-22.4229,25.8119,29.8051,-28.8161,-27.4666,26.9107,test
863,189.024,2.6162,41.5043,1.36336,207.114,0.273093,384.172,52.5139,12.373,5.50481,81.4222,94.0183,56.8997,26.8424,4.71827,train
864,90.6863,2.00373,24.128,19.3653,101.039,0.324137,518.374,-11.4431,-16.2058,-17.7856,10.9854,12.6848,1.92304,-7.48844,47.1876,train
865,153.443,2.63021,36.7885,4.23069,72.6071,0.306991,718.086,39.33,6.77223,1.27077,65.9205,76.1185,106.16,42.6943,10.8932,test
866,188.893,2.10608,32.3672,18.3389,116.073,0.260604,394.755,3.85605,-10.1723,-14.2556,31.3703,36.2232,26.0477,-5.75132,12.5837,train
867,149.373,2.15914,141.02,27.4188,205.4,0.327501,817.893,148.228,34.6269,3.60406,250.497,289.249,140.524,66.6171,3.26508,test
868,104.264,1.37828,142.335,7.55558,116.42,0.295592,766.865,426.849,292.07,142.257,492.927,569.183,382.301,311.374,1.55574,test
869,180.307,2.02958,147.482,20.9555,202.926,0.343016,615.919,186.699,60.1719,19.6082,289.409,334.181,204.863,109.345,2.12819,train
870,114.21,1.42827,84.8649,18.408,120.272,0.274543,484.339,175.856,109.399,45.4954,225.791,260.721,177.255,138.289,2.14508,train
871,46.9587,1.33354,63.6008,24.4659,164.337,0.25095,858.096,115.23,76.0949,25.8145,154.872,178.831,35.636,28.8673,5.54068,train
872,127.326,2.47469,137.301,12.4939,172.173,0.301119,758.106,161.027,36.2201,11.8631,258.36,298.328,147.017,66.6337,2.9343,train
873,156.367,1.21797,107.929,21.0099,174.608,0.311146,512.605,425.491,338.572,158.781,461.956,533.421,366.871,322.533,1.10964,test
874,77.3683,2.70816,128.155,1.3041,124.226,0.338459,609.922,165.6,38.7492,18.7225,254.399,293.755,126.204,55.4127,2.3975,train
875,179.278,1.10835,40.3628,5.81776,93.3633,0.333494,335.985,331.156,296.611,145.397,321.745,371.519,568.632,532.205,1.04426,train
876,166.253,2.01455,123.613,13.3524,158.632,0.317245,858.459,169.012,58.7511,22.6994,253.421,292.625,210.684,117.783,3.38749,test
877,64.0192,2.82845,123.137,25.4122,202.653,0.306686,578.495,100.234,2.50885,-11.4517,193.445,223.371,44.7039,12.3435,2.99049,train
878,81.924,2.39524,109.954,8.48846,144.219,0.309526,393.677,135.815,34.3494,12.9305,212.842,245.768,94.2088,44.8657,1.84963,train
879,66.3835,1.3669,41.0733,9.31851,180.822,0.347504,635.059,95.5697,63.8149,27.2482,118.336,136.643,36.8493,28.8967,5.36656,train
880,103.593,2.70166,143.66,0.80321,73.2806,0.258654,717.281,187.413,44.5557,21.8763,286.717,331.073,309.465,149.35,2.5017,train
881,170.205,1.81497,128.233,25.4849,176.156,0.256598,870.85,166.838,64.0901,19.3026,255.539,295.071,188.209,115.174,3.4079,train
882,161.707,1.7109,64.4426,17.2039,134.994,0.34386,711.721,79.0585,31.8198,7.30796,124.276,143.501,118.237,72.1871,5.72695,train
883,182.052,1.13741,8.07108,24.0837,163.479,0.314052,545.406,-149.136,-133.124,-78.6037,122.166,141.065,-135.766,-127.77,4.46447,train
884,98.8366,2.69981,88.4233,7.34066,132.838,0.258907,557.738,99.5277,18.445,5.55217,162.77,187.951,90.0167,37.9819,3.42653,train
885,99.1579,2.05713,16.1058,12.774,114.883,0.323365,488.917,-7.3803,-10.7121,-11.7431,7.55651,8.72551,1.40262,-4.94342,64.7014,train
886,147.3,1.29001,9.29125,14.0097,125.352,0.327917,430.68,-32.9373,-28.2189,-21.1143,20.4781,23.6461,-26.9882,-25.3171,21.0313,train
887,143.947,2.25522,134.234,11.1262,118.865,0.265601,389.321,172.241,49.1324,19.0031,265.415,306.475,245.65,128.472,1.46684,train
888,42.3155,2.53575,60.8798,13.2919,78.9008,0.290926,844.31,51.8238,4.23589,-4.52799,97.6041,112.704,37.9991,12.8109,8.65035,train
889,136.782,2.20487,88.4284,25.6059,89.388,0.349617,297.15,69.7546,6.93217,-9.33688,136.99,158.183,159.042,64.6064,2.16913,train
890,194.336,1.26751,137.532,21.3802,102.089,0.344311,653.037,477.741,361.589,170.104,532.842,615.273,888.08,748.9,1.22557,train
891,106.336,2.99267,12.9801,13.5539,190.278,0.342148,471.354,-14.272,-13.6982,-13.626,1.11882,1.2919,-2.88854,-7.35641,421.296,train
892,67.3853,2.29786,140.935,26.6523,71.5795,0.297039,517.977,141.032,26.7492,0.0484266,244.191,281.968,172.165,74.9588,2.12119,train
893,33.3747,1.22186,53.9795,8.49524,161.927,0.261919,303.549,221.53,176.045,83.7751,238.598,275.509,44.0508,39.3692,1.27222,train
894,27.4376,2.22338,59.6504,29.0193,131.755,0.264516,316.615,17.1471,-13.484,-21.2516,66.5086,76.7975,8.02734,-0.0863644,4.76051,train
895,45.051,1.99201,147.795,15.3595,183.136,0.330838,881.542,206.315,73.8792,29.2599,306.668,354.11,60.4,33.9495,2.87458,train
896,108.607,1.60788,81.6022,14.1578,97.4703,0.327421,389.947,138.374,70.9298,28.386,190.505,219.976,173.6,118.732,2.04691,train
897,190.053,2.16753,33.7292,27.5259,155.987,0.297262,463.536,-17.968,-24.1712,-25.8486,13.6496,15.7612,-0.314068,-21.9326,33.9597,train
898,132.053,1.68374,89.5561,29.2193,141.273,0.276929,364.729,96.8804,36.5436,3.66214,161.459,186.437,112.791,68.653,2.25896,train
899,171.183,2.9484,23.0711,27.9028,116.615,0.318477,755.401,-33.9906,-29.1589,-28.5308,9.45656,10.9195,-25.7719,-48.4142,79.8811,train
900,37.9904,2.96263,148.677,2.32281,194.998,0.335656,444.834,181.668,35.3141,16.4956,286.087,330.345,44.0371,17.6372,1.55489,train
901,190.75,1.20266,101.517,17.2929,155.511,0.263023,702.46,444.286,360.062,171.385,472.68,545.804,522.42,471.368,1.48612,train
902,160.787,1.16345,16.4329,17.3746,91.5773,0.329264,535.54,-23.642,-22.7004,-20.0375,6.24324,7.20908,-20.4257,-21.2075,85.7792,train
903,21.9119,1.30984,130.046,10.6271,138.66,0.270058,544.979,442.509,323.09,156.231,495.847,572.555,68.8106,58.7371,1.09909,train
904,124.233,2.26873,147.012,5.0194,174.56,0.323304,526.183,205.451,63.4581,29.2194,305.242,352.463,173.321,89.8291,1.72383,test
905,45.9886,2.58374,62.0076,3.52428,117.767,0.321345,528.193,75.5673,17.084,6.77984,119.143,137.575,36.4399,16.1816,4.43326,train
906,152.888,2.47134,44.6245,17.5953,78.6048,0.273103,536.511,20.0179,-7.01128,-12.3033,55.982,64.6424,69.1751,5.54776,9.58363,test
907,50.9939,2.23561,53.6074,25.3807,187.588,0.340385,734.778,16.9665,-11.2602,-18.3204,61.1188,70.574,11.2677,2.19697,12.0221,train
908,98.1934,2.20282,138.684,24.079,150.329,0.306233,878.74,150.023,35.4184,5.66971,250.028,288.707,124.6,59.0738,3.51457,train
909,197.16,2.30789,81.0149,2.86608,180.524,0.265237,320.885,111.41,33.2609,15.1974,166.645,192.425,140.742,75.5922,1.92556,train
910,133.902,2.49281,17.7514,9.67714,208.668,0.255762,523.975,1.49422,-6.58005,-8.12859,16.6672,19.2456,5.20632,-3.24089,31.4375,test
911,175.942,2.69696,106.738,25.5727,194.671,0.311915,574.627,81.468,0.302465,-12.6351,162.991,188.206,107.282,29.7864,3.52551,train
912,78.3696,2.675,105.887,9.48649,156.866,0.261103,285.506,118.235,21.8348,6.17414,194.096,224.122,72.0771,30.3362,1.47096,train
913,31.2332,1.71199,42.2753,20.8681,165.05,0.317987,355.961,22.7122,1.30501,-9.78154,56.2808,64.9875,7.43043,3.58024,6.32473,train
914,137.176,2.95746,121.773,21.6868,200.283,0.335612,743.893,104.24,4.15348,-8.76667,195.733,226.013,101.402,29.1159,3.80054,train
915,107.276,2.3203,116.978,6.75536,182.877,0.345658,268.946,153.754,43.5309,18.3878,234.461,270.732,110.183,53.777,1.14709,train
916,51.0443,1.5948,63.4557,14.7034,206.512,0.28433,473.8,97.225,48.4727,16.8847,139.154,160.681,27.3044,18.8631,3.40488,test
917,139.484,2.33307,50.5275,27.4983,120.506,0.271089,873.567,5.89691,-17.1323,-22.3153,48.865,56.4244,29.6824,-9.79839,17.8771,train
918,100.187,2.89787,122.968,26.9433,179.038,0.315532,869.366,95.0427,-0.982419,-13.9629,188.803,218.011,77.3618,19.3373,4.60461,train
919,50.6376,2.35666,128.535,18.3043,149.846,0.341603,360.888,140.338,30.1075,5.90159,232.85,268.872,61.5812,27.3515,1.54987,train
920,26.2531,1.36871,32.9425,16.3262,202.7,0.335705,829.078,38.3406,21.7244,2.69906,61.733,71.2831,6.28075,4.66209,13.4301,train
921,148.091,1.45364,52.7879,10.5366,164.429,0.268685,833.325,107.633,65.3815,27.4225,138.928,160.421,103.076,79.658,5.99823,train
922,31.2837,1.86707,82.074,29.1529,171.348,0.28295,683.728,66.3443,13.4232,-7.86487,128.534,148.418,16.7589,8.1461,5.31943,train
923,162.026,1.29868,75.067,15.281,147.16,0.315008,273.213,218.662,158.876,71.7975,254.377,293.729,241.885,201.716,1.07405,train
924,180.736,1.5227,126.61,27.9799,161.956,0.26606,693.847,220.246,121.616,46.8179,300.386,346.856,269.476,198.141,2.30985,train
925,70.7395,2.02896,39.1562,16.4449,207.746,0.309259,264.923,20.8406,-1.87078,-9.15782,51.9588,59.9968,12.1841,4.1778,5.09871,train
926,75.7897,1.52959,38.7889,17.1131,180.888,0.320728,350.385,36.9231,15.2473,-0.932893,65.5686,75.7121,20.8082,13.481,5.34379,test
927,115.522,1.5136,57.1995,21.3085,195.657,0.349998,313.922,70.1854,34.2944,6.49298,110.319,127.385,51.918,35.282,2.8456,train
928,169.936,1.31946,95.5298,11.1105,207.968,0.309923,528.729,301.165,216.746,102.818,343.548,396.695,244.245,203.045,1.53902,train
929,79.9264,2.62185,130.537,2.78859,204.577,0.290035,895.877,168.455,40.7069,18.9592,258.934,298.991,78.4573,36.8933,3.45986,train
930,84.0349,2.01122,124.065,13.2076,162.05,0.346415,540.58,170.462,59.6049,23.1987,255.068,294.527,106.517,58.5559,2.11936,train
931,150.314,2.43018,9.94804,20.5932,186.063,0.318842,348.036,-35.5782,-24.933,-22.7631,22.1963,25.6301,-20.3165,-21.8102,15.6799,train
932,106.637,2.26756,68.174,12.5319,174.513,0.26268,755.525,69.9783,14.3363,0.902171,119.643,138.152,53.5583,24.0972,6.3148,train
933,74.5512,2.54578,121.089,20.7337,94.9228,0.326664,352.149,116.241,15.8857,-2.42398,205.534,237.33,122.982,46.8875,1.71334,train
934,83.3032,1.76279,87.9323,24.6458,191.236,0.290705,801.534,98.7008,35.4144,5.38429,161.629,186.633,53.4477,31.4936,4.9591,train
935,179.5,2.84785,63.3025,6.83647,166.521,0.33912,625.727,65.5125,9.04654,1.10504,111.557,128.815,93.355,33.7378,5.60903,train
936,99.9975,2.18991,90.8032,25.9471,195.337,0.341381,546.305,73.0825,8.22637,-8.86035,141.929,163.886,54.8298,22.5434,3.84914,train
937,52.7969,1.84163,92.5406,25.8985,93.0504,0.347618,586.899,96.4739,29.8318,1.96665,163.691,189.014,72.6041,39.8655,3.5854,train
938,64.2991,1.39425,130.846,11.8585,209.072,0.338339,521.889,359.243,240.255,114.198,424.429,490.089,112.216,88.1726,1.22962,train
939,95.1249,2.24326,125.681,22.8016,103.009,0.328956,680.42,131.106,28.2268,2.7126,222.384,256.787,158.426,72.1635,3.05967,train
940,128.017,2.68267,108.614,25.1749,134.86,0.273673,569.98,85.1944,1.7552,-11.7099,167.843,193.809,112.13,30.1755,3.39591,train
941,56.4749,1.61055,92.3794,29.7721,173.947,0.299617,401.56,111.395,48.7878,9.50788,176.474,203.775,44.2279,28.6856,2.27547,train
942,136.89,2.29137,36.2918,21.6117,157.27,0.299806,328.091,-0.0239113,-14.704,-18.1578,31.4089,36.2678,14.1881,-5.54629,10.4458,train
943,111.975,2.09924,44.8091,14.6595,187.249,0.269192,707.293,33.1897,3.04009,-5.8097,67.549,77.9988,27.9958,10.7335,10.4708,test
944,24.9085,2.65644,144.137,10.6747,165.565,0.270568,772.072,166.859,33.3965,11.3609,269.33,310.996,30.5079,13.2727,2.86663,test
945,84.6149,1.41197,78.9434,0.304041,140.458,0.269004,668.377,236.618,157.979,78.8374,273.284,315.562,142.561,116.407,2.44572,train
946,101.147,2.10869,129.687,13.8409,116.146,0.27227,819.082,169.229,53.3832,19.7712,258.869,298.916,173.437,95.0664,3.16408,train
947,25.4168,2.29307,20.8188,20.6939,145.308,0.266368,366.623,-20.5103,-20.6352,-20.6646,0.267223,0.308563,-1.65479,-3.85801,1371.97,test
948,162.63,1.3514,39.4784,3.19423,84.4962,0.343562,441.481,120.914,84.6301,40.718,138.904,160.393,231.905,186.595,3.17831,train
949,24.745,2.50271,14.9538,20.1289,116.882,0.267131,708.026,-27.2705,-22.0953,-21.1121,10.6665,12.3166,-3.73373,-5.86994,66.3783,train
950,68.1746,1.53412,81.9524,14.2505,155.302,0.325315,298.591,153.49,85.7876,35.7686,203.899,235.442,73.9745,53.0595,1.46441,train
951,192.978,1.12541,58.3146,24.3971,166.835,0.319382,730.496,264.009,230.091,102.847,279.14,322.323,288.926,266.907,2.61695,test
952,21.1909,2.22243,77.6237,7.93733,176.086,0.286913,456.957,97.13,27.4436,9.75312,151.341,174.754,14.0325,7.20063,3.01939,train
953,159.958,1.52731,58.5954,2.1316,178.886,0.334197,517.139,139.07,82.6063,40.2373,171.183,197.665,129.841,95.4239,3.02097,train
954,157.379,1.37981,81.3972,11.5944,202.282,0.317489,885.802,212.663,142.86,65.6329,254.664,294.06,169.35,134.945,3.47832,train
955,187.594,1.78865,79.059,12.0303,91.2449,0.334725,672.076,115.954,48.9251,18.4474,168.886,195.013,280.105,172.016,3.97947,test
956,64.6004,2.77977,113.32,21.0608,163.174,0.274962,872.342,98.6279,6.36826,-7.34627,183.553,211.948,52.1821,15.6043,4.75254,train
957,50.7921,2.33359,26.1073,0.579259,140.865,0.269967,778.854,36.4332,10.9052,5.16298,54.1616,62.5405,15.1757,8.13478,14.3802,train
958,167.669,2.48091,76.9972,9.75192,156.38,0.316235,638.552,83.583,16.3377,3.29291,139.066,160.58,114.607,48.8917,4.59171,train
959,94.9818,1.2064,47.2091,8.53049,113.579,0.34971,396.039,200.011,161.333,76.4011,214.099,247.22,158.724,138.818,1.84979,train
960,133.877,2.44489,108.046,7.46759,73.0203,0.326479,700.118,133.524,32.9456,12.739,209.205,241.569,301.854,139.965,3.34656,train
961,119.443,1.22007,131.412,14.8373,164.572,0.34807,738.274,578.935,462.36,223.761,615.178,710.347,396.849,345.027,1.2001,train
962,152.06,1.68598,87.5577,13.0336,122.273,0.260816,362.786,142.384,67.8599,27.4132,199.135,229.942,196.578,134.418,1.82181,test
963,68.9412,1.34266,106.778,6.04108,186.208,0.286774,442.785,345.681,244.944,119.452,391.841,452.459,126.639,105.595,1.13001,test
964,90.0241,2.86599,16.3323,16.8021,127.398,0.29595,765.56,-17.4021,-16.9323,-16.8672,0.926422,1.06974,-5.35393,-14.1114,826.362,train
965,137.411,2.97794,83.8601,19.0397,114.647,0.329935,873.732,62.2574,-2.56301,-10.8013,126.541,146.118,112.053,25.9933,6.90471,train
966,20.2095,1.21709,24.3289,25.2218,80.0948,0.273479,553.336,-29.8252,-28.9323,-27.077,4.75994,5.4963,-3.97827,-4.49271,116.249,train
967,62.8567,1.74398,22.4692,9.01299,163.546,0.319834,250.661,17.6261,4.16988,-2.42155,34.7236,40.0954,9.83403,5.24627,7.21876,test
968,41.3261,1.95289,37.5928,3.94522,111.755,0.335217,486.426,53.6185,19.971,8.01288,78.9913,91.2113,23.4944,13.4376,6.15797,train
969,148.54,2.53158,103.01,10.2614,112.828,0.293493,612.323,116.781,24.0332,6.88587,190.345,219.791,190.886,83.4016,3.21692,train
970,101.555,2.57936,107.427,14.8028,172.744,0.347961,813.508,110.591,17.9667,1.58194,188.809,218.018,86.6683,34.2205,4.30863,train
971,100.913,1.58743,90.3007,15.4249,176.946,0.347107,560.519,157.975,83.0995,33.8373,215.013,248.276,101.271,69.4457,2.6069,train
972,86.8527,2.90371,9.2484,23.8451,161.123,0.345446,753.41,-42.3702,-27.7735,-25.8093,28.6843,33.1218,-16.3113,-16.6236,26.2656,train
973,57.0459,1.32972,30.9459,14.3758,95.7078,0.278741,859.025,45.337,28.7668,7.19551,66.0629,76.2829,30.9687,24.386,13.0031,test
974,64.5549,2.32337,77.6833,15.7667,93.1136,0.344618,461.174,74.3062,12.3896,-1.68854,131.627,151.989,70.4795,29.6464,3.50365,train
975,149.491,1.85338,87.2143,4.48496,104.163,0.296983,373.706,146.194,63.4648,29.4899,202.138,233.409,234.415,149.057,1.84877,train
976,77.2552,2.63863,93.1535,10.1538,196.482,0.322639,354.991,100.687,17.6875,3.76689,167.871,193.841,50.9291,20.4885,2.11467,train
977,134.366,1.20609,74.2267,19.7315,96.5555,0.321141,596.251,274.486,219.99,100.129,301.994,348.712,370.396,325.894,1.97438,train
978,85.569,2.36015,15.5603,18.7126,141.943,0.282607,716.676,-23.2444,-20.0921,-19.4023,6.6547,7.68419,-8.05623,-13.2612,107.695,train
979,41.8016,1.92765,6.28146,3.49023,130.795,0.318248,784.518,1.35654,-1.4347,-2.46246,6.6147,7.638,1.3229,0.283227,118.602,train
980,27.5172,1.21463,77.4345,19.811,96.8782,0.251994,440.264,280.268,222.645,101.417,309.78,357.703,77.8906,69.7184,1.42122,train
981,185.904,1.71352,13.7962,7.2898,116.679,0.339987,887.412,5.93757,-0.568842,-3.92932,17.09,19.7338,19.0622,8.86071,51.9259,train
982,158.765,2.68188,101.669,25.9717,98.9542,0.282443,407.749,74.1738,-1.52357,-13.7476,152.284,175.843,171.309,41.716,2.67755,train
983,107.447,2.04338,119.442,4.4189,173.83,0.253282,871.454,183.051,68.0277,31.8044,261.967,302.493,126.867,77.1612,3.32658,test
984,175.729,1.11859,106.557,28.8632,152.743,0.340181,373.17,667.284,589.591,280.364,670.166,773.841,699.679,648.657,0.556832,train
985,72.6134,2.51631,123.755,20.8381,120.811,0.264284,777.827,120.684,17.7668,-1.53564,211.691,244.439,92.4397,35.8142,3.67436,train
986,126.025,1.85693,29.5992,19.1753,205.603,0.330869,887.754,-0.235932,-10.6598,-14.9176,25.4293,29.3633,8.88369,0.706248,34.9106,test
987,184.39,1.12734,14.8338,3.39183,144.398,0.3282,845.496,92.5263,81.0843,38.8462,92.9766,107.36,108.089,99.9753,9.09364,train
988,112.801,1.70029,122.535,6.29232,174.163,0.319802,697.033,232.896,116.653,55.1802,307.812,355.431,164.791,111.244,2.26447,train
989,113.021,2.55411,136.732,10.8557,155.693,0.300051,603.352,160.599,34.7227,11.9335,257.496,297.331,143.765,63.7793,2.34315,train
990,186.585,2.61299,52.9379,10.1672,199.363,0.334032,383.47,47.2819,4.51121,-2.82799,86.7929,100.22,61.6849,21.6476,4.41822,train
991,85.2893,2.56304,106.851,24.2152,113.269,0.284533,690.75,88.097,5.46096,-9.37711,168.83,194.948,91.2366,28.9855,4.09139,train
992,83.5981,2.51712,71.8489,14.3966,143.824,0.335081,424.2,64.5898,7.13755,-3.62955,118.159,136.439,52.2436,19.2802,3.59007,train
993,77.0923,1.14608,41.8984,18.4569,178.568,0.340509,837.799,154.537,131.095,56.3191,170.118,196.435,64.5975,58.4856,4.92482,train
994,82.2649,2.82008,149.663,21.1487,117.416,0.3288,788.961,144.333,15.8187,-2.66499,254.608,293.996,136.215,46.7256,3.09873,test
995,136.298,2.31278,50.28,6.87281,166.729,0.327263,333.7,56.4966,13.0894,3.10828,92.4713,106.777,58.8049,27.0768,3.60869,train
996,116.239,1.46391,39.5986,8.32538,76.1187,0.276557,412.197,77.6672,46.3939,19.0343,101.555,117.266,127.288,97.0929,4.05885,train
997,138.42,1.75587,60.4175,21.0904,134.644,0.284604,415.816,55.9953,16.6682,-2.21111,100.816,116.413,75.8899,42.059,4.12448,train
998,36.6059,1.49275,105.372,16.7708,192.211,0.253536,698.673,216.096,127.495,55.362,278.4,321.468,43.5696,33.4639,2.5096,train
999,140.732,1.87272,123.389,3.83319,160.018,0.340253,299.956,211.097,91.5412,43.854,289.673,334.486,209.454,128.341,1.0355,train
1000,168.261,1.52329,132.787,1.79447,87.777,0.26907,818.447,327.607,196.615,97.4103,398.713,460.394,646.243,498.997,2.05272,train
1001,99.6919,1.97111,39.6248,13.6108,143.859,0.294394,320.808,30.4355,4.42147,-4.59465,60.674,70.0603,30.1125,13.3604,5.28741,test
1002,154.59,2.88081,69.0879,28.0591,130.718,0.343921,504.556,24.2119,-16.8169,-22.438,80.8,93.2998,65.8599,1.87423,6.24451,train
1003,100.153,1.89749,120.148,1.68558,84.4106,0.343994,346.558,207.885,89.4226,43.8685,284.084,328.032,277.787,168.654,1.21991,train
1004,21.6821,1.58882,125.045,22.0846,88.6873,0.260156,351.072,215.965,113.004,45.4599,295.324,341.011,57.8605,41.5322,1.18877,train
1005,192.513,2.11032,144.408,3.99076,189.418,0.280428,699.775,217.747,77.3298,36.6695,313.636,362.156,252.011,146.201,2.23117,test
1006,122.527,2.57963,63.6786,20.0362,84.1437,0.288374,334.711,39.0427,-4.59975,-12.318,88.9593,102.721,88.7652,17.7689,3.76252,train
1007,22.0928,1.38935,6.16627,8.6673,104.887,0.333858,455.097,-16.5453,-14.0442,-11.3558,8.98847,10.379,-2.25281,-2.15367,50.6312,test
1008,20.8825,1.49511,114.983,22.6827,170.24,0.275195,429.981,219.05,126.75,52.0335,289.28,334.032,28.9946,21.7642,1.48638,train
1009,157.864,2.79678,12.1906,1.24682,201.249,0.277197,423.551,12.9053,1.96157,0.357372,21.7337,25.096,12.6962,4.84428,19.4882,test
1010,51.2368,1.85583,116.152,1.91929,149.77,0.291612,467.572,205.79,91.5575,44.8191,278.81,321.942,77.5176,50.1858,1.67703,train
1011,131.879,1.53154,128.262,7.7028,128.665,0.270996,645.056,292.043,171.484,81.8906,363.995,420.305,312.217,237.634,1.77216,train
1012,147.074,1.58353,121.962,21.6964,137.219,0.303552,602.721,211.587,111.321,44.8125,288.862,333.549,251.885,177.031,2.08654,train
1013,83.0934,2.44787,38.2979,24.6731,169.57,0.334431,348.69,-5.58987,-19.2146,-21.9439,28.326,32.708,7.13319,-4.34756,12.3099,train
1014,193.095,2.22113,141.144,18.5649,160.474,0.266444,584.721,166.341,43.7619,12.5985,266.29,307.485,241.367,121.209,2.1958,train
1015,122.603,1.35767,57.7493,3.71654,100.914,0.268439,437.381,178.467,124.434,60.3589,204.569,236.216,215.974,180.171,2.13806,train
1016,193.578,2.67259,123.223,15.5929,168.673,0.278942,865.521,127.08,19.4501,1.92861,216.769,250.303,184.674,71.3483,3.99282,train
1017,156.93,2.50676,123.106,23.3584,185.774,0.273299,865.942,114.145,14.3974,-4.48049,205.466,237.251,125.878,46.5983,4.21453,test
1018,127.645,2.17497,16.3838,24.0564,183.63,0.31841,703.172,-35.8425,-28.1699,-26.1131,16.8517,19.4586,-15.5088,-18.4378,41.7271,train
1019,141.295,1.6185,49.8173,25.2871,117.026,0.250388,308.911,29.5359,5.00563,-10.1407,68.7219,79.3532,53.7873,27.1164,4.49509,train
1020,181.705,1.29333,105.252,8.24897,79.2593,0.256066,733.802,377.146,280.144,135.947,417.769,482.398,846.603,733.677,1.75648,train
1021,46.6947,2.30177,74.1732,11.6633,85.243,0.333715,445.236,79.9335,17.4236,2.88016,133.46,154.107,56.8188,25.6646,3.3361,train
1022,32.1682,1.61723,30.2356,6.73668,110.166,0.331492,483.236,45.8554,22.3565,7.80992,65.8967,76.091,15.5604,10.3894,7.33323,train
1023,72.9369,2.7314,65.7046,23.0916,127.878,0.259128,364.198,32.7131,-9.89987,-16.4957,85.2323,98.4177,30.8074,0.558239,4.273,train
1024,72.7833,1.71414,56.9248,5.55087,78.3259,0.275343,346.952,98.8326,47.4586,20.9539,134.89,155.757,101.042,68.8389,2.57211,train
1025,184.972,2.62195,24.5155,27.2305,138.582,0.333272,856.485,-30.8698,-28.1548,-27.6926,5.503,6.35432,-17.9794,-34.4731,155.64,train
1026,169.603,2.89229,137.971,15.9141,70.2326,0.251029,742.286,139.286,17.2293,0.657598,240.112,277.257,419.6,147.089,3.09142,train
1027,80.961,2.50591,109.553,1.03786,97.7237,0.266423,308.324,148.585,40.0695,19.5158,223.554,258.137,142.971,72.9667,1.3792,test
1028,70.8689,2.07856,106.277,27.9871,127.792,0.302934,564.086,97.4596,19.1697,-4.40869,176.441,203.737,72.6421,33.409,3.19702,train
1029,82.5287,1.89191,49.3209,7.54419,138.286,0.328647,827.228,66.626,24.8492,8.65253,100.413,115.947,47.7389,27.6458,8.23826,train
1030,192.658,1.46309,42.1715,13.1778,117.127,0.293281,877.283,66.6542,37.6605,12.2414,94.2458,108.826,124.075,91.2938,9.30845,train
1031,25.7472,1.77074,135.901,2.753,190.826,0.294335,612.009,255.094,121.945,59.5962,338.612,390.995,37.449,25.1377,1.80741,train
1032,145.827,2.01162,68.0771,25.4093,187.701,0.325525,473.131,45.2687,2.60085,-11.4042,98.1604,113.346,55.2711,22.7935,4.81998,test
1033,186.023,2.09877,104.346,15.3721,142.646,0.267458,649.887,125.865,36.8914,10.7597,199.369,230.211,196.781,104.347,3.25972,train
1034,122.027,2.2668,113.114,19.3962,99.1474,0.306806,741.634,119.614,25.8961,3.24998,201.549,232.729,188.702,86.0675,3.67967,train
1035,40.2913,1.16811,20.6687,25.5068,111.914,0.272018,811.926,-56.8934,-52.0552,-38.781,31.3715,36.2247,-14.6607,-14.5372,25.881,train
1036,117.371,1.34496,48.7601,13.2541,176.519,0.319641,579.984,110.037,74.5312,30.6385,137.523,158.797,77.0172,61.6832,4.21738,test
1037,80.8613,2.70472,99.0776,24.6272,111.636,0.280461,798.059,73.4002,-1.05019,-12.8387,149.37,172.478,75.9011,18.5283,5.34283,test
1038,153.649,2.84133,104.241,24.0379,91.3447,0.338655,496.609,78.8437,-1.35964,-12.6987,158.556,183.085,199.236,52.962,3.13207,train
1039,181.901,1.84862,29.5401,15.5195,143.47,0.305759,450.577,10.1009,-3.91969,-9.71961,34.3301,39.641,28.0262,8.90035,13.1248,train
1040,131.364,2.45714,8.93586,17.1483,137.5,0.348398,436.368,-28.6212,-20.4088,-18.7785,17.048,19.6853,-18.1192,-18.5262,25.5965,train
1041,41.9159,2.92492,12.9435,2.71049,135.939,0.299748,391.011,10.2314,-0.00160306,-1.35604,20.0701,23.175,4.47644,1.09789,19.4822,train
1042,59.832,1.39724,132.349,7.53942,136.927,0.339423,411.116,379.396,254.587,123.524,443.184,511.745,167.091,131.401,0.92764,train
1043,176.183,2.41871,31.4751,16.894,142.399,0.332769,362.278,3.69987,-10.8813,-13.8876,30.4625,35.175,23.2544,-1.90966,11.8926,train
1044,100.492,2.05385,19.7688,6.76669,177.686,0.318193,899.677,14.3156,1.31346,-2.72661,29.518,34.0844,12.1445,5.03442,30.4789,train
1045,59.2602,2.9024,57.2002,26.0398,162.903,0.295465,418.134,13.5152,-17.6452,-21.8425,61.2414,70.7154,13.4123,-3.69288,6.82764,train
1046,41.2547,2.20442,97.8729,10.0742,98.1907,0.257827,340.88,123.223,35.4238,12.6748,191.474,221.095,61.001,32.1879,1.78029,train
1047,195.169,2.6945,66.2119,16.6508,204.741,0.344716,561.307,48.7437,-0.817354,-8.73407,99.5545,114.956,71.092,20.3766,5.63819,test
1048,198.367,1.40617,64.7157,24.7212,158.45,0.291557,789.974,97.1199,57.1254,16.2021,140.154,161.836,139.295,104.937,5.63648,train
1049,144.599,2.72231,83.4357,9.30619,86.8899,0.335668,832.764,87.9493,13.8197,2.25677,148.424,171.385,191.709,73.3285,5.61072,train
1050,41.0371,1.90527,75.5077,7.31519,82.2268,0.279215,709.017,112.734,44.5414,18.6131,163.022,188.242,64.1904,39.3533,4.34921,test
1051,145.995,1.55525,119.788,29.7971,116.555,0.31021,375.476,187.049,97.0576,33.6302,265.728,306.837,267.772,186.76,1.41301,train
1052,63.2319,2.46453,11.5168,6.84058,197.757,0.264126,876.135,-0.321114,-4.99734,-5.91896,9.69575,11.1957,1.36983,-1.28229,90.3628,train
1053,177.098,2.2403,46.7962,5.85423,128.136,0.307837,802.688,55.4622,14.5203,4.33302,88.5584,102.258,94.7216,46.4097,9.06395,train
1054,47.8727,2.43328,98.7087,21.7115,73.6471,0.273555,511.21,86.5799,9.58269,-6.06441,160.465,185.289,74.91,27.1752,3.18581,train
1055,152.766,1.37659,53.4076,1.62559,121.419,0.339672,327.198,165.87,114.088,56.2311,189.9,219.277,207.485,165.473,1.723,train
1056,130.326,2.63347,42.3574,6.07906,188.082,0.289242,705.356,42.4242,6.14582,0.033383,73.423,84.7815,37.8792,14.4058,9.60675,train
1057,124.066,2.56945,23.4345,23.5602,177.985,0.319775,719.859,-23.7307,-23.605,-23.5826,0.256541,0.296228,-6.06148,-15.2776,2806.02,train
1058,107.395,2.45362,51.2075,12.4074,71.3967,0.330172,297.613,41.8502,3.05007,-4.67865,80.5903,93.0577,90.7064,32.0776,3.69291,test
1059,54.7184,2.65721,67.2517,7.15895,74.6164,0.279833,632.381,72.764,12.6712,2.75613,121.257,140.016,66.5951,27.092,5.2152,train
1060,128.86,2.8116,27.3769,14.8214,87.4085,0.30557,404.641,1.3706,-11.1848,-13.0031,24.896,28.7475,20.211,-11.1187,16.2532,train
1061,47.823,2.71651,61.1271,0.373596,183.571,0.316603,539.091,79.4267,18.6732,9.14979,121.723,140.554,24.979,11.2485,4.42883,train
1062,28.9573,2.87749,10.4022,18.243,178.17,0.332125,315.429,-28.2379,-20.3971,-19.32,15.4462,17.8357,-2.98502,-3.70461,20.4212,train
1063,166.694,2.72648,6.55394,12.1983,204.062,0.277021,722.976,-19.5972,-13.9529,-13.0756,11.2958,13.0433,-11.5665,-15.4824,64.0041,train
1064,62.6429,2.91702,141.914,20.3379,113.405,0.270792,610.902,133.62,12.0437,-4.14709,238.62,275.535,95.6571,30.0895,2.56015,train
1065,142.728,1.25923,114.209,29.4659,94.4879,0.346627,503.369,344.668,259.925,115.23,397.399,458.877,520.103,437.865,1.26666,train
1066,47.915,1.48681,87.6519,18.0601,76.5304,0.340419,831.972,166.502,96.9106,39.4252,220.104,254.154,114.524,83.4415,3.7799,train
1067,112.375,1.33572,74.7345,17.7572,141.413,0.342555,426.282,184.54,127.563,54.903,224.539,259.275,152.045,121.895,1.89848,test
1068,183.366,1.63896,18.2578,17.655,182.505,0.299136,580.627,-16.3373,-16.9401,-17.2975,1.6632,1.9205,-5.72833,-10.678,349.102,test
1069,75.2747,1.6881,130.38,27.1319,152.035,0.252334,685.653,187.755,84.5064,28.6872,275.513,318.135,105.665,70.3028,2.48864,train
1070,133.158,2.60661,104.932,15.5531,104.841,0.344683,318.427,104.675,15.2967,-0.128208,181.525,209.607,178.94,68.5362,1.75418,test
1071,42.8659,1.35054,71.1547,10.5638,153.695,0.33829,864.206,197.098,136.507,62.9718,232.314,268.253,55.7433,44.7402,3.71999,train
1072,199.907,1.13384,47.3433,6.74789,209.61,0.292014,639.014,318.131,277.536,135.394,316.51,365.474,278.883,259.492,2.01894,test
1073,94.9173,1.64346,111.524,9.4967,110.848,0.254659,301.8,212.495,110.468,50.4855,280.609,324.019,195.266,140.769,1.07552,train
1074,98.9448,1.95116,71.5935,14.2223,142.102,0.336834,385.46,84.0255,26.6543,6.21598,134.77,155.619,73.8398,39.8759,2.86013,train
1075,73.6672,2.59759,82.2758,6.85553,98.4908,0.301265,532.047,94.8094,19.3891,6.26676,153.36,177.085,88.0411,38.0156,3.46926,test
1076,110.842,2.78888,22.0081,22.2894,85.6491,0.287795,366.449,-22.6537,-22.3724,-22.3309,0.55908,0.64557,-12.8032,-34.3991,655.45,train
1077,174.201,2.68474,50.0596,14.9602,207.704,0.30979,644.396,31.4473,-3.65211,-9.30615,70.5871,81.5069,41.7992,8.70358,9.12909,test
1078,31.648,2.01289,76.9025,24.6156,89.6615,0.310935,611.377,61.9386,9.65163,-7.48196,120.24,138.841,31.1239,13.9483,5.08464,train
1079,116.782,1.43496,83.9199,28.5155,201.173,0.314315,426.925,131.513,76.1082,23.7963,186.57,215.433,87.3143,64.6342,2.28828,test
1080,144.484,1.63082,90.1444,16.9121,191.508,0.307375,795.121,144.575,71.3422,27.2151,203.273,234.719,123.668,83.8812,3.9116,train
1081,53.3811,1.93302,66.7031,16.8817,205.817,0.251723,518.713,69.3517,19.5302,1.32429,117.827,136.055,22.2556,11.7548,4.40233,train
1082,31.0188,2.93077,73.808,19.0122,132.966,0.346381,709.991,50.2237,-4.5721,-11.7921,107.415,124.032,18.6333,4.16918,6.60982,train
1083,129.221,2.67674,87.7554,10.8038,79.063,0.288511,453.257,91.1122,14.1606,1.6784,154.904,178.868,189.504,73.4689,2.92605,test
1084,24.4432,1.78528,49.3809,17.9911,90.4731,0.344073,519.981,42.1013,10.7115,-3.63981,79.226,91.4823,16.3033,8.75631,6.56327,test
1085,147.234,1.62366,6.38986,11.3653,78.3011,0.285842,817.181,-22.4223,-17.4468,-14.4061,13.8845,16.0325,-30.9844,-30.7757,58.8554,train
1086,20.2946,1.42144,61.6293,1.0994,173.345,0.327693,862.059,178.061,117.531,58.2157,207.578,239.69,20.9776,16.4443,4.15295,train
1087,49.8744,2.75576,99.26,16.6986,88.3069,0.308511,634.897,90.9034,8.34201,-4.17831,164.686,190.163,69.3643,23.0081,3.85519,train
1088,194.987,2.35609,116.543,8.70716,83.2301,0.33681,883.916,146.517,38.6814,14.9871,227.817,263.06,423.386,201.835,3.87994,test
1089,193.028,2.77738,85.7944,27.3103,104.698,0.264809,295.913,48.5958,-9.88832,-18.5993,116.385,134.39,140.562,11.6183,2.54253,train
1090,124.143,2.78087,145.322,8.95179,160.387,0.251373,777.492,167.925,31.5547,11.3014,271.279,313.246,156.053,66.6484,2.86602,train
1091,92.4174,1.85152,147.26,5.69566,108.614,0.328835,301.112,252.473,110.908,52.6064,346.179,399.733,241.308,150.425,0.869815,train
1092,151.248,2.83584,79.9294,21.6762,98.6142,0.325648,273.059,53.1214,-5.13173,-13.404,115.225,133.051,128.09,27.3669,2.36978,train
1093,177.263,2.59863,120.507,21.5211,80.2073,0.314484,517.313,111.877,12.8916,-4.31477,201.251,232.384,334.011,120.701,2.57049,train
1094,125.399,1.75032,30.3423,23.78,149.157,0.322792,538.687,-10.8578,-17.42,-20.6,16.8741,19.4846,4.69632,-4.55365,31.9238,test
1095,130.19,1.51977,7.67261,5.36106,196.837,0.331408,662.229,0.480374,-1.83117,-3.59612,7.06069,8.15298,2.78779,1.14321,93.7909,train
1096,115.081,1.4819,145.78,3.31477,82.1043,0.320173,288.054,377.38,234.914,115.8,453.07,523.161,542.405,413.134,0.635781,train
1097,177.992,1.79969,91.9048,4.5049,124.499,0.2817,871.227,160.969,73.5692,34.5321,218.995,252.874,253.238,167.527,3.97829,test
1098,90.4035,2.10467,135.802,16.5892,88.2534,0.250065,656.457,172.144,52.9305,18.1706,266.689,307.946,206.47,113.262,2.46151,train
1099,48.1397,2.23621,63.1874,27.1275,111.607,0.253482,384.598,26.9596,-9.10031,-18.1139,78.0695,90.1469,20.5177,2.28364,4.92635,test
1100,173.798,1.27937,104.377,24.7183,191.806,0.285951,794.575,305.134,225.475,100.378,354.647,409.512,277.523,236.302,2.24046,train
1101,68.477,2.1023,59.0925,20.566,119.211,0.340434,834.364,40.4926,1.96616,-9.29994,86.2432,99.5851,36.6338,14.6525,9.67455,train
1102,142.336,1.57161,117.756,7.32881,109.334,0.34604,425.562,253.344,142.917,67.7941,321.382,371.1,352.323,249.598,1.32416,train
1103,117.184,1.58252,143.605,23.836,188.472,0.253792,473.388,255.161,135.392,55.778,345.342,398.766,172.507,125.242,1.37078,train
1104,42.4883,1.71934,73.9371,4.58878,118.014,0.263094,258.757,135.663,66.3146,30.8629,181.519,209.6,52.9227,36.7706,1.42551,train
1105,43.3935,2.85716,132.867,11.1757,75.9265,0.255318,609.295,144.492,22.8004,5.81237,240.2,277.359,101.12,39.4673,2.53662,train
1106,40.7619,1.74658,70.8476,9.79382,71.2637,0.347746,658.299,110.809,49.7551,19.9807,157.319,181.657,73.499,46.1674,4.18448,train
1107,95.882,1.97056,86.2571,1.42818,172.856,0.252217,559.535,142.246,57.4172,27.9945,197.89,228.503,87.054,55.4362,2.82751,test
1108,194.782,1.34648,62.3677,28.3553,98.3262,0.345302,586.198,89.3282,55.3158,13.4803,131.373,151.696,210.398,161.247,4.46211,train
1109,23.7274,1.70762,38.6167,0.122699,198.794,0.346171,848.141,78.5534,40.0594,19.9684,101.472,117.17,10.1464,6.76454,8.35835,train
1110,138.832,2.44533,92.3158,16.4326,174.675,0.347482,269.257,89.9279,14.0447,-1.19396,157.828,182.244,97.3003,39.2008,1.70602,train
1111,115.803,1.78289,55.8633,21.3187,74.7873,0.291689,626.488,44.9372,10.3926,-5.46306,87.2958,100.801,97.2806,50.2567,7.1766,train
1112,146.816,2.49719,86.9607,9.35646,147.504,0.267282,326.063,97.8906,20.2864,5.46497,160.086,184.851,119.115,53.0082,2.0368,train
1113,68.5122,2.46986,145.571,12.1789,159.867,0.319932,573.857,173.521,40.1294,13.9752,276.342,319.092,92.4071,41.8678,2.07662,train
1114,126.375,1.50729,93.3326,23.8924,104.28,0.286985,487.331,154.738,85.2982,30.7029,214.836,248.071,209.308,152.241,2.26839,train
1115,158.089,2.60287,10.769,17.2688,159.444,0.311471,566.251,-26.0196,-19.5198,-18.3943,13.2074,15.2506,-16.7922,-21.7088,42.8737,train
1116,161.727,2.69208,83.6016,16.6458,81.854,0.299835,546.781,71.7449,4.78923,-5.92831,134.534,155.346,194.792,61.4757,4.06426,test
1117,119.176,1.34538,143.753,8.80561,185.614,0.308283,798.734,459.329,324.382,157.788,522.284,603.082,292.14,240.533,1.52931,train
1118,134.877,2.22711,65.2293,20.72,130.322,0.322979,463.081,46.2685,1.75922,-9.48041,96.56,111.498,72.859,26.5378,4.79578,train
1119,67.0115,2.84514,11.2212,28.9069,175.581,0.342261,253.177,-51.5783,-33.8925,-31.3997,34.9503,40.3571,-14.1177,-14.3897,7.24393,train
1120,41.2232,1.80135,116.28,13.305,79.662,0.327021,788.477,181.412,78.4372,32.5661,257.809,297.692,108.043,67.2444,3.05838,train
1121,87.6671,2.27244,74.6093,27.3078,143.318,0.320036,559,42.7132,-4.58834,-15.9481,101.604,117.323,43.8556,12.865,5.50173,test
1122,181.613,2.29445,46.5467,4.8343,76.8096,0.255257,811.576,56.4408,14.7284,4.94703,89.1898,102.987,158.559,79.747,9.09942,train
1123,173.7,2.71608,40.661,10.1096,156.318,0.341499,356.169,30.0235,-0.527988,-5.31879,61.2145,70.6845,50.8101,14.3082,5.81838,train
1124,188.543,2.47202,75.8928,26.9835,86.8128,0.30998,543.421,41.0653,-7.84407,-17.4138,101.289,116.958,152.003,31.7735,5.36507,train
1125,92.876,1.13441,32.8172,4.63597,87.1891,0.300994,577.197,220.011,191.83,93.5969,218.956,252.828,214.874,199.45,2.63614,test
1126,22.358,2.08389,117.019,27.2679,120.635,0.307919,462.056,116.185,26.4335,-0.417178,201.961,233.204,28.2351,13.5016,2.28785,train
1127,137.866,2.52154,88.3244,3.95645,115.46,0.317711,539.919,111.903,27.5351,11.7893,173.402,200.227,162.654,75.4116,3.11368,train
1128,41.5682,1.21172,75.16,2.67205,135.359,0.334669,336.944,379.413,306.925,152.126,393.672,454.573,108.606,95.5994,0.855901,train
1129,120.902,1.98028,5.70875,20.4546,176.838,0.252859,371.146,-45.2951,-30.5493,-25.5019,34.2828,39.5864,-25.5721,-25.6275,10.826,train
1130,71.9992,2.52709,20.7495,9.39845,147.544,0.349328,368.972,6.16749,-5.18356,-7.29101,23.3108,26.917,7.78963,0.797286,15.8284,train
1131,197.564,2.18047,52.6222,0.436396,96.4849,0.308982,654.734,79.5488,27.3629,13.4633,114.463,132.171,187.66,104.198,5.72002,train
1132,158.144,2.39467,28.5205,15.4137,205.742,0.303853,662.051,3.2299,-9.87688,-12.6453,27.4966,31.7504,12.0972,-2.48688,24.0775,train
1133,189.957,2.45762,139.059,6.22971,200.875,0.263347,398.247,179.31,46.4812,20.1258,275.716,318.369,199.183,99.5198,1.44441,train
1134,68.6256,2.50807,104.767,26.7683,124.754,0.272084,278.234,80.7179,2.71875,-12.0248,160.635,185.485,61.8823,18.3132,1.73209,train
1135,29.2745,1.35329,121.271,29.6667,128.975,0.294232,591.424,282.304,190.699,80.5162,349.506,403.575,66.7985,53.9807,1.69217,test
1136,137.602,2.4508,50.1727,0.686651,155.05,0.299051,383.148,68.5685,19.0824,9.1979,102.833,118.741,71.7271,35.9684,3.72593,train
1137,176.464,2.79352,134.017,11.1075,99.044,0.294564,724.4,147.931,25.0224,6.95745,244.174,281.948,330.249,130.624,2.96674,train
1138,169.863,1.39263,76.4945,4.13829,146.83,0.304028,813.667,222.263,149.907,72.8841,258.731,298.757,258.4,207.841,3.14483,train
1139,115.027,1.53862,20.2223,29.3489,153.599,0.287419,504.032,-51.8249,-42.6983,-36.0236,27.3687,31.6026,-26.7042,-27.5489,18.4164,train
1140,150.804,2.17649,117.903,3.17612,138.165,0.287519,681.587,172.949,58.2225,27.5232,251.886,290.852,217.135,121.684,2.70594,train
1141,132.635,2.02013,142.445,10.509,159.198,0.268807,823.81,207.073,75.1374,32.3142,302.692,349.518,197.187,116.596,2.72161,train
1142,87.9086,1.75102,141.39,2.54917,200.425,0.34004,467.869,270.693,131.852,64.6514,356.874,412.082,130.174,85.0458,1.31102,train
1143,58.8155,2.53443,125.324,28.4502,83.6795,0.264663,595.874,104.149,7.27463,-10.5878,198.729,229.473,98.4852,31.3637,2.99842,test
1144,96.8706,1.45038,40.0287,23.88,196.174,0.285535,390.531,21.5338,5.38515,-9.24743,53.3147,61.5625,17.5812,10.6314,7.32501,train
1145,129.176,2.55684,100.474,25.7812,135.057,0.34769,530.094,75.8897,1.19648,-12.2923,152.736,176.364,110.086,35.2991,3.47066,train
1146,124.53,2.05178,146.312,19.722,96.419,0.292426,891.593,185.746,59.1553,19.7167,287.57,332.058,287.713,156.764,3.10043,train
1147,96.1068,1.53458,135.154,20.149,203.008,0.317619,410.951,264.614,149.609,64.7302,346.209,399.768,135.862,98.4029,1.187,train
1148,64.1734,1.41737,46.5778,16.1492,165.127,0.337043,631.091,74.5979,44.1692,14.01,104.941,121.176,33.2569,24.727,6.01375,train
1149,120.623,2.63506,27.0563,27.9465,168.748,0.30345,857.573,-29.1362,-28.246,-28.0962,1.80123,2.07988,-8.86374,-21.171,476.103,train
1150,133.399,2.32386,108.322,8.16368,174.282,0.290421,445.116,137.517,37.359,14.5977,212.902,245.838,126.092,63.128,2.09071,train
1151,151.072,1.55996,26.9063,7.96766,137.297,0.288102,564.892,37.3944,18.4558,5.24405,55.686,64.3007,48.013,33.0255,10.1442,train
1152,126.92,1.76488,41.9285,16.9058,84.0875,0.321919,441.794,31.7814,6.75869,-5.07356,63.8346,73.7099,70.8085,36.8527,6.92092,train
1153,162.344,2.57124,61.7154,15.613,119.009,0.321544,689.125,46.9214,0.818994,-7.397,94.0822,108.637,94.3223,28.824,7.3247,train
1154,83.5047,2.62954,100.876,9.24728,198.425,0.320664,324.924,113.366,21.7372,6.24498,185.54,214.243,60.479,25.12,1.75124,train
1155,59.5369,2.63615,74.519,8.00609,189.76,0.294974,531.2,80.8669,14.3539,3.17392,134.568,155.386,31.9746,13.0508,3.94745,test
1156,53.0801,1.80737,76.0794,29.5423,148.617,0.298389,315.569,58.0586,11.5214,-9.01041,116.167,134.138,29.8045,14.8632,2.71651,train
1157,134.964,1.15595,149.291,29.612,81.0725,0.343043,406.301,801.978,682.299,326.344,823.823,951.269,1233.97,1117.1,0.49319,train
1158,110.166,1.45793,22.5392,12.2821,92.4868,0.285585,536.834,16.2008,5.9437,-3.16918,33.5498,38.74,28.043,17.985,16.0011,test
1159,155.854,2.28012,124.678,13.587,149.587,0.263292,825.155,150.417,39.3265,12.8697,238.239,275.095,187.392,93.8751,3.46355,train
1160,41.9862,1.32676,110.411,10.9067,135.281,0.304522,892.631,350.352,250.848,119.97,399.032,460.762,107.833,89.6173,2.23699,train
1161,35.3508,2.03101,115.049,16.7297,120.751,0.26097,835.554,144.514,46.1945,14.7324,224.788,259.563,49.9719,27.777,3.71707,test
1162,36.8065,2.66337,84.5408,25.2719,118.985,0.303966,850.514,53.4501,-5.81882,-15.5454,119.504,137.991,25.945,5.42791,7.11706,test
1163,153.067,1.22154,111.275,24.6392,124.028,0.251248,854.575,414.052,327.416,151.389,454.946,525.327,498.556,445.587,1.87841,test
1164,167.366,1.70667,15.6213,17.0959,95.5299,0.259524,747.146,-20.1124,-18.6378,-17.8668,3.88941,4.4911,-20.0099,-28.5969,192.098,test
1165,78.1269,1.54968,92.79,2.05498,88.5078,0.31137,347.718,218.161,127.426,62.6854,269.291,310.951,200.847,148.485,1.29123,train
1166,24.3363,2.7938,37.8692,29.2002,96.1742,0.268971,372.256,-17.9836,-26.6525,-27.9264,17.2214,19.8855,-0.0725025,-7.97947,21.6159,train
1167,160.593,1.30105,39.8019,23.5436,84.674,0.265473,841.922,39.6546,23.3963,-0.073633,68.8114,79.4565,95.2861,73.203,12.2352,train
1168,37.8571,2.36049,93.786,1.86722,203.817,0.257874,566.837,130.262,38.3432,18.238,194.031,224.048,27.8135,14.9602,2.92137,test
1169,25.0521,2.12158,73.6518,19.1835,80.908,0.312571,497.432,66.4,11.9316,-3.62592,121.288,140.052,28.0391,12.5217,4.10123,train
1170,191.8,1.12909,130.3,27.3218,111.209,0.322589,304.004,824.985,722.006,347.342,827.301,955.285,1302.08,1204.95,0.367465,train
1171,88.1567,1.57827,122.356,6.39113,124.148,0.312716,848.803,265.135,149.17,71.3895,335.577,387.491,199.588,144.397,2.52939,train
1172,110.344,1.50012,126.883,19.7653,78.8315,0.308709,563.776,258.692,151.574,65.9043,333.917,385.575,388.452,288.364,1.68837,train
1173,167.499,1.93489,146.83,25.1871,183.181,0.339834,502.663,185.123,63.4805,19.1467,287.479,331.952,208.952,115.945,1.74852,train
1174,74.8226,1.63539,38.2421,10.6967,78.2338,0.252033,496.145,49.7483,22.2029,5.75311,76.2019,87.9903,55.4104,36.676,6.51092,train
1175,20.0593,1.96268,89.8755,5.68193,88.654,0.253447,609.531,137.551,53.3577,23.8379,196.957,227.427,34.9101,21.6519,3.09474,train
1176,50.325,1.4444,53.8967,18.3918,208.727,0.322127,735.939,82.4819,46.9771,14.2926,118.107,136.379,22.9627,16.8197,6.23111,train
1177,166.777,1.98352,26.8367,2.31551,91.9663,0.252392,270.582,38.9188,14.3976,6.04105,56.9459,65.7555,80.0957,48.4064,4.75156,train
1178,112.107,2.49631,97.2823,5.38085,77.119,0.312297,781.494,121.654,29.7526,12.1859,189.605,218.936,215.479,100.256,4.12171,test
1179,127.165,1.1753,111.702,0.951776,141.626,0.33995,440.542,690.674,579.924,289.486,694.878,802.376,565.887,508.479,0.633984,train
1180,85.141,2.24897,22.4207,24.9215,176.881,0.332586,846.666,-28.6548,-26.154,-25.5378,5.39886,6.23406,-6.11527,-10.1455,156.823,test
1181,47.1408,2.56151,63.9918,17.5487,178.93,0.305672,254.555,45.5966,-0.846529,-9.19763,94.9063,109.588,17.9069,4.94606,2.68217,train
1182,100.064,1.72116,139.323,11.5099,205.781,0.280487,525.263,246.565,118.753,53.6213,334.189,385.888,131.585,89.5027,1.57175,train
1183,24.1793,1.88948,48.0324,6.42461,198.286,0.266161,600.778,67.5612,25.9534,9.76437,100.107,115.594,9.48056,5.77501,6.00136,train
1184,112.283,1.94848,88.5747,22.1046,208.947,0.33966,391.898,91.9023,25.4322,1.66381,156.298,180.477,65.2491,33.8987,2.50738,train
1185,179.329,1.14799,5.58135,26.6625,132.155,0.270422,262.414,-180.38,-159.299,-92.9809,151.38,174.799,-208.601,-197.752,1.73347,train
1186,55.7788,1.92928,136.614,19.3494,170.852,0.315814,276.907,184.073,66.8079,23.7292,277.723,320.687,71.7339,41.2083,0.99706,train
1187,47.4152,1.40836,114.581,7.52291,117.633,0.281653,775.249,317.248,210.19,101.333,373.974,431.829,129.379,104.321,2.073,train
1188,145.115,1.88677,29.3619,24.3013,143.566,0.260839,742.753,-15.287,-20.3476,-22.3244,12.1893,14.0749,-1.82462,-15.6113,60.935,train
1189,62.1452,1.53055,28.1207,27.2438,162.158,0.258974,875.129,-25.0607,-25.9376,-26.5907,2.65004,3.06001,-4.17418,-7.03637,330.232,test
1190,72.9903,1.34726,119.504,28.8181,174.77,0.32026,635.804,284.381,193.695,82.4384,349.774,403.885,123.725,99.3227,1.81776,train
1191,132.435,1.30057,108.286,19.8246,95.6457,0.292547,306.384,324.497,236.035,108.105,374.801,432.783,449.384,378.548,0.817458,train
1192,68.8298,1.91072,149.456,0.484457,74.4352,0.337624,256.748,260.882,111.91,55.7129,355.363,410.338,270.502,164.782,0.722496,train
1193,28.102,1.76577,45.6518,13.6702,188.804,0.279572,852.104,48.5119,16.5303,1.43006,81.5481,94.1637,9.06078,5.24389,10.4491,test
1194,100.385,1.31148,38.8914,25.6876,160.749,0.2843,569.444,24.1947,10.9909,-7.34837,54.6342,63.0861,23.3187,16.6937,10.4229,test
1195,119.264,2.31112,11.1035,19.8394,190.189,0.27514,890.947,-32.5998,-23.8639,-21.8516,18.6163,21.4963,-14.7569,-17.9608,47.8583,train
1196,137.438,1.53196,89.0205,18.9619,118.419,0.335916,749.843,155.126,85.0674,33.0527,211.437,244.146,201.86,142.834,3.54641,train
1197,20.1519,1.61166,147.172,19.8778,209.533,0.346549,435.338,266.79,139.495,59.8086,358.502,413.962,28.5703,19.477,1.21433,train
1198,99.38,1.33689,140.45,6.71347,196.708,0.315178,771.083,466.768,333.032,163.159,525.866,607.218,232.202,191.632,1.46631,test
1199,53.211,1.56379,148.092,29.9642,159.041,0.253088,761.526,251.61,133.483,51.7594,346.152,399.702,92.3397,66.9531,2.19998,test
1200,66.0591,1.77696,22.6342,23.7923,128.254,0.349422,364.025,-26.024,-24.8659,-24.3291,2.93569,3.38984,-4.95184,-7.36884,124,train
1201,185.481,1.82013,54.3697,26.2655,135.82,0.267482,330.108,26.1414,-1.96284,-14.1142,69.7247,80.5112,60.7157,21.9679,4.73445,train
1202,139.114,2.28446,136.148,17.1743,74.1133,0.277329,656.648,158.202,39.228,11.0268,254.915,294.35,362.084,175.521,2.57595,train
1203,177.532,1.32378,80.5965,28.1031,126.495,0.333996,874.6,163.929,111.436,41.6663,211.765,244.526,248.319,198.618,4.13004,train
1204,102.361,2.97025,119.65,25.0433,167.306,0.265202,588.478,93.7524,-0.854555,-12.9489,184.812,213.403,78.8746,16.757,3.18419,train
1205,114.347,2.1096,18.9425,16.9997,99.4234,0.295007,728.057,-13.9308,-15.8736,-16.4366,4.34032,5.01177,-4.01804,-14.5808,167.743,train
1206,69.6972,2.36167,110.363,14.3893,157.007,0.283553,281.55,123.517,27.5435,6.57707,202.546,233.88,67.8944,31.1982,1.39006,test
1207,199.025,2.66758,117.667,6.19561,164.01,0.275454,348.557,141.728,30.257,12.0307,224.643,259.395,207.296,92.7412,1.5516,train
1208,65.3842,1.57664,103.461,0.999156,77.856,0.271165,377.485,239.386,136.924,67.9623,296.914,342.847,209.122,157.255,1.27136,train
1209,125.68,1.61346,114.274,16.8269,95.1833,0.319605,634.1,202.182,104.735,43.954,274.059,316.456,296.637,204.658,2.31373,train
1210,199.73,1.7378,38.6567,11.3822,78.7264,0.345853,564.806,42.8976,15.6232,2.12049,70.6281,81.5543,140.89,83.002,7.9969,train
1211,103.659,1.22858,68.0241,23.1734,182.111,0.281761,579.133,197.765,152.914,64.8702,230.18,265.789,113.074,98.7189,2.516,train
1212,90.3241,2.11448,42.6798,7.00403,177.431,0.25888,846.906,49.2281,13.5523,3.27412,79.5946,91.9079,30.2534,15.6271,10.6402,train
1213,146.96,2.97724,94.8039,0.842047,200.079,0.254555,710.413,117.017,23.0548,11.1064,183.442,211.821,101.599,44.7027,3.87269,test
1214,149.876,1.48782,38.143,8.83422,129.453,0.337265,257.137,68.7753,39.4665,15.3161,92.5939,106.918,88.5388,64.2169,2.77704,test
1215,48.0404,2.83816,79.4256,4.39157,79.5336,0.293727,284.827,91.9132,16.8791,6.24377,148.384,171.339,68.5018,28.0036,1.91953,train
1216,22.9503,2.28677,127.137,23.117,205.934,0.336412,538.531,130.093,26.0731,1.47806,222.767,257.229,19.2092,8.49984,2.41746,test
1217,48.4641,2.38898,16.971,22.2408,73.1275,0.299647,821.675,-29.7495,-24.4798,-23.3603,11.0665,12.7785,-11.7067,-17.1238,74.2489,train
1218,67.4552,2.13889,131.44,3.60453,142.975,0.335328,389.624,195.751,67.9152,32.1553,283.356,327.191,108.062,58.8735,1.37503,train
1219,165.5,2.42673,46.9945,4.25084,79.72,0.271374,436.225,55.9784,13.2347,4.49193,89.1772,102.973,140.157,66.3459,4.89166,train
1220,172.417,2.04082,104.644,20.5786,126.625,0.308784,693.41,116.61,32.5445,5.98298,191.612,221.254,200.263,102.96,3.61883,train
1221,187.646,2.23689,54.8122,10.7063,190.984,0.254021,402.438,55.4324,11.3265,0.310132,95.4746,110.245,68.066,30.6972,4.21514,train
1222,78.2529,1.65099,11.7828,27.9551,86.1725,0.344646,575.402,-62.8694,-46.6972,-37.3261,44.2423,51.0866,-41.7217,-36.2794,13.0057,train
1223,31.8873,2.15699,54.1249,4.70853,127.732,0.332268,369.954,71.766,22.3496,8.82056,109.025,125.891,21.6737,11.299,3.3933,train
1224,38.044,2.55229,18.2923,25.3121,91.8705,0.283093,824.008,-34.8779,-27.8582,-26.5851,14.3635,16.5856,-9.18213,-13.9158,57.368,train
1225,54.8747,1.17594,138.953,18.6153,108.103,0.271215,649.197,730.391,610.053,295.719,752.874,869.344,349.175,319.294,0.862291,train
1226,51.1666,2.04139,30.0793,10.2053,117.708,0.272545,324.57,22.2182,2.34423,-3.93055,45.291,52.2975,13.6873,5.49896,7.16634,train
1227,123.236,1.15349,79.1887,6.21639,170.164,0.298939,644.681,508.303,435.331,214.557,508.783,587.492,338.815,311.636,1.2671,test
1228,143.75,1.4166,78.5603,7.22929,118.663,0.254631,592.675,205.807,134.476,63.6235,246.27,284.368,253.926,206.131,2.40661,train
1229,81.4259,1.91947,100.009,3.15481,155.614,0.256472,756.307,165.862,69.0073,32.9263,230.251,265.871,95.7905,61.6401,3.28471,test
1230,83.7183,1.82477,92.8272,21.987,122.065,0.30608,896.952,109.666,38.826,8.4195,175.365,202.493,92.9336,53.7885,5.11478,train
1231,128.446,1.71437,95.7861,1.31652,135.418,0.252784,601.297,190.591,96.1211,47.4023,248.01,286.377,192.379,137.359,2.42449,train
1232,62.8395,2.11227,32.4387,13.2291,130.16,0.318656,887.538,17.079,-2.13058,-7.67982,42.8836,49.5177,14.4175,4.62179,20.6965,test
1233,110.697,2.96708,126.474,3.07809,172.01,0.308014,505.313,151.943,28.5475,12.7347,241.117,278.417,120.329,48.8308,2.09572,train
1234,143.075,2.33652,15.1681,15.6622,195.762,0.292698,884.195,-16.3779,-15.8838,-15.773,1.04775,1.20984,-5.35104,-11.4121,843.896,train
1235,30.4547,1.99166,85.3436,4.1082,189.186,0.267751,616.321,131.892,50.6568,23.2743,188.132,217.236,23.907,14.5959,3.27601,train
1236,83.123,2.94235,137.125,29.5592,131.589,0.331965,352.675,106.101,-1.46483,-15.512,210.639,243.225,99.0298,25.0865,1.67431,train
1237,151.586,2.48175,137.776,26.967,186.503,0.28019,867.085,126.799,15.99,-5.48847,229.129,264.576,135.686,50.5967,3.78426,test
1238,105.981,2.97967,83.9337,18.4359,87.7218,0.338382,507.565,63.689,-1.80883,-10.1224,127.845,147.623,115.397,28.2764,3.97016,train
1239,129.433,1.24433,67.7309,2.93845,84.2473,0.338965,573.986,298.168,233.375,115.218,316.878,365.899,433.36,373.392,1.81138,train
1240,162.855,1.59761,49.06,18.741,107.976,0.274602,667.984,50.6401,20.3211,0.790065,86.3428,99.7001,96.3694,60.8431,7.73642,train
1241,109.612,1.90339,141.431,5.20738,116.196,0.312266,773.822,234.888,98.6651,46.7289,325.902,376.319,249.475,153.876,2.3744,train
1242,176.669,2.39757,105.98,9.17956,100.214,0.32778,639.209,128.393,31.5928,11.2066,202.973,234.373,281.112,130.726,3.14922,train
1243,183.718,2.26241,15.9111,13.6029,103.06,0.286386,623.21,-10.1738,-12.482,-13.0424,4.96865,5.73731,-3.3547,-19.5647,125.428,train
1244,141.565,1.26953,133.84,26.8667,153.252,0.286865,897.394,429.867,322.893,148.013,488.185,563.707,393.331,337.907,1.83823,train
1245,184.782,1.28095,76.5605,23.0413,151.834,0.26094,704.682,197.506,143.987,60.4726,237.348,274.066,245.473,209.237,2.96898,train
1246,23.1551,2.64199,30.6252,3.69622,151.4,0.266564,504.973,32.239,5.30999,0.806889,54.442,62.8642,6.14627,2.45679,9.27544,train
1247,88.6441,1.47303,30.982,13.0708,208.153,0.26017,379.388,35.4621,17.551,2.24008,57.5423,66.4441,18.2864,12.7775,6.5932,test
1248,72.4414,1.14083,82.8678,11.4968,125.167,0.324781,563.115,533.342,461.971,225.237,533.653,616.21,281.915,259.187,1.05521,train
1249,144.82,1.58178,128.891,14.7556,160.533,0.319201,393.44,251.356,137.22,61.2324,329.303,380.247,246.235,174.637,1.19476,train
1250,80.4177,2.50661,95.5216,24.1335,185.39,0.293385,502.608,74.2797,2.89163,-10.6209,147.052,169.801,45.7287,14.2307,3.41789,train
1251,49.9218,2.60735,129.244,16.9824,184.305,0.283168,557.212,134.001,21.74,2.3788,227.977,263.245,46.027,18.2742,2.44416,test
1252,45.6161,1.57386,142.644,10.8286,200.971,0.30285,349.171,299.473,167.657,78.4142,382.885,442.117,72.3891,52.5807,0.911947,train
1253,102.28,2.2585,32.5476,20.6018,131.841,0.25941,399.349,-2.82991,-14.7757,-17.6888,25.7363,29.7177,7.9145,-8.48503,15.517,train
1254,180.249,1.22732,134.051,19.8959,162.095,0.307707,750.114,545.182,431.027,205.565,588.233,679.233,581.772,510.284,1.2752,test
1255,178.359,2.49,109.738,3.35101,138.774,0.269492,474.363,143.953,37.566,17.1075,219.702,253.69,217.099,108.357,2.15912,train
1256,116.872,1.11471,112.339,26.7019,202.216,0.282858,439.039,764.997,679.36,326.329,759.795,877.336,407.151,383.078,0.577838,train
1257,55.0465,1.89643,14.8932,9.96509,207.767,0.32826,342.388,-1.24104,-6.16911,-8.0671,11.8231,13.6521,1.66805,-0.125541,28.9593,train
1258,130.893,1.37442,142.314,17.3381,133.207,0.317548,655.165,388.793,263.817,123.239,459.952,531.107,387.989,310.877,1.42442,train
1259,42.5889,1.25053,30.7485,21.0899,105.672,0.263931,611.673,22.8304,13.1718,-3.95903,46.4007,53.5789,12.8933,9.97061,13.1824,train
1260,190.814,2.03853,12.0609,16.0235,83.6031,0.283315,498.666,-22.4975,-18.535,-17.2792,9.0384,10.4367,-32.3757,-42.3386,55.1719,train
1261,192.837,2.45804,117.938,8.14415,84.4345,0.250822,797.596,145.202,35.4078,13.6318,227.886,263.14,391.372,191.047,3.49998,train
1262,185.159,2.06519,87.9797,2.40093,189.451,0.250216,762.241,135.599,50.0206,23.8098,193.625,223.579,148.22,90.1497,3.93669,train
1263,103.832,2.88424,16.2471,18.8538,154.012,0.262446,779.885,-22.1728,-19.5661,-19.2099,5.13178,5.92566,-8.67488,-18.6215,151.972,train
1264,70.1196,2.12138,49.0034,0.982845,184.122,0.337374,760.6,74.4761,26.4555,12.7363,106.936,123.479,33.0226,18.1696,7.11264,test
1265,197.326,1.66973,81.1751,20.7181,167.375,0.277077,848.904,107.364,46.9068,13.0944,163.28,188.539,148.815,96.4952,5.19908,train
1266,65.3108,2.77565,24.5896,15.8397,186.541,0.289184,422.735,-4.47939,-13.2294,-14.5345,17.416,20.1102,2.39293,-4.32026,24.2728,train
1267,109.032,1.66026,55.713,17.8792,116.723,0.320158,603.818,63.0338,25.2,3.66038,102.838,118.747,74.4476,46.1419,5.87156,train
1268,135.752,2.67778,119.257,4.14663,144.727,0.284694,565.058,148.273,33.1631,14.5082,231.688,267.53,167.051,75.8873,2.43887,train
1269,33.8627,1.40459,32.8558,20.2407,200.378,0.284956,300.127,18.3082,5.69302,-7.27384,44.3093,51.164,5.02645,3.2124,6.77345,train
1270,56.5575,1.19896,64.3333,28.6771,175.981,0.300696,551.055,169.979,134.322,52.8226,202.92,234.312,55.7407,48.9602,2.71563,train
1271,62.3251,2.74878,136.515,21.2233,183.639,0.277912,686.745,129.242,13.9494,-3.63694,230.152,265.757,57.0824,19.4589,2.98387,test
1272,107.587,2.58392,107.967,14.5579,72.4547,0.294907,516.375,111.761,18.352,1.89706,190.289,219.727,212.4,84.739,2.71363,test
1273,172.504,2.6803,38.0488,29.7261,111.386,0.251889,306.161,-18.7117,-27.0344,-28.3802,16.7465,19.3372,-3.06471,-51.4642,18.2821,train
1274,188.436,1.9057,71.6459,5.80531,134.112,0.27046,832.965,110.072,44.2312,19.2129,157.372,181.718,174.583,108.725,5.29296,train
1275,63.0734,1.23801,5.64988,21.3559,104.313,0.293318,282.621,-96.0345,-80.3285,-50.8422,78.2754,90.3847,-48.0484,-44.2787,3.61059,train
1276,99.6429,1.30654,15.7931,10.4001,144.164,0.265448,354.351,10.2477,4.85478,-2.77268,22.552,26.0408,10.4893,7.54178,15.7126,train
1277,64.9816,2.21701,124.375,9.40419,186.198,0.283618,380.834,164.299,49.3277,19.9618,249.999,288.675,67.6741,35.849,1.52334,train
1278,154.031,1.78202,90.8486,28.2779,180.047,0.29747,601.151,91.8129,29.2423,0.482168,158.19,182.662,101.544,57.1862,3.80019,test
1279,46.4348,2.62915,15.9604,28.1446,148.965,0.328453,326.932,-44.4504,-32.2661,-30.2054,24.6731,28.49,-9.12925,-10.7368,13.2506,train
1280,184.322,1.43631,31.5952,21.2708,165.245,0.348218,817.766,8.47858,-1.84579,-11.5583,34.7049,40.0738,26.219,15.3578,23.5634,train
1281,107.307,1.33509,133.247,27.2512,170.437,0.336061,400.407,349.675,243.678,108.214,418.223,482.922,225.451,181.958,0.9574,train
1282,126.31,2.98266,77.3708,12.1528,99.2692,0.273874,601.886,69.5839,4.36593,-3.89343,127.267,146.955,116.858,33.2476,4.72933,train
1283,149.57,1.61637,81.4648,22.2967,165.282,0.332891,341.279,110.251,51.0832,14.3932,166.031,191.716,119.976,78.5687,2.05552,train
1284,80.7085,1.66825,55.3924,22.1103,135.592,0.334398,313.218,48.503,15.2209,-3.44474,89.9761,103.895,40.5816,23.5999,3.48113,train
1285,59.0773,1.47606,114.314,4.11794,176.734,0.315848,530.204,293.051,182.855,89.3686,352.789,407.366,100.593,76.9359,1.50289,train
1286,145.643,2.71266,140.487,8.89833,174.462,0.291836,261.63,164.08,32.4913,11.7965,263.762,304.566,168.328,71.6633,0.991917,train
1287,114.489,2.74375,27.7202,0.159353,110.332,0.290137,716.952,35.8451,8.28429,4.06247,55.0491,63.5653,44.3184,20.3623,13.0239,train
1288,172.075,2.31031,87.0252,20.4385,105.11,0.340289,706.016,76.8507,10.264,-5.08724,141.921,163.876,177.126,71.6732,4.97473,train
1289,104.522,1.96562,89.1137,3.29633,93.6367,0.266744,827.793,142.456,56.6391,26.6714,200.546,231.57,177.609,110.592,4.1277,train
1290,108.438,1.85894,6.72161,23.4798,148.576,0.333359,563.34,-53.8866,-37.1284,-30.3041,40.8461,47.165,-30.3208,-26.0483,13.7918,train
1291,68.594,1.9952,45.7048,9.19229,188.376,0.266836,829.197,51.8184,15.3059,3.05679,84.4576,97.5233,23.0127,12.3095,9.8179,train
1292,71.835,1.66625,141.546,6.03181,175.246,0.323695,790.475,282.055,146.541,70.2545,366.85,423.602,125.077,85.8906,2.15476,train
1293,160.572,2.40324,115.556,17.0222,77.4979,0.260462,632.639,122.777,24.2436,3.61065,206.403,238.334,314.801,138.112,3.06507,train
1294,175.928,2.1665,44.9613,13.9483,206.19,0.264538,546.492,33.857,2.844,-5.55213,68.2586,78.8183,40.2894,14.793,8.0062,train
1295,171.388,2.83748,25.6331,24.2263,106.121,0.324251,266.22,-22.4204,-23.8273,-24.0268,2.78231,3.21274,-10.204,-37.491,95.683,train
1296,145.815,1.22627,26.1281,19.5433,201.931,0.311953,805.71,13.1854,6.60057,-6.47134,34.0466,39.3136,16.8647,13.0308,23.665,train
1297,30.8344,2.0794,67.7647,9.2006,191.641,0.303591,533.353,84.6019,26.0377,8.41856,131.953,152.367,16.511,8.79081,4.04198,train
1298,115.89,2.3036,52.9664,16.7066,154.486,0.263124,633.065,36.3926,0.132727,-8.28692,77.3872,89.359,39.3908,11.5938,8.18048,train
1299,154.891,1.35165,139.587,26.7165,100.078,0.295235,729.007,359.136,246.265,109.774,431.907,498.723,569.459,463.877,1.68788,train
1300,167.556,1.10399,35.173,13.3462,96.736,0.274209,727.82,207.999,186.172,86.413,210.593,243.172,335.936,317.688,3.45605,train
1301,152.964,2.9013,142.765,8.61598,129.656,0.301084,382.279,161.704,27.5549,9.46946,263.678,304.469,238.12,93.4366,1.44979,train
1302,25.4938,1.78677,142.538,11.6792,147.912,0.290624,878.241,238.547,107.688,48.0045,330.029,381.085,45.8509,29.913,2.6611,train
1303,187.077,1.75501,99.7825,9.14802,197.201,0.340331,784.34,168.632,77.9974,34.4247,232.454,268.415,181.076,115.537,3.37418,train
1304,92.1555,2.23299,69.1922,5.34508,193.11,0.333693,835.116,90.5358,26.6887,10.6718,138.329,159.728,52.5243,26.5459,6.03719,train
1305,171.367,2.51576,145.363,12.9727,171.903,0.306382,847.096,169.104,36.7133,11.8703,272.336,314.466,209.348,92.9208,3.11048,train
1306,180.112,2.23964,137.581,7.04237,186.023,0.261184,767.739,188.506,57.9671,25.4624,282.4,326.087,210.87,115.268,2.71862,train
1307,52.92,2.6035,117.458,18.558,206.009,0.284111,583.491,114.574,15.6739,-1.44202,200.945,232.031,38.1096,14.2828,2.90374,test
1308,182.511,1.4509,98.0683,20.2929,81.4758,0.341026,263.961,198.239,120.464,50.0854,256.61,296.307,480.724,358.499,1.02865,train
1309,144.728,1.50357,63.3659,23.5787,103.564,0.338839,531.651,79.3263,39.5391,7.98024,123.575,142.692,137.083,94.1855,4.30225,train
1310,32.6434,1.22811,5.20292,17.5786,101.783,0.281069,369.546,-78.6519,-66.2762,-41.9274,63.6087,73.4489,-20.9764,-19.5169,5.80968,train
1311,60.6384,1.33827,73.1411,16.6628,111.396,0.288481,378.544,182.624,126.146,54.7416,221.499,255.765,102.3,83.8928,1.70901,train
1312,125.882,2.161,143.378,0.92867,146.897,0.347052,878.839,219.151,76.7019,37.8866,313.959,362.528,219.173,118.288,2.79922,train
1313,182.114,2.24287,98.4458,14.8953,172.917,0.312307,532.287,110.115,26.5643,5.83449,180.619,208.561,146.432,69.4332,2.94702,train
1314,122.907,1.22044,91.7483,22.7151,90.8797,0.278779,330.721,328.385,259.352,118.318,363.846,420.133,434.096,384.082,0.908958,train
1315,199.564,2.90503,144.62,27.4773,137.97,0.266512,721.084,121.159,4.01623,-11.7305,230.172,265.78,235.521,60.7834,3.1328,train
1316,71.4366,1.75146,147.235,12.2286,121.307,0.326598,507.865,253.37,118.364,53.0676,346.934,400.605,167.318,108.325,1.46386,test
1317,22.6492,1.94683,46.7256,1.26533,144.08,0.27666,597.685,76.7813,31.321,15.0279,106.96,123.507,13.4485,8.42019,5.58793,train
1318,102.06,1.80267,137.201,7.09062,103.611,0.321641,605.138,238.692,108.582,50.7456,325.532,375.892,262.509,167.874,1.85892,train
1319,71.9393,2.97496,101.09,9.62142,185.856,0.301873,573.629,105.151,13.6816,2.03008,178.61,206.241,52.2756,18.3935,3.21163,train
1320,67.1928,2.81191,23.2738,5.2801,175.065,0.26896,374.71,17.924,-0.0697072,-2.6749,35.6783,41.1977,9.55824,2.23393,10.5025,train
1321,160.409,1.72432,90.9284,22.5932,165.188,0.265399,535.109,115.002,46.6672,12.037,178.341,205.931,132.007,82.8319,3.00047,train
1322,49.942,1.26697,40.7023,10.8341,73.4246,0.2991,757.148,117.739,87.8706,38.5183,137.214,158.441,80.5281,68.5883,5.518,test
1323,135.704,1.85791,24.1889,0.784426,123.326,0.255567,706.583,41.7115,18.307,8.76131,57.0714,65.9003,50.2364,33.2588,12.3807,train
1324,179.142,1.60885,97.9052,0.270464,167.27,0.343634,721.692,220.3,122.665,61.1972,275.573,318.205,249.444,175.281,2.61887,train
1325,164.47,2.11665,74.4112,14.6088,175.318,0.310861,795.668,79.5607,19.7583,2.57474,133.344,153.972,95.5873,46.662,5.96705,train
1326,171.675,1.48115,98.1256,16.4825,122.117,0.270636,630.66,201.939,120.296,51.9065,259.863,300.064,301.476,230.522,2.42689,test
1327,80.2019,2.00979,49.6047,14.7367,136.421,0.311614,424.577,43.0763,8.20828,-3.2642,80.264,92.6809,35.01,16.3263,5.28975,train
1328,100.61,2.00684,74.8825,19.4769,76.008,0.348955,335.638,72.5314,17.1257,-1.17557,127.664,147.414,131.14,64.6373,2.62907,train
1329,82.6388,2.27885,19.6399,10.0601,194.129,0.273714,823.352,4.08891,-5.4909,-7.77551,20.5498,23.7288,4.93499,-0.590816,40.0662,train
1330,47.0559,1.23152,23.582,4.12164,145.346,0.265292,288.413,90.6723,71.2119,33.5452,98.9472,114.254,28.4994,25.2803,2.91482,train
1331,150.798,2.43651,69.3724,29.6752,159.955,0.304322,751.458,26.1049,-13.5923,-21.6338,82.6858,95.4774,50.7202,4.64492,9.08812,train
1332,96.4715,1.79739,35.7075,0.135598,204.164,0.321999,422.011,67.3308,31.7589,15.8116,89.2338,103.038,34.8424,22.6859,4.72927,train
1333,163.889,1.9941,113.047,9.27485,175.869,0.270481,667.555,164.227,60.4548,25.59,240.127,277.274,175.085,104.141,2.78001,train
1334,62.4425,2.42198,98.5757,25.6241,90.9857,0.272133,677.425,77.3118,4.36021,-10.632,152.323,175.887,73.454,23.6472,4.44729,train
1335,87.7065,2.15711,111.764,12.5285,184.781,0.317657,759.307,141.036,41.8009,14.6362,218.932,252.801,81.5876,42.1132,3.46823,train
1336,68.0937,2.56827,48.5868,21.5626,109.455,0.312031,281.224,15.1198,-11.9043,-16.7335,55.1715,63.7066,22.0863,0.0723273,5.09726,train
1337,101.337,2.15529,86.6511,6.30722,206.421,0.291598,673.32,118.118,37.7738,15.7333,177.335,204.769,68.139,37.0597,3.79688,train
1338,123.926,2.8758,77.2241,11.4415,85.7521,0.279665,842.181,72.4375,6.65493,-2.39327,129.611,149.662,136.862,43.7379,6.49777,test
1339,29.9167,2.72415,82.1319,6.80256,89.7975,0.348492,624.597,91.9903,16.6609,4.92916,150.794,174.122,39.6107,15.7135,4.14205,train
1340,115.593,2.78283,37.4073,16.3686,84.3433,0.251451,637.94,10.9092,-10.1295,-13.249,41.8433,48.3165,32.408,-10.2292,15.2459,train
1341,72.2955,1.18926,62.3048,26.2469,108.557,0.268369,714.02,183.86,147.802,60.7774,213.185,246.164,122.717,109.721,3.3493,test
1342,132.817,1.46084,58.9823,0.649624,96.7623,0.297071,879.567,160.557,102.224,50.7871,190.126,219.539,223.724,175.111,4.62623,train
1343,189.513,2.42956,100.573,28.954,83.5689,0.313571,297.966,71.8814,0.262059,-14.3459,149.35,172.455,244.727,76.251,1.99508,train
1344,42.9801,1.20789,124.811,19.4936,187.406,0.314386,396.371,544.725,439.408,209.957,579.835,669.536,118.79,105.137,0.683593,train
1345,196.449,1.28883,109.152,22.1625,169.376,0.337476,850.712,327.994,241.005,109.421,378.58,437.146,380.317,316.246,2.24712,train
1346,146.051,2.46634,93.0347,16.4662,137.422,0.269225,648.652,90.2305,13.662,-1.40213,158.712,183.265,122.917,48.4204,4.08697,train
1347,148.016,2.80183,24.4003,8.0495,146.555,0.274367,647.016,13.0751,-3.27573,-5.66261,32.4546,37.4754,21.5358,1.37646,19.936,test
1348,193.443,1.35578,104.969,14.7788,121.048,0.34359,620.222,290.627,200.437,92.829,342.597,395.597,471.11,376.17,1.81035,train
1349,178.822,2.12685,34.4173,16.3806,95.3473,0.349334,787.821,11.8941,-6.1426,-11.2616,40.1069,46.3114,52.2346,14.016,19.643,train
1350,84.9738,1.78619,31.854,28.7224,89.9259,0.310376,564.19,-22.7315,-25.8631,-27.2928,7.90031,9.12249,-4.13293,-14.3083,71.4137,test
1351,20.7252,2.96685,19.9242,2.72199,195.684,0.290118,801.688,18.8898,1.6876,-0.517195,33.6139,38.814,2.62875,0.825572,23.8499,train
1352,182.258,2.88407,65.9534,12.8367,115.639,0.316576,876.629,54.7971,1.68034,-5.57819,104.573,120.75,122.056,34.1374,8.38294,train
1353,74.4359,2.89678,119.465,10.4861,88.1289,0.326065,774.155,127.982,19.0025,4.2582,214.296,247.447,139.825,51.4616,3.61256,train
1354,75.8952,2.1156,89.3588,29.9763,148.279,0.295404,327.936,63.576,4.19341,-12.8914,132.445,152.935,48.001,18.2533,2.47601,train
1355,81.884,2.92005,66.8371,24.8708,177.735,0.287266,296.968,28.2468,-13.7195,-19.2951,82.345,95.0838,24.4127,-1.38847,3.60638,train
1356,23.3879,1.79517,133.299,0.633602,74.3335,0.286425,577.482,251.408,118.742,59.0544,333.166,384.707,85.7924,57.6172,1.73332,train
1357,156.191,2.23004,21.4567,11.0935,166.033,0.279169,837.388,4.48637,-5.87683,-8.48518,22.4674,25.9431,12.0838,-0.862353,37.2713,train
1358,58.0607,1.1631,82.492,7.6267,163.629,0.274719,799.978,491.643,416.778,204.576,497.216,574.135,162.55,149.676,1.60892,train
1359,121.946,2.45644,29.141,15.7969,170.618,0.298802,834.28,2.84881,-10.4953,-13.1461,27.704,31.9898,11.0671,-3.243,30.114,train
1360,76.1761,2.43301,119.381,4.98335,109.726,0.275402,405.241,155.921,41.5238,18.2702,238.418,275.302,127.578,63.9567,1.69971,train
1361,65.9335,2.72472,96.7158,20.3007,187.002,0.309151,580.938,79.9045,3.48942,-8.40563,152.958,176.62,39.6312,11.8779,3.79803,train
1362,120.789,2.14905,24.7235,1.98229,209.787,0.309435,596.098,33.3287,10.5875,4.30258,50.2746,58.0521,22.828,12.2121,11.8568,test
1363,111.512,1.31031,5.76317,2.56245,96.6185,0.28567,411.66,9.56732,6.3666,1.90207,13.2766,15.3305,12.3151,9.91347,31.0064,train
1364,134.606,2.6561,7.02206,29.3224,171.309,0.258672,599.263,-58.9889,-36.6885,-33.0055,45.0046,51.9668,-38.2148,-42.9219,13.3156,train
1365,170.991,2.43772,14.6243,16.796,133.701,0.315413,327.582,-19.8466,-17.6748,-17.2354,4.52259,5.22224,-12.5302,-21.639,72.4323,train
1366,182.998,2.09155,109.531,9.0331,189.369,0.267686,899.167,151.026,50.5285,20.7477,225.648,260.556,168.911,95.7889,3.98481,test
1367,24.4231,1.90407,46.2086,28.0988,152.589,0.277834,748.688,3.80642,-14.3034,-21.2011,43.3143,50.0151,3.60693,-0.184752,17.285,test
1368,96.3097,2.73073,59.6827,5.11574,201.738,0.328711,439.231,66.3532,11.7863,3.33526,109.15,126.036,40.5193,16.1281,4.02409,train
1369,41.6047,2.17139,45.2286,1.96952,105.768,0.312605,499.139,64.5788,21.3197,9.67509,95.096,109.807,29.7746,16.1525,5.24879,train
1370,156.262,2.66908,53.859,9.18446,110.776,0.294877,623.482,50.0801,5.40556,-1.88945,90.0138,103.939,93.8324,32.6466,6.92651,train
1371,141.622,1.72334,19.4102,7.94443,118.071,0.301162,289.601,15.1622,3.69647,-2.12398,29.9406,34.5724,25.9655,13.9089,9.67254,train
1372,192.903,2.738,14.559,5.96602,145.104,0.29283,607.215,5.27233,-3.32065,-4.64334,17.1744,19.8313,14.4845,-0.778631,35.3557,train
1373,24.645,2.95966,45.9802,4.8631,83.9307,0.301707,490.795,46.8517,5.73461,0.435751,80.3947,92.8319,17.7921,6.14458,6.10482,train
1374,57.3961,1.47489,103.956,10.1481,173.284,0.32603,378.985,243.29,149.482,69.6671,300.723,347.245,84.2862,63.5454,1.26025,train
1375,193.461,2.79219,50.9642,25.1927,100.559,0.339488,481.118,8.16283,-17.6087,-21.4007,51.2055,59.127,62.9673,-9.6198,9.39582,train
1376,163.04,1.51621,75.3822,22.8535,202.801,0.272138,480.226,110.557,58.0286,17.5875,161.028,185.939,101.526,72.4805,2.98225,train
1377,98.6359,1.33129,103.876,3.47522,160.163,0.33716,747.467,356.919,256.519,126.522,399.06,460.795,215.106,176.299,1.87307,train
1378,55.8314,2.67757,30.8496,13.2371,94.1704,0.308248,584.344,10.0851,-7.52743,-10.3823,35.4506,40.9348,13.5145,-0.391796,16.4834,train
1379,32.7054,2.94335,122.885,15.0902,139.295,0.279009,590.406,120.838,13.0427,-1.02377,211.071,243.723,36.489,12.1205,2.79719,test
1380,141.883,1.17351,24.9627,14.0111,102.204,0.338042,504.284,55.0193,44.0676,15.0283,69.2664,79.9819,81.0416,71.2308,7.28035,train
1381,88.9351,2.70389,144.272,15.3678,120.879,0.344336,323.995,154.387,25.4827,5.05745,258.646,298.659,148.857,57.7569,1.25266,train
1382,182.787,2.25099,82.4302,1.83394,126.428,0.340222,636.288,118.397,37.8006,17.9833,173.921,200.827,202.876,105.139,3.65848,train
1383,147.117,2.24147,78.4934,8.31352,146.416,0.3298,509.535,96.7455,26.5656,9.12602,151.761,175.239,120.195,59.2272,3.35748,train
1384,160.032,2.41475,115.084,17.5626,128.763,0.258316,596.627,120.332,22.8105,2.62394,203.877,235.416,185.658,80.0388,2.92641,train
1385,26.7165,2.16884,69.402,17.7481,198.546,0.332253,475.852,61.7975,10.1437,-3.80224,113.622,131.199,11.5883,5.04996,4.18803,train
1386,183.46,2.33788,10.5927,22.3358,86.7734,0.33232,430.334,-39.3382,-27.5951,-24.9655,24.8943,28.7455,-58.1872,-58.7008,17.2864,train
1387,162.474,2.04225,51.1291,21.1559,95.1081,0.300399,604.248,27.7229,-2.25016,-11.7031,68.2878,78.852,79.6032,26.5869,8.84855,train
1388,25.5448,2.29035,140.898,24.7767,207.662,0.279787,486.072,146.045,29.9239,2.57364,248.5,286.943,22.7259,10.1809,1.95603,train
1389,182.919,1.7213,52.0725,3.58711,186.151,0.326386,895.885,94.3006,45.8152,21.1141,126.763,146.373,102.592,67.8168,7.06741,train
1390,55.6308,2.90635,42.9632,25.4585,190.663,0.327096,720.274,-3.2525,-20.7572,-23.1078,34.3905,39.7107,5.35671,-4.13094,20.944,test
1391,175.137,2.16787,47.5551,9.06675,75.64,0.309396,338.961,50.228,11.7396,1.33644,84.6827,97.7831,149.408,70.9323,4.00272,train
1392,115.861,2.28574,51.651,1.17752,106.874,0.276332,703.894,73.1911,22.7176,10.77,108.116,124.842,91.5926,49.7247,6.51052,test
1393,135.418,2.48504,115.647,16.3319,176.541,0.287944,574.534,121.362,22.0476,2.85781,205.256,237.009,118.005,49.4223,2.79911,train
1394,96.2045,2.80068,95.1571,10.417,114.366,0.32588,567.891,99.0871,14.347,1.96498,168.22,194.244,108.899,40.2896,3.37587,train
1395,199.433,2.10747,32.3397,12.3275,196.939,0.265768,434.284,19.3149,-0.697293,-6.51237,44.7342,51.6546,30.0158,9.19761,9.7081,train
1396,39.9478,2.83963,37.2593,16.1044,168.088,0.344369,477.695,11.0405,-10.1145,-13.1094,41.8289,48.2998,6.74619,-0.0365181,11.4202,train
1397,150.896,1.9347,58.0148,5.26517,206.685,0.313268,776.991,85.945,33.1954,13.9651,124.673,143.96,72.8212,43.0382,6.23224,train
1398,83.8983,1.48015,140.678,26.8288,162.972,0.344948,577.655,278.228,164.378,68.7748,362.783,418.906,156,114.228,1.59229,train
1399,66.6592,2.22369,91.7919,9.71281,202.363,0.31352,879.127,113.98,31.901,11.0941,178.204,205.772,45.8796,23.0501,4.93327,train
1400,48.5267,2.7739,78.7491,9.81704,151.379,0.320417,828.888,79.7085,10.7765,0.479731,137.228,158.458,33.5912,12.243,6.04021,train
1401,139.867,1.23491,103.161,4.0334,135.218,0.269502,382.431,472.725,373.597,184.782,498.732,575.886,466.226,414.999,0.766808,train
1402,178.147,2.73529,103.68,7.90984,115.283,0.336272,583.668,117.411,21.6408,6.86546,191.471,221.092,231.745,92.9564,3.04833,train
1403,81.5576,2.41043,94.0212,24.6023,152.385,0.25305,742.667,73.6802,4.26125,-10.1705,145.234,167.701,53.5452,16.849,5.1136,test
1404,21.0611,1.51854,81.8994,22.8386,135.687,0.297965,673.673,126.669,67.6084,22.3849,180.626,208.569,22.414,15.9676,3.72966,train
1405,144.148,2.74937,129.404,23.9573,175.615,0.278437,277.4,113.642,8.19584,-7.88071,210.484,243.046,124.656,38.5016,1.31791,test
1406,48.6791,1.43265,28.2951,27.3793,80.6542,0.260782,272.488,-24.7232,-25.639,-26.5092,3.09332,3.57186,-6.29583,-10.0181,88.0892,train
1407,138.66,2.8862,63.8753,19.4341,77.0328,0.257984,691.367,37.1327,-7.30848,-13.3713,87.4755,101.008,102.711,5.99928,7.90355,train
1408,155.421,2.40991,100.419,9.76599,130.507,0.289773,651.21,118.599,27.9457,9.08987,189.675,219.017,172.756,80.7656,3.4333,train
1409,99.1189,1.13324,39.3465,21.281,133.889,0.288411,294.423,123.907,105.841,42.28,141.381,163.253,91.1025,83.7136,2.08247,train
1410,154.851,2.10086,55.129,16.6203,136.601,0.296313,645.861,44.4502,5.94153,-5.33939,86.2381,99.5792,70.7,29.6464,7.48928,train
1411,80.0018,2.0085,88.1182,1.45334,75.538,0.269727,416.25,142.34,55.6746,27.1106,199.582,230.458,168.179,103.709,2.08561,train
1412,189.415,2.73912,44.3924,24.578,142.271,0.279688,464.852,1.33065,-18.4838,-21.5309,39.5974,45.7231,26.3192,-20.3772,11.7395,test
1413,166.488,2.17731,15.4678,7.61784,184.415,0.307577,763.269,4.42923,-3.42075,-5.51929,17.2314,19.8971,9.82627,1.21856,44.2954,train
1414,33.2116,1.91401,136.941,29.6064,169.341,0.272674,683.213,158.327,50.9924,10.693,255.709,295.267,37.8028,21.0774,2.67184,train
1415,48.7422,2.74437,139.118,12.3579,179.326,0.307214,457.805,153.217,26.4569,7.04948,253.17,292.336,52.674,20.9518,1.80829,test
1416,115.121,1.45915,64.7789,6.50716,93.2585,0.320362,612.128,154.98,96.708,45.1004,190.317,219.759,199.093,151.922,3.21636,train
1417,183.387,1.15901,108.545,27.093,194.812,0.250199,622.058,528.884,447.432,210.169,552.029,637.428,473.931,438.188,1.12686,train
1418,110.633,1.11553,7.39537,19.0849,191.116,0.270917,466.571,-126.429,-114.74,-66.9123,103.086,119.034,-61.5336,-59.0491,4.52602,train
1419,71.0282,2.90793,34.2517,16.5318,143.915,0.303813,638.444,5.94143,-11.7786,-14.1552,34.8083,40.1932,10.1907,-3.52407,18.3417,test
1420,43.3305,2.12961,137.462,3.34973,104.522,0.337597,463.384,206.634,72.522,34.5861,297.996,344.097,100.06,54.7159,1.555,test
1421,197.88,2.99142,71.3191,8.97128,146.907,0.292906,473.376,69.0643,6.71643,-1.12743,121.576,140.383,121.61,38.9816,3.89368,train
1422,65.7241,1.73371,47.0075,28.1312,190.119,0.262383,341.672,9.56715,-9.30913,-18.7202,48.9951,56.5746,9.26924,1.78837,6.9736,train
1423,174.16,2.15482,49.3672,2.35273,199.955,0.308037,783.339,70.471,23.4565,10.5519,103.783,119.838,71.7937,39.2836,7.54787,train
1424,56.7638,2.95759,100.28,8.2985,125.987,0.28889,701.73,107.428,15.4468,3.57415,179.881,207.708,60.9894,22.4023,3.90109,train
1425,48.2375,2.07394,51.7979,6.06761,162.307,0.335019,826.047,67.3675,21.6373,7.78483,103.2,119.165,24.4038,12.982,8.00431,train
1426,171.683,2.95387,105.219,6.1268,140.609,0.310085,492.53,118.619,19.5268,6.70001,193.849,223.837,182.134,69.7859,2.5408,train
1427,72.6693,1.178,65.882,14.6917,189.129,0.294128,867.884,300.582,249.392,117.35,317.367,366.464,109.677,99.2141,2.73464,train
1428,71.2449,2.13259,140.307,28.928,151.95,0.250107,816.255,145.237,33.8576,2.46478,247.288,285.544,84.2615,40.4724,3.30082,train
1429,40.8379,1.36466,149.139,29.1629,136.167,0.295284,869.025,369.082,249.106,109.972,448.793,518.221,114.16,92.1871,1.93636,train
1430,65.2139,2.3756,44.0662,19.0422,91.8876,0.333006,506.581,16.76,-8.264,-13.6531,52.6771,60.8263,25.5361,4.42358,9.61672,test
1431,99.764,2.19257,22.3999,25.7171,93.4151,0.303907,345.981,-30.7769,-27.4597,-26.5884,7.25471,8.37702,-16.9689,-27.0773,47.6905,train
1432,59.1216,1.5242,71.8195,12.9692,183.767,0.322224,566.399,134.834,75.984,31.5074,178.967,206.654,47.558,34.3308,3.16482,train
1433,115.338,1.82404,8.45909,17.1556,173.161,0.307065,479.133,-33.3262,-24.6297,-20.8927,21.5356,24.8671,-16.1945,-15.7291,22.2485,test
1434,72.8643,2.02615,144.173,15.894,139.049,0.259263,784.807,195.005,66.7256,25.4158,293.736,339.177,118.32,68.2241,2.67181,test
1435,129.49,2.69924,15.6397,17.7192,176.067,0.331441,563.557,-20.4603,-18.3808,-18.05,4.17474,4.82058,-6.83546,-12.9542,134.992,test
1436,158.362,2.85892,46.4958,17.9268,126.88,0.301758,439.626,18.6075,-9.96154,-13.9442,56.3812,65.1034,45.9882,-1.22836,7.79739,train
1437,119.602,1.53347,17.0668,2.14911,108.277,0.264864,255.355,34.8442,19.9265,8.88867,44.9563,51.911,40.8813,30.7289,5.68008,test
1438,43.505,1.733,108.768,9.00759,209.396,0.270339,594.666,190.348,90.5882,40.7903,259.042,299.116,43.3656,29.5232,2.29564,train
1439,20.4881,2.97718,88.4762,18.933,72.6934,0.27436,407.426,68.2976,-1.24557,-10.0893,135.77,156.774,26.8708,5.63618,3.00085,test
1440,84.1212,1.93035,97.051,22.0761,148.506,0.319456,508.807,107.901,32.9264,5.42517,177.494,204.952,77.7009,41.8195,2.86662,test
1441,162.395,1.41963,10.9786,15.6931,110.437,0.274689,852.384,-29.6943,-24.9798,-20.3365,16.2083,18.7157,-31.016,-31.486,52.5895,test
1442,76.8113,2.27534,11.0249,23.503,133.974,0.281991,328.53,-41.9555,-29.4774,-26.4902,26.7867,30.9306,-17.9891,-20.0632,12.2647,test
1443,28.28,1.60119,29.0011,27.3627,192.742,0.301205,268.704,-23.6287,-25.2672,-26.3149,4.6527,5.37248,-1.02226,-2.13771,57.7522,train
1444,65.8192,2.64886,135.599,16.5752,159.47,0.319682,852.191,142.014,22.9908,3.20782,240.42,277.613,76.0828,29.8074,3.5446,train
1445,66.4613,2.45508,94.5929,11.2928,176.395,0.331338,470.986,105.145,21.8454,5.2763,172.978,199.738,50.7666,22.0514,2.7228,train
1446,32.2677,2.17879,86.2351,9.23681,77.2539,0.333922,386.604,108.859,31.8607,11.3119,168.956,195.094,55.9185,28.364,2.28818,train
1447,172.809,2.1817,134.947,7.74044,124.958,0.266092,582.974,187.133,59.9259,26.0927,278.93,322.08,298.85,166.072,2.09004,train
1448,63.9068,1.886,65.2829,18.9469,154.603,0.348666,830.412,63.6317,17.2957,-0.825598,111.643,128.915,35.8306,18.8581,7.43809,train
1449,72.3841,2.43505,30.1637,0.858996,99.8062,0.333507,626.715,40.3352,11.0306,5.08578,61.0538,70.4989,35.3187,16.9906,10.265,train
1450,84.4845,2.03632,143.008,19.8877,148.251,0.273514,838.114,181.488,58.3679,19.2401,281.021,324.495,122.717,67.9386,2.98239,train
1451,194.773,1.81649,144.579,13.449,170.065,0.286146,716.418,231.725,100.595,43.5729,325.889,376.304,298.492,191.345,2.19835,train
1452,61.7596,1.76988,83.7016,23.0097,87.5018,0.279116,894.212,94.6037,33.9118,5.45104,154.417,178.305,82.1878,48.4848,5.79089,train
1453,78.7837,2.25494,48.9739,22.2347,182.607,0.344159,265.768,17.5966,-9.14254,-15.6886,57.6518,66.5706,17.1932,3.80309,4.60989,test
1454,175.219,1.8482,52.5018,16.1684,92.9475,0.275219,711.438,50.2439,13.9106,-1.12891,88.9804,102.746,122.542,65.0527,7.99544,test
1455,112.215,2.77296,117.478,27.0521,196.623,0.257154,531.269,90.4099,-0.0160169,-13.5341,180.036,207.888,70.8251,16.4916,2.9509,train
1456,99.462,2.87389,25.5515,3.43514,201.905,0.314699,459.282,24.7745,2.65814,-0.388504,43.5836,50.326,16.2257,5.46675,10.538,train
1457,145.288,2.24103,38.3872,18.7551,77.7127,0.278693,586.655,10.6389,-8.99324,-13.8742,42.4578,49.026,47.1195,0.42019,13.8174,train
1458,197.969,2.74632,55.2988,5.93684,160.874,0.338325,296.086,58.5153,9.15327,1.60821,98.5659,113.814,94.361,35.8834,3.00394,train
1459,196.577,2.87939,24.5572,21.8884,80.0474,0.263863,305.193,-18.4875,-21.1563,-21.5224,5.25654,6.06973,-15.542,-68.6023,58.0596,test
1460,50.589,1.83738,46.4216,18.0024,110.817,0.299584,495.582,34.3389,5.91974,-6.04132,69.9406,80.7605,22.8511,11.0073,7.08575,train
1461,189.36,2.67912,97.6753,4.78277,166.392,0.314283,741.194,118.183,25.2909,10.2541,186.939,215.859,165.765,71.8675,3.96489,test
1462,157.707,1.87017,78.59,25.1525,149.078,0.329861,547.225,71.077,17.6396,-3.75649,129.615,149.667,103.926,53.7645,4.22191,train
1463,145.006,2.60853,102.526,4.96912,175.789,0.264006,680.161,126.202,28.6453,11.8381,198.084,228.727,123.852,57.7353,3.4337,train
1464,64.8544,2.79972,6.21053,17.9699,130.994,0.268314,828.173,-33.1686,-21.4091,-19.6895,23.3463,26.958,-12.981,-15.6696,35.4734,train
1465,56.3298,1.67913,23.4845,0.620669,118.506,0.308917,296.734,47.3752,24.5114,11.9454,61.3663,70.8597,24.2133,16.7715,4.83546,test
1466,113.464,1.58692,71.4443,20.3516,141.164,0.268906,815.444,98.043,46.9504,13.2994,146.78,169.487,91.3713,62.3049,5.55554,test
1467,167.464,1.72551,60.4983,6.28165,117.29,0.332538,323.736,102.771,48.5547,21.1365,141.396,163.27,165.423,107.452,2.28957,test
1468,165.146,1.46992,80.0168,15.9646,125.568,0.274483,640.667,158.46,94.4078,39.2216,206.527,238.477,223.133,170.171,3.1021,train
1469,61.8066,2.90397,112.569,27.4273,141.81,0.258473,476.925,80.6228,-4.51847,-15.9729,167.309,193.191,49.6195,8.47917,2.85057,train
1470,92.463,2.95077,130.865,11.2474,98.7596,0.305937,697.777,139.411,19.7936,4.27309,234.066,270.276,166.783,60.5773,2.98111,train
1471,126.496,2.43915,61.918,14.0506,120.072,0.288792,383.414,53.1591,5.29178,-4.37943,99.6597,115.077,76.174,27.275,3.84723,train
1472,44.5889,1.45661,147.694,28.8527,79.0308,0.322506,309.245,301.882,183.041,77.0943,389.344,449.576,183.167,137.64,0.794273,train
1473,129.773,1.16147,58.1082,14.2416,201.669,0.312899,863.141,281.007,237.141,111.45,293.683,339.115,170.086,154.505,2.93903,test
1474,192.37,2.45573,91.9691,27.8778,208.819,0.29059,520.229,61.6941,-2.39719,-15.1375,133.076,153.663,85.5065,22.8549,3.90925,train
1475,165.23,2.05804,68.768,26.4255,136.646,0.329604,772.422,42.0903,-0.252216,-13.3389,96.0061,110.858,83.6186,31.9886,8.04556,train
1476,41.6955,2.16413,40.5032,22.7609,172.535,0.274008,664.566,4.61482,-13.1274,-17.9442,39.0733,45.118,4.98549,-1.03233,17.0082,train
1477,118.459,1.42102,37.1439,16.7813,84.8784,0.303375,511.379,43.536,23.1734,3.19605,69.8709,80.6799,75.1336,54.1313,7.31892,train
1478,39.112,2.80049,108.811,7.51038,83.7774,0.328397,684.996,123.398,22.0978,7.29369,201.099,232.209,73.1733,28.9842,3.40627,train
1479,133.799,1.93999,56.3524,5.17205,90.4944,0.30377,509.315,83.0475,31.8671,13.3475,120.724,139.4,142.103,84.2824,4.21885,test
1480,193.7,2.76632,48.5341,15.0152,73.3918,0.304617,431.274,28.5807,-4.93818,-9.9767,66.7834,77.1148,122.472,19.5287,6.4578,train
1481,148.42,1.13734,55.0525,12.1647,103.154,0.257793,459.76,322.927,280.04,133.937,327.34,377.98,435.374,406.894,1.40453,test
1482,35.4793,2.68913,129.168,10.7605,133.142,0.324814,270.599,145.65,27.2429,8.24119,237.999,274.818,49.2794,20.1084,1.13697,train
1483,190.215,2.44724,80.956,3.88645,137.925,0.335791,340.425,104.079,27.0094,11.5615,160.245,185.035,175.674,82.4596,2.1244,train
1484,163.72,1.93717,49.4372,2.29188,91.1584,0.297165,454.216,79.1079,31.9627,14.8354,111.323,128.545,160.544,98.2343,4.08015,train
1485,61.2972,1.86496,28.3231,21.6605,89.9994,0.263373,692.69,-9.62061,-16.2832,-18.9718,16.1968,18.7025,1.9313,-7.08995,42.767,train
1486,158.94,1.95897,115.822,18.5373,173.43,0.281928,425.073,147.316,50.0321,15.7474,227.884,263.138,160.864,91.2342,1.8653,test
1487,94.3433,1.1803,38.7115,13.6643,159.656,0.277692,429.627,138.818,113.771,50.0533,153.745,177.53,80.1686,72.3023,2.79441,train
1488,38.6526,1.58463,127.802,0.0611283,206.492,0.349818,320.387,296.755,169.014,84.4763,367.677,424.557,58.3856,41.374,0.871382,train
1489,20.4388,2.56401,67.2596,21.9604,100.433,0.253524,629.864,39.5922,-5.70705,-13.8337,92.5363,106.852,12.2411,1.75718,6.80667,train
1490,198.95,2.40062,72.89,9.85652,75.3573,0.313723,762.028,79.6451,16.6116,3.37755,132.099,152.535,267.844,118.164,5.7686,train
1491,119.959,1.59093,138.165,13.4809,113.493,0.335934,619.313,274.077,149.393,67.956,357.012,412.242,314.621,220.442,1.73471,train
1492,59.3085,2.70952,89.0906,6.34933,133.253,0.324033,713.042,102.487,19.7458,6.69825,165.911,191.578,57.4977,23.6762,4.29773,train
1493,109.726,1.78407,133.868,23.6612,158.262,0.255971,483.096,187.518,77.3115,26.8252,278.329,321.387,149.007,94.6272,1.7357,train
1494,81.5883,2.3045,99.344,6.95931,103.209,0.338211,711.196,128.288,35.9036,14.4722,197.135,227.632,124.105,60.778,3.60765,test
1495,179.76,2.91519,73.2132,25.1289,126.96,0.261013,808.834,35.7806,-12.3036,-18.7163,94.3914,108.994,84.6346,-3.54755,8.56893,train
1496,76.9775,2.62026,99.5594,9.38184,195.806,0.310026,704.993,111.543,21.3652,5.9917,182.82,211.102,55.2551,23.0911,3.85621,test
1497,71.1469,1.33924,139.772,12.911,90.9419,0.258535,312.483,433.673,306.813,146.951,496.618,573.445,337.825,285.15,0.629222,train
1498,190.475,2.96057,145.612,23.8599,107.198,0.298308,730.078,129.252,7.49952,-8.18021,238.039,274.864,311.179,89.7299,3.06705,train
1499,99.574,1.9208,43.2925,18.2695,122.991,0.3312,805.79,25.3614,0.338518,-8.96551,59.456,68.6539,34.5452,14.5537,13.5527,train
1500,56.9134,1.32348,114.498,17.5889,110.608,0.300785,673.395,337.197,240.288,111.349,391.18,451.695,173.992,144.429,1.72145,train
1501,54.0025,1.34877,115.208,12.9893,125.753,0.34205,251.949,338.794,236.575,111.793,393.177,454.002,145.99,117.451,0.640804,train
1502,56.4966,1.91723,119.794,14.4895,194.154,0.330238,592.423,169.525,64.2206,24.8655,250.558,289.319,58.4521,33.9164,2.36442,train
1503,103.186,1.46009,102.218,4.72781,186.349,0.26804,465.39,265.026,167.536,81.4039,318.043,367.244,149.841,118.835,1.46329,train
1504,147.445,1.95422,74.76,9.44772,109.415,0.306576,406.577,102.202,36.8901,13.7212,153.254,176.962,162.943,93.6984,2.65296,train
1505,66.8842,1.39094,97.5462,3.78695,107.739,0.322093,416.492,290.586,196.827,96.5199,336.132,388.132,180.601,144.168,1.23907,test
1506,39.9078,1.85242,92.1732,27.0753,152.7,0.278085,419.177,91.5685,26.4706,-0.302346,159.125,183.742,30.652,16.5009,2.63427,train
1507,144.311,1.92419,101.55,1.02156,172.852,0.296594,581.97,173.903,73.3749,36.1767,238.55,275.454,161.377,101.125,2.43962,test
1508,52.7234,2.52074,20.16,5.04795,159.904,0.322466,414.02,15.7091,0.597071,-2.22544,31.0636,35.8691,7.5597,2.44561,13.3282,train
1509,193.393,2.73471,68.3097,20.3877,199.106,0.334354,493.76,42.3283,-5.59376,-12.9907,95.8153,110.638,67.5167,14.7857,5.15324,test
1510,104.569,2.94667,126.031,6.88243,183.835,0.320465,294.818,143.282,24.1341,8.62584,233.232,269.313,102.904,39.5155,1.26405,test
1511,84.6867,2.14689,123.886,9.10698,74.8548,0.307561,861.583,169.277,54.4979,22.6954,253.886,293.162,226.72,122.217,3.39358,train
1512,60.698,1.44122,62.9393,21.5503,82.4265,0.29443,882.503,96.6912,55.3022,16.876,138.244,159.63,81.1896,60.1526,6.38366,train
1513,54.556,1.93024,62.3881,1.29589,119.841,0.337678,662.5,104.621,43.5288,21.1164,144.634,167.009,53.9716,32.3682,4.58053,train
1514,96.6544,1.30353,137.357,23.3013,101.927,0.336645,653.555,417.006,302.95,139.824,480.092,554.362,394.647,325.988,1.36131,train
1515,162.178,2.91742,56.479,21.7284,169.979,0.295153,604.966,22.2749,-12.4756,-17.102,68.2028,78.7538,41.9738,-2.82443,8.8701,train
1516,126.552,1.14119,37.3396,7.49654,104.803,0.270393,889.853,219.777,189.934,91.2188,222.67,257.117,247.792,230.535,3.99629,train
1517,29.7111,2.03779,37.8395,3.48206,76.589,0.326175,537.168,52.6717,18.3143,7.41611,78.385,90.5112,24.2824,13.4634,6.85294,train
1518,49.3176,1.3321,71.3788,21.4184,80.8348,0.295046,618.306,157.558,107.598,43.0896,198.265,228.937,101.219,82.25,3.11858,test
1519,34.8909,2.53288,69.9803,11.9898,94.34,0.256921,292.672,67.4171,9.42664,-1.2816,118.99,137.397,31.705,12.0247,2.45965,train
1520,72.8533,2.59029,67.6196,6.56633,160.129,0.345174,538.943,75.8732,14.8199,4.12678,124.268,143.493,44.4909,18.4576,4.33693,test
1521,153.202,2.40395,28.9518,4.31114,169.653,0.298143,794.04,30.6417,6.00098,0.844922,51.6095,59.5935,35.2377,15.2706,15.3855,test
1522,109.826,2.59402,91.1407,8.47752,190.012,0.32629,657.324,103.044,20.3805,5.95151,168.169,194.184,75.6248,31.7929,3.90872,train
1523,94.4138,2.22092,28.8522,28.3605,124.573,0.337753,586.406,-27.6188,-28.1105,-28.2355,1.06812,1.23336,-6.31881,-15.1407,549.006,train
1524,52.1522,1.98444,97.4334,9.66977,200.47,0.276824,417.975,137.837,50.0738,20.202,203.75,235.271,41.4203,24.3455,2.05141,train
1525,88.8591,1.73178,149.259,12.0931,117.587,0.316003,529.711,262.301,125.136,56.5213,356.421,411.56,220.364,145.39,1.48619,train
1526,35.6239,1.15835,93.6631,17.3202,116.352,0.335548,888.298,505.753,429.41,206.045,519.11,599.416,143.303,129.835,1.7112,train
1527,191.998,1.36658,115.881,10.7114,121.086,0.328316,616.789,336.911,231.742,110.515,392.13,452.793,537.013,431.159,1.57292,train
1528,173.094,1.78791,85.4358,0.769774,178.776,0.254353,637.312,160.983,76.3173,37.7737,213.405,246.419,167.605,115.819,2.98639,train
1529,36.1798,2.28983,5.89452,3.03165,134.476,0.305926,801.013,1.18056,-1.6823,-2.35698,6.12719,7.07508,0.996781,-0.0208122,130.731,train
1530,68.007,1.87647,74.1084,5.88394,152.546,0.28037,568.831,116.462,48.2379,21.177,165.039,190.571,58.5366,36.7669,3.44664,train
1531,81.623,1.76087,85.0601,22.9916,207.338,0.280533,419.944,98.1717,36.1031,6.55577,158.683,183.232,47.3172,28.223,2.64643,train
1532,79.2456,2.79126,90.9748,6.67098,118.273,0.27272,252.855,102.46,18.1566,5.74281,167.52,193.435,84.2251,34.4301,1.5094,train
1533,123.534,1.11808,114.545,4.65732,198.853,0.301855,888.411,983.931,874.043,434.693,951.308,1098.48,551.213,516.937,0.933884,train
1534,73.7634,1.68922,20.9275,25.0291,207.51,0.324302,520.489,-33.5566,-29.455,-27.242,10.9371,12.6291,-6.37538,-7.50783,47.5891,train
1535,158.71,1.98282,14.056,29.3988,151.017,0.305975,688.354,-55.2088,-39.866,-34.6324,35.6393,41.1527,-42.3648,-42.2477,19.3144,train
1536,96.689,2.84823,143.203,27.7229,77.0814,0.272735,261.861,120.23,4.74993,-11.4865,228.14,263.433,203.735,55.1764,1.14781,train
1537,67.9031,2.65156,63.414,15.3879,128.998,0.346953,368.866,48.5651,0.538997,-7.42448,96.9767,111.979,38.5015,11.7995,3.80365,train
1538,155.522,2.02373,58.5253,1.9218,99.4471,0.256032,351.913,91.2533,34.6498,16.364,129.712,149.779,159.59,97.959,2.71303,train
1539,155.348,2.03097,54.428,18.4422,195.591,0.31076,340.327,40.5757,4.58989,-6.92613,82.2756,95.0037,47.3705,20.1206,4.13643,test
1540,97.287,2.66152,44.5669,7.97999,172.292,0.300151,760.829,40.6348,4.04785,-1.96607,73.7868,85.2017,30.8316,10.5699,10.3112,train
1541,76.837,2.69256,93.0919,8.03507,124.642,0.299697,794.84,104.241,19.1838,5.57434,170.895,197.333,80.4293,33.0664,4.65104,train
1542,195.619,1.28999,29.0364,3.0584,93.9264,0.300278,543.638,101.158,75.1795,36.0606,112.751,130.194,206.286,175.356,4.82157,train
1543,24.2168,2.45407,21.0014,2.68853,112.471,0.337342,615.238,22.9168,4.60389,0.957678,38.0343,43.9182,6.39024,2.74122,16.1759,train
1544,47.6834,1.21345,74.9174,10.9663,193.204,0.262061,455.927,323.7,259.749,124.391,345.213,398.617,76.6905,68.8887,1.32071,train
1545,50.2704,1.88159,31.7728,8.51052,95.0911,0.250788,678.14,33.0659,9.8036,0.646541,56.1519,64.8387,21.6072,11.7135,12.0769,train
1546,152.315,1.70947,70.6047,6.62951,177.919,0.261765,704.143,123.907,59.9323,26.6514,168.452,194.512,115.926,80.0385,4.18007,train
1547,30.1566,1.9072,109.785,14.4358,160.066,0.323995,395.164,153.218,57.8688,21.7165,227.767,263.003,34.2422,19.9458,1.73495,train
1548,181.214,1.47735,69.2505,29.2588,199.626,0.341783,367.71,78.3688,38.3771,4.55915,127.842,147.619,91.2117,62.7884,2.87629,test
1549,99.9585,2.65753,46.8644,20.4712,192.885,0.329486,421.394,14.6291,-11.7641,-16.1177,53.255,61.4936,18.3353,0.401344,7.91276,train
1550,55.6907,1.93168,81.7563,18.2954,190.615,0.255343,274.863,91.6337,28.1728,4.93868,150.16,173.39,32.5028,17.8246,1.83047,train
1551,118.05,2.87643,75.6092,0.795531,83.1183,0.263898,697.202,94.5886,19.775,9.48973,147.396,170.198,159.122,71.4132,4.73014,train
1552,71.1178,2.23499,137.415,20.2542,77.5331,0.346817,398.061,155.558,38.3968,9.0713,253.722,292.973,183.515,86.6668,1.56889,train
1553,69.8021,1.36356,136.955,26.3897,132.037,0.303737,448.336,341.513,230.947,102.279,414.365,478.468,186.11,149.863,1.08198,train
1554,55.3036,1.27901,82.181,22.5769,156.034,0.323923,744.219,224.498,164.894,71.1586,265.592,306.679,80.8351,67.6168,2.80211,train
1555,135.336,2.86216,117.578,29.1061,207.177,0.278875,460.121,83.969,-4.50313,-16.8046,174.545,201.547,79.3324,15.5187,2.63612,test
1556,102.17,1.83871,84.0777,26.1742,203.921,0.256957,484.784,80.3705,22.467,-1.85361,142.416,164.448,51.331,27.3324,3.40399,train
1557,85.3563,1.54316,89.3037,29.4573,92.6565,0.299978,295.034,117.038,57.1919,13.8673,178.697,206.342,128.663,87.951,1.65103,train
1558,121.502,2.06559,25.2176,10.5254,159.253,0.333083,875.825,13.1622,-1.53006,-6.02771,33.2379,38.3798,17.9823,6.27773,26.3502,train
1559,86.7144,2.05636,70.2377,4.08969,208.991,0.264333,484.998,103.035,36.8866,16.3985,150.058,173.272,48.6559,28.6964,3.23207,test
1560,197.648,1.5287,88.6425,29.6462,179.413,0.285803,759.401,117.606,58.6101,14.482,178.617,206.249,152.909,106.002,4.25156,test
1561,117.284,2.3961,76.6518,27.2951,107.882,0.265929,452.703,42.8814,-6.4752,-16.8852,103.519,119.533,73.6608,13.7374,4.37315,train
1562,68.3801,2.73456,17.0321,29.6378,78.536,0.253965,850.274,-46.1356,-33.5298,-31.5838,25.2043,29.1035,-29.4194,-42.8133,33.7352,test
1563,118.527,1.72574,129.888,21.1354,169.853,0.250556,548.355,197.568,88.8156,33.8401,283.585,327.456,154.66,103.124,1.93365,train
1564,22.9074,1.77538,43.8857,24.2723,113.247,0.264223,353.306,13.5692,-6.04418,-15.1583,49.7574,57.4549,5.90047,1.57091,7.10056,test
1565,190.437,2.00596,23.5261,18.6989,82.6193,0.254231,479.407,-10.6789,-15.5061,-17.1025,11.126,12.8472,-0.806466,-29.6118,43.0891,train
1566,141.56,2.15434,50.023,22.5157,118.828,0.347228,813.838,20.1007,-7.40666,-14.9612,60.7289,70.1237,50.8269,14.3886,13.4012,train
1567,125.597,1.72813,22.652,29.9235,108.831,0.263654,265.889,-44.5163,-37.2448,-33.5842,18.9351,21.8644,-34.2633,-40.8857,14.0421,test
1568,152.024,1.32082,91.2339,17.9729,162.176,0.308889,486.642,252.078,178.817,80.422,297.317,343.312,239.429,197.516,1.63678,train
1569,165.369,1.19524,80.7838,27.0316,81.6367,0.325459,817.483,277.551,223.799,98.3838,310.327,358.335,550.623,485.628,2.63426,test
1570,40.6557,2.36664,43.3686,16.616,204.113,0.347314,740.036,21.7656,-4.98698,-10.8015,56.4078,65.1342,8.08273,2.138,13.1194,train
1571,181.124,1.24705,68.5283,29.4279,163.857,0.314948,735.195,150.539,111.439,41.0055,189.718,219.068,175.984,148.588,3.8752,train
1572,39.4969,1.62658,90.5117,23.1555,123.549,0.317052,411.58,126.056,58.6994,17.7719,187.553,216.567,47.671,31.4109,2.19448,train
1573,189.469,1.63158,133.381,10.5189,137.61,0.304261,281.861,260.187,137.325,63.4029,340.84,393.568,387.554,272.345,0.826959,train
1574,117.963,2.11641,81.4485,8.79102,177.572,0.268551,511.873,105.633,32.9756,12.0923,162.017,187.082,82.5465,45.1159,3.15937,train
1575,94.5381,2.6668,127.829,18.9175,158.903,0.311061,754.964,125.634,16.7223,-1.09759,219.505,253.463,98.6048,36.4095,3.43938,train
1576,147.825,1.70442,25.3438,20.3902,198.044,0.329025,311.885,-10.2361,-15.1897,-17.7899,13.0837,15.1078,2.95289,-3.34274,23.8377,train
1577,75.6539,1.22603,12.4364,29.0628,105.019,0.257429,397.006,-111.777,-95.1509,-62.1069,86.0317,99.3408,-66.6982,-63.3094,4.61465,test
1578,148.747,1.61027,26.2227,0.215577,202.012,0.286496,341.616,58.4439,32.4368,16.1106,73.3234,84.6665,45.167,33.0604,4.65903,train
1579,100.842,1.90463,65.1885,28.3344,161.369,0.262906,463.742,36.5708,-0.283253,-14.3088,88.1262,101.759,35.9146,13.0068,5.26225,train
1580,164.776,1.39943,80.0118,24.4353,94.0085,0.251409,803.159,147.117,91.5409,33.5528,196.7,227.129,278.337,218.917,4.08318,train
1581,187.877,1.87597,102.618,20.3433,80.8069,0.293182,689.708,127.249,44.9735,12.3151,199.071,229.867,357.409,206.424,3.46464,train
1582,66.7174,1.25086,138.289,21.8026,193.961,0.252171,863.89,507.276,390.79,184.493,559.075,645.564,170.481,150.49,1.54521,train
1583,147.881,1.19105,145.212,13.0856,79.51,0.34724,788.277,750.315,618.188,302.551,775.549,895.527,1293.9,1146.78,1.01641,train
1584,70.1994,2.3432,115.94,20.8425,86.3208,0.274466,633.449,116.609,21.5115,0.33451,201.393,232.549,120.635,51.718,3.14534,train
1585,117.886,2.86705,81.3235,23.7423,146.366,0.285392,617.182,49.7893,-7.79183,-15.7671,113.547,131.113,62.4185,8.04479,5.43547,test
1586,108.326,1.3397,13.9053,15.2628,181.755,0.259195,631.827,-20.0365,-18.679,-16.9709,5.30983,6.13126,-7.17206,-8.24349,118.992,train
1587,131.295,1.96931,60.2445,5.74246,89.7748,0.324724,382.679,86.6321,32.13,13.1938,127.199,146.877,149.044,85.5693,3.00851,train
1588,151.762,2.41416,134.565,26.4032,127.43,0.260265,605.52,126.563,18.4013,-4.00094,226.144,261.129,193.68,75.6575,2.67759,train
1589,54.9485,2.92596,49.1726,2.01255,124.866,0.308206,726.735,57.6217,10.4616,4.22455,92.4866,106.794,31.4532,12.5925,7.85773,train
1590,114.655,1.21759,35.0375,18.7347,112.135,0.294593,561.636,65.1422,48.8394,15.0523,86.7582,100.18,72.6257,62.1529,6.47358,train
1591,133.339,2.07741,113.24,16.6014,185.51,0.318068,843.981,138.331,41.6916,12.5451,217.867,251.571,122.448,64.1793,3.87384,train
1592,51.0936,2.36103,124.162,6.40966,196.199,0.335272,730.237,162.826,45.073,19.3317,248.539,286.988,51.5556,25.0496,2.93812,test
1593,110.438,1.94338,27.8916,11.1904,121.594,0.297026,812.862,17.5403,0.839026,-5.17568,39.3452,45.4319,24.8517,10.0613,20.6598,train
1594,150.482,2.71334,87.3344,13.7758,102.252,0.259346,477.215,82.9065,9.34789,-2.21395,147.433,170.241,156.19,53.8867,3.23683,train
1595,180.44,2.26602,42.646,28.0208,72.1079,0.329072,300.819,-6.32163,-20.9468,-24.4838,31.4578,36.3244,39.4594,-20.8044,9.56261,train
1596,100.22,2.54865,43.0925,3.02381,152.239,0.285123,318.042,51.6269,11.5582,4.26721,82.0293,94.7193,41.2739,18.7976,3.87717,train
1597,169.32,1.17768,142.685,24.9985,195.06,0.346498,695.289,701.005,583.319,279.16,730.657,843.69,567.451,506.281,0.951595,test
1598,136.055,2.24412,8.50972,12.7247,165.873,0.288762,381.571,-19.0284,-14.8134,-13.7691,9.10944,10.5187,-10.3309,-13.1849,41.8874,train
1599,69.1835,2.06372,129.213,29.4862,184.642,0.28721,599.002,131.443,31.716,1.11489,225.734,260.656,63.0353,30.8253,2.65357,train
1600,139.207,1.80387,47.5248,18.7824,185.279,0.275863,717.386,35.4642,6.72178,-6.03032,71.8706,82.989,37.7457,18.3871,9.98164,train
1601,79.6451,2.74142,134.448,16.9685,73.2484,0.286045,863.631,136.573,19.0937,1.06265,234.712,271.022,189.986,70.4772,3.67954,test
1602,140.394,2.3787,32.1785,11.9999,192.408,0.266471,678.457,16.8423,-3.33626,-7.66807,42.4533,49.0208,20.037,3.30589,15.9813,train
1603,169.96,1.83629,138.592,27.1059,141.576,0.278422,849.913,178.384,66.8981,19.8961,274.51,316.976,253.822,151.898,3.09612,train
1604,152.401,2.02266,111.904,29.1493,202.074,0.313118,727.189,107.148,24.3934,-2.37799,189.705,219.052,107.797,52.2702,3.83326,test
1605,180.007,1.98541,79.2932,25.7419,203.549,0.324128,864.942,64.2161,10.6648,-7.53855,124.283,143.509,81.6784,37.6648,6.95947,train
1606,23.9859,2.68969,6.05464,28.5407,158.294,0.251132,682.366,-58.2403,-35.7542,-32.1475,45.1941,52.1856,-7.37129,-8.36051,15.0986,train
1607,55.951,1.34431,69.1293,13.1654,73.1166,0.327134,774.673,181.465,125.501,56.1677,217.021,250.594,142.107,114.632,3.56958,train
1608,153.73,2.3155,82.5774,20.3614,113.013,0.299543,717.698,70.3842,8.16817,-6.0966,132.469,152.962,131.874,50.6903,5.41788,test
1609,166.953,2.55078,86.0288,10.3575,91.6487,0.308354,629.159,92.7981,17.1268,3.38465,154.869,178.827,215.469,89.5733,4.06253,train
1610,88.2221,1.91783,106.447,2.08108,203.099,0.260729,491.187,180.226,75.8603,36.8896,248.267,286.674,86.1646,55.6361,1.97847,train
1611,71.2343,1.32562,8.86234,14.7493,99.8845,0.330911,847.25,-36.184,-30.2971,-22.5232,23.6613,27.3217,-18.3984,-16.9822,35.8075,train
1612,73.5633,1.25877,141.303,24.4548,161.01,0.306136,723.569,492.209,375.361,175.453,548.637,633.512,220.107,189.29,1.31885,train
1613,51.4963,2.23905,9.83327,11.9233,115.903,0.323229,567.399,-15.0548,-12.9648,-12.4441,4.52201,5.22157,-3.48963,-5.06222,125.475,train
1614,32.7224,2.13495,98.9092,27.6487,104.475,0.283288,625.917,83.6684,12.4078,-7.62044,158.117,182.578,35.6577,14.9779,3.95857,train
1615,135.965,2.44012,42.0106,0.0112086,138.991,0.286944,644.837,58.9433,16.9439,8.46632,87.4286,100.954,67.0755,34.6536,7.37559,train
1616,183.783,2.31489,68.693,13.2622,173.996,0.255726,387.261,67.6032,12.1723,-0.544916,118.036,136.296,90.1078,38.3959,3.28087,train
1617,61.6041,2.11123,56.5387,3.5781,142.062,0.258958,818.606,80.0196,27.059,11.7405,118.263,136.558,39.7305,22.8379,6.92191,train
1618,130.668,2.80688,42.5615,27.3418,206.903,0.282661,815.086,-7.6969,-22.9166,-25.1292,30.1936,34.8646,7.22269,-14.3321,26.9953,train
1619,106.56,1.19576,74.4773,27.4431,189.621,0.343688,261.068,238.431,191.396,81.9766,270.986,312.908,132.54,116.018,0.963399,train
1620,165.291,1.63043,30.0871,24.0411,117.812,0.302256,860.236,-10.7031,-16.7492,-20.3951,16.787,19.384,6.39127,-7.59008,51.2441,train
1621,159.545,2.90884,122.406,9.95318,123.411,0.313873,469.599,132.642,20.1895,5.11817,220.878,255.048,219.071,81.6301,2.12605,train
1622,47.1917,1.32243,144.82,26.7979,121.806,0.261863,290.267,406.448,288.426,130.814,477.412,551.268,158.892,133.82,0.608001,test
1623,81.473,1.35621,102.92,15.2525,175.04,0.267315,336.61,281.318,193.65,89.1988,332.76,384.238,132.647,109.764,1.01157,train
1624,22.4154,2.27076,87.6249,14.5,80.1394,0.251582,472.648,93.8119,20.687,3.09349,157.129,181.437,32.188,14.9619,3.00803,train
1625,65.4338,2.58212,51.9531,24.7622,115.15,0.301794,527.646,12.0244,-15.1666,-19.9644,55.4061,63.9775,19.1663,-2.44792,9.52324,train
1626,144.23,2.9836,127.996,22.7208,172.019,0.314648,285.908,109.199,3.92472,-9.39804,205.417,237.195,127.805,35.0996,1.39184,test
1627,168.426,1.12289,20.2589,24.5012,155.848,0.258848,605.865,-61.2661,-57.0238,-40.7625,35.5132,41.0072,-49.1405,-48.6988,17.0602,train
1628,70.5931,2.66577,59.7292,20.8976,82.7725,0.26203,598.621,30.6525,-8.17907,-14.5383,78.2729,90.3817,42.7391,2.515,7.64787,train
1629,84.5139,1.39973,140.837,18.9804,181.672,0.307486,697.424,356.943,235.086,108.053,431.09,497.78,170.74,135.244,1.61782,train
1630,36.3383,1.70342,24.0757,8.52271,208.623,0.277769,488.286,23.3878,7.83478,-0.343967,41.1046,47.4635,5.25518,3.05535,11.8791,train
1631,110.285,2.52635,49.8958,6.72619,105.6,0.315937,687.835,52.4843,9.31467,1.29424,88.6637,102.38,70.849,29.1041,7.7578,train
1632,170.45,1.46969,82.3166,2.18491,209.672,0.288317,593.411,216.106,135.974,66.8946,258.441,298.422,179.295,140.167,2.29612,train
1633,178.806,2.06776,144.016,16.9325,70.0784,0.305218,466.816,187.744,60.6602,21.8639,287.312,331.76,574.157,312.098,1.62477,train
1634,76.3534,1.46509,17.852,28.1189,98.2475,0.269061,547.391,-56.2958,-46.029,-37.0739,33.2933,38.4438,-32.2653,-32.4365,16.4415,test
1635,158.965,1.79436,114.887,18.6482,77.9427,0.34743,550.019,164.303,68.064,24.7079,241.786,279.19,398.999,241.384,2.27482,train
1636,197.094,1.59987,37.5258,6.86917,182.659,0.304149,663.455,63.1013,32.4448,12.7878,87.1456,100.627,76.2069,52.902,7.61318,train
1637,109.191,1.98143,101.273,12.749,189.224,0.281552,849.428,136.282,47.7581,17.5045,205.729,237.556,92.2509,53.0746,4.12887,train
1638,77.7641,2.32425,77.3171,22.3432,199.867,0.333636,286.269,57.6068,2.6329,-9.85515,116.848,134.924,33.7296,12.0956,2.44994,train
1639,131.208,1.52507,41.3653,12.6991,139.221,0.325619,367.365,59.2099,30.5436,8.92228,87.1007,100.575,65.7581,45.6677,4.21771,train
1640,42.0322,1.75698,145.656,5.40969,116.976,0.321728,388.39,269.237,128.99,61.7904,359.308,414.893,106.438,69.9833,1.08094,train
1641,90.7579,2.89985,109.81,25.1404,201.189,0.307825,253.691,82.3852,-2.2848,-13.7126,166.446,192.196,54.3172,12.6564,1.52416,test
1642,104.04,1.31594,31.5729,20.3175,116.464,0.301586,630.078,21.7032,10.4478,-4.93484,46.1384,53.276,29.2238,21.2349,13.6563,train
1643,107.99,1.66554,40.1666,16.3149,89.1219,0.277053,510.824,34.4267,10.575,-2.86995,64.5997,74.5933,56.1629,32.0689,7.90754,test
1644,143.324,1.20247,141.963,28.0381,104.588,0.340096,443.501,596.841,482.916,227.439,639.822,738.803,778.052,684.011,0.693163,test
1645,28.859,2.04977,5.29747,1.7034,81.1946,0.339762,814.848,4.13586,0.541795,-0.580804,8.1695,9.43333,2.17988,0.960143,99.7427,train
1646,120.037,2.05545,115.454,14.2737,203.455,0.33922,313.506,149.656,48.4762,17.1012,229.592,265.11,107.98,57.6237,1.36549,train
1647,157.085,1.16118,131.619,11.7411,187.318,0.303027,275.714,796.428,676.549,332.404,803.712,928.047,616.861,564.179,0.343051,train
1648,172.547,2.48909,75.7591,10.4993,145.392,0.278193,491.005,79.8818,14.622,2.06135,134.789,155.641,119.133,50.1275,3.64277,train
1649,116.997,1.82083,97.8361,14.9849,148.186,0.264401,597.007,139.431,56.5802,20.7977,205.48,237.267,126.167,79.1302,2.90543,train
1650,62.3782,2.38449,105.188,19.3345,84.9469,0.306902,325.695,103.163,17.3096,-1.01248,180.437,208.35,99.688,41.2427,1.80504,test
1651,178.419,2.37641,32.6915,0.65888,117.052,0.289918,775.646,45.1592,13.1265,6.23383,67.4207,77.8507,80.527,41.6936,11.5046,train
1652,194.267,2.29122,125.398,10.6524,171.175,0.321807,467.523,158.095,43.3492,16.3484,245.512,283.492,219.249,107.955,1.90428,train
1653,152.66,2.8858,104.73,27.9916,189.052,0.348912,895.236,69.6917,-7.04711,-17.5194,151.054,174.422,90.7197,20.5816,5.9266,train
1654,147.701,2.68592,139.893,29.8501,131.904,0.302821,371.782,115.609,5.56679,-12.1416,221.271,255.502,181.008,54.9869,1.68021,test
1655,41.3911,2.5547,143.053,24.5589,197.265,0.281234,365.341,136.818,18.3236,-3.11765,242.376,279.871,37.3333,13.9944,1.50733,train
1656,105.322,1.97721,126.102,25.1187,72.9412,0.345628,493.968,145.284,44.3007,9.59103,235.028,271.387,267.926,141.798,2.10174,test
1657,41.8702,2.53865,9.37034,27.4835,198.001,0.315366,831.673,-52.2502,-34.137,-30.8103,37.135,42.8798,-8.36945,-8.45679,22.3959,train
1658,178.594,2.02806,19.2653,8.38131,193.551,0.301054,310.248,9.49534,-1.38869,-4.885,24.9075,28.7607,15.4703,4.87518,12.456,train
1659,190.569,2.59262,124.584,6.55424,139.757,0.347849,711.049,152.733,34.7028,14.0743,240.164,277.317,260.679,113.435,2.96069,train
1660,41.7619,1.58122,143.311,3.62464,76.9299,0.344814,808.476,322.277,182.591,89.4833,403.211,465.588,185.026,131.32,2.00509,train
1661,59.6928,2.353,49.6301,3.7645,119.281,0.257314,323.348,62.3213,16.4557,6.34562,96.9527,111.951,36.7617,18.5951,3.33511,train
1662,80.5048,1.1464,107.537,3.50438,162.694,0.321014,402.824,762.678,658.646,327.571,753.628,870.215,342.44,314.614,0.534513,train
1663,62.0245,1.29244,60.2815,18.8854,188.288,0.262773,274.476,146.008,104.612,42.8632,178.652,206.289,49.6047,41.8556,1.53637,test
1664,173.543,2.11462,78.1906,0.714059,198.832,0.328591,452.256,121.397,43.92,21.603,172.847,199.587,122.186,68.3933,2.6165,train
1665,143.629,2.16469,124.939,17.9555,173.649,0.254329,491.809,147.078,40.095,11.0697,235.574,272.017,145.606,74.9242,2.08771,train
1666,157.552,2.79843,52.3023,13.7358,99.9373,0.260288,327.471,36.122,-2.4445,-8.09015,76.5777,88.4243,81.7287,14.2788,4.27632,train
1667,159.403,1.45857,91.2129,29.1712,150.96,0.348186,557.466,142.93,80.8885,25.8586,202.774,234.143,174.952,126.356,2.7492,train
1668,47.3137,1.40283,76.405,19.2629,180.3,0.268284,261.403,155.951,98.8092,39.7732,201.227,232.356,43.5032,34.3485,1.29905,train
1669,55.4669,1.50857,131.893,6.23286,114.139,0.259548,628.662,316.421,190.761,92.2641,388.252,448.315,158.767,123.478,1.61921,train
1670,74.1353,2.37945,149.5,15.2727,173.239,0.28982,722.522,176.54,42.3132,13.5202,282.359,326.04,92.413,43.6029,2.55888,test
1671,142.235,2.96118,125.167,8.68199,75.5777,0.348064,548.826,137.792,21.3066,6.31232,227.729,262.958,337.174,123.335,2.41,train
1672,69.9723,1.23555,107.696,24.5914,83.2046,0.253347,498.323,374.146,291.042,133.225,417.287,481.841,309.205,273.812,1.1942,train
1673,157.587,2.21043,42.3789,9.8011,111.906,0.284265,339.479,39.5434,6.96562,-1.41774,70.9468,81.9223,73.217,31.609,4.78499,test
1674,63.5036,2.53648,16.0627,8.06623,143.993,0.343279,508.165,2.87355,-5.12295,-6.59459,16.3993,18.9363,4.69743,-0.100905,30.9869,train
1675,74.7319,2.20834,49.6959,23.7564,187.494,0.304641,519.453,15.5652,-10.3743,-17.0653,56.5177,65.2611,14.3105,1.81469,9.19098,train
1676,34.5863,2.45188,27.99,1.90313,209.257,0.342229,611.461,34.594,8.50718,3.30203,54.1994,62.584,7.11421,3.25353,11.2817,train
1677,137.787,1.62302,63.5482,9.86449,206.307,0.324422,863.393,109.52,55.8357,22.9856,149.881,173.068,81.9341,55.9103,5.76052,train
1678,120.952,2.12287,13.9943,22.1927,96.3547,0.268582,434.624,-35.0671,-26.8687,-24.5307,18.2497,21.0729,-31.0304,-38.1588,23.8155,test
1679,150.563,2.47528,89.6554,17.5025,147.127,0.321444,279.047,82.7967,10.6438,-3.42934,149.348,172.452,115.35,44.005,1.86844,train
1680,44.9303,2.85237,69.8207,11.9469,92.5316,0.309848,437.994,62.1469,4.27321,-3.83687,114.287,131.968,41.2584,12.692,3.8324,train
1681,119.036,2.79545,146.367,20.4985,108.259,0.347921,669.137,142.311,16.4425,-2.028,250.002,288.677,213.245,74.6297,2.67653,train
1682,154.665,1.19747,34.9905,14.4618,70.755,0.301532,511.56,100.683,80.1541,32.8462,117.497,135.673,221.499,195.3,4.35383,train
1683,121.064,2.17031,61.0788,23.3273,168.013,0.337114,826.469,34.7741,-2.97736,-13.1523,83.011,95.8529,43.0884,14.5757,9.95613,train
1684,111.871,2.39989,42.9943,17.0302,204.794,0.333379,825.565,19.8444,-6.11971,-11.5749,54.4199,62.8387,20.7779,4.47907,15.1703,train
1685,100.694,1.21538,12.4745,1.01796,85.0524,0.310364,415.028,58.4587,47.0022,22.9921,61.4299,70.9332,65.3453,57.8184,6.75612,train
1686,102.4,2.39706,115.276,5.12311,70.1328,0.324739,794.384,151.449,41.2968,18.0868,230.99,266.725,267.212,129.802,3.43903,train
1687,63.4142,1.44712,99.8954,7.88945,160.575,0.330233,896.291,252.292,160.286,76.1984,305.003,352.187,102.726,78.7113,2.93863,train
1688,151.975,2.07281,71.5352,3.4269,209.88,0.274789,687.556,106.002,37.8941,17.2336,153.752,177.538,87.561,51.1818,4.47185,train
1689,85.0798,1.88788,21.0793,2.41018,137.74,0.334656,601.562,30.8208,12.1517,4.87078,44.9468,51.9001,22.388,13.2101,13.3839,test
1690,116.425,1.34982,132.152,23.2201,151.623,0.264983,290.631,350.748,241.817,109.298,418.204,482.9,273.975,226.995,0.69495,train
1691,182.546,1.94467,45.3602,8.40884,117.206,0.275668,781.759,55.1095,18.1582,4.87466,87.0093,100.47,103.215,57.9481,8.98478,train
1692,148.28,2.78815,55.5379,21.508,89.1856,0.285902,319.494,22.5694,-11.4605,-16.4843,67.6429,78.1072,71.759,-2.77414,4.72325,test
1693,89.2413,2.98514,120.895,9.83711,103.885,0.265855,705.802,129.297,18.2395,4.20118,216.673,250.192,137.722,50.6149,3.25746,test
1694,187.148,1.26877,139.142,5.48962,107.824,0.29384,798.826,566.523,432.871,213.691,611.123,705.664,945.283,818.537,1.30714,train
1695,101.645,1.90947,15.1478,7.27799,160.663,0.252746,636.842,6.54011,-1.32971,-4.30385,18.7823,21.6879,7.24801,1.92991,33.9065,train
1696,53.352,1.46651,148.571,28.8447,76.5363,0.277251,496.496,298.982,179.256,75.2055,387.593,447.554,222.594,170.109,1.28097,train
1697,175.763,2.89107,64.4987,8.69715,160.604,0.259435,275.407,62.2715,6.46989,-1.11363,109.786,126.77,86.7782,28.5235,2.50857,train
1698,31.5649,2.26333,39.7746,4.84936,144.53,0.285663,816.832,47.0191,12.0938,3.62221,75.1656,86.7937,12.5243,6.15128,10.8671,test
1699,112.498,1.59788,144.952,14.868,82.9641,0.286509,418.78,282.72,152.636,68.884,370.376,427.673,412.919,297.185,1.13069,train
1700,31.1392,2.69519,51.1844,12.8059,109.565,0.305085,381.13,37.8262,-0.55227,-6.67907,77.0854,89.0106,15.7677,4.13047,4.94426,test
1701,157.037,2.41271,136.092,18.843,143.607,0.291239,802.259,147.046,29.7963,5.47666,245.205,283.138,202.395,88.8834,3.27179,train
1702,85.9734,2.41181,114.739,26.2753,128.918,0.328601,345.391,98.9191,10.4557,-7.90979,185.033,213.658,92.8447,34.8845,1.86665,train
1703,78.9172,2.77003,40.2588,22.1486,116.923,0.280564,308.98,1.38951,-16.7207,-19.4347,36.0685,41.6484,12.2418,-9.44904,8.56648,test
1704,169.178,2.21195,99.1635,28.2203,188.117,0.320595,431.955,79.172,8.22883,-9.99575,154.443,178.336,102.674,40.7413,2.79686,train
1705,154.12,1.6532,121.864,10.2103,153.167,0.292216,431.569,230.294,118.64,54.2149,304.978,352.159,251.618,175.966,1.41508,train
1706,108.925,2.71426,68.0277,17.007,71.7064,0.272341,337.738,50.0397,-0.980938,-8.99399,102.249,118.067,107.876,25.1516,3.30308,train
1707,56.6033,1.18055,23.1265,1.35075,155.34,0.255287,559.735,131.046,109.27,53.9595,133.517,154.172,44.8827,41.2276,4.19224,train
1708,172.34,1.26993,111.575,16.377,140.492,0.267961,838.295,389.557,294.359,138.991,433.993,501.132,468.853,407.372,1.93159,train
1709,65.6259,2.43154,92.5985,24.145,157.145,0.300546,297.836,72.1782,3.72481,-10.2101,142.701,164.777,43.0463,14.2671,2.08714,train
1710,55.3916,2.16372,21.3894,18.2301,89.4159,0.341401,831.06,-13.3547,-16.5139,-17.372,6.95821,8.03465,-0.0752961,-5.84322,119.436,test
1711,92.7097,1.58422,41.1639,12.319,207.54,0.305555,889.565,54.7371,25.8921,6.78656,83.0527,95.901,29.1438,19.5198,10.7108,train
1712,139.705,2.88873,35.7459,16.0686,72.0341,0.325806,404.851,8.96686,-10.7104,-13.3895,38.7224,44.7127,48.4383,-6.23444,10.4552,train
1713,79.0411,2.5397,132.375,5.87295,206.831,0.298052,745.94,167.051,40.5492,17.3381,259.311,299.426,76.942,36.0386,2.87663,test
1714,186.636,2.83695,91.5276,26.0006,81.5428,0.312482,679.194,58.1201,-7.40684,-16.7037,129.599,149.648,210.434,38.5533,5.24075,train
1715,95.7204,2.09403,9.02467,24.709,94.5595,0.307117,655.461,-49.6605,-33.9761,-29.3426,35.1917,40.6358,-38.3423,-36.8325,18.6255,train
1716,101.703,2.1316,71.0899,6.92062,112.545,0.328738,681.996,93.4646,29.2954,11.1874,142.508,164.554,102.255,53.7279,4.78565,train
1717,84.6428,1.17224,121.785,20.7008,129.8,0.290167,482.564,620.727,519.643,249.471,643.034,742.512,380.617,346.482,0.750448,train
1718,71.8581,2.01928,101.624,15.4691,97.0053,0.314166,472.154,126.675,40.5208,12.5259,197.713,228.299,114.572,61.9946,2.38808,train
1719,140.848,1.54928,36.0703,23.8605,184.167,0.316217,582.451,5.78865,-6.42114,-15.1408,36.2509,41.8589,16.8118,7.00456,16.0672,test
1720,126.152,2.61714,43.7098,9.47062,145.453,0.250518,538.09,36.4754,2.23623,-3.61719,69.4425,80.1853,41.9183,12.5182,7.74871,train
1721,163.125,2.2817,102.693,7.57292,166.782,0.314231,392.111,132.776,37.6559,15.0415,203.921,235.468,156.803,78.7982,1.92285,train
1722,154.302,1.21092,110.482,26.8704,192.514,0.306455,536.985,415.337,331.725,152.427,455.373,525.819,322.594,284.616,1.17922,train
1723,39.7504,2.95452,85.4871,22.5239,70.5747,0.273861,422.438,56.7316,-6.23158,-14.3777,123.165,142.219,47.3575,6.44729,3.42985,train
1724,112.922,2.39003,138.511,7.8149,190.885,0.346585,796.344,178.353,47.6562,19.9206,274.412,316.864,129.823,61.4476,2.902,test
1725,178.975,1.96578,12.5635,24.8446,200.712,0.260677,691.657,-45.701,-33.42,-29.1323,28.6979,33.1375,-31.0596,-33.9173,24.1013,train
1726,139.035,2.65997,142.108,6.973,76.179,0.284734,278.851,172.648,37.5126,15.2698,272.587,314.756,381.017,170.646,1.02298,train
1727,149.187,2.44888,125.556,13.921,106.494,0.276108,409.425,142.395,30.7596,8.41933,232.052,267.951,244.789,110.736,1.76437,test
1728,143.509,2.93536,98.2545,26.4694,186.788,0.328046,313.317,64.166,-7.61911,-17.0442,140.66,162.421,78.3584,15.0094,2.22747,train
1729,115.218,2.15,45.4493,24.8585,82.2263,0.277953,652.918,7.10054,-13.4903,-19.1744,45.5095,52.5499,35.1188,-3.76945,14.3468,train
1730,28.5165,1.5745,12.0206,12.7846,194.036,0.348403,888.67,-14.5817,-13.8177,-13.3011,2.21794,2.56106,-0.846444,-1.09435,400.674,test
1731,71.7511,1.65439,43.0677,12.5059,122.332,0.257295,716.159,53.2449,22.6831,5.08858,83.4092,96.3126,36.961,23.8623,8.5861,train
1732,118.616,1.7762,43.1742,4.22635,165.829,0.262516,263.353,70.8701,31.9222,13.8479,98.7653,114.044,56.1996,37.3481,2.66645,train
1733,118.391,2.43583,89.1927,16.2721,86.9659,0.280721,391.271,86.2111,13.2905,-1.49083,151.904,175.404,152.019,60.6069,2.57577,train
1734,74.2425,1.73641,58.9012,28.8256,185.55,0.286242,489.311,31.1,1.02433,-13.9006,77.9433,90.0012,20.7818,9.20878,6.27778,train
1735,148.971,2.34538,57.9174,11.7191,96.0023,0.309709,621.197,55.0081,8.8098,-1.45467,97.7964,112.926,113.892,46.9116,6.35195,train
1736,179.376,1.27107,72.286,5.1474,156.357,0.31727,622.344,280.111,212.972,103.912,305.185,352.397,309.838,264.863,2.03924,train
1737,120.99,1.69883,88.2725,0.363193,185.057,0.323012,627.731,180.768,92.8591,46.248,232.996,269.041,127.061,86.6756,2.69417,train
1738,78.016,2.22593,110.096,2.43605,108.394,0.264167,407.278,159.669,52.0095,24.7867,233.624,269.765,131.141,73.8653,1.74331,test
1739,37.4826,1.76522,127.864,27.5466,145.149,0.285401,775.625,167.588,67.2711,19.8623,255.869,295.452,51.2369,31.6647,3.03134,train
1740,105.592,2.85026,64.4817,16.758,198.227,0.312527,292.934,44.3637,-3.36002,-10.059,94.2628,108.845,36.041,7.62333,3.10763,train
1741,79.5677,1.65826,101.003,12.2591,157.631,0.313782,618.89,177.915,89.1719,38.4564,241.55,278.918,99.7134,67.7601,2.56216,train
1742,98.1788,1.83502,106.348,5.24895,200.562,0.326769,643.591,181.263,80.1642,37.4576,249.078,287.611,99.7515,62.5555,2.58389,train
1743,64.9028,1.18193,108.877,1.53742,163.972,0.296105,631.614,646.607,539.267,268.865,654.268,755.484,237.187,215.253,0.965375,train
1744,75.7012,1.11928,29.2775,23.1822,166.656,0.2615,448.701,31.1395,25.0441,0.930983,52.3227,60.417,17.5117,15.6911,8.57566,test
1745,60.4248,1.29139,16.2965,19.1496,149.348,0.25337,743.192,-30.5486,-27.6956,-23.4226,12.3427,14.2521,-8.28805,-8.83474,60.2133,train
1746,183.812,1.48539,120.104,10.3883,203.234,0.281934,510.227,281.221,171.505,80.5584,347.558,401.325,264.43,203.829,1.46804,train
1747,82.0837,2.9636,76.8169,22.8781,115.381,0.294816,814.623,44.9215,-9.01733,-15.9477,105.429,121.738,51.4138,5.12149,7.72678,train
1748,178.66,2.81788,43.9696,29.4758,97.246,0.316882,260.059,-10.8053,-25.2992,-27.3875,28.7211,33.1643,21.6908,-37.6899,9.05464,train
1749,97.1912,1.98983,102.968,8.72625,141.68,0.30694,685.934,149.204,54.9627,23.1182,218.387,252.172,119.166,68.9946,3.1409,test
1750,127.584,2.28383,73.689,23.1299,174.238,0.303318,429.299,51.4143,0.85516,-11.1373,108.343,125.103,56.4876,18.8119,3.96242,test
1751,177.497,1.5352,110.281,4.57759,88.2332,0.330989,815.039,256.933,151.23,73.3262,318.016,367.214,541.472,396.773,2.56288,train
1752,152.478,1.57215,21.1867,6.17337,196.092,0.256223,461.831,29.2435,14.2301,4.02839,43.6738,50.4301,26.1577,18.0678,10.5746,train
1753,104.959,1.28156,105.844,1.00364,135.441,0.265647,428.832,430.246,325.406,162.201,464.267,536.09,321.814,280.643,0.923675,train
1754,92.247,1.84689,61.4479,18.1627,75.7928,0.258724,696.028,61.0288,17.7436,-0.209538,106.068,122.477,93.6933,50.5696,6.5621,train
1755,97.4985,1.92601,9.7237,6.1361,145.226,0.279999,425.385,0.0996456,-3.48796,-4.81203,8.50727,9.82335,2.7993,-0.546301,50.0025,train
1756,58.52,2.8273,134.776,4.95845,114.982,0.290328,855.64,161.984,32.1661,13.6038,257.001,296.76,100.346,42.6738,3.32932,train
1757,106.064,2.92443,124.273,16.0163,166.589,0.250933,757.862,120.909,12.6523,-1.68197,212.334,245.183,97.104,31.8268,3.56919,train
1758,189.638,2.82328,88.7246,15.1824,142.325,0.296515,340.614,79.4596,5.91731,-4.63253,145.652,168.184,142.758,44.362,2.33855,test
1759,112.457,2.32931,135.575,3.67375,155.657,0.279149,288.314,187.835,55.9333,26.1298,280.081,323.41,157.777,83.5783,1.0294,train
1760,146.305,2.80549,113.806,22.9786,127.448,0.287722,374.484,94.2879,3.46022,-9.7592,180.215,208.094,149.051,41.4798,2.07799,train
1761,106.954,1.85056,87.833,13.1953,209.468,0.2736,725.966,123.01,48.3723,17.5885,182.595,210.843,72.6222,44.5712,3.97582,train
1762,86.5567,2.8293,48.1308,14.4589,138.543,0.318784,881.952,28.8267,-4.84518,-9.65205,66.6471,76.9574,29.5182,5.02191,13.2332,train
1763,145.48,1.50106,139.75,11.4345,152.19,0.325912,300.643,321.663,193.348,90.9567,399.595,461.413,322.682,240.243,0.75237,test
1764,53.1679,2.31875,91.0612,11.3116,209.914,0.275258,291.778,104.882,25.1321,6.91022,169.692,195.943,32.4317,15.4716,1.71946,train
1765,188.053,1.46212,10.5154,4.40247,157.992,0.2981,346.025,12.4558,6.34288,0.970205,19.8937,22.9713,18.2127,12.8193,17.3937,train
1766,69.4646,1.78103,68.818,29.2893,145.665,0.252956,824.62,46.6368,7.10812,-11.0906,99.9868,115.455,31.8795,14.7126,8.24729,test
1767,181.947,1.9021,107.119,20.539,136.79,0.323378,280.342,132.183,45.6032,12.5321,207.241,239.302,216.503,121.928,1.35273,test
1768,58.1168,2.28892,29.8914,28.967,70.3392,0.327934,415.543,-27.6066,-28.5309,-28.749,1.97869,2.28479,-6.92089,-18.1627,210.009,test
1769,170.114,2.82521,67.3272,27.5645,93.2942,0.274294,691.96,23.5885,-16.1741,-21.8693,78.7354,90.9158,87.6233,-13.4698,8.78843,train
1770,45.5144,1.36031,85.1404,6.79274,128.49,0.332188,796.592,255.805,177.458,85.3325,295.268,340.946,90.5898,72.9373,2.69786,train
1771,31.8726,1.97308,140.174,1.28097,113.833,0.312855,764.083,233.631,94.7378,46.7284,323.725,373.806,73.6012,44.4831,2.36028,test
1772,121.915,2.41848,96.9812,8.13716,70.9402,0.300741,858.212,117.351,28.5066,10.1847,185.617,214.332,246.535,115.923,4.62357,train
1773,163.322,2.50191,127.152,22.1518,197.84,0.33586,272.814,122.776,17.7757,-2.18807,216.443,249.927,137.215,53.5977,1.26044,test
1774,136.821,1.47664,103.452,18.5853,105.523,0.347706,302.652,210.067,125.201,53.3077,271.516,313.519,294.98,216.595,1.11468,train
1775,81.7155,1.74412,40.0492,28.8812,106.612,0.345989,558.415,-6.77463,-17.9426,-23.4119,28.8166,33.2746,11.6368,0.200823,19.3782,train
1776,193.699,1.32443,107.845,28.8978,191.362,0.302551,543.211,259.427,180.48,75.7913,318.067,367.272,272.412,222.933,1.70785,train
1777,195.287,2.58786,18.6564,10.547,131.663,0.30136,831.468,0.409234,-7.70013,-9.12356,16.5113,19.0656,13.0243,-6.8024,50.3575,train
1778,63.8179,1.86661,27.0338,8.56282,123.265,0.318867,610.468,24.7787,6.30774,-1.12754,44.871,51.8125,17.4777,9.08187,13.605,train
1779,183.672,1.3714,128.577,6.203,156.243,0.315584,663.379,394.065,271.691,132.744,452.621,522.642,461.697,373.625,1.46564,train
1780,37.713,2.47836,74.3926,22.6437,74.162,0.266347,681.785,49.2321,-2.51689,-12.5803,107.062,123.625,36.8155,8.65187,6.36813,test
1781,43.1874,2.92143,41.8116,29.6844,204.436,0.256178,274.997,-14.3382,-26.4654,-28.0749,23.7927,27.4734,0.753142,-7.20142,11.5581,train
1782,149.622,1.95611,23.8835,14.8732,179.999,0.318166,408.625,0.513025,-8.49731,-11.6852,21.128,24.3965,9.83338,-0.0769521,19.3404,train
1783,58.5593,2.29216,123.313,0.588507,184.753,0.296931,853.211,179.834,57.1098,28.2606,262.533,303.146,65.9459,35.5219,3.24993,train
1784,165.9,2.52283,10.0342,0.463714,189.821,0.323751,428.386,12.6748,3.10428,1.32028,19.6666,22.709,13.5431,6.23316,21.7824,test
1785,100.54,1.10942,136.47,11.142,123.933,0.295971,851.676,1200.19,1074.86,531.858,1157.58,1336.66,878.707,828.672,0.735739,train
1786,84.8789,1.8053,83.5729,21.3218,116.034,0.304131,445.442,96.0405,33.7895,6.23384,155.55,179.613,87.4594,50.6813,2.86366,train
1787,142.178,2.77227,8.80317,14.1216,94.1866,0.276076,279.357,-21.031,-15.7126,-14.9171,10.5896,12.2278,-21.8618,-32.2054,26.3803,train
1788,168.886,1.77358,69.4533,9.5707,153.398,0.348991,619.88,106.131,46.2483,18.3388,152.06,175.584,136.486,84.3318,4.07654,train
1789,179.426,1.68528,67.1939,8.3508,202.53,0.325384,427.524,114.446,55.6031,23.6262,157.305,181.64,113.95,75.5965,2.71781,train
1790,26.6462,1.29269,140.415,11.4099,122.237,0.310167,446.809,502.076,373.071,180.831,556.414,642.491,106.714,90.3207,0.803016,train
1791,23.5281,2.65169,133.629,28.4135,82.1792,0.250854,302.572,111.691,6.47534,-10.9691,212.453,245.32,42.3624,12.4162,1.42418,train
1792,196.042,2.52885,57.3866,25.234,144.248,0.278922,551.405,18.8378,-13.3148,-19.2744,66.0122,76.2243,54.6615,-3.09461,8.35308,train
1793,20.8393,1.87379,32.0423,11.2596,196.933,0.32547,665.87,26.076,5.2933,-2.98315,50.332,58.1184,3.96566,1.96872,13.2296,train
1794,84.7956,2.2703,132.535,24.7575,186.658,0.282328,556.466,134.908,27.13,1.18625,231.612,267.443,78.1325,34.8443,2.40258,train
1795,79.504,1.94196,53.123,4.32846,97.0259,0.326516,527.774,79.6812,30.8867,13.2791,115.012,132.804,75.9518,44.4983,4.58887,train
1796,85.272,2.98693,58.424,21.4615,71.1002,0.327656,754.023,24.8328,-12.1296,-16.7956,72.1025,83.2568,59.3412,1.45275,10.4577,train
1797,72.7227,1.99085,140.803,27.0238,121.204,0.323613,480.046,163.543,49.7637,11.3699,263.571,304.346,123.258,65.4946,1.82132,train
1798,87.9948,2.83863,148.911,5.92271,126.345,0.267212,603.062,177.585,34.5965,14.3369,282.754,326.496,148.726,63.9523,2.13282,train
1799,176.367,1.12025,10.6864,4.62153,149.935,0.271793,471.168,49.0185,42.9536,19.166,51.706,59.7049,54.9487,51.3922,9.11244,train
1800,69.3713,2.371,25.9153,19.6714,157.445,0.288684,325.594,-10.7254,-16.9693,-18.3204,13.1549,15.1899,0.900917,-6.26987,24.7508,train
1801,90.2925,2.29613,135.965,24.4065,140.229,0.347141,256.558,139.377,27.8186,1.70605,238.453,275.342,119.753,52.7793,1.07593,test
1802,176.345,2.56031,103.38,2.90025,132.393,0.316822,812.387,133.754,33.2746,15.1872,205.364,237.133,215.376,100.201,3.95585,train
1803,26.1342,2.38306,17.3052,8.5804,175.743,0.260377,694.115,3.8738,-4.85103,-6.71571,18.3416,21.179,1.50615,-0.307699,37.8438,train
1804,152.551,1.16903,127.201,14.3699,99.1065,0.319545,747.019,713.976,601.145,293.388,728.481,841.177,1017.25,921.286,1.02545,train
1805,195.825,2.40529,89.488,11.3215,153.111,0.305027,336.734,99.5137,21.3472,5.01285,163.68,189.002,160.231,71.5901,2.05726,train
1806,178.544,1.59064,117.369,11.2745,100.474,0.306497,798.537,233.493,127.399,58.062,303.856,350.862,447.222,319.57,2.62801,train
1807,61.9305,1.33085,80.7246,18.5134,170.102,0.273808,806.175,205.039,142.828,62.1573,247.479,285.764,76.5011,63.4149,3.25755,train
1808,120.543,2.31392,133.726,9.12807,203.399,0.291163,417.474,172.7,48.1026,19.4872,265.372,306.426,122.062,61.8283,1.57316,train
1809,138.353,1.19026,83.0453,23.369,136.01,0.313027,318.586,322.718,263.042,119.836,351.401,405.763,316.562,281.92,0.906615,test
1810,165.737,2.09649,33.8147,9.74666,89.2597,0.325417,476.289,28.4987,4.43073,-2.65796,53.965,62.3134,74.9541,32.9614,8.8259,train
1811,55.2775,1.56656,26.6264,6.65234,74.9787,0.334798,515.007,40.7941,20.82,7.08384,58.3879,67.4206,34.8988,23.879,8.82043,train
1812,36.9898,2.03356,91.8337,25.1654,145.962,0.276985,893.503,84.0298,17.3614,-3.90198,152.302,175.863,28.0151,13.0964,5.86664,train
1813,61.0711,1.24037,53.6263,24.7944,88.3712,0.30857,617.37,111.119,82.2868,28.7462,142.673,164.745,82.0969,69.4897,4.32716,train
1814,47.5263,1.7783,116.02,10.23,129.536,0.285894,427.182,193.407,87.6173,38.6936,267.971,309.426,79.0712,51.8566,1.59413,train
1815,43.7912,1.68097,51.5822,15.2094,104.421,0.27486,283.569,61.0097,24.6368,4.71372,97.5074,112.592,30.9881,19.4014,2.90818,train
1816,193.326,2.00072,112.672,6.43952,100.364,0.296535,752.467,170.547,64.3142,28.9374,245.275,283.219,376.346,222.15,3.06785,train
1817,80.911,1.12788,83.1631,0.102754,71.8216,0.30204,785.36,693.426,610.365,305.131,672.546,776.589,705.654,658.48,1.16774,train
1818,27.139,2.21762,103.11,28.4237,204.278,0.274801,553.028,84.389,9.70268,-9.36053,162.379,187.499,15.3175,5.91765,3.40579,train
1819,30.5585,2.7659,94.2002,11.1371,204.392,0.29066,621.128,96.9066,13.8435,1.35322,165.503,191.107,18.5232,6.90065,3.75296,train
1820,87.2249,1.39673,80.5449,8.82182,119.704,0.291752,657.777,213.762,142.039,66.6085,254.877,294.307,158.725,127.403,2.58076,train
1821,174.056,1.70856,56.2649,18.6634,148.112,0.313464,336.349,58.1231,20.5215,0.929091,99.0629,114.388,88.6886,52.3659,3.39531,train
1822,123.185,2.08604,22.0572,1.18626,114.034,0.279321,437.476,32.1392,11.2682,5.04097,46.9354,54.1964,39.8526,22.9659,9.3208,train
1823,24.1031,1.32819,84.6617,6.51093,189.912,0.312986,875.374,276.197,198.046,95.7676,312.513,360.859,34.613,28.6756,2.80108,train
1824,89.6237,1.55891,73.1523,16.1127,130.97,0.274655,894.858,120.691,63.6515,23.7694,167.873,193.843,91.8713,65.6585,5.33055,test
1825,137.493,1.25564,28.2065,7.10152,153.86,0.333066,370.387,87.2052,66.1002,29.4993,99.9495,115.412,77.544,65.7984,3.70574,train
1826,126.678,1.55677,39.7261,9.77543,154.738,0.293951,421.771,62.2546,32.3039,11.2643,88.3178,101.981,57.8147,40.6125,4.77561,train
1827,113.538,1.30953,134.691,10.9772,154.236,0.265937,425.842,458.856,335.143,162.083,514.027,593.547,332.415,284.334,0.828444,train
1828,50.498,2.3117,18.3539,29.0969,161.719,0.300224,390.635,-44.786,-34.043,-31.57,22.8908,26.4321,-9.30452,-11.4264,17.0651,train
1829,33.784,1.35676,128.12,23.5875,132.459,0.304563,450.021,329.596,225.063,100.738,396.393,457.715,86.1908,69.7506,1.13529,test
1830,191.888,2.82442,44.8471,29.8823,106.197,0.319756,525.931,-10.628,-25.5928,-27.7376,29.6346,34.219,22.7333,-36.584,17.7472,train
1831,133.56,1.48734,56.6715,5.99813,124.276,0.304211,503.917,128.282,77.609,35.8054,160.175,184.954,144.688,109.56,3.14605,train
1832,197.823,2.74696,33.5517,19.2486,166.227,0.347889,412.97,-0.575258,-14.8784,-17.0635,28.5585,32.9765,20.2708,-7.34188,14.4605,train
1833,181.396,1.10248,87.4187,5.6671,105.865,0.336672,388.884,834.927,753.176,373.754,798.775,922.346,1265.45,1188.7,0.486851,test
1834,131.029,1.89692,143.445,29.8724,121.252,0.271674,598.178,171.122,57.5486,13.8381,272.423,314.567,222.97,126.897,2.19577,test
1835,83.4525,2.44092,135.06,1.2022,100.412,0.32978,316.776,186.651,52.7935,25.7957,278.609,321.71,185.073,90.6462,1.13699,train
1836,196.887,1.65132,53.1793,15.2983,110.919,0.254524,450.805,66.4549,28.574,6.63782,103.606,119.634,138.989,90.2173,4.35114,train
1837,134.911,2.42459,148.151,0.256664,158.792,0.326084,505.537,208.267,60.3726,30.058,308.668,356.419,209.662,104.347,1.63781,train
1838,50.0063,1.67471,60.0903,9.94585,168.364,0.327167,344.717,95.7706,45.6261,17.8401,134.98,155.861,32.5507,21.4103,2.55385,train
1839,113.075,1.17173,101.045,4.29195,157.727,0.336573,532.543,611.305,514.553,255.13,616.913,712.35,401.068,361.315,0.863238,train
1840,95.6165,2.51521,96.6196,8.7356,89.0351,0.31178,885.497,112.148,24.2645,7.76443,180.798,208.768,150.189,66.3595,4.89771,train
1841,92.8166,1.77844,70.1141,4.33116,181.843,0.287818,659.792,122.282,56.4989,26.0839,166.62,192.396,68.8836,45.6037,3.95987,train
1842,67.9957,2.22811,19.8773,18.3442,164.958,0.314987,533.859,-16.0377,-17.5708,-17.9575,3.32524,3.83965,-1.69834,-5.63567,160.548,train
1843,116.256,2.61361,37.1166,11.978,177.001,0.331275,316.058,21.7831,-3.35551,-7.66673,51.0087,58.8997,24.0516,5.41136,6.19617,test
1844,77.6314,1.44202,88.0626,26.6087,180.732,0.283462,424.293,148.711,87.2569,30.3241,205.052,236.773,70.9074,53.3949,2.0692,train
1845,109.066,2.3316,118.413,1.74885,169.13,0.30702,506.797,167.509,50.8456,24.5484,247.616,285.922,126.605,65.9248,2.04671,train
1846,173.182,2.281,140.76,17.822,190.711,0.292714,446.429,163.617,40.6786,11.4283,263.599,304.377,182.956,88.1362,1.6936,train
1847,25.1471,2.27122,125.299,0.866938,109.163,0.341182,779.414,183.41,58.9786,29.0558,267.35,308.709,49.8152,25.8259,2.91533,test
1848,138.52,1.4102,122.659,10.7305,71.9627,0.267988,570.101,327.622,215.693,102.481,389.955,450.281,641.041,518.748,1.46197,train
1849,30.2236,1.95371,130.735,11.3496,86.5643,0.290434,559.213,192.797,73.4117,31.0311,280.186,323.531,77.4245,46.1771,1.99586,train
1850,190.285,2.53333,80.8542,19.4079,182.719,0.319272,723.643,64.7216,3.27536,-8.06628,126.072,145.576,96.9669,31.783,5.73991,train
1851,123.477,2.80871,110.769,22.1843,201.039,0.297988,770.256,92.1191,3.53401,-9.32514,175.707,202.888,78.559,22.2942,4.38376,test
1852,174.381,2.50118,81.2964,29.123,132.565,0.285022,403.833,42.9036,-9.2698,-19.1964,107.56,124.2,94.1148,14.8132,3.75448,train
1853,166.64,2.82024,25.4121,9.72416,143.243,0.330379,629.376,10.4759,-5.21206,-7.46811,31.0799,35.888,24.8242,1.53514,20.2502,train
1854,36.6201,1.56128,31.2433,28.0685,107.023,0.29803,529.84,-20.477,-23.6517,-25.8601,9.3239,10.7663,-1.18338,-4.04907,56.826,test
1855,125.614,1.47281,23.2625,19.7799,114.696,0.326898,268.369,-10.3399,-13.8225,-16.8012,11.1913,12.9227,3.01932,-3.00699,23.98,train
1856,129.264,1.45188,108.066,1.76665,99.3873,0.260093,265.202,296.417,190.118,94.1758,350.293,404.483,390.22,313.618,0.757088,train
1857,186.213,2.81283,134.878,7.37251,125.869,0.291383,715.743,157.027,29.5214,11.0744,252.797,291.905,285.678,118.36,2.83129,train
1858,175.474,1.47924,58.2075,3.87859,88.4031,0.326618,726.351,141.902,87.5731,41.8473,173.3,200.11,292.272,220.719,4.19129,train
1859,90.5216,1.20926,115.836,4.02021,130.93,0.291639,668.849,591.513,479.698,237.839,612.582,707.349,384.358,344.043,1.09185,train
1860,128.393,1.31255,69.3215,16.7601,204.925,0.311093,712.727,181.245,128.683,55.9615,216.997,250.566,116.161,95.795,3.28451,train
1861,182.683,2.10637,42.044,1.88605,116.269,0.270278,304.197,61.6411,21.4832,9.79858,89.7939,103.685,110.545,64.0223,3.38773,train
1862,153.845,1.50456,139.961,1.40168,144.599,0.269339,649.676,356.445,217.886,108.242,429.9,496.406,388.325,302.721,1.51123,train
1863,155.272,1.13513,99.6768,8.23828,130.394,0.318714,350.653,717.054,625.615,308.689,707.31,816.731,774.541,716.212,0.495755,test
1864,130.398,2.69121,15.7502,17.6171,150.191,0.299333,460.441,-20.0821,-18.2152,-17.9162,3.75149,4.33185,-8.68613,-17.7085,122.735,train
1865,35.814,1.57586,128.617,19.2088,80.3944,0.271422,687.035,237.717,128.309,54.55,317.254,366.334,114.854,83.3402,2.16556,train
1866,105.083,1.48846,72.1707,3.56429,175.176,0.295504,890.639,177.926,109.32,52.8778,216.59,250.097,110.153,84.5991,4.11209,train
1867,49.0799,2.93215,58.6931,20.0601,128.557,0.320618,322.878,28.7429,-9.89013,-14.9751,75.7217,87.4359,19.9906,1.50312,4.26401,train
1868,198.516,2.20574,47.7376,29.6589,86.6222,0.285999,569.073,-2.2258,-20.3045,-24.9817,39.4144,45.5118,42.562,-23.644,14.4382,train
1869,156.521,2.65043,90.482,9.36117,201.338,0.298981,865.99,98.6887,17.5679,4.10335,163.827,189.171,96.798,39.4369,5.28601,train
1870,160.477,2.82635,59.9188,5.46463,111.788,0.338136,666.553,64.5741,10.1198,2.3276,107.814,124.493,120.655,45.3639,6.18244,train
1871,166.177,1.40888,142.403,24.5655,169.706,0.339899,844.803,332.547,214.71,95.0721,411.318,474.95,341.385,263.148,2.05389,train
1872,149.016,2.19549,127.54,12.8269,131.245,0.313088,348.151,161.943,47.2296,17.2014,250.7,289.483,223.094,114.318,1.38871,test
1873,166.339,2.60564,122.626,19.6359,79.2392,0.280905,870.991,118.933,15.9431,-1.84638,209.197,241.559,323.064,120.213,4.16351,train
1874,93.5043,2.83252,77.0752,18.977,161.778,0.257549,508.328,55.6659,-2.43229,-10.7047,114.957,132.741,45.2405,8.53307,4.42189,train
1875,45.1475,2.62079,118.266,2.65089,191.701,0.317326,250.204,152.366,36.7507,17.0499,234.374,270.632,43.448,19.8632,1.06754,test
1876,195.7,2.24671,12.6744,7.43162,183.707,0.280593,706.826,0.401684,-4.84112,-6.13637,11.3242,13.0761,6.05067,-2.47483,62.4171,train
1877,75.3647,1.72688,124.108,20.0201,180.254,0.332361,521.049,189.096,85.0078,32.4938,271.243,313.204,91.7924,58.3833,1.92097,train
1878,188.614,1.96387,39.0582,19.9981,95.5229,0.251553,307.335,12.4057,-6.65444,-13.3263,44.569,51.4639,50.5151,6.70244,6.8957,train
1879,156.41,1.26513,100.183,26.1281,137.542,0.264731,745.508,294.543,220.488,97.1802,341.843,394.726,335.852,290.152,2.18085,train
1880,64.4578,1.57979,46.4513,18.7625,133.136,0.27757,689.509,45.9496,18.2608,-0.250864,80.0215,92.4009,28.5226,18.0035,8.61655,train
1881,156.76,2.00497,119.615,11.8662,198.636,0.305485,623.987,167.242,59.4927,23.8133,248.426,286.857,155.08,88.3596,2.51177,test
1882,121.386,2.71957,9.43947,0.568869,188.953,0.33312,555.909,11.0755,2.20489,0.81801,17.7665,20.515,8.96002,3.70714,31.2898,train
1883,98.0059,1.92339,115.117,21.1057,165.375,0.272235,644.295,142.558,48.5471,13.7207,223.153,257.675,100.843,57.6282,2.88723,train
1884,140.964,2.45223,66.1182,27.8201,154.53,0.349699,382.979,25.7561,-12.5419,-20.181,79.5655,91.8743,51.0243,9.49367,4.81337,test
1885,161.02,2.80323,47.0711,13.3171,163.014,0.302797,671.841,30.2804,-3.4736,-8.39537,66.9883,77.3515,46.4998,8.58617,10.0292,train
1886,135.626,1.96199,143.545,25.0364,138.362,0.346757,620.764,176.655,58.1456,16.5546,277.301,320.2,216.325,117.481,2.23859,train
1887,168.341,2.76316,26.7174,11.9689,168.883,0.276034,589.128,7.22539,-7.5232,-9.74603,29.3954,33.9428,17.235,-4.21173,20.0415,train
1888,45.9664,1.88049,92.0463,25.8502,103.781,0.277158,506.004,92.5458,26.3497,0.24974,159.861,184.592,52.2589,27.8565,3.16527,test
1889,66.7561,1.7935,69.7548,25.7576,88.7363,0.307612,701.162,57.9366,13.9394,-5.90912,110.584,127.691,61.0954,31.9508,6.34054,train
1890,198.564,2.31003,53.3169,9.64856,154.082,0.305196,485.706,54.1609,10.4926,0.421999,93.0784,107.478,90.5998,39.6179,5.21825,train
1891,167.138,1.68009,109.604,11.5505,100.832,0.304346,830.012,194.095,96.0416,42.2455,263.011,303.699,355.713,241.45,3.15581,test
1892,41.0641,1.59004,89.7527,26.2938,138.807,0.280064,464.006,120.215,56.7559,15.231,181.837,209.968,41.7383,28.1549,2.55177,train
1893,187.348,2.42692,133.434,29.7824,118.212,0.316866,745.978,116.263,12.6113,-8.58554,216.244,249.697,255.58,95.2685,3.4497,train
1894,97.804,2.81321,40.7317,17.6918,99.8596,0.333773,299.144,12.0125,-11.0273,-14.3596,45.6778,52.7442,29.7747,-0.907595,6.54899,train
1895,194.717,2.99535,62.218,25.9391,149.672,0.283996,625.099,19.4412,-16.8377,-21.3884,70.7189,81.6592,56.1818,-13.2369,8.8392,train
1896,32.4041,2.57525,64.8239,27.7311,140.36,0.340829,761.821,22.5341,-14.5587,-21.1449,75.6543,87.3581,11.9668,1.2483,10.0698,test
1897,175.31,2.3718,146.395,28.1763,139.906,0.309617,598.429,141.159,22.9406,-2.61783,249.029,287.554,234.693,96.5156,2.40305,train
1898,29.1337,2.08628,45.8636,17.9346,150.488,0.303254,891.437,26.6556,-1.27338,-9.60401,62.8034,72.5192,8.41682,2.85869,14.1941,train
1899,84.3973,1.79892,41.7552,9.16407,171.642,0.310526,840.952,52.5767,19.9856,5.41078,81.6938,94.3319,31.4015,18.709,10.2939,train
1900,95.4241,1.12448,62.1604,14.3559,101.755,0.338407,674.058,394.968,347.163,166.404,395.885,457.128,337.312,311.832,1.70266,train
1901,169.512,2.1628,80.1474,16.3401,154.892,0.272606,665.438,82.1669,18.3596,1.00974,140.568,162.314,113.532,53.3476,4.73391,train
1902,37.3478,2.21898,37.6777,7.75049,153.142,0.30511,308.254,37.4307,7.50347,-0.12351,65.0458,75.1084,11.9412,5.36065,4.73902,train
1903,166.893,2.03718,134.389,0.906914,184.911,0.274149,556.021,217.324,83.8417,41.4674,304.593,351.714,219.141,133.712,1.82546,test
1904,67.1177,1.97882,61.2685,23.4586,154.362,0.295312,374.931,40.2866,2.47661,-10.491,87.9493,101.555,26.7311,10.7571,4.26304,train
1905,83.7466,2.54199,13.0371,13.3703,138.04,0.289458,528.55,-13.8255,-13.4923,-13.4313,0.682818,0.78845,-3.73963,-8.84348,774.073,train
1906,197.222,2.34149,32.898,16.5471,160.263,0.312539,845.255,7.09914,-9.25178,-12.8994,34.6386,39.9972,26.3507,-0.140016,24.4022,train
1907,125.304,2.72309,135.104,10.2927,168.98,0.328975,648.242,153.429,28.6181,9.16269,249.877,288.533,144.496,58.5381,2.59425,train
1908,52.3972,1.50633,143.971,27.3951,118.459,0.32243,495.241,272.907,156.331,64.4679,361.028,416.879,132.053,96.1969,1.37175,train
1909,80.5776,2.74331,61.8223,28.2085,197.586,0.324356,451.551,15.7071,-17.9066,-23.0576,67.1424,77.5294,17.633,-1.42992,6.72527,test
1910,123.693,1.89108,57.6595,23.6479,118.022,0.304974,291.096,36.7684,2.75675,-10.4456,81.7769,94.4279,60.3037,26.0714,3.55964,train
1911,33.0129,1.7565,118.305,10.7989,203.593,0.259373,537.421,199.816,92.3104,40.7557,275.5,318.121,35.6619,24.0786,1.95071,test
1912,127.775,1.77912,67.8469,23.9981,157.387,0.298406,390.389,60.3525,16.5037,-3.7472,111.024,128.199,66.3419,35.7963,3.51626,train
1913,92.0944,2.61549,66.8804,4.00673,80.5608,0.302581,387.905,80.3962,17.5225,6.75788,127.545,147.277,112.703,49.9022,3.04131,train
1914,119.833,2.37794,65.6213,18.5758,152.655,0.262712,629.627,48.6844,1.63892,-8.46844,98.9916,114.306,53.4962,16.3217,6.36041,test
1915,151.324,1.19847,10.4804,7.67006,163.779,0.326354,461.574,8.02251,5.21213,-1.22896,16.024,18.5029,10.9432,8.98742,28.8051,train
1916,49.518,1.54386,128.328,26.8337,176.313,0.333245,774.945,221.38,119.886,46.526,302.855,349.707,69.831,49.1367,2.5588,train
1917,62.2042,1.63454,32.084,20.5249,198.444,0.310771,568.188,4.86313,-6.69591,-13.6104,31.9971,36.9471,5.97568,2.00454,17.7575,test
1918,159.901,2.17847,16.8981,5.41411,194.918,0.30103,505.028,12.2017,0.71765,-2.34823,25.2012,29.0998,14.7625,5.45845,20.0399,train
1919,118.295,1.80957,108.51,13.9787,152.117,0.346232,852.962,163.674,69.1426,27.5819,235.718,272.183,149.071,90.6708,3.61857,train
1920,198.035,1.70526,30.0347,10.9387,201.868,0.293406,703.387,28.1751,9.07909,-0.929829,50.4112,58.2098,36.5529,21.0137,13.953,train
1921,174.775,1.73434,50.7577,2.88445,130.539,0.264366,881.104,92.6731,44.7999,20.9577,124.215,143.431,134.625,92.933,7.09339,train
1922,20.716,1.24672,50.6943,28.7362,70.9936,0.311354,251.165,72.4503,50.4922,10.878,106.646,123.145,24.7585,20.3914,2.35512,test
1923,190.95,2.524,21.2376,15.8294,165.471,0.287095,672.356,-8.40712,-13.8153,-14.8224,11.1115,12.8305,2.24506,-14.6081,60.5099,train
1924,57.9194,1.42905,66.6104,12.1361,76.0422,0.300412,452.963,146.876,92.4021,40.133,184.885,213.487,117.931,91.4225,2.44997,train
1925,26.7871,1.66774,123.258,13.1363,151.861,0.336736,494.924,220.624,110.502,48.683,297.81,343.881,43.3459,28.9859,1.66188,train
1926,167.065,2.09007,93.2412,14.7151,157.86,0.28208,755.998,110.436,31.9099,8.59738,176.39,203.677,142.145,74.4004,4.28595,train
1927,87.804,1.84487,125,5.89817,201.612,0.305244,391.259,212.309,93.2069,43.6544,292.118,337.308,103.276,65.6281,1.33939,test
1928,89.9559,1.96775,11.5484,27.2108,76.7393,0.276526,487.136,-53.78,-38.1176,-32.6642,36.5737,42.2317,-48.7109,-49.7328,13.3193,train
1929,185.812,2.5889,115.437,15.7845,92.0136,0.347192,576.201,118.819,19.1664,1.69091,202.872,234.256,319.692,125.784,2.84023,train
1930,174.546,2.93567,147.075,14.2388,89.5233,0.345028,678.788,153.471,20.6347,3.19796,260.28,300.546,396.014,139.912,2.60791,test
1931,151.127,2.49195,60.0475,6.89877,189.506,0.319709,613.284,66.6532,13.5045,3.30289,109.726,126.701,67.6223,29.1219,5.58923,train
1932,106.372,2.13654,73.3412,22.254,173.196,0.323151,395.838,57.4953,6.40809,-7.92294,113.308,130.836,51.4402,21.2048,3.49348,train
1933,183.939,2.88937,72.6013,4.45759,182.184,0.304386,675.769,82.2324,14.0887,4.81557,134.09,154.834,103.856,40.7819,5.03967,train
1934,191.928,1.57368,108.684,2.9471,87.8268,0.324981,487.973,246.018,140.281,68.6669,307.181,354.702,566.042,408.973,1.58855,train
1935,189.614,1.66717,78.9819,18.5068,115.229,0.25707,552.014,109.938,49.4632,15.4782,163.61,188.92,207.771,137.833,3.37397,train
1936,167.909,2.12567,104.585,24.2633,133.058,0.277552,292.895,101.717,21.3944,-1.43442,178.663,206.302,165.492,76.5212,1.63938,train
1937,128.103,1.25512,9.58891,7.12455,99.553,0.348465,573.356,3.9065,1.44214,-2.84121,11.6874,13.4954,10.6005,7.93785,49.0577,train
1938,25.7757,2.59638,142.799,21.2395,105.485,0.295786,333.474,142.667,21.1072,-0.0661434,247.221,285.466,45.1871,17.3893,1.34889,train
1939,34.723,1.50787,64.2115,17.6098,92.088,0.307516,475.412,102.169,55.567,18.9786,144.089,166.38,43.7689,31.3539,3.29942,train
1940,137.032,1.5098,106.213,21.8931,187.686,0.286341,877.627,194.228,109.908,44.0076,260.19,300.442,154.813,114.174,3.37302,train
1941,143.384,1.73915,57.3187,22.3766,129.481,0.291198,523.369,47.0819,12.1399,-5.11837,90.4136,104.401,72.2711,38.7998,5.7886,test
1942,91.4558,1.4944,67.0126,20.229,189.513,0.26128,606.046,102.427,55.6431,17.7071,146.739,169.439,55.6462,40.6033,4.1301,train
1943,138.007,1.89844,29.9722,22.2147,205.682,0.31918,836.758,-8.49922,-16.2567,-19.2357,18.5961,21.4729,4.83569,-3.85526,44.9964,train
1944,38.1755,2.08305,145.514,28.5607,161.461,0.349098,643.887,158.443,41.4901,6.46466,263.235,303.957,48.939,24.2334,2.44606,train
1945,142.028,2.02297,51.7242,8.64758,185.691,0.313228,305.341,62.2888,19.2122,5.28229,98.7381,114.013,58.7687,31.3578,3.09243,train
1946,153.372,1.85017,38.8396,8.5546,96.0523,0.289356,344.535,46.7271,16.4421,3.94376,74.1029,85.5666,90.7346,52.5158,4.64942,test
1947,170.867,1.19206,114.07,11.8867,112.157,0.289119,592.201,575.718,473.535,230.824,597.374,689.788,825.659,745.012,0.991341,test
1948,132.788,2.407,16.4901,17.3991,93.7656,0.345264,361.975,-18.6875,-17.7784,-17.5888,1.90302,2.19741,-9.80172,-19.4241,190.211,train
1949,77.1431,1.20144,72.2695,13.8729,133.013,0.299415,491.495,307.886,249.49,117.808,329.225,380.156,170.656,152.16,1.49289,train
1950,81.9812,2.97365,98.7957,29.9981,199.154,0.290371,832.587,56.3442,-12.4535,-21.2258,134.355,155.14,37.5402,2.96287,6.19691,test
1951,50.3818,2.80897,113.897,1.82357,122.63,0.278123,281.761,142.78,30.7071,14.4418,222.289,256.677,70.0247,31.3875,1.26754,train
1952,24.9958,1.13872,35.0909,29.9422,197.467,0.279426,331.714,9.91371,4.76503,-12.5886,38.9751,45.0046,2.94135,2.39986,8.51092,train
1953,106.91,2.4356,142.736,29.0752,191.995,0.312223,519.761,130.676,17.0145,-6.03034,236.782,273.412,98.6296,37.9412,2.19511,train
1954,149.812,2.82506,56.1951,17.7932,81.9055,0.324044,576.015,31.6106,-6.79131,-12.2922,76.042,87.8057,98.411,15.2831,7.57496,train
1955,148.837,2.04503,22.1281,14.7931,162.812,0.250882,536.01,-2.84811,-10.1831,-12.4881,16.6969,19.2799,5.33551,-6.2417,32.1023,train
1956,159.233,1.42346,94.9513,2.47422,100.68,0.292478,656.697,270.228,177.751,87.6385,316.255,365.18,430.769,344.096,2.07648,train
1957,122.213,2.03937,62.7656,3.11033,123.072,0.325852,549.716,94.3131,34.6578,15.7738,136.034,157.079,108.86,61.8303,4.04101,train
1958,125.946,2.35241,60.6918,20.8269,114.794,0.29387,386.763,36.6236,-3.24136,-12.0341,84.2776,97.3154,63.6294,16.5579,4.58916,train
1959,75.4847,2.11356,55.4154,21.513,181.047,0.30918,841.44,31.9458,-1.95662,-11.7348,75.657,87.3612,21.9754,7.33428,11.1218,train
1960,188.094,1.51062,42.8498,21.7812,95.8187,0.319077,267.675,32.1561,11.0875,-5.34685,64.957,75.0059,93.3112,58.5469,4.1208,train
1961,145.619,2.11845,54.6383,2.87727,79.9686,0.346717,843.602,78.5649,26.8038,11.9633,115.357,133.203,170.007,91.246,7.31295,train
1962,145.717,1.71859,27.0943,11.9001,95.8654,0.334959,654.334,18.8497,3.65547,-4.12231,39.7887,45.9441,44.5457,23.5689,16.4452,test
1963,125.821,1.55234,61.8666,11.3949,108.486,0.278134,630.46,110.68,60.2082,24.4066,149.43,172.546,140.449,101.882,4.21911,train
1964,60.5383,2.64743,56.8142,0.208118,83.348,0.328213,712.234,75.2387,18.6326,9.21227,114.361,132.053,65.9962,30.1462,6.22793,test
1965,93.6964,2.7896,67.9032,27.7472,180.503,0.335379,703.923,24.251,-15.905,-21.8261,79.8079,92.1543,28.2094,1.04381,8.82021,train
1966,69.6687,2.24609,109.026,15.6284,176.171,0.306554,667.292,123.949,30.5516,7.4616,201.762,232.974,61.3295,29.3609,3.30733,train
1967,166.396,2.50872,86.9218,26.9087,73.3377,0.2822,545.992,55.778,-4.23522,-15.5719,123.582,142.7,192.18,44.1293,4.41807,train
1968,149.969,1.44655,82.2003,12.101,110.007,0.255376,299.584,186.327,116.227,52.0632,232.551,268.527,264.506,209.079,1.28825,test
1969,129.1,2.55835,79.6111,24.5305,153.909,0.327612,395.798,50.4163,-4.66435,-14.5974,112.607,130.027,68.1785,17.4992,3.51486,train
1970,114.011,1.14554,82.0216,9.28756,123.447,0.315229,472.348,529.314,456.58,223.646,529.432,611.336,447.625,411.562,0.892178,train
1971,62.2439,2.20001,14.3607,19.7119,190.152,0.293574,755.12,-27.8501,-22.4989,-21.1054,11.6822,13.4894,-5.70818,-7.57309,64.6387,train
1972,121.719,1.3366,10.198,17.5547,191.975,0.290212,896.515,-43.619,-36.2623,-26.9085,28.9434,33.421,-20.8283,-19.7953,30.9748,test
1973,199.786,2.6266,119.091,14.0622,173.609,0.263992,572.921,126.576,21.5467,3.74224,212.754,245.667,180.704,73.3627,2.69288,train
1974,159.081,1.93732,41.1468,25.8397,164.215,0.332509,811.274,0.586881,-14.7202,-20.2799,36.1424,41.7337,20.3549,1.15419,22.4466,train
1975,190.653,2.6798,31.8116,8.87272,171.483,0.346905,526.702,21.4882,-1.45074,-5.16173,46.159,53.2998,38.1505,10.1832,11.4106,train
1976,144.344,1.54463,18.0239,11.9169,189.657,0.25562,589.488,3.0033,-3.10372,-7.51032,18.2101,21.0272,7.25336,2.18926,32.3714,train
1977,130.54,2.69564,70.3595,19.1651,89.9478,0.33599,459.659,48.3685,-2.82595,-10.9955,102.821,118.728,109.866,28.5887,4.47046,train
1978,51.5959,2.02674,13.5968,13.1854,74.3731,0.312174,454.941,-12.5093,-12.9207,-13.053,0.941774,1.08747,-2.90675,-6.65017,483.068,train
1979,24.9336,2.29462,29.3265,23.237,142.914,0.314124,353.72,-14.2922,-20.3816,-21.8093,13.0201,15.0344,0.308946,-2.49467,27.1671,test
1980,70.5407,2.95365,88.527,19.5633,93.4546,0.32119,663.793,67.2573,-1.70646,-10.6349,134.913,155.784,74.8073,17.8198,4.92015,train
1981,150.642,2.20081,129.801,11.4575,162.245,0.314899,756.606,168.465,50.1223,19.3324,258.306,298.266,188.716,97.3535,2.92911,train
1982,160.38,2.23749,13.396,17.3125,72.709,0.308303,335.196,-23.184,-19.2676,-18.29,8.47663,9.78797,-29.5907,-40.9205,39.5435,train
1983,142.921,2.14868,94.4941,2.81774,108.967,0.264776,819.211,139.553,47.8768,22.5295,202.691,234.047,208.03,120.218,4.04168,train
1984,160.877,1.73482,42.8318,12.3378,174.94,0.344762,649.354,48.5044,18.0104,2.83631,79.0995,91.3363,57.2857,33.9591,8.20932,train
1985,137.7,2.97003,84.3631,6.63295,139.166,0.28609,793.415,90.9743,13.2442,3.30561,151.847,175.337,112.962,41.7187,5.22511,train
1986,82.1697,1.6979,30.5495,12.1193,165.5,0.289467,545.875,25.8879,7.45766,-2.33081,48.8763,56.4375,17.5787,9.81289,11.1685,train
1987,130.472,2.01586,17.1543,3.72022,190.319,0.269934,384.112,18.4837,5.04963,0.664708,30.8635,35.6381,15.7228,8.11821,12.4455,test
1988,41.4231,2.53737,20.541,27.6907,139.356,0.310805,886.547,-37.4699,-30.3201,-29.0054,14.6609,16.9289,-6.5604,-9.57766,60.4703,train
1989,40.9444,2.24789,126.197,22.359,114.455,0.342443,866.24,132.718,28.8807,3.26088,224.227,258.915,62.5381,28.4836,3.86323,test
1990,165.037,1.92808,101.141,22.466,142.891,0.295748,893.828,114.111,35.4363,6.48515,186.414,215.252,164.129,89.4382,4.79486,train
1991,48.9122,2.26356,54.6595,29.6219,155.02,0.278503,592.848,7.55903,-17.4786,-23.5502,53.8828,62.2185,9.25761,-1.90693,11.0025,test
1992,126.992,2.1357,138.354,8.5748,125.032,0.308497,286.738,194.089,64.3097,27.8674,287.904,332.443,231.75,126.589,0.995951,train
1993,42.9542,2.93771,127.346,12.8786,156.643,0.290987,322.686,131.593,17.1254,2.1234,224.248,258.939,46.0769,16.3168,1.43897,train
1994,89.3375,1.18731,46.1453,4.18038,151.241,0.340995,693.105,242.639,200.674,98.2468,250.094,288.784,132.832,118.245,2.77137,train
1995,113.38,2.95678,86.1306,13.8287,149.396,0.250602,731.579,77.1497,4.84784,-4.49043,141.405,163.28,75.7854,21.1799,5.17365,train
1996,56.0738,2.22926,13.959,22.0025,183.904,0.316752,584.26,-34.0985,-26.055,-24.0288,17.4413,20.1395,-6.72805,-7.79948,33.4986,train
1997,59.7349,2.16069,147.544,3.13975,207.077,0.335441,559.894,219.99,75.5856,36.2229,318.294,367.535,74.2319,40.1947,1.75904,train
1998,118.841,1.86989,49.7385,19.7547,75.1028,0.302208,350.825,34.2497,4.26589,-7.74441,72.7359,83.9881,81.6844,37.2117,4.82328,train
1999,181.865,1.96034,7.64396,22.8887,145.083,0.290781,414.243,-48.8581,-33.6134,-28.251,35.6925,41.2142,-48.1613,-46.0578,11.6059,train
2000,82.3262,2.6365,96.4743,25.8658,120.612,0.342082,319.27,68.4721,-2.13637,-14.0011,142.848,164.946,72.5324,20.6978,2.23504,train
2001,198.763,1.16427,127.673,15.171,202.562,0.311568,642.455,730.193,617.691,301.26,742.934,857.866,663.429,603.841,0.864754,train
2002,74.0136,2.63806,148.419,10.4569,200.599,0.270019,840.5,173.807,35.8443,12.6937,279.056,322.226,77.6502,34.301,3.01194,test
2003,162.967,2.81481,59.9714,4.35128,127.353,0.317907,874.815,67.3367,11.7166,3.68266,110.252,127.308,109.066,42.9685,7.93469,train
2004,121.136,1.47787,10.4333,28.6361,110.265,0.305364,288.579,-77.5842,-59.3813,-44.0087,58.1544,67.1509,-66.9695,-60.3941,4.96229,train
2005,97.8758,1.83581,145.096,29.2379,182.768,0.336375,712.953,184.383,68.525,19.6436,285.338,329.48,121.339,70.5404,2.49863,train
2006,192.435,2.816,96.7939,15.0662,178.489,0.254821,805.155,90.2487,8.52104,-3.27257,161.984,187.043,124.791,40.0575,4.97059,train
2007,50.2387,2.40255,63.7567,4.07637,122.593,0.301554,536.259,80.6153,20.935,8.42931,125.03,144.372,39.8733,19.3195,4.28905,train
2008,131.602,2.40882,93.8868,24.6646,200.822,0.325157,335.046,73.3857,4.16344,-10.2506,144.862,167.273,70.2803,24.4931,2.31286,train
2009,114.927,2.48752,10.0942,17.0682,75.4162,0.258021,658.885,-26.7308,-19.7568,-18.4125,14.4078,16.6367,-29.5264,-40.1897,45.7312,train
2010,100.293,2.54524,48.8773,25.0501,180.217,0.311184,413.872,7.4759,-16.3513,-20.7007,48.8033,56.3532,16.2098,-2.9949,8.48042,train
2011,154.342,2.0348,54.84,0.960386,194.483,0.276013,822.756,87.2329,33.3533,16.1965,123.039,142.073,77.693,47.0688,6.68697,train
2012,162.592,1.56948,145.887,8.27755,95.9192,0.309002,768.289,317.416,179.807,85.7646,401.233,463.304,569.543,414.662,1.91482,test
2013,141.235,2.41719,101.847,11.2074,127.667,0.319872,502.863,116.866,26.2256,7.5091,189.411,218.713,162.669,73.2927,2.65488,train
2014,170.56,1.96839,56.658,23.0391,93.7116,0.305506,840.214,33.9704,0.351536,-11.3438,78.4865,90.6284,99.6397,38.8915,10.7052,train
2015,95.9767,2.27725,47.3382,22.6045,107.612,0.283151,731.942,13.9469,-10.7868,-16.6957,53.0745,61.2851,28.6098,0.692756,13.7909,test
2016,169.148,1.19143,10.0107,16.2306,169.028,0.285605,819.446,-52.1045,-45.8847,-31.0576,36.4543,42.0938,-40.404,-38.6045,22.4787,train
2017,108.509,2.00053,74.95,20.9817,167.446,0.270333,599.981,68.9401,14.9719,-3.00494,124.612,143.89,58.3309,27.8155,4.81477,train
2018,79.7515,2.14523,35.664,15.9765,80.5445,0.285482,724.845,14.6422,-5.04525,-10.5109,43.5664,50.3061,27.5503,5.34518,16.6377,train
2019,95.0064,1.68503,23.9972,22.4051,120.322,0.339058,750.875,-19.0819,-20.674,-21.5396,4.25673,4.91524,-2.876,-7.68261,176.397,train
2020,136.563,2.14113,44.0109,6.49392,86.4014,0.336343,782.657,51.9563,14.4393,3.9727,83.1101,95.9673,103.405,51.7352,9.41711,train
2021,30.3574,1.82148,90.0395,17.3022,134.507,0.298788,441.3,118.2,45.4625,14.0801,180.341,208.239,31.7993,19.0852,2.44704,train
2022,129.011,1.80907,87.7062,9.68071,207.412,0.326543,304.51,137.007,58.9817,24.6505,194.607,224.713,98.0262,60.8684,1.56474,train
2023,52.8708,1.36762,99.7198,24.1172,179.293,0.349104,311.059,225.21,149.608,62.7453,281.398,324.93,70.2177,54.8969,1.10541,test
2024,25.9146,2.77785,92.9823,2.10921,126.598,0.296475,640.281,115.824,24.9506,11.4207,180.831,208.806,28.6588,12.6177,3.54077,train
2025,185.352,2.06606,16.1503,4.71534,196.747,0.315639,737.615,13.7164,2.28151,-1.21692,25.8653,29.8667,18.0863,8.08527,28.5175,test
2026,156.892,2.3077,117.311,24.6881,193.709,0.344004,777.194,110.762,18.1386,-3.27474,197.517,228.073,123.307,51.8818,3.93482,test
2027,60.4826,2.93828,18.7294,18.1594,197.589,0.321681,524.515,-17.4401,-18.0101,-18.0847,1.11653,1.28926,-1.71348,-5.71221,469.772,train
2028,49.1893,2.04559,70.9727,23.2499,202.049,0.270889,696.97,54.4455,6.7227,-8.2636,108.615,125.418,18.4804,7.5992,6.41687,train
2029,45.4701,2.67578,128.427,3.66541,151.065,0.262266,354.796,161.604,36.8428,16.5887,251.174,290.031,57.471,26.9435,1.41255,train
2030,123.625,1.4737,105.572,23.539,72.5311,0.271359,267.166,198.507,116.475,46.4678,263.34,304.079,365.682,276.937,1.01453,train
2031,94.6942,2.8903,66.3384,1.12827,77.8049,0.316664,507.212,81.8169,16.6068,7.73925,128.306,148.155,122.161,51.0535,3.95314,train
2032,24.6992,2.41593,79.8278,16.1791,182.412,0.252911,641.205,73.7886,10.1399,-3.01962,133.036,153.616,12.8283,4.90537,4.81979,train
2033,129.556,1.91597,45.2961,0.836814,206.815,0.304184,353.492,76.9136,32.4543,15.8088,105.837,122.21,53.8,33.4864,3.33997,train
2034,168.642,2.87178,63.0344,21.871,176.625,0.252891,706.973,30.6522,-10.5111,-16.1911,81.135,93.6866,48.3965,-2.42812,8.71355,test
2035,45.2685,2.39069,41.04,25.2466,188.027,0.262964,487.668,-2.75468,-18.548,-21.8973,33.156,38.2853,3.32136,-3.54024,14.7083,train
2036,94.1276,1.8812,148.727,12.0182,138.081,0.336166,304.701,232.381,95.6723,41.8271,330.049,381.107,182.907,109.838,0.923201,train
2037,29.329,1.54702,84.9082,26.2187,144.774,0.25369,448.504,116.717,58.0278,15.9045,174.613,201.625,27.1915,19.0061,2.56856,train
2038,144.043,2.40796,64.907,8.92551,168.625,0.274425,259.964,70.3898,14.4084,2.74143,117.17,135.297,74.7014,33.1279,2.21868,train
2039,134.067,2.8816,108.174,18.1035,136.111,0.341705,554.647,96.6312,6.56097,-5.77126,177.366,204.805,133.531,41.7777,3.12713,train
2040,111.408,2.87787,113.859,28.0867,167.63,0.269691,258.453,81.2418,-4.52997,-16.3084,168.962,195.1,77.3251,14.2359,1.52965,train
2041,169.093,2.51409,93.5337,19.9595,95.9738,0.288235,419.39,81.2709,7.69669,-6.1314,151.385,174.805,193.801,67.4033,2.77035,train
2042,85.8193,1.84092,52.5634,23.4373,72.7638,0.273258,666.794,30.0726,0.946478,-11.2454,71.5649,82.636,56.033,22.6323,9.31733,train
2043,159.167,2.12443,29.6357,26.1527,148.69,0.307453,322.086,-20.6867,-24.1698,-25.1612,7.75009,8.94903,-4.10975,-19.0872,41.559,test
2044,42.3626,2.18535,140.226,14.2069,144.923,0.258766,631.505,178.563,52.5446,19.1689,276.079,318.789,61.353,32.7455,2.2874,train
2045,60.5826,1.89609,138.86,18.1321,140.545,0.328144,847.483,195.637,74.9089,28.3884,289.682,334.496,99.9561,58.4737,2.92556,train
2046,62.4986,1.1926,31.194,12.4169,141.872,0.253331,585.291,95.2902,76.5131,32.0481,109.538,126.484,41.8826,37.5851,5.34325,train
2047,103.11,1.57938,117.145,10.615,194.696,0.34106,736.169,238.483,131.954,60.6694,307.983,355.628,136.501,96.0912,2.39029,train
2048,148.144,2.76944,37.0692,26.5998,140.739,0.305875,627.417,-12.9911,-23.4605,-25.0302,20.8523,24.0781,6.31947,-22.3539,30.0887,train
2049,154.2,2.34342,145.959,13.3869,97.3698,0.30651,498.776,178.215,45.6436,16.1284,280.743,324.174,345.251,166.272,1.77663,train
2050,163.996,1.89288,130.799,10.7766,209.168,0.255778,724.115,202.178,82.1563,35.6899,288.366,332.977,177.589,112.471,2.51109,test
2051,25.3932,2.53598,29.4868,17.8355,140.085,0.250591,811.043,-1.89367,-13.545,-15.6903,23.8964,27.5932,1.70889,-2.36457,33.94,train
2052,191.05,2.98465,109.437,7.01324,141.026,0.32641,409.888,121.314,18.8902,5.93848,199.837,230.751,210.112,77.798,2.05112,train
2053,94.7409,2.8721,37.7417,18.1192,188.511,0.261816,685.407,6.91708,-12.7054,-15.4123,38.6756,44.6588,10.4705,-5.66739,17.7219,train
2054,78.4828,2.66851,131.664,22.6677,192.073,0.337228,513.79,121.943,12.9465,-4.86057,219.63,253.607,68.6393,24.2389,2.33934,train
2055,57.7071,2.44339,120.012,25.5691,190.068,0.335117,860.997,106.878,12.4348,-6.56718,196.492,226.89,45.3284,17.2139,4.38184,test
2056,124.39,2.38623,87.2469,15.7535,175.508,0.283381,685.268,86.2008,14.7073,-0.52309,150.21,173.448,78.7224,32.6743,4.56206,train
2057,125.49,1.3119,56.6162,7.48864,167.078,0.264454,889.342,177.897,128.77,60.6406,203.095,234.514,132.817,113.033,4.37895,test
2058,145.535,2.9821,146.536,16.9229,113.706,0.320543,676.5,145.533,15.92,-0.501432,252.939,292.068,246.596,82.0825,2.67456,train
2059,199.589,1.16214,18.1886,3.73244,203.48,0.313152,265.132,93.1969,78.7407,37.5042,96.4626,111.385,85.4813,77.7021,2.74855,train
2060,133.652,1.90795,6.5166,24.58,196.119,0.294626,405.807,-56.3266,-38.2631,-31.4216,43.1367,49.81,-30.7684,-28.2979,9.40746,train
2061,58.7294,2.46382,100.322,8.42295,173.087,0.318062,476.597,119.725,27.8259,9.70148,190.566,220.046,50.4029,22.9222,2.50096,test
2062,37.5877,2.40104,144.218,27.5917,155.253,0.283206,741.455,137.986,21.3595,-3.11611,244.396,282.204,43.5094,17.4719,3.03383,train
2063,54.3071,1.89533,53.3749,18.2061,97.7065,0.281342,677.585,44.0963,8.92748,-4.63931,84.4126,97.4713,33.5815,16.1757,8.02706,train
2064,189.705,2.12746,27.4045,1.85618,110.284,0.34976,883.655,38.1832,12.6349,5.38935,56.8005,65.5876,78.9261,41.7157,15.5572,train
2065,52.5607,2.56723,30.2269,17.5176,106.06,0.347298,822.643,-0.261701,-12.971,-15.2443,25.9507,29.9652,7.69649,-2.02654,31.7003,train
2066,53.9071,1.47114,34.3392,26.4536,130.471,0.269277,683.914,-5.02156,-12.9072,-19.6804,25.3899,29.3177,3.93534,-0.294429,26.9365,train
2067,128.219,2.46583,125.134,24.3599,157.237,0.267002,430.139,116.086,15.3124,-4.52375,208.902,241.22,122.892,46.2964,2.05904,train
2068,118.483,2.96914,104.19,20.794,85.1755,0.327845,329.69,83.9421,0.546301,-10.1239,162.927,188.132,168.9,44.1212,2.02355,train
2069,181.664,1.22392,127.652,10.0182,85.7735,0.286446,541.365,580.069,462.435,226.208,612.904,707.721,1168.76,1038.19,0.883279,train
2070,56.1777,1.52064,64.1429,23.4155,148.756,0.256099,710.559,79.3803,38.6528,7.61868,124.295,143.523,35.4446,24.5203,5.71673,test
2071,22.4821,1.16528,59.6004,0.87094,104.133,0.277885,702.321,386.064,327.335,163.232,385.957,445.665,77.133,71.0006,1.81969,test
2072,43.9989,2.46908,27.9511,8.71026,107.108,0.298627,742.092,18.0814,-1.15944,-4.93485,39.8653,46.0325,11.4618,2.95696,18.615,test
2073,173.426,1.84564,27.6157,16.8114,114.927,0.302464,688.249,2.97268,-7.83163,-12.3215,26.4903,30.5884,22.714,2.72945,25.9812,test
2074,170.002,1.31512,141.177,5.97368,112.432,0.293805,636.349,499.884,364.68,179.353,555.175,641.061,738.886,623.878,1.14621,train
2075,53.4447,2.21274,56.1405,27.6026,91.7657,0.345822,624.97,15.5844,-12.9535,-20.278,62.1156,71.725,24.4678,4.64536,10.0614,train
2076,191.27,1.60405,7.48326,29.5069,97.9976,0.313493,396.864,-79.5326,-57.509,-43.508,62.3966,72.0494,-124.03,-108.385,6.36034,train
2077,42.557,1.75291,129.414,27.2267,132.406,0.331252,782.342,173.565,71.3774,22.0754,262.387,302.979,67.2143,41.176,2.98163,train
2078,191.663,1.2431,28.7248,9.43581,97.6211,0.327128,314.634,80.5985,61.3095,25.9368,94.6768,109.323,160.033,136.46,3.32324,train
2079,113.8,1.37019,41.2719,26.3326,92.1559,0.311762,744.609,22.6593,7.72006,-9.30628,55.366,63.9312,47.453,31.8619,13.4489,train
2080,184.001,2.20933,99.021,18.3595,143.522,0.339725,759.091,103.868,23.2063,2.42342,175.707,202.889,175.236,81.0656,4.32022,train
2081,174.123,2.02752,144.905,3.79228,180.407,0.267861,365.965,228.044,86.9314,41.5695,322.983,372.948,246.817,150.314,1.13308,test
2082,93.4311,1.3825,112.232,20.2693,110.668,0.317966,554.151,273.52,181.557,80.644,334.071,385.752,239.399,189.503,1.65878,test
2083,185.642,1.36962,135.665,3.92373,85.022,0.321761,300.43,428.647,296.905,146.491,488.708,564.312,928.326,750.715,0.614742,test
2084,86.4035,1.42484,62.862,27.4641,156.824,0.31476,416.15,76.6562,41.2583,6.89713,120.826,139.518,51.9399,37.471,3.4442,train
2085,99.0608,1.23397,66.9368,29.7381,106.081,0.289553,486.198,149.798,112.599,41.4307,187.698,216.735,146.781,125.848,2.59032,train
2086,70.4204,1.86006,65.9018,17.6889,167.814,0.329984,716.754,69.7242,21.5113,1.91118,117.456,135.626,38.1196,20.8544,6.10234,train
2087,127.712,2.56442,113.433,6.11049,133.407,0.254448,262.783,139.705,32.3823,13.1359,219.224,253.138,158.172,75.1084,1.1987,train
2088,96.961,1.93104,113.177,29.4363,200.52,0.252143,501.372,115.677,31.9364,1.25005,198.193,228.853,69.5817,36.4567,2.52972,test
2089,110.207,1.77484,114.798,5.29929,178.633,0.309939,499.264,206.056,96.5574,45.629,277.867,320.853,140.351,92.0412,1.79677,train
2090,42.205,1.25988,143.896,27.7081,163.895,0.335503,682.198,484.146,367.958,170.125,543.901,628.043,122.408,103.877,1.25427,train
2091,37.5711,1.10081,89.594,9.65199,151.737,0.288222,521.242,825.236,745.294,367.821,792.266,914.83,184.479,175.006,0.657913,train
2092,97.132,2.47299,51.2946,12.9471,138.438,0.316269,842.018,40.3924,2.04493,-5.4511,79.4033,91.687,40.9327,13.6446,10.6043,train
2093,136.21,1.62773,137.885,29.2403,101.203,0.301416,897.603,211.135,102.49,36.6251,302.26,349.02,325.246,219.656,2.96964,train
2094,150.935,2.65015,93.2584,23.2556,202.993,0.344526,480.743,69.9913,-0.0115189,-11.6336,141.378,163.25,78.912,23.6632,3.4004,test
2095,133.238,1.38205,87.0766,8.30705,165.1,0.301308,689.984,243.571,164.802,78.2473,286.349,330.648,198.712,160.304,2.40959,train
2096,58.9052,1.37235,47.1653,5.0052,201.786,0.332819,888.978,132.612,90.4519,42.7233,155.692,179.777,39.1435,31.2072,5.70986,train
2097,53.8746,1.30573,36.8943,11.8021,181.435,0.285327,477.856,84.4807,59.3884,23.7932,105.114,121.375,26.1953,21.6994,4.54608,test
2098,194.952,2.25738,100.51,13.9668,156.208,0.259884,286.505,114.837,28.2931,7.16313,186.496,215.347,173.596,84.6911,1.53625,train
2099,31.8112,1.11615,121.696,4.87927,76.6677,0.324672,634.39,1062.48,945.664,470.392,1025.53,1184.18,393.873,367.957,0.618599,test
2100,162.28,2.65269,62.5915,3.65004,145.025,0.306279,650.605,74.8189,15.8774,6.11367,119.001,137.41,103.077,44.8892,5.46723,train
2101,116.661,1.67257,48.308,19.5123,83.501,0.306103,476.095,41.3236,12.5279,-3.49221,77.6232,89.6315,79.8871,45.7299,6.13341,train
2102,138.877,2.34214,104.022,29.4452,78.9849,0.338265,339.05,78.3837,3.80654,-12.8193,157.968,182.406,207.313,74.5508,2.14632,test
2103,170.8,1.1097,149.915,14.676,148.351,0.339243,289.807,1289.29,1154.06,569.69,1246.39,1439.21,1320.45,1233.9,0.232517,train
2104,156.73,1.45588,60.1303,15.0738,156.95,0.32772,666.206,110.47,65.4139,25.17,147.745,170.601,121.757,90.2913,4.50918,train
2105,146.971,2.57117,89.2511,20.7489,73.0636,0.269632,296.397,72.171,3.66876,-8.54005,139.796,161.422,198.215,59.8193,2.12021,train
2106,186.502,1.13971,96.3796,23.7374,185.098,0.267665,291.981,534.915,462.273,219.268,546.717,631.294,505.829,470.75,0.534063,train
2107,185.093,1.38015,22.0913,3.18491,153.46,0.317083,337.254,57.5126,38.6062,17.7107,68.939,79.6039,71.0432,56.5983,4.89206,train
2108,72.0349,2.26028,75.0247,23.818,194.254,0.282115,439.567,52.3135,1.10682,-11.3556,110.278,127.338,28.4362,9.24497,3.98599,train
2109,119.762,2.32852,31.0717,26.8505,160.853,0.321051,434.439,-20.7201,-24.9413,-25.8959,8.96469,10.3515,-1.80972,-13.8817,48.4612,train
2110,99.5251,2.74261,77.9456,4.24778,188.339,0.3483,458.468,92.05,18.3522,7.0522,147.22,169.996,61.6906,25.1821,3.11416,train
2111,161.96,2.17291,17.5449,3.61169,148.875,0.261971,728.199,17.8094,3.87617,0.132236,30.6177,35.3543,24.3373,11.3176,23.7836,train
2112,173.384,1.97364,138.424,22.8654,132.608,0.287103,806.577,172.519,56.9605,17.0475,269.285,310.943,271.132,151.299,2.99526,train
2113,128.49,2.3626,108.919,7.07224,136.968,0.341355,394.473,139.231,37.3841,15.1559,214.905,248.151,160.639,76.7412,1.83557,test
2114,149.087,1.96174,110.459,20.045,136.737,0.322371,725.141,133.853,43.4387,11.6968,211.58,244.312,180.656,98.6685,3.42726,train
2115,49.619,1.54789,89.7257,15.1153,84.2312,0.309754,338.258,166.389,91.7787,38.3317,221.802,256.115,107.395,77.1296,1.52504,train
2116,147.371,1.30886,113.502,16.4586,121.376,0.322163,771.725,352.757,255.713,119.627,403.792,466.259,425.911,353.553,1.91119,test
2117,186.86,1.38178,138.215,0.523083,174.367,0.256896,779.58,440.016,302.323,150.9,500.763,578.231,468.048,390.47,1.55678,train
2118,45.223,2.91353,97.239,15.6324,178.345,0.329734,700.625,87.7689,6.16233,-4.73506,160.222,185.008,30.7817,9.51419,4.37285,train
2119,38.8277,2.07523,112.955,19.1259,198.067,0.258054,860.024,131.456,37.6272,9.25066,211.666,244.411,31.0159,16.344,4.06312,train
2120,114.061,1.90071,53.2046,18.8074,171.221,0.265172,321.915,41.9206,7.52334,-5.64201,82.3808,95.1252,38.3211,17.735,3.90764,train
2121,121.443,2.54927,133.761,25.7981,90.0525,0.31642,639.776,121.433,13.4699,-6.16406,221.004,255.194,223.471,81.0773,2.89486,train
2122,183.266,2.60141,65.4837,17.7064,200.631,0.251043,312.67,46.6392,-1.1381,-9.42223,97.1012,112.123,59.7795,13.4789,3.22004,train
2123,68.7602,2.37469,78.6117,9.11947,105.171,0.289567,363.09,90.3317,20.8395,5.86,146.309,168.943,72.8317,33.82,2.48166,train
2124,63.274,2.9758,57.9502,8.7798,167.188,0.300898,578.107,52.9096,3.73915,-2.52033,96.0074,110.86,26.9104,8.04046,6.02149,train
2125,20.5935,2.96796,125.802,9.88005,156.589,0.329645,846.139,135.733,19.8103,4.96512,226.496,261.535,23.0892,8.36483,3.73578,train
2126,128.349,2.39414,46.9381,24.2976,203.864,0.276441,812.096,7.91215,-14.7283,-19.513,47.5017,54.8502,16.5467,-3.94501,17.0961,test
2127,144.622,2.64719,13.5442,9.54829,131.173,0.287999,482.041,-4.22213,-8.21801,-8.88315,8.07313,9.32205,2.46627,-8.49248,59.7093,train
2128,43.6131,1.20101,82.9839,16.0782,188.739,0.307138,285.712,353.284,286.379,135.15,377.819,436.268,77.9331,69.3273,0.756214,test
2129,160.671,2.84236,126.809,9.56066,199.785,0.285229,282.943,140.813,23.565,7.00217,231.767,267.622,140.727,55.5349,1.22081,test
2130,198.478,2.97426,127.514,2.06741,114.557,0.250713,886.918,155.356,29.909,13.9208,244.973,282.87,318.507,138.81,3.62048,train
2131,194.578,2.29644,141.791,25.555,80.9225,0.310662,448.187,145.078,28.8418,1.64338,248.436,286.869,453.527,200.276,1.80404,train
2132,39.2762,2.58678,5.82276,10.1333,87.0628,0.332907,551.185,-15.9585,-11.648,-10.8906,8.77783,10.1358,-4.68922,-5.42519,62.7928,train
2133,103.45,2.31623,126.779,16.2085,153.991,0.291346,827.084,145.026,34.4548,9.12314,235.39,271.805,120.455,56.8245,3.51368,train
2134,54.3555,2.40773,122.189,20.6364,164.53,0.340158,351.509,123.255,21.7023,0.532979,212.56,245.443,54.3908,22.7023,1.65369,train
2135,120.384,2.55206,142.186,14.3492,112.726,0.325024,806.93,159.864,32.0272,8.83901,261.583,302.05,217.008,92.1686,3.0848,train
2136,131.1,2.04912,105.328,23.6309,103.133,0.327268,809.33,109.145,27.4473,1.90819,185.739,214.473,181.766,90.0126,4.35735,train
2137,53.7198,2.69766,73.5745,20.4272,85.4156,0.282047,519.229,49.6531,-3.49416,-11.9607,106.718,123.228,46.4007,9.57019,4.86542,test
2138,127.141,1.73996,31.6843,2.36893,146.258,0.291924,789.1,55.8649,26.5496,12.0903,75.8198,87.5491,53.5352,35.8646,10.4076,train
2139,75.6187,2.06419,67.4195,27.0418,117.54,0.332426,820.132,38.1009,-2.27692,-14.6593,91.3834,105.52,42.0658,15.3856,8.97464,test
2140,163.441,1.85459,90.3885,28.593,151.325,0.258068,768.719,83.8646,22.0691,-3.26195,150.908,174.253,116.683,60.673,5.09397,train
2141,73.7452,2.94245,127.581,27.8452,161.227,0.305039,482.36,97.9379,-1.79781,-14.8215,195.305,225.519,64.6655,15.097,2.46978,train
2142,196.516,2.86805,147.887,14.1045,175.655,0.300904,315.855,156.708,22.9253,4.41039,263.787,304.595,223.618,82.9188,1.19738,train
2143,111.45,2.76779,9.47884,16.9566,170.82,0.298344,593.976,-26.6796,-19.2019,-18.0792,14.8963,17.2008,-12.0426,-15.7994,39.8741,train
2144,40.8981,1.92216,29.6839,15.5819,82.5853,0.321405,347.54,8.98652,-5.11544,-10.3487,33.4895,38.6704,10.8222,3.06393,10.3776,train
2145,91.303,1.56488,34.3021,15.3199,199.446,0.325175,843.076,29.8655,10.8833,-2.2183,55.5708,64.1677,19.1083,11.882,15.1712,train
2146,48.9571,1.51512,20.0405,15.9078,95.2663,0.29234,432.376,-5.39557,-9.52825,-12.718,12.6829,14.6449,2.14864,-0.903015,34.0913,test
2147,168.965,2.2149,95.2254,3.24041,145.827,0.279619,372.047,135.846,43.8615,20.3105,200.114,231.072,181.672,100.314,1.85918,train
2148,113.572,2.92779,97.0912,21.7409,155.131,0.270845,456.718,73.5118,-1.83847,-11.7897,147.747,170.603,75.4081,15.5253,3.09123,train
2149,78.55,1.27395,31.5204,14.6466,100.116,0.26709,522.156,56.4008,39.5269,12.4402,76.142,87.9212,48.25,40.0975,6.85766,train
2150,179.708,2.1416,62.9593,26.8991,93.4752,0.32352,392.886,29.2703,-6.78993,-16.8445,79.8731,92.2296,105.909,30.3114,4.91887,train
2151,79.7733,1.83004,126.341,19.7921,139.781,0.333441,642.122,177.472,70.9238,25.5659,263.11,303.813,120.461,72.0627,2.44051,test
2152,46.3142,1.72233,15.2192,8.15584,174.737,0.275299,571.169,6.09142,-0.971926,-4.56388,18.4555,21.3106,3.05807,1.15487,30.9484,train
2153,93.3573,2.25208,38.5005,14.4749,203.985,0.301646,362.164,21.3514,-2.67416,-8.57453,51.8333,59.8519,16.2707,4.40998,6.98709,train
2154,126.595,2.74567,105.678,19.4593,113.647,0.303519,783.927,93.1318,6.91271,-6.27329,172.175,198.81,141.594,45.0303,4.55309,train
2155,195.741,2.78498,67.7951,25.2593,97.632,0.317694,484.112,29.8684,-12.6675,-18.9634,84.5791,97.6635,115.143,7.7155,5.72377,test
2156,91.7697,1.85556,15.8307,9.78024,102.709,0.264586,749.061,1.22326,-4.82718,-7.30371,14.7692,17.0539,6.56209,-0.509009,50.7179,train
2157,117.598,2.98846,147.122,5.7761,105.737,0.331371,808.603,171.214,29.8681,12.046,275.687,318.336,240.201,92.367,2.93305,train
2158,140.281,1.84353,78.3933,2.38678,185.924,0.27881,493.639,136.996,60.989,29.3011,186.532,215.389,113.691,74.3954,2.6464,train
2159,187.891,2.86188,52.3204,12.0223,140.591,0.33958,836.724,39.4847,-0.813387,-6.41785,79.5055,91.8051,79.4262,20.8392,10.5241,train
2160,199.16,2.18283,73.9853,5.4938,122.704,0.337773,848.515,99.3836,30.892,12.6991,150.142,173.369,194.909,100.826,5.65142,train
2161,173.318,2.98955,143.131,24.6554,109.378,0.330631,718.588,123.673,5.19716,-9.7291,231.059,266.804,276.055,78.475,3.10998,train
2162,177.373,2.36291,97.6118,16.9435,102.964,0.259055,498.14,98.9254,18.2571,0.65681,170.206,196.537,213.683,91.4899,2.92669,train
2163,132.552,2.51144,37.6586,3.98216,127.937,0.336221,810.037,42.3848,8.70832,2.36308,69.3196,80.0433,56.2091,24.076,11.6855,test
2164,62.5667,1.84389,83.2319,3.00646,192.098,0.340588,258.382,144.075,63.8498,30.4217,196.854,227.307,52.7838,32.738,1.31256,train
2165,140.099,1.2445,45.4912,21.6521,134.895,0.280754,849.159,89.0692,65.2301,21.789,116.533,134.56,99.4168,84.2609,7.28687,train
2166,127.946,1.46788,132.601,17.628,177.502,0.255909,513.67,296.489,181.516,81.944,371.603,429.09,223.057,174.641,1.38231,test
2167,118.189,2.79536,62.7402,14.9364,187.325,0.26368,608.539,46.8985,-0.905349,-7.92087,94.9499,109.639,41.3452,9.03293,6.40905,test
2168,61.9809,2.85577,12.8314,15.3446,84.5159,0.341155,570.647,-18.5602,-16.0471,-15.6958,4.96128,5.72879,-6.47415,-11.4297,115.02,train
2169,109.45,2.12275,37.4407,12.5933,209.691,0.324601,604.683,26.428,1.5806,-5.50634,55.3119,63.8687,21.0707,8.26087,10.9322,test
2170,163.57,2.55524,142.162,28.1999,70.0176,0.297856,399.601,126.983,13.0214,-7.58929,233.087,269.145,400.85,141.363,1.71439,test
2171,197.487,2.01218,110.719,1.77659,136.038,0.283007,682.592,178.631,69.6876,33.9555,250.584,289.35,290.857,176.962,2.724,train
2172,148.349,1.32894,144.082,22.9348,142.002,0.335266,654.599,414.485,293.339,135.202,483.733,558.567,436.124,355,1.35322,train
2173,66.8188,2.37718,45.0432,18.8756,99.3282,0.306045,324.118,18.5444,-7.62317,-13.2494,55.0685,63.5877,24.4762,3.53181,5.88571,train
2174,24.2707,2.9128,143.393,18.2852,130.61,0.290671,728.606,140.254,15.1462,-1.56949,245.645,283.646,33.8927,11.322,2.96609,train
2175,146.117,2.4201,92.9148,27.1673,176.784,0.311642,478.419,65.654,-0.0935002,-13.6304,137.325,158.569,81.709,25.2452,3.48385,train
2176,87.1698,1.67066,15.3067,13.4731,75.2316,0.337962,511.973,-9.592,-11.4256,-12.4493,4.94905,5.71467,-0.245096,-5.15847,103.449,train
2177,181.062,2.50298,128.366,14.2674,199.564,0.260324,745.532,143.174,29.0756,7.40412,235.161,271.54,158.47,70.0858,3.17031,train
2178,180.148,2.62492,26.4795,6.82436,144.697,0.275381,389.289,19.5046,-0.150514,-3.48744,39.8233,45.984,34.5572,8.78821,9.7754,train
2179,140.901,2.58971,14.6789,13.7183,111.289,0.29324,690.197,-12.4211,-13.3817,-13.55,1.95531,2.2578,-5.24571,-17.658,352.985,train
2180,54.3892,1.19963,69.7803,22.4483,149.265,0.319955,275.958,240.466,193.134,85.343,268.681,310.247,85.8066,75.6265,1.02708,train
2181,122.564,2.82265,39.659,3.97901,179.113,0.308953,539.588,41.943,6.26304,1.14202,70.6694,81.602,36.8438,13.79,7.63538,train
2182,23.1945,2.57618,28.4107,28.5019,94.7282,0.306785,747.904,-28.6255,-28.5343,-28.5181,0.185998,0.214772,-2.7327,-6.96474,4021.03,train
2183,74.67,2.65466,118.459,18.6201,204.252,0.29002,552.611,114.238,14.3994,-2.11035,201.521,232.697,54.5463,19.8093,2.7422,test
2184,38.1951,1.81437,146.127,15.226,185.658,0.315929,458.945,229.902,99.0006,41.8873,325.65,376.029,54.0723,33.8097,1.40932,train
2185,36.0514,1.12601,66.575,27.1966,198.968,0.250355,803.545,306.171,266.793,119.798,322.808,372.746,53.0614,49.702,2.48924,train
2186,172.71,1.99556,128.816,26.5263,101.305,0.300017,500.754,144.363,42.0729,7.77329,236.58,273.179,308.029,162.279,2.11664,train
2187,191.429,1.44318,108.434,26.8051,119.932,0.282474,805.348,205.602,123.973,48.5838,271.963,314.036,355.154,271.402,2.96124,train
2188,69.8988,1.45646,22.746,24.8652,100.272,0.269887,345.195,-30.7644,-28.6452,-26.7552,6.94417,8.01844,-12.1326,-14.9384,49.71,train
2189,173.042,1.18605,33.319,23.9108,125.075,0.332685,363.901,31.7626,22.3544,-0.778204,56.3623,65.0816,59.6379,50.1594,6.45645,train
2190,151.712,1.22492,24.6414,26.4436,183.956,0.342021,277.87,-35.4486,-33.6464,-30.045,9.35926,10.8071,-13.8096,-14.4723,29.6893,train
2191,140.829,1.65725,134.385,6.37567,82.9124,0.328681,722.602,268.224,140.215,66.9196,348.669,402.609,493.248,338.673,2.07246,train
2192,147.432,2.37118,55.0176,19.5583,194.332,0.289328,615.726,31.243,-4.21631,-11.8873,74.7038,86.2606,38.3886,8.78197,8.24222,train
2193,141.849,2.688,46.0662,13.219,154.46,0.252419,346.354,30.1809,-2.66631,-7.94266,66.0319,76.2471,40.2367,6.60412,5.24526,train
2194,135.242,1.51187,38.4625,22.897,86.065,0.277429,652.73,16.8807,1.3152,-10.7909,47.9287,55.3433,47.9985,25.3284,13.6188,train
2195,132.007,1.13186,30.9024,5.72736,208.254,0.346243,298.132,198.555,173.38,83.8261,198.716,229.457,114.243,104.992,1.5003,train
2196,56.8978,2.6018,60.7663,25.5155,157.569,0.306659,705.456,21.9553,-13.2955,-19.4055,71.639,82.7216,16.8057,0.45087,9.84737,test
2197,23.1101,1.20345,29.2358,4.44085,76.4684,0.291489,311.631,130.974,106.179,50.8689,138.745,160.209,37.6768,33.6955,2.24606,train
2198,143.835,1.68043,58.8432,1.38275,166.171,0.282205,272.309,119.089,61.6281,30.1227,154.093,177.932,110.096,77.8437,1.76717,train
2199,154.749,2.77142,18.4346,14.8437,168.561,0.287344,732.189,-10.1778,-13.7687,-14.3062,7.15058,8.25678,-0.706847,-13.7207,102.396,train
2200,87.6119,1.39501,113.787,3.96019,148.917,0.278845,605.704,338.042,228.216,112.128,391.295,451.829,199.152,162.548,1.54795,test
2201,146.72,2.50962,148.824,28.0482,199.682,0.306417,553.571,138.318,17.543,-5.25261,248.672,287.142,136.322,51.1652,2.22611,train
2202,25.9619,1.66341,112.923,19.2251,118.381,0.32781,523.84,180.531,86.833,33.804,254.139,293.455,45.2799,29.9331,2.06123,train
2203,60.9996,2.79638,66.0046,19.4251,118.19,0.25212,590.284,40.8146,-5.76493,-12.595,92.5081,106.819,31.2926,3.331,6.3809,test
2204,195.888,1.89379,81.2428,27.5043,132.73,0.278559,833.074,67.7881,14.0497,-6.72733,129.065,149.031,136.21,65.919,6.45471,train
2205,173.926,2.83509,135.86,17.8556,208.306,0.300622,613.767,133.683,15.6791,-1.08824,233.431,269.543,145.994,50.596,2.62933,train
2206,104.131,1.56338,121.501,20.2137,171.392,0.31544,415.494,221.346,120.058,49.9223,296.914,342.847,148.199,105.136,1.39938,train
2207,111.644,1.70089,11.6332,13.1095,122.68,0.326443,472.783,-16.1455,-14.6692,-13.8893,3.90775,4.51228,-7.11092,-9.06381,120.986,train
2208,48.014,1.37303,52.2511,12.2449,144.506,0.29902,407.961,118.149,78.1428,32.9489,147.571,170.4,41.1743,32.825,2.76451,train
2209,22.5457,2.19196,27.312,12.1487,176.25,0.252577,341.064,10.9855,-4.17784,-8.16327,33.1666,38.2975,2.55143,0.267071,10.2834,train
2210,175.017,1.74815,112.137,2.55681,94.5307,0.340476,743.641,213.617,104.038,50.7404,282.111,325.754,434.2,283.627,2.63599,train
2211,91.6948,2.46172,26.7736,8.74822,194.849,0.277663,664.893,16.4017,-1.62366,-5.18594,37.3909,43.1753,11.8946,2.60115,17.7822,test
2212,151.651,1.28493,110.141,26.0278,184.603,0.272314,826.852,316.48,232.367,103.17,369.465,426.622,261.548,223.106,2.23797,train
2213,105.873,1.59219,36.1774,11.4278,205.294,0.253656,338.709,45.5672,20.8176,4.69492,70.7929,81.7446,27.618,18.496,4.7845,test
2214,43.5343,1.95717,148.379,29.8976,156.127,0.252078,840.173,172.301,53.8196,11.961,277.717,320.68,57.6327,31.8387,3.02529,test
2215,119.106,2.44948,138.71,20.1972,207.884,0.323442,581.887,145.721,27.2084,3.50562,246.324,284.431,108.545,45.7613,2.36228,test
2216,159.634,2.72079,37.2947,22.7775,72.8377,0.312763,445.978,-3.72551,-18.2428,-20.5101,29.0718,33.5692,31.4581,-28.0499,15.3406,train
2217,184.61,2.30141,84.2418,6.45262,130.819,0.259852,565.857,107.547,29.758,11.6527,166.094,191.789,178.387,92.2569,3.40685,train
2218,107.802,1.8903,61.7641,19.1336,162.291,0.300644,383.81,56.6308,14.0004,-2.56664,102.533,118.395,50.4641,25.7711,3.74328,train
2219,198.863,1.43187,7.2167,21.0438,190.929,0.343152,352.927,-61.202,-47.3748,-34.2093,46.7526,53.9853,-48.9389,-42.3766,7.54881,test
2220,22.0336,2.92036,65.146,25.0819,119.808,0.295108,343.769,25.6256,-14.4385,-19.7602,78.6104,90.7715,9.32083,-0.647335,4.37307,test
2221,85.4354,2.65948,78.1639,7.92828,144.838,0.274985,403.778,85.4385,15.2029,3.63731,141.684,163.602,62.4862,25.7005,2.84985,test
2222,60.9551,1.14376,144.978,17.3581,152.041,0.317892,264.397,938.45,810.83,396.736,938.277,1083.43,344.151,316.504,0.28179,train
2223,26.4902,2.00141,62.1047,21.0206,160.302,0.302331,670.696,47.4013,6.3172,-7.3517,94.8349,109.506,11.3032,4.92633,7.07225,train
2224,40.2735,2.95578,55.1166,17.7614,110.384,0.272663,636.05,29.2506,-8.10469,-12.933,73.0641,84.3672,17.4417,0.285289,8.70536,test
2225,146.404,2.48845,10.308,23.5,102.163,0.268866,795.152,-41.7733,-28.5813,-26.0406,27.2497,31.4653,-45.8581,-54.4236,29.1802,train
2226,108.172,2.61904,19.152,18.144,154.316,0.336091,541.561,-16.7921,-17.8,-17.972,2.04373,2.3599,-3.02473,-10.3943,264.986,train
2227,27.7489,1.41859,125.625,17.3822,105.429,0.317777,764.309,304.696,196.453,89.5355,372.669,430.321,83.2147,64.7895,2.05091,train
2228,38.7443,1.19334,27.678,11.6953,124.129,0.263717,585.475,79.6669,63.6842,25.9944,92.9634,107.345,25.0049,22.3162,6.29792,train
2229,104.726,2.04008,59.852,11.8385,171.714,0.266828,810.144,66.5446,18.5311,3.34631,109.463,126.397,49.7802,25.8762,7.4011,train
2230,44.2869,2.70238,126.519,27.6283,179.896,0.297691,279.659,102.642,3.75118,-11.9386,198.459,229.16,35.4154,10.3317,1.40916,train
2231,126.714,2.53792,121.327,27.7945,168.177,0.279748,770.771,100.119,6.586,-10.6043,191.778,221.446,103.243,33.1348,4.01908,train
2232,166.835,2.79248,12.7876,13.7856,87.3051,0.291715,833.626,-15.0772,-14.0792,-13.9324,1.98287,2.28963,-13.9166,-31.9828,420.413,train
2233,129.881,1.31697,116.258,25.0755,110.951,0.296626,503.205,314.42,223.238,99.0812,372.978,430.678,374.028,310.314,1.34916,train
2234,29.6246,1.97261,25.1521,15.7484,77.7846,0.341765,478.005,0.16034,-9.24335,-12.4959,21.9212,25.3124,4.96144,0.307698,21.8056,test
2235,44.3704,2.18644,79.797,5.57458,119.507,0.275066,371.66,107.914,33.6911,14.0583,162.562,187.71,46.7795,25.4554,2.28627,test
2236,192.043,2.18931,144.836,8.34615,130.143,0.332618,688.647,200.112,63.622,27.6379,298.734,344.948,352.815,184.808,2.30522,test
2237,197.478,1.43875,104.882,8.017,121.866,0.345078,583.97,269.904,173.039,82.511,324.574,374.786,449.876,343.495,1.79919,test
2238,198.85,1.10662,136.802,22.4739,128.748,0.270693,280.569,1109.87,995.546,486.536,1079.65,1246.68,1567.97,1486.85,0.259869,test
2239,164.156,1.32181,64.0514,7.02752,86.4621,0.341812,855.457,202.635,145.611,69.2916,230.957,266.686,381.319,312.01,3.70397,train
2240,175.524,1.93933,65.5605,8.36703,150.035,0.320304,728.679,90.256,33.0626,12.3478,134.941,155.817,125.53,72.1198,5.39998,train
2241,40.4696,2.38804,134.98,17.4648,114.226,0.31753,295.457,150.027,32.5122,7.5237,246.823,285.006,67.4923,30.1783,1.19704,train
2242,84.2095,2.67003,79.3551,23.3841,98.1416,0.344542,275.272,50.851,-5.11992,-14.252,112.762,130.206,71.3055,17.9782,2.44118,train
2243,93.0636,1.92302,34.5945,28.3265,145.535,0.250751,283.309,-17.412,-23.6801,-26.0033,14.8805,17.1825,-1.41773,-12.3668,19.039,train
2244,155.752,1.50208,129.339,26.587,193.073,0.300336,623.862,239.751,136.999,55.2059,319.641,369.09,211.368,155.59,1.95176,train
2245,29.8778,1.98864,96.184,0.739233,192.578,0.345287,549.103,159.311,63.8663,31.5635,221.265,255.495,28.1782,16.4209,2.48165,train
2246,47.25,1.15318,98.7369,3.68247,158.838,0.265526,446.584,667.767,572.713,284.515,663.812,766.504,183.969,170.883,0.672757,train
2247,46.7074,2.70579,48.2645,17.2243,98.9216,0.344199,824.177,23.6367,-7.40351,-12.3139,62.2682,71.9012,21.0056,3.53063,13.2359,train
2248,78.1667,1.6487,120.22,10.6809,103.669,0.252639,319.583,226.361,116.822,53.0705,300.148,346.581,183.468,131.911,1.06475,test
2249,146.288,1.42367,102.766,9.34961,150.753,0.256523,699.315,266.018,172.602,81.6261,319.376,368.784,263.401,212.835,2.18963,train
2250,106.798,2.70925,106.665,24.1036,192.491,0.336616,599.794,84.5016,1.9407,-11.0815,165.555,191.166,68.8736,20.7202,3.62293,train
2251,69.109,2.88699,126.661,4.93533,146.123,0.272939,290.41,149.982,28.2562,11.6604,239.58,276.643,85.7791,36.0749,1.21217,train
2252,134.291,2.64066,125.225,1.52442,191.39,0.263415,530.386,163.595,39.8949,19.1853,250.125,288.82,134.388,65.2995,2.12048,train
2253,57.4787,2.39165,88.7796,7.39543,77.5762,0.299957,862.684,108.474,27.0896,9.84708,170.826,197.253,97.9143,46.7009,5.05006,train
2254,62.7484,2.28742,39.0055,19.9635,209.825,0.273754,686.25,8.07693,-10.9651,-15.4643,40.7746,47.0824,6.87464,-0.866412,16.8303,test
2255,84.8487,2.77692,58.8586,12.0587,71.3316,0.308646,524.874,48.6878,1.88792,-5.08538,93.1379,107.546,81.3899,23.7144,5.63545,train
2256,100.733,2.84588,107.073,26.4836,73.7446,0.255471,644.009,76.81,-3.77921,-15.1314,159.247,183.883,147.565,26.637,4.04408,test
2257,158.286,2.36983,129.93,13.9581,156.797,0.265987,515.897,152.261,36.289,11.1654,244.385,282.191,185.597,88.5924,2.111,train
2258,123.9,2.70663,43.9151,9.45499,182.573,0.322485,540.999,35.9001,1.44001,-4.00749,69.122,79.8152,34.8506,10.6194,7.82673,train
2259,149.665,2.5786,50.4411,15.7012,169.402,0.335157,721.522,31.3379,-3.40205,-9.55161,70.8227,81.779,45.4512,11.5312,10.1877,test
2260,152.658,1.17052,28.9009,23.9241,92.036,0.270115,843.329,7.94519,2.96838,-10.4779,31.9097,36.8461,30.8215,23.8048,26.4286,test
2261,51.6285,2.86831,132.237,8.4435,131.507,0.264953,342.556,149.607,25.814,8.68527,244.084,281.844,71.5861,28.9963,1.40343,test
2262,157.968,1.87524,93.3995,3.09441,129.14,0.306714,270.04,158.98,68.6747,32.7902,218.567,252.379,217.208,136.637,1.2355,train
2263,57.5601,2.08457,99.3875,0.543992,176.715,0.254907,857.072,157.391,58.5478,29.0019,222.377,256.779,57.1101,34.828,3.85414,train
2264,183.616,2.55966,26.6668,22.7944,126.124,0.28768,372.567,-17.5268,-21.3993,-22.0968,7.91549,9.14002,-5.09324,-31.6189,47.0681,train
2265,173.268,2.26095,119.122,17.9065,114.399,0.325688,478.746,132.54,31.3241,6.7088,217.946,251.662,256.197,119.756,2.19663,train
2266,132.118,1.46601,96.3425,4.61914,181.679,0.298848,819.909,246.735,155.011,75.196,297.113,343.077,184.022,142.77,2.75958,train
2267,54.4657,1.71157,18.5822,19.1973,186.303,0.293603,822.134,-20.45,-19.8349,-19.5161,1.61758,1.86783,-2.7084,-4.23746,508.248,train
2268,191.304,1.11755,106.396,28.3021,147.008,0.316481,594.809,677.266,599.172,285.435,678.672,783.663,807.601,753.02,0.876431,train
2269,39.5041,2.23866,144.661,25.9059,173.567,0.292237,879.888,152.055,33.3,3.69703,256.964,296.716,43.9841,20.2741,3.42417,train
2270,166.446,1.59277,59.3294,2.48054,92.8024,0.252322,655.281,128.346,71.4974,34.5084,162.532,187.676,241.428,181.162,4.0317,train
2271,105.408,1.86126,76.9591,7.06636,131.338,0.298553,545.281,119.551,49.6582,21.2959,170.183,196.51,109.286,67.8331,3.20409,train
2272,36.2441,1.69273,17.5939,19.4496,71.4057,0.323235,410.011,-23.2949,-21.4392,-20.4444,4.93717,5.70096,-5.58315,-7.34102,83.0458,test
2273,182.323,1.96653,13.4759,17.0439,126.228,0.256102,277.1,-23.1007,-19.5327,-18.2883,8.33527,9.62474,-21.6164,-29.7792,33.2443,test
2274,30.1061,1.13274,142.861,22.3121,160.978,0.289401,296.27,949.897,829.348,403.518,946.357,1092.76,163.542,152.321,0.313063,train
2275,129.044,2.5532,68.7129,21.8382,196.867,0.348147,647.501,42.0238,-4.85094,-13.3446,95.9009,110.737,46.2721,12.3809,6.75177,train
2276,123.293,1.29742,146.79,21.5823,153.258,0.336453,873.018,470.111,344.903,161.66,534.252,616.901,374.169,310.799,1.6341,train
2277,146.138,2.37326,66.3986,24.0908,135.107,0.277809,672.55,36.4832,-5.82459,-14.9577,89.0983,102.882,63.9087,12.8953,7.5484,train
2278,26.5447,1.15459,23.8067,27.7716,177.891,0.284783,317.509,-55.5435,-51.5786,-39.6751,27.4849,31.7368,-5.59047,-5.57709,11.5521,train
2279,174.61,2.99467,54.8844,2.12476,139.118,0.32465,696.579,63.8777,11.1181,4.49667,102.851,118.762,100.706,38.8949,6.7727,train
2280,168.823,1.86228,114.465,9.29273,105.064,0.283646,504.765,181.105,75.9325,33.3199,255.971,295.57,327.993,206.828,1.97196,test
2281,138.064,2.061,103.746,10.7527,111.687,0.29095,738.081,139.507,46.514,17.8807,210.663,243.252,203.337,113.222,3.50361,train
2282,75.0143,1.2618,70.7303,26.3541,123.226,0.323716,408.376,167.904,123.528,48.5869,206.663,238.634,106.576,89.3572,1.97604,train
2283,132.731,1.63993,148.755,3.54803,205.278,0.320795,708.88,313.565,168.357,82.4047,400.381,462.32,216.512,151.697,1.77052,train
2284,112.727,1.90135,5.02161,26.1641,196.353,0.34195,255.734,-63.4758,-42.3334,-34.2487,50.6228,58.4542,-28.7325,-23.6602,5.05175,train
2285,144.53,1.7603,148.868,13.3335,110.095,0.329116,343.989,251.364,115.829,51.2477,346.611,400.232,372.16,238.83,0.992436,train
2286,98.2542,1.50275,29.7798,20.8189,109.881,0.313941,764.996,2.3852,-6.57566,-13.6973,27.8557,32.165,14.3378,5.72486,27.4628,train
2287,175.698,2.7378,25.2667,25.336,122.198,0.326111,646.286,-25.4265,-25.3573,-25.3466,0.138364,0.159769,-12.8266,-34.7554,4670.9,train
2288,128.766,1.82767,24.1645,12.8848,171.154,0.29924,319.054,8.03403,-3.24563,-8.06523,27.8847,32.1985,13.3002,4.15734,11.4419,train
2289,84.9968,2.08922,77.725,29.7105,200.005,0.253567,289.419,46.8431,-1.1714,-15.441,107.879,124.568,29.9465,9.12499,2.68281,train
2290,113.843,2.44637,41.3311,14.547,84.7656,0.311548,626.825,22.9837,-3.80046,-9.17371,55.6983,64.3148,51.9998,11.794,11.2539,train
2291,89.4845,2.97191,8.90354,26.9543,162.371,0.347353,766.639,-49.6144,-31.5637,-29.259,35.2567,40.7109,-20.0377,-19.7162,21.7445,train
2292,142.406,2.54826,129.954,12.2784,85.9631,0.31381,776.061,148.238,30.5624,9.14198,240.921,278.192,308.375,133.172,3.22122,train
2293,170.383,2.28248,10.2528,19.115,143.055,0.340788,704.383,-32.1876,-23.3254,-21.2202,18.9961,21.9348,-25.5618,-26.0422,37.0805,train
2294,117.411,1.56748,44.5153,7.17738,141.863,0.275815,595.129,81.4136,44.0757,18.4491,109.058,125.929,73.3312,53.1465,5.45702,train
2295,181.511,2.49898,145.148,11.3787,70.6756,0.326324,766.068,173.401,39.6309,14.1261,275.872,318.549,555.138,248.595,2.7769,train
2296,162.209,2.69385,51.6107,23.9856,185.176,0.26698,263.1,12.4699,-15.1553,-19.5704,55.4954,64.0806,27.5702,-8.32203,4.74093,train
2297,87.4934,2.30942,68.9468,15.2445,135.962,0.338551,824.891,63.2429,9.54062,-2.85196,114.48,132.19,56.3402,23.2838,7.20557,train
2298,193.185,2.81391,110.269,13.4009,193.512,0.286731,376.253,111.472,14.6034,0.601276,192.033,221.741,142.675,51.3328,1.95931,train
2299,196.586,1.18946,127.413,2.59474,117.158,0.268868,325.097,724.035,599.216,298.311,737.376,851.448,1137.8,1037.27,0.440884,test
2300,174.905,2.75034,98.9204,21.9497,197.884,0.321768,355.881,78.4723,1.5015,-10.2241,153.627,177.393,100.4,28.8164,2.31653,test
2301,37.3046,1.59894,32.5551,0.0853179,168.989,0.345157,823.538,74.103,41.6332,20.7739,92.3686,106.658,17.256,12.1747,8.91578,train
2302,68.8892,1.27323,105.004,3.82284,94.6533,0.294694,473.844,423.162,321.981,159.079,457.406,528.167,296.382,255.971,1.03594,train
2303,161.378,2.46855,123.84,21.8482,164.157,0.325352,535.183,120.19,18.1977,-1.82522,211.336,244.03,158.348,62.8529,2.53238,train
2304,105.284,2.81113,122.99,21.0753,170.355,0.285711,632.537,110.37,8.45485,-6.31021,202.096,233.36,91.0433,28.2828,3.12989,train
2305,152.293,2.33503,109.259,4.28234,204.532,0.258269,348.937,147.849,42.8731,19.2954,222.662,257.108,127.388,67.7998,1.56711,train
2306,144.398,2.11962,147.758,25.7323,91.3215,0.284814,633.64,166.166,44.1407,9.20419,271.866,313.924,325.141,163.717,2.33071,train
2307,198.296,1.10767,121.183,1.94391,206.122,0.258626,738.409,1168.19,1048.95,523.503,1116.63,1289.37,1023.73,974.034,0.661284,train
2308,42.8235,2.09537,141.624,4.53398,178.237,0.334598,514.443,213.422,76.3316,35.8988,307.479,355.046,59.7763,33.1446,1.6731,train
2309,70.3074,1.12169,99.6204,3.77559,137.019,0.302367,602.311,834.502,738.657,367.441,808.974,934.122,386.648,361.855,0.744537,train
2310,180.964,1.56687,108.672,17.2746,121.673,0.348023,816.699,199.748,108.351,45.538,267.1,308.421,329.764,229.578,3.05765,train
2311,69.0356,2.84692,103.567,3.28537,92.4454,0.282009,471.64,125.225,24.9432,10.8289,198.139,228.792,113.044,48.5065,2.38035,train
2312,87.9376,1.4527,45.18,2.69126,179.991,0.25964,579.066,116.33,73.8414,35.5751,139.872,161.51,58.0533,46.3485,4.13997,train
2313,144.787,2.38516,111.222,23.9787,193.408,0.323418,638.908,100.477,13.2335,-5.37262,183.337,211.699,103.447,40.5788,3.48489,train
2314,69.7817,2.37837,123.711,22.704,84.9228,0.302969,750.292,121.685,20.678,-1.01297,212.519,245.396,131.04,54.4544,3.53046,train
2315,147.531,2.84209,45.3558,6.66976,190.41,0.311291,606.617,42.9484,4.26243,-1.20367,76.4737,88.3042,44.5064,14.7833,7.93236,train
2316,31.1907,1.54455,96.142,15.8633,129.395,0.347369,271.117,180.287,100.009,42.0727,239.395,276.429,47.9856,33.845,1.13251,train
2317,75.9212,2.74776,77.8422,28.9756,101.251,0.349268,586.996,34.8117,-14.0549,-21.5152,97.5611,112.654,52.124,7.37604,6.0167,train
2318,90.1508,1.66566,43.4604,15.549,146.968,0.346091,643.413,43.822,15.9106,0.180771,75.5888,87.2824,36.0686,21.6906,8.51202,test
2319,21.8454,2.50765,94.2564,3.93771,161.499,0.259152,272.747,120.539,30.2201,13.1412,186.018,214.795,19.1484,9.44169,1.46624,train
2320,91.007,2.96634,14.4494,0.940467,79.8903,0.280606,417.178,16.0326,2.52373,0.791631,26.3982,30.482,22.6293,8.66906,15.8033,train
2321,80.795,2.00387,21.2597,14.6843,197.032,0.271928,577.942,-3.74778,-10.3232,-12.5038,15.1658,17.5119,2.22804,-2.40762,38.1083,test
2322,188.685,2.13414,35.5895,7.99973,129.828,0.342752,727.501,35.1136,7.52384,-0.237942,61.2307,70.7031,68.8792,32.0937,11.8813,test
2323,90.4572,2.9726,67.973,27.7134,177.145,0.344796,797.024,22.8212,-17.4383,-22.5759,78.6301,90.7942,27.5961,-0.149958,10.1364,test
2324,36.4814,1.15019,43.5235,10.8667,85.3613,0.255511,670.898,224.037,191.381,90.2569,231.714,267.561,90.645,84.1045,2.89536,train
2325,80.3129,1.26803,146.674,22.6505,76.1096,0.273063,652.083,509.41,385.387,181.368,568.185,656.084,527.547,457.68,1.14766,train
2326,87.7432,2.25188,95.1355,28.249,96.0897,0.302641,758.033,71.4976,4.61116,-11.8189,144.309,166.633,94.8444,34.4167,5.25286,test
2327,139.78,2.8026,107.484,12.6666,80.029,0.301998,720.011,109.817,14.9991,1.16626,188.188,217.301,247.888,90.4224,3.82601,train
2328,33.5647,2.80954,129.563,16.5931,83.2944,0.340624,256.406,129.152,16.1824,-0.205369,224.054,258.715,69.8555,24.7989,1.1444,test
2329,35.7141,2.99872,137.282,11.7072,175.891,0.279513,657.764,145.291,19.7167,4.00478,244.715,282.573,37.065,13.316,2.68787,test
2330,175.38,2.02153,37.2253,13.4304,114.517,0.322754,749.203,25.7829,1.98798,-5.7212,54.5666,63.0081,60.7141,25.2913,13.7301,train
2331,169.763,1.36345,79.5257,28.9192,165.936,0.276185,435.199,139.513,88.9069,29.9938,189.693,219.039,156.726,123.602,2.29422,train
2332,113.158,1.14976,102.373,3.70986,209.33,0.26716,468.135,707.871,609.208,302.749,701.692,810.244,353.716,328.984,0.667152,train
2333,102.707,2.9226,119.263,15.0878,164.795,0.273969,512.407,116.714,12.5389,-1.27444,204.361,235.976,93.3226,31.0048,2.50736,train
2334,36.4075,2.36997,105.924,29.4099,200.917,0.294233,580.68,80.25,3.73618,-12.8368,161.231,186.174,20.8738,6.94281,3.60154,train
2335,120.301,2.82363,114.135,9.53071,93.6007,0.287933,301.385,125.077,20.4726,5.47093,207.164,239.212,200.969,78.5387,1.45482,train
2336,66.3502,2.76427,66.9738,12.8486,70.4316,0.326831,400.687,57.5764,3.45125,-4.69868,107.864,124.55,76.3074,23.9218,3.71476,train
2337,28.5951,2.89511,20.3132,2.73138,115.057,0.254945,593.528,19.6141,2.03226,-0.349562,34.578,39.9272,6.18388,2.02741,17.1649,test
2338,161.317,2.1823,20.3315,29.9139,71.4814,0.338999,810.893,-44.5901,-35.0077,-32.4608,21.0086,24.2586,-60.2411,-68.2729,38.5982,train
2339,111.374,1.30218,148.643,11.3052,121.798,0.348281,669.481,520.868,383.53,186.113,579.813,669.51,464.354,384.185,1.15465,train
2340,95.326,2.61651,14.755,0.385899,108.923,0.298495,770.606,18.899,4.52985,2.07198,29.1452,33.654,19.853,9.2204,26.4402,test
2341,162.794,2.99609,81.1637,2.83283,159.289,0.313648,526.541,95.1383,16.8075,6.98733,152.682,176.302,121.009,47.4749,3.44861,train
2342,109.977,1.27589,45.5892,12.4457,127.068,0.329594,356.542,126.268,93.1246,40.3394,148.833,171.857,110.782,92.6832,2.39559,test
2343,134.316,1.67821,13.8286,26.0698,175.109,0.331771,486.937,-51.7898,-39.5486,-32.8092,32.8754,37.9613,-27.8565,-25.7634,14.8116,train
2344,113.265,1.10312,122.134,9.82656,202.155,0.301291,667.455,1138.19,1025.88,508.027,1091.47,1260.32,572.571,541.286,0.611518,train
2345,163.647,2.21427,50.2088,25.2078,182.282,0.28619,783.588,12.6045,-12.3966,-18.8022,54.3979,62.8133,29.047,0.394873,14.4048,train
2346,32.4384,1.24374,77.7438,20.5073,126.898,0.278244,603.449,246.045,188.808,84.1505,280.409,323.789,62.4398,54.3983,2.15203,train
2347,49.7809,1.86841,55.6356,10.3167,71.1976,0.251814,381.368,71.3891,26.0701,7.87671,110.007,127.025,58.3235,34.8601,3.46677,test
2348,40.1043,1.97572,14.159,1.65661,174.038,0.292757,371.019,19.4579,6.95548,2.64944,29.1131,33.617,5.26021,3.03431,12.7441,train
2349,160.982,1.68711,49.9483,19.9738,104.991,0.304668,366.791,42.4697,12.4953,-3.73928,80.0364,92.418,90.1979,51.0118,4.5828,test
2350,96.051,1.5158,72.9958,2.0404,86.01,0.30561,760.425,178.276,107.32,52.6399,217.607,251.271,206.035,155.491,3.49448,train
2351,60.7879,1.49104,57.8117,23.0583,173.013,0.306861,825.733,68.5181,33.7647,5.3532,109.405,126.33,29.7295,20.5347,7.5475,test
2352,161.957,1.67855,96.5246,2.22143,117.898,0.342954,378.218,195.852,101.549,49.6637,253.206,292.377,291.121,196.638,1.49372,train
2353,156.108,1.67139,21.3114,17.7862,150.278,0.250427,555.176,-10.3302,-13.8553,-15.8208,9.50996,10.9812,-1.07131,-9.44371,58.3783,train
2354,167.019,2.27559,139.818,11.5276,109.78,0.276605,807.999,178.171,49.8805,19.1765,275.386,317.989,321.836,165.364,2.93406,train
2355,146.431,1.38467,61.4041,8.08142,115.569,0.298286,482.25,161.5,108.177,50.048,193.041,222.904,208.92,167.829,2.49818,train
2356,68.3382,2.59143,80.0698,7.5836,128.402,0.26575,414.794,90.2673,17.7811,5.09874,147.516,170.337,58.6456,25.4346,2.81185,train
2357,47.1179,2.20209,53.6898,22.9534,78.4245,0.306331,258.188,23.7533,-6.98312,-14.9682,67.0677,77.4431,26.9073,6.13017,3.84966,train
2358,21.9262,2.06953,40.8502,6.32488,193.363,0.347434,657.52,49.2334,14.7081,4.19163,78.0147,90.0836,7.02704,3.62554,8.42815,train
2359,140.193,2.40557,117.112,18.9023,145.874,0.291312,722.034,120.341,22.1314,1.61455,205.641,237.454,147.99,62.8082,3.51114,train
2360,123.618,2.67564,60.4502,19.9303,143.953,0.293671,322.25,33.7474,-6.7725,-13.3514,81.5775,94.1976,47.5917,6.89617,3.95023,test
2361,123.813,1.16601,108.228,14.0989,84.7222,0.335042,752.751,603.566,509.437,247.669,616.432,711.794,813.778,734.739,1.22114,train
2362,82.8601,2.95158,73.0187,4.49399,99.6687,0.283052,833.713,81.8021,13.2774,4.39168,134.079,154.821,84.1557,32.6512,6.21809,train
2363,67.858,1.97636,20.5013,9.59551,160.231,0.296805,800.515,8.8159,-2.08985,-5.84268,25.3894,29.3172,7.04493,2.08603,31.5295,train
2364,105.966,1.1883,86.7421,21.9377,201.31,0.287379,401.847,357.404,292.6,135.331,384.642,444.146,180.781,162.638,1.04473,test
2365,133.053,2.46328,26.4273,18.3888,194.055,0.319017,553.87,-7.1778,-15.2164,-16.8026,16.6706,19.2495,4.53435,-6.73838,33.2244,train
2366,115.994,1.57022,105.801,27.5891,178.286,0.310988,759.765,157.354,79.1419,25.7764,227.899,263.155,118.567,81.4269,3.33378,test
2367,43.143,2.51817,147.632,23.699,77.3359,0.343399,583.229,146.64,22.7074,-0.495823,254.847,294.272,110.183,43.5712,2.28854,test
2368,190.039,2.31307,33.2375,2.63384,125.302,0.327439,450.212,42.0396,11.4359,4.40103,65.1919,75.2771,78.0793,38.0882,6.90594,train
2369,122.47,1.3163,100.762,15.7292,203.17,0.289233,485.494,301.432,216.399,100.335,348.31,402.193,181.776,152.287,1.39386,train
2370,31.64,2.84943,117.806,10.7841,78.754,0.255445,741.986,126.303,19.2813,4.24856,211.405,244.109,62.3973,23.984,3.50979,train
2371,34.4848,2.32925,147.606,28.3946,166.434,0.296069,621.584,144.692,25.481,-1.45678,253.137,292.298,39.1242,16.563,2.45552,train
2372,25.6902,1.41818,58.2874,27.9149,174.435,0.261386,806.255,62.5269,32.1545,2.11976,104.628,120.814,11.371,8.12422,7.7059,test
2373,91.3436,2.15119,54.0957,26.9164,71.1661,0.300571,765.785,15.2477,-11.9317,-19.424,60.0531,69.3433,47.934,5.5137,12.7518,train
2374,60.0712,1.55959,6.10348,20.1612,147.297,0.347091,658.727,-53.8482,-39.7904,-29.9758,41.3481,47.7447,-16.8535,-14.2399,15.9313,train
2375,78.8459,1.6339,85.6437,22.4923,184.07,0.322555,693.057,116.306,53.1543,15.331,174.893,201.949,59.534,38.8182,3.96274,train
2376,85.8206,1.34381,146.742,10.006,115.437,0.29399,585.037,466.093,329.358,159.676,530.731,612.835,343.685,285.084,1.10232,train
2377,112.074,2.28773,16.6135,28.3807,175.968,0.265073,781.072,-45.7066,-33.9394,-31.1601,25.1953,29.093,-21.0451,-26.4554,31.0007,train
2378,94.8206,2.60949,94.2823,0.0394926,84.5813,0.263564,785.399,126.648,32.4051,16.1828,191.331,220.93,165.056,82.3508,4.10492,train
2379,79.3526,2.53001,64.2819,15.0375,71.6434,0.267537,882.313,52.4424,3.19796,-5.91976,101.086,116.724,78.8881,24.6733,8.72832,train
2380,176.088,1.79192,13.3166,1.61611,194.577,0.273371,653.419,20.6683,8.9678,3.67584,29.4317,33.9848,21.0895,13.6296,22.2012,train
2381,30.0515,2.69862,118.709,27.0127,187.075,0.295625,317.962,93.8749,2.17827,-12.4172,184.103,212.584,21.307,5.9974,1.72708,train
2382,164.363,1.10728,41.8654,25.6747,126.374,0.257953,523.458,133.755,117.564,45.9449,152.092,175.62,172.595,161.779,3.44172,train
2383,177.413,1.9965,36.4053,13.8564,78.5526,0.316931,738.787,23.7956,1.24673,-6.30482,52.1355,60.2009,84.3145,34.4336,14.1705,train
2384,121.639,2.85515,120.925,0.223565,142.824,0.322281,725.484,154.231,33.53,16.6532,238.292,275.156,159.974,68.6577,3.04452,test
2385,110.484,2.88502,92.5293,8.26461,143.773,0.328807,606.869,99.0127,14.748,3.24172,165.88,191.542,98.6483,36.3584,3.65848,train
2386,105.225,2.93652,51.837,1.80987,70.5,0.307938,637.427,61.3423,11.3152,4.75265,98.0162,113.179,113.197,45.6216,6.50328,train
2387,174.695,2.17688,110.049,29.264,174.85,0.317141,686.489,94.7356,13.9505,-7.65677,177.349,204.785,131.947,55.808,3.87084,train
2388,131.91,1.24587,40.5586,18.9266,85.269,0.262151,451.183,81.0539,59.4219,20.2477,105.319,121.612,133.626,113.859,4.28395,train
2389,171.826,1.71654,129.277,4.59074,139.451,0.278287,423.028,248.208,123.522,59.4656,326.911,377.485,329.769,228.956,1.29401,train
2390,180.755,1.6527,22.7245,24.7893,118.614,0.345737,494.364,-29.2392,-27.1744,-25.9818,5.64186,6.51466,-18.8957,-24.2307,87.6243,train
2391,58.4206,2.0525,134.152,10.5504,89.0591,0.325981,818.886,189.996,66.3944,27.922,280.721,324.148,147.349,81.7682,2.91708,train
2392,118.992,2.47104,13.1023,9.55095,184.429,0.329212,305.766,-4.60849,-8.15989,-8.85542,7.35589,8.49385,1.69057,-3.34852,41.5675,train
2393,25.302,2.26848,127.442,13.8886,82.9793,0.329334,442.07,154.442,40.8889,13.5001,244.119,281.884,58.5345,28.3714,1.81088,train
2394,178.162,2.93669,76.1106,11.1624,170.195,0.312926,766.36,70.8232,5.87503,-2.64369,127.248,146.934,99.9363,31.342,6.02255,train
2395,108.083,1.47187,92.0684,29.2717,119.435,0.261496,382.05,141.2,78.4036,24.566,202.017,233.269,143.753,106.071,1.89118,test
2396,161.52,2.09795,11.9731,28.8032,85.5391,0.327063,855.182,-55.5293,-38.6992,-33.7512,37.7208,43.5562,-76.6153,-72.2571,22.6714,test
2397,73.8633,2.29564,140.559,5.08097,201.052,0.324298,380.179,193.853,58.3753,26.6472,289.609,334.412,84.7904,43.3343,1.31273,train
2398,39.8206,1.37211,10.3462,26.5017,151.273,0.287596,369.288,-79.2624,-63.1069,-44.8043,59.6832,68.9162,-16.6896,-15.3866,6.18747,train
2399,176.887,1.24923,44.7095,14.34,184.845,0.27174,780.131,124.38,94.0104,39.8352,146.436,169.089,120.292,104.102,5.32746,train
2400,121.233,2.07038,28.1557,0.243261,155.817,0.313425,260.331,44.6554,16.743,8.24985,63.0563,72.8112,39.5981,22.928,4.12854,train
2401,134.563,1.12226,96.0496,6.98609,81.2673,0.254485,791.079,768.6,679.536,336.275,748.808,864.649,1171.43,1107.03,1.05645,train
2402,23.7806,2.19802,5.40039,25.9274,141.767,0.27804,534.627,-57.1699,-36.6429,-31.2851,44.8337,51.7695,-7.87894,-7.6453,11.9247,train
2403,196.21,2.34089,16.0108,27.5166,183.529,0.334479,496.789,-44.1592,-32.6534,-30.085,24.3773,28.1485,-30.7271,-33.5025,20.3792,train
2404,77.5828,2.03886,149.961,1.97635,123.019,0.300832,753.93,239.759,91.7749,44.8993,337.508,389.72,171.139,101.403,2.23382,train
2405,95.2187,1.64671,64.6707,15.1918,202.829,0.292949,397.458,92.1013,42.6223,13.7153,135.769,156.772,50.2449,33.2837,2.92747,train
2406,197.04,2.92291,102.841,26.1064,158.341,0.316939,558.272,70.9728,-5.7616,-15.934,150.527,173.814,135.163,27.5074,3.70878,train
2407,116.603,1.74875,123.043,11.8491,137.182,0.286566,370.633,207.398,96.2043,42.1776,286.17,330.441,195.983,130.081,1.29515,train
2408,117.683,2.72146,72.3501,6.05433,108.666,0.262654,664.311,80.9385,14.6427,4.29417,132.752,153.289,107.013,44.5184,5.00415,train
2409,23.8736,1.18378,62.5391,26.5334,93.2089,0.305643,851.768,188.904,152.898,63.1823,217.756,251.443,48.3336,42.9625,3.91157,train
2410,108.464,1.94564,80.9056,25.7297,170.604,0.313353,562.69,69.0624,13.8865,-5.92161,129.876,149.968,61.2051,29.4455,4.33251,train
2411,27.8715,1.43105,26.9844,5.94273,134.129,0.348805,762.889,55.2582,34.2165,14.1369,71.2241,82.2425,12.4137,9.32497,10.7111,train
2412,129.581,2.16532,17.1968,3.26493,186.602,0.317218,444.651,18.221,4.2891,0.512087,30.6727,35.4178,16.3285,7.76236,14.4966,train
2413,163.601,2.45002,50.9107,26.5526,139.57,0.299926,803.133,7.54353,-16.8145,-21.6836,50.6228,58.4542,34.364,-6.74088,15.865,train
2414,58.3647,1.75993,19.2467,24.8972,123.605,0.271987,574.298,-35.936,-30.2855,-27.5913,14.4534,16.6893,-10.9531,-13.3039,39.7345,train
2415,31.38,1.84185,110.918,23.9459,112.945,0.29929,251.378,135.733,48.7612,12.4076,213.607,246.652,45.9028,26.7196,1.17683,train
2416,150.518,1.92497,136.683,3.41438,191.152,0.275792,522.687,228.371,95.1019,45.8438,316.146,365.054,199.552,126.416,1.65331,train
2417,22.789,2.4445,51.7749,27.6642,73.4928,0.325222,442.875,6.13814,-17.9726,-22.8184,50.1541,57.913,9.42582,-1.17834,8.83028,train
2418,192.457,2.49267,137.014,11.9577,156.088,0.269785,560.386,161.074,36.0172,12.0297,258.152,298.088,240.179,110.638,2.17076,train
2419,59.3616,1.22711,8.54377,13.5124,143.313,0.344849,263.792,-38.1271,-33.1585,-23.3354,25.6199,29.5833,-11.239,-10.3952,10.2964,train
2420,67.6789,1.51153,52.5373,14.6206,85.4636,0.282266,252.131,82.3227,44.406,14.8927,116.792,134.86,73.6062,53.0615,2.1588,train
2421,71.3201,2.12662,33.8836,24.2556,163.061,0.325779,455.537,-9.16088,-18.789,-21.5223,21.4105,24.7228,3.88799,-3.60476,21.2763,test
2422,195.676,2.75114,7.96756,6.69224,177.224,0.323195,589.654,-5.02863,-6.30394,-6.49809,2.54519,2.93893,-0.390194,-6.19939,231.674,train
2423,49.0245,1.97196,95.634,24.9657,161.545,0.282781,869.451,94.6311,23.9629,-0.501423,164.774,190.265,36.968,18.65,5.27661,train
2424,76.5687,2.89429,11.9317,5.76537,158.134,0.292157,485.107,2.07271,-4.09358,-4.92947,12.1281,14.0044,3.38884,-1.35799,39.9984,test
2425,105.814,2.78085,6.43777,1.41612,126.772,0.259799,631.995,5.09715,0.0755064,-0.670306,9.98953,11.5349,5.79584,1.43342,63.2658,train
2426,176.497,2.93261,138.82,21.531,171.547,0.262105,660.999,126.623,9.33373,-6.09864,229.88,265.442,169.356,50.0124,2.87541,train
2427,173.506,2.98584,25.5249,19.3536,184.363,0.294494,779.271,-11.6228,-17.7942,-18.5739,12.0396,13.9021,1.28366,-18.6158,64.7258,train
2428,135.192,1.9781,53.7934,7.35117,164.734,0.320021,880.437,70.9787,24.5365,8.59267,108.056,124.772,70.1212,39.1867,8.14798,test
2429,74.8548,2.6435,35.2228,15.001,134.704,0.253701,635.41,11.9748,-8.24697,-11.624,40.8743,47.1976,13.2589,-2.19202,15.5455,train
2430,128.57,1.74327,79.4741,15.7123,172.68,0.320276,789.808,110.592,46.8299,15.5588,164.602,190.066,97.5835,60.8476,4.7983,train
2431,35.9689,1.61927,106.11,1.59828,203.755,0.333408,776.094,231.778,127.266,62.834,292.619,337.888,43.4628,30.543,2.65223,test
2432,196.851,1.73748,112.518,6.44129,150.264,0.342924,433.512,204.722,98.6452,46.102,274.738,317.24,298.03,193.575,1.57791,test
2433,30.9386,1.89474,21.6659,17.4478,180.775,0.256641,279.926,-9.97246,-14.1906,-15.8192,10.1268,11.6934,-0.0602826,-1.83308,27.6421,train
2434,73.3057,2.20771,78.8764,0.614714,88.5374,0.302877,789.341,118.051,39.7889,19.5871,170.544,196.927,112.61,62.2266,4.62838,train
2435,30.3928,2.83074,80.3634,5.65466,184.958,0.298888,616.993,90.3597,15.6509,4.99814,147.851,170.723,18.5496,7.37138,4.17308,train
2436,36.5123,1.79021,119.906,17.8007,70.5302,0.342733,368.505,176.923,74.8178,28.5086,257.061,296.829,107.806,65.9371,1.43353,train
2437,143.017,2.79773,7.5716,18.5981,80.7599,0.250143,894.139,-32.8548,-21.8282,-20.2132,21.8959,25.2832,-45.8741,-60.0474,40.836,train
2438,160.217,2.52528,117.275,22.485,183.331,0.321208,746.743,107.563,12.7725,-4.85624,194.716,224.838,128.286,47.5693,3.83504,test
2439,39.188,1.92018,66.0843,0.0747403,178.212,0.303137,351.739,115.066,49.0563,24.4908,156.881,181.15,28.0751,17.5883,2.24208,train
2440,149.452,2.5557,124.869,12.7635,122.362,0.260014,293.19,139.875,27.7692,7.50282,229.275,264.744,208.114,90.9515,1.27877,test
2441,101.208,1.51293,21.522,7.20331,160.72,0.334212,839.038,29.3328,15.0141,3.90542,44.0415,50.8548,22.179,15.3544,19.0511,train
2442,27.4604,2.38834,34.7387,23.2974,91.4113,0.264683,387.391,-6.99178,-18.4331,-20.8653,24.0296,27.747,2.32081,-4.8386,16.1215,train
2443,73.3695,2.04255,94.7912,7.76697,134.24,0.337903,525.7,134.127,47.1029,19.668,198.249,228.918,87.1815,48.0946,2.65172,train
2444,187.971,1.17667,55.9312,12.2973,131.478,0.341524,732.395,258.272,214.638,101.17,272.108,314.203,347.156,310.015,2.69156,train
2445,98.7664,1.42175,73.6309,16.5076,180.973,0.343943,284.018,152.471,95.3481,39.4202,195.81,226.102,89.633,67.8679,1.45048,train
2446,73.9264,1.38736,112.799,19.4858,135.53,0.331652,823.266,275.635,182.322,81.4179,336.394,388.435,156.025,122.429,2.44732,train
2447,35.5825,2.86417,9.07887,20.4648,114.75,0.252256,775.167,-35.0121,-23.6261,-22.0455,22.4588,25.9332,-8.4222,-11.4593,34.515,test
2448,157.465,1.75792,126.426,23.064,85.1238,0.331993,303.438,179.195,75.8333,26.3847,264.675,305.621,392.92,243.015,1.14645,train
2449,118.755,2.05852,40.3182,18.1734,140.683,0.288608,853.756,17.6515,-4.49324,-11.3333,50.2032,57.9697,27.4835,6.98993,17.006,train
2450,118.273,1.56293,110.58,21.2429,70.8564,0.311978,432.566,191.939,102.601,40.6792,261.989,302.519,356.784,251.85,1.65108,train
2451,155.163,1.16,25.1738,2.6193,161.317,0.276258,642.705,150.456,127.901,62.641,152.1,175.63,134.76,124.205,4.22555,train
2452,168.145,2.73369,96.575,4.69425,207.041,0.28766,856.223,115.575,23.6945,9.50011,183.727,212.15,114.205,49.5353,4.66029,train
2453,45.8161,2.99097,99.9298,6.52741,197.403,0.320761,588.361,110.385,16.9822,5.22737,182.138,210.314,32.6699,12.0783,3.23031,train
2454,55.743,2.92582,142.936,10.6347,97.1146,0.26954,356.684,156.665,24.3635,6.86443,259.462,299.6,110.976,42.6228,1.37471,train
2455,136.68,2.19344,36.5823,21.9913,143.696,0.273165,483.813,0.256812,-14.3342,-18.1627,31.9036,36.8391,14.4686,-7.02174,15.1648,train
2456,177.211,1.5892,16.8659,22.0253,179.201,0.261337,642.9,-33.9486,-28.7892,-25.4072,14.794,17.0827,-22.6467,-25.763,43.4567,test
2457,193.117,1.26591,61.2477,4.46375,150.846,0.275953,614.811,240.807,184.023,89.7795,261.587,302.055,298.206,260.081,2.35031,train
2458,68.9776,2.18479,19.0184,28.7701,72.3187,0.25312,284.241,-43.6906,-33.9389,-31.3545,21.3667,24.6722,-29.5108,-39.01,13.303,train
2459,92.3508,1.42671,111.294,7.18855,81.3016,0.2616,391.632,297.988,193.883,93.3472,354.448,409.282,343.819,277.681,1.10491,test
2460,124.749,1.65959,103.196,21.9023,130.017,0.337648,755.745,152.074,70.7804,24.439,221.071,255.271,171.428,111.344,3.41856,train
2461,163.791,2.17198,66.5218,4.52014,208.771,0.271234,359.18,90.8384,28.8367,12.1583,136.278,157.36,82.8353,45.608,2.63564,test
2462,70.4717,1.29517,47.8672,6.0814,123.506,0.349649,758.93,159.062,117.277,55.5977,179.206,206.93,89.2175,73.8744,4.23495,train
2463,28.5538,2.94748,96.2132,26.3119,82.6603,0.325957,882.023,61.7747,-8.12652,-17.2192,136.822,157.988,34.1113,6.1729,6.44652,train
2464,52.6956,1.32488,71.2976,8.76762,126.822,0.287275,804.911,219.335,156.805,74.0189,251.696,290.633,90.8107,76.0021,3.19795,train
2465,164.287,2.38029,40.8857,13.3265,99.2095,0.276795,660.452,26.046,-1.51321,-7.41986,57.9646,66.9318,65.2726,16.6705,11.3941,train
2466,166.159,2.30692,78.0978,12.0617,104.229,0.29781,769.244,84.5334,18.4973,3.21781,140.843,162.631,170.312,77.7126,5.46172,train
2467,47.7282,1.43175,107.248,18.8368,150.409,0.332856,284.588,237.994,149.582,65.3727,298.988,345.242,79.9439,60.9217,0.951836,train
2468,109.807,2.90101,43.2543,7.41467,196.274,0.303895,573.246,38.0906,2.251,-2.58183,70.4467,81.3449,29.1029,8.5838,8.1373,train
2469,38.8461,1.27702,72.4987,4.1689,206.771,0.27773,308.681,280.812,212.482,104.157,305.976,353.311,51.1043,44.3151,1.00884,train
2470,191.588,2.90002,137.495,25.995,208.381,0.322804,379.226,115.599,4.09898,-10.948,219.185,253.094,150.339,42.7259,1.73016,train
2471,110.569,1.43611,146.619,25.5883,175.371,0.27015,659.296,323.286,202.255,88.3333,406.95,469.906,213.755,167.783,1.62009,train
2472,153.087,1.84948,138.335,25.6603,99.2216,0.318575,589.763,180.111,67.4371,20.8884,275.782,318.446,335.619,196.772,2.13851,train
2473,139.313,2.75313,137.958,11.7716,206.068,0.295678,854.425,152.771,26.5844,7.4064,251.779,290.729,129.377,51.8827,3.39355,train
2474,46.2338,1.52783,90.4216,23.1055,167.74,0.310295,663.976,145.114,77.7981,27.3463,203.98,235.536,45.3921,32.2077,3.2551,train
2475,136.153,1.16976,85.5362,1.78637,143.402,0.267587,649.088,536.707,452.958,225.586,538.879,622.244,473.995,436.556,1.20452,train
2476,192.576,1.1829,136.81,0.31953,106.727,0.30479,307.036,819.886,683.395,341.538,828.524,956.697,1366.79,1236.66,0.370582,train
2477,98.4563,2.14013,147.377,26.0463,106.445,0.268624,316.366,163.064,41.7333,7.84349,268.85,310.441,185.496,92.2912,1.17674,train
2478,166.044,2.15386,39.9806,4.67341,135.799,0.309597,799.144,50.0381,14.7309,5.02877,77.9585,90.0187,74.4136,38.5051,10.2509,train
2479,123.366,1.13082,21.9187,29.7526,129.596,0.271506,659.664,-93.7926,-85.9587,-57.8557,62.2446,71.8739,-68.6654,-66.9258,10.5979,train
2480,171.491,2.48362,76.4549,25.6423,149.009,0.318694,343.356,44.8332,-5.97939,-15.8108,105.039,121.288,85.4383,20.67,3.26886,train
2481,151.513,1.10336,59.164,17.2342,95.312,0.347796,352.771,410.422,368.492,175.629,406.673,469.586,588.036,549.695,0.867455,test
2482,190.851,2.73256,81.0996,5.60489,138.19,0.268144,729.308,93.238,17.7433,6.0692,150.981,174.338,156.554,66.4908,4.83047,train
2483,124.917,1.35367,45.7997,10.9976,195.86,0.296221,372.886,107.422,72.6195,30.811,132.693,153.221,71.344,57.6292,2.81013,train
2484,36.7193,2.75875,54.7671,4.30309,112.413,0.257517,394.019,61.4283,10.9643,3.33061,100.628,116.195,24.3919,10.1059,3.91559,train
2485,36.8951,2.84311,113.585,28.6173,154.979,0.294754,804.431,80.3418,-4.62621,-16.6218,167.946,193.927,28.2633,5.89411,4.78982,train
2486,148.187,2.86317,24.8047,0.973202,204.96,0.338069,654.184,29.4803,5.64874,2.33777,47.0122,54.285,26.8058,10.7384,13.9152,test
2487,27.0199,2.08526,100.94,6.14913,154.151,0.257701,671.376,145.262,50.4707,22.1608,213.217,246.201,29.0202,16.9393,3.1488,test
2488,172.001,2.67204,7.34384,27.6361,165.706,0.32919,334.416,-54.5385,-34.2462,-30.9412,40.8718,47.1946,-43.5286,-41.5011,8.18208,test
2489,92.7451,1.53971,85.8139,10.6688,203.061,0.277745,807.088,174.12,98.9753,44.1533,225.11,259.934,84.8117,63.0631,3.58531,test
2490,143.72,1.82558,79.275,20.8736,147.592,0.302356,731.287,87.5984,29.197,4.1617,144.517,166.873,107.415,60.8856,5.06023,train
2491,158.514,1.26636,31.3774,13.5261,169.728,0.3486,476.687,63.467,45.6158,16.0448,82.1377,94.8444,64.2652,52.9109,5.80351,test
2492,173.151,1.49028,60.3652,22.3807,88.9701,0.330591,428.721,77.8259,39.8414,8.73037,119.677,138.191,184.684,128.642,3.58232,train
2493,54.5716,1.99792,70.6707,15.945,144.043,0.323112,621.564,75.366,20.6402,2.34763,126.471,146.037,36.9167,18.9487,4.91466,train
2494,144.949,1.80348,47.2483,1.73457,131.289,0.300111,426.733,84.1903,38.6766,18.471,113.829,131.439,102.485,67.0087,3.74889,train
2495,177.026,2.73668,122.723,15.7309,120.393,0.336888,839.226,124.235,17.2432,0.756173,213.872,246.958,243.093,89.6878,3.92397,train
2496,75.192,2.01711,39.5447,13.1441,98.6664,0.2772,516.854,30.4625,4.06198,-4.54108,60.628,70.0072,32.5281,13.78,8.525,train
2497,170.523,1.83125,132.502,7.68385,125.671,0.326711,332.93,223.206,98.3879,45.352,308.053,355.709,341.504,213.897,1.08075,train
2498,142.866,2.75217,39.1872,25.8264,168.283,0.300319,402.304,-8.40119,-21.762,-23.7942,26.6615,30.786,8.92543,-16.0283,15.0893,train
2499,110.809,2.56194,70.1911,21.4396,167.402,0.315971,358.973,44.8371,-3.91432,-12.677,99.6174,115.028,47.0113,11.6428,3.60352,train
2500,141.142,1.10466,95.4256,2.39939,197.684,0.313379,748.342,935.27,842.243,419.922,892.608,1030.7,595.159,561.085,0.838377,train
2501,38.4033,2.30251,49.9872,5.42627,145.478,0.308603,542.252,59.853,15.2921,4.93294,95.1244,109.84,19.4703,9.38737,5.70045,train
2502,88.1816,2.21581,11.4235,5.15318,135.331,0.349893,277.709,4.32463,-1.9457,-3.54944,13.6383,15.7481,6.23159,1.58717,20.3624,test
2503,137.271,2.51221,126.142,4.56666,115.973,0.298179,676.62,162.79,41.2141,18.3237,250.223,288.932,230.739,110.355,2.70407,train
2504,35.1273,1.85943,29.188,15.4507,197.67,0.28902,338.54,9.46639,-4.27086,-9.86079,33.4757,38.6544,3.68782,1.00606,10.113,train
2505,44.7746,2.8166,43.3814,3.37427,195.376,0.266111,393.173,48.1735,8.16639,2.39606,79.2889,91.5549,13.5395,5.43931,4.95874,train
2506,84.2646,1.57767,131.982,6.78996,153.774,0.281042,726.452,286.554,161.362,77.2861,362.463,418.536,165.449,122.374,2.00421,train
2507,119.717,1.26457,57.5289,2.98249,118.683,0.342587,591.673,233.647,179.1,88.0589,252.165,291.176,225.132,191.28,2.34637,train
2508,102.093,2.50425,18.4747,15.675,98.3441,0.284897,556.358,-11.813,-14.6127,-15.1439,5.76915,6.66164,-2.32041,-15.1629,96.4369,test
2509,135.038,1.49879,62.0424,5.79117,160.941,0.331851,567.132,140.723,84.4717,39.3403,175.6,202.765,124.395,92.2279,3.22968,train
2510,23.7044,2.5916,97.4059,19.305,125.818,0.258131,487.779,86.1211,8.02018,-5.6424,158.939,183.527,21.2369,7.06025,3.06897,test
2511,27.1807,2.54257,106.119,14.402,105.255,0.251667,618.534,110.882,19.1655,2.38175,187.929,217.001,35.3758,14.57,3.29132,train
2512,147.794,1.67408,107.288,25.0171,86.5768,0.336113,888.828,148.538,66.2668,20.6249,221.552,255.826,303.292,193.596,4.01183,train
2513,96.3862,1.3627,138.092,11.634,118.114,0.268182,370.244,409.956,283.498,135.932,474.624,548.049,335.016,278.189,0.780077,train
2514,33.4775,1.44948,26.2067,13.4244,185.256,0.310105,268.091,22.5772,9.79493,-1.81473,42.2481,48.7839,5.6502,3.80347,6.34563,test
2515,120.824,2.62262,29.0774,3.86658,130.866,0.342486,458.343,29.9221,4.71126,0.422338,51.095,58.9995,36.6867,14.2639,8.97041,train
2516,116.593,2.17933,36.5603,22.2289,111.081,0.325291,809.793,-0.252858,-14.5843,-18.4066,31.4432,36.3075,18.502,-3.12459,25.7542,test
2517,133.181,1.52007,127.009,2.53483,208.469,0.254054,737.088,311.886,187.412,92.4387,380.094,438.895,204.86,159.816,1.93922,train
2518,167.311,2.60698,125.726,27.6104,178.988,0.254376,613.846,104.359,6.24375,-10.6833,199.259,230.084,129.986,38.9533,3.08064,train
2519,151.193,1.89928,14.2254,25.5305,171.735,0.252678,369.668,-45.5076,-34.2025,-29.8665,27.0911,31.2822,-30.2557,-33.7845,13.6454,train
2520,57.6771,2.93981,66.3187,11.2637,81.9665,0.323038,619.008,58.1989,3.14392,-4.05988,107.835,124.518,56.9504,16.7436,5.74031,test
2521,52.415,1.87884,41.7198,28.5273,124.694,0.296716,813.276,-4.90601,-18.0986,-23.3129,31.8817,36.8138,6.04894,-2.1456,25.5092,train
2522,164.336,2.66279,97.7378,25.7765,90.325,0.331699,418.436,69.8156,-2.1456,-13.9611,145.106,167.553,194.43,53.462,2.88367,test
2523,181.813,1.1298,73.0673,22.8478,104.951,0.303732,816.117,390.689,340.469,158.811,401.624,463.756,631.701,585.551,2.03204,train
2524,136.482,2.89083,67.0618,14.1361,201.129,0.283824,647.646,53.1776,0.251879,-6.94213,104.13,120.239,50.3381,12.2297,6.21956,train
2525,184.181,2.59968,109.203,2.28995,163.42,0.330492,751.69,141.756,34.8432,16.2766,217.337,250.959,194.379,88.5457,3.45863,train
2526,109.391,1.87486,139.999,5.44897,206.935,0.317387,400.126,236.094,101.544,48.0476,325.706,376.093,140.232,87.2402,1.22849,train
2527,25.214,2.08712,20.6117,25.9526,111.828,0.259592,562.091,-34.4763,-29.1354,-27.544,12.0071,13.8646,-4.95485,-7.17558,46.8133,test
2528,50.7167,2.5474,132.282,26.9735,137.779,0.293652,782.906,116.705,11.3958,-7.78883,215.629,248.987,58.0999,20.2579,3.6308,train
2529,32.5922,2.26568,93.7242,29.8621,100.786,0.302109,367.109,64.9011,1.03901,-14.4116,137.374,158.625,31.5523,10.5612,2.67234,test
2530,86.6245,1.94963,103.794,15.3028,120.02,0.315058,865.29,136.372,47.8815,16.2894,207.99,240.166,118.325,66.9388,4.16026,test
2531,76.5949,1.59606,122.347,6.38366,148.434,0.33131,627.178,259.461,143.498,68.557,330.655,381.807,143.082,101.219,1.89678,test
2532,154.944,1.20973,69.9551,14.0278,196.677,0.321284,460.325,283.257,227.329,106.651,305.89,353.212,213.865,188.293,1.50487,train
2533,141.043,2.3064,132.076,26.5401,105.648,0.285442,302.202,127.861,22.325,-2.10752,225.113,259.938,221.831,93.9196,1.34245,train
2534,63.7496,2.50481,67.3851,6.77094,195.512,0.270224,831.301,76.829,16.2148,4.72194,124.893,144.214,30.5725,13.6953,6.6561,train
2535,150.198,1.61496,72.9282,5.25086,156.739,0.260039,678.762,146.598,78.9202,36.8347,190.115,219.526,149.474,109.424,3.57027,train
2536,39.3549,1.3147,96.7667,7.50357,103.697,0.257488,578.887,326.845,237.581,115.039,366.858,423.611,122.257,104.725,1.57796,train
2537,183.896,2.7711,94.8834,22.2713,74.6254,0.263573,756.444,72.0843,-0.527788,-11.3995,144.598,166.968,246.666,56.9985,5.23135,train
2538,198.737,2.33388,33.0366,20.4447,150.373,0.285063,602.12,-2.18959,-14.7816,-17.6131,26.7143,30.8471,16.1883,-12.1305,22.5392,train
2539,133.475,2.96313,47.4747,26.0534,76.9779,0.272843,432.962,0.874482,-20.5468,-23.3001,41.8716,48.3492,34.9993,-36.3814,10.3402,train
2540,159.451,1.66441,56.9008,26.7329,164.859,0.325111,560.858,37.5182,7.35031,-9.69131,81.7693,94.4191,57.2272,30.8958,6.85903,train
2541,95.3892,1.78464,78.3334,6.09226,160.81,0.267184,475.679,132.276,60.0345,26.9711,182.393,210.609,86.6035,57.6477,2.60799,train
2542,156.812,2.33956,70.4909,25.8462,172.453,0.270513,744.792,38.758,-5.8867,-15.8665,94.6124,109.249,56.4848,11.4816,7.87204,train
2543,149.293,1.46882,44.7363,13.2459,119.591,0.346898,587.694,72.6589,41.1686,13.9613,101.667,117.395,104.032,75.0324,5.78056,train
2544,154.52,2.76257,35.9372,1.57853,199.509,0.254696,616.534,43.1419,8.78327,3.60237,68.4845,79.0791,39.7918,17.6899,9.00253,train
2545,182.147,1.50498,31.2811,9.84353,182.063,0.265419,462.539,45.4883,24.0507,7.10359,66.4842,76.7694,51.9293,37.3075,6.95713,train
2546,164.074,1.12675,66.4485,15.4365,75.94,0.313056,381.866,414.06,363.048,173.806,416.132,480.508,821.995,763.119,0.917655,test
2547,53.814,1.22299,144.39,22.438,142.448,0.320829,542.703,591.549,469.597,223.579,637.342,735.939,213.877,187.148,0.851511,train
2548,109.571,2.61182,95.9121,1.71334,114.293,0.261161,449.447,124.847,30.6484,14.4675,191.183,220.759,140.08,68.4002,2.35087,train
2549,109.916,2.76168,54.2273,26.9375,128.151,0.313191,518.027,8.58845,-18.7014,-22.8194,54.4,62.8157,28.0631,-7.38553,9.52255,test
2550,108.801,1.29414,127.945,7.38375,86.9391,0.297504,428.111,470.503,349.942,171.279,518.271,598.448,572.681,487.783,0.826036,train
2551,172.66,2.47904,143.937,28.603,157.509,0.345793,534.143,131.559,16.2248,-6.18908,238.586,275.496,201.121,76.7854,2.23878,train
2552,79.6323,1.61437,117.376,17.0837,85.8717,0.25385,376.996,208.09,107.798,45.3571,281.861,325.466,209.924,150.636,1.33752,train
2553,132.959,1.38413,78.7749,5.22308,146.025,0.255194,614.035,228.953,155.401,75.0891,266.5,307.728,209.322,173.379,2.30407,train
2554,164.052,2.62323,9.92409,2.42898,108.698,0.272043,669.91,7.6149,0.119794,-1.15459,15.1892,17.539,16.0415,4.33395,44.1044,train
2555,193.635,1.8522,68.1547,15.5396,136.896,0.342811,331.287,80.3687,27.7536,6.10697,128.625,148.523,143.765,81.1824,2.5756,test
2556,71.3854,2.09575,39.2915,4.55929,124.448,0.310264,323.619,50.6509,15.9187,5.67969,77.8924,89.9425,35.0362,18.7189,4.15469,test
2557,112.874,2.41619,112.025,16.5585,94.8648,0.323838,455.639,118.374,22.907,3.17427,199.531,230.399,182.788,78.316,2.28355,train
2558,83.8011,2.69047,15.3963,9.37427,105.933,0.287553,257.901,-1.42172,-7.44373,-8.409,12.1023,13.9746,4.29044,-4.95928,21.31,train
2559,116.91,1.48348,25.7922,0.0201518,179.613,0.301457,452.078,68.6794,42.9074,21.4436,81.8148,94.4716,45.5569,35.1954,5.52563,train
2560,27.0376,2.85763,51.3195,13.63,179.384,0.296775,537.599,34.5786,-3.111,-8.37048,74.3899,85.8981,7.88183,1.47225,7.22677,train
2561,125.254,2.07702,47.4107,19.6837,178.723,0.267038,659.225,24.7765,-2.9505,-11.3171,62.516,72.1872,28.3549,7.75547,10.5449,train
2562,145.369,2.80378,138.919,5.21817,205.082,0.348797,517.459,167.456,33.755,14.2684,265.329,306.376,149.517,60.8116,1.95025,train
2563,110.957,2.45873,40.591,7.59981,204.827,0.255086,388.826,38.4693,5.47807,-1.06087,68.4683,79.0603,26.5948,10.2389,5.67892,train
2564,38.9782,2.23092,133.024,5.90817,167.064,0.307412,696.399,185.133,58.0172,26.0545,275.532,318.157,50.866,26.9745,2.52747,train
2565,80.4446,2.85445,53.001,6.68139,197.074,0.28702,466.274,52.5986,6.27898,-0.201203,91.452,105.6,27.7036,9.61781,5.09857,train
2566,146.201,2.3545,80.2032,28.0175,74.5022,0.346278,521.318,47.1389,-5.0468,-16.5322,110.281,127.342,158.239,47.9589,4.72716,train
2567,40.7021,1.3788,50.8669,13.8011,82.3189,0.281896,550.881,105.535,68.4688,27.3338,135.448,156.401,55.4611,44.0771,4.06712,test
2568,134.516,2.20618,95.9965,16.4018,118.746,0.307797,262.249,104.356,24.7617,4.17999,173.511,200.353,150.23,71.2855,1.51143,train
2569,101.791,1.69967,45.9353,5.78678,148.028,0.286205,303.149,76.8724,36.7238,15.4685,106.355,122.808,58.8571,39.6831,2.85036,train
2570,97.5964,1.82864,7.29707,2.57488,176.639,0.279034,566.083,6.17661,1.45443,-0.560226,11.6686,13.4737,4.62408,2.35336,48.5135,train
2571,103.024,2.48555,31.9878,5.30434,121.558,0.293559,468.909,31.6856,5.00222,-0.151063,55.1428,63.6734,34.8507,13.9112,8.50354,train
2572,33.9613,2.12865,57.4057,3.32558,153.019,0.279718,339.828,81.3848,27.3046,11.9895,120.196,138.79,20.8821,11.7548,2.82728,train
2573,73.4262,1.78747,130.512,8.91895,164.911,0.271807,859.781,223.463,101.87,46.4755,306.551,353.975,109.667,72.9505,2.80469,test
2574,58.8494,1.7925,89.2372,20.5434,109.088,0.299797,786.781,110.231,41.5368,10.4967,172.744,199.468,72.2005,43.0785,4.5546,train
2575,116.112,1.65606,10.6376,21.376,172.612,0.312037,404.347,-44.4393,-33.701,-27.5385,29.2731,33.8017,-21.8801,-20.5396,13.8129,train
2576,34.0866,2.06664,27.789,26.3202,80.4934,0.253812,259.611,-23.9532,-25.4221,-25.8711,3.32194,3.83585,-4.37598,-10.6553,78.1504,train
2577,167.618,1.75232,96.2569,1.15581,143.105,0.334826,571.331,185.803,90.7016,44.7729,244.271,282.06,237.82,156.188,2.33892,train
2578,176.566,2.08215,59.2222,7.80177,77.9841,0.273192,280.135,74.4522,23.0318,7.61502,115.765,133.674,200.491,108.818,2.41985,test
2579,185.977,2.6313,57.1283,19.6168,95.7839,0.306182,766.132,30.5596,-6.95196,-13.2844,75.9399,87.6879,101.195,15.9493,10.0887,train
2580,22.1566,1.607,39.8993,17.5318,80.2235,0.25712,723.304,33.105,10.7376,-3.39715,63.2236,73.0043,12.2177,7.15402,11.4404,train
2581,158.326,2.84629,59.5231,7.36839,103.967,0.343805,560.26,59.4749,7.3202,-0.0240974,103.055,118.998,121.747,42.7454,5.4365,test
2582,179.819,2.5932,149.899,27.7613,137.133,0.290262,873.264,137.047,14.9091,-6.42609,248.503,286.946,239.206,84.4404,3.5141,train
2583,199.288,2.57197,31.0474,13.0049,158.081,0.330813,665.763,11.4641,-6.57837,-9.79161,36.816,42.5115,31.4842,3.12243,18.0835,train
2584,172.862,1.85846,68.914,23.0279,92.7522,0.311511,725.281,60.2569,14.3708,-4.32856,111.865,129.171,154.822,79.2909,6.48352,train
2585,64.3947,1.23826,141.279,23.875,134.044,0.344038,707.6,533.827,416.422,196.274,584.659,675.106,247.362,212.432,1.21028,train
2586,115.449,2.57427,91.4011,5.03041,132.081,0.332385,595.159,112.04,25.669,10.3193,176.185,203.441,121.488,53.8023,3.37803,test
2587,94.7802,2.16259,138.773,28.2992,80.3282,0.337971,721.344,142.267,31.7934,1.74708,243.388,281.04,222.506,104.024,2.96376,train
2588,77.8764,2.61423,57.8601,4.97107,107.758,0.312113,693.623,66.0488,13.1597,4.09432,107.308,123.909,59.8606,25.3794,6.46384,train
2589,161.558,1.4131,113.631,28.4674,164.121,0.348766,400.292,227.56,142.397,56.9646,295.48,341.191,243.461,184.253,1.35472,test
2590,153.886,2.49114,82.9573,21.6246,86.7509,0.268659,880.875,63.2713,1.93864,-9.84299,126.638,146.229,156.462,45.9254,6.95587,test
2591,164.713,2.99336,59.2845,0.703009,149.481,0.276476,733.108,72.5972,14.0156,6.65631,114.213,131.882,96.0283,40.8001,6.41879,train
2592,36.9747,2.3264,133.523,9.58119,86.3353,0.33651,252.182,170.543,46.6012,18.51,263.33,304.067,89.6138,43.4363,0.957665,train
2593,111.824,1.40083,37.9295,17.1999,162.486,0.295472,868.156,46.6126,25.883,4.34157,73.2156,84.5421,38.909,28.6154,11.8575,test
2594,76.7413,2.55635,85.199,6.27202,89.3319,0.332012,821.907,101.175,22.2477,7.98782,161.404,186.374,108.937,47.606,5.09223,train
2595,35.5069,1.54066,26.3712,24.3424,134.555,0.265048,472.072,-19.3596,-21.3885,-22.8654,6.07218,7.01155,-1.66499,-3.60863,77.7434,train
2596,115.756,2.78668,52.6601,0.608844,167.716,0.315671,752.892,66.8295,14.7782,7.08468,103.481,119.49,56.055,24.4919,7.27565,train
2597,97.928,1.11027,22.7877,12.5742,184.676,0.25419,506.206,85.4203,75.2068,31.3163,93.7109,108.208,44.1462,41.4727,5.40178,train
2598,70.8902,2.76475,7.04543,0.181464,198.753,0.26346,287.481,8.74877,1.8848,0.85167,13.6782,15.7942,3.7025,1.68452,21.0175,test
2599,195.131,1.98629,126.014,27.19,153.331,0.284978,702.861,138.738,39.9147,6.36235,229.282,264.752,219.954,115.899,3.06549,train
2600,160.331,1.69688,63.2128,12.8155,199.743,0.260764,465.794,91.2126,40.8154,13.9999,133.736,154.425,83.5157,55.1723,3.48293,train
2601,190.371,2.73005,48.6068,0.674156,111.972,0.267334,706.459,62.114,14.1813,6.75359,95.887,110.721,124.627,58.2797,7.36762,train
2602,163.513,2.68529,134.601,4.019,80.9783,0.34074,822.239,168.613,38.031,17.006,262.591,303.214,421.376,182.218,3.13125,train
2603,39.9899,1.29073,61.5176,24.0275,177.558,0.277338,569.271,126.049,88.5589,32.2657,162.437,187.567,30.216,25.0798,3.50455,train
2604,29.0857,1.13815,63.864,23.1409,159.609,0.25064,370.82,293.319,252.595,114.727,309.329,357.183,51.1286,47.6287,1.19879,train
2605,181.442,1.39045,92.2246,10.8158,94.0619,0.302073,462.766,245.036,163.627,76.4056,292.076,337.26,481.881,385.727,1.5844,train
2606,120.576,1.23025,124.818,0.472641,171.627,0.27934,512.951,608.164,483.818,241.673,634.781,732.982,404.332,359.935,0.808074,train
2607,20.3579,1.59947,131.331,5.61482,167.937,0.287837,518.995,281.452,155.736,75.0607,357.481,412.783,36.082,26.3204,1.45181,train
2608,50.9377,1.261,6.12652,0.886812,171.86,0.286875,497.727,22.1112,16.8715,7.99234,24.4546,28.2377,6.39492,5.54384,20.3531,train
2609,140.661,2.70086,143.786,0.819429,133.447,0.311405,495.335,187.572,44.6053,21.893,286.964,331.357,237.722,108.303,1.72612,train
2610,138.235,2.68677,25.6549,28.5733,146.101,0.269328,838.025,-32.4303,-29.5119,-29.0426,5.86767,6.7754,-16.7459,-35.5754,142.821,train
2611,35.7647,1.70588,21.8474,15.1484,121.102,0.29231,285.002,-1.4347,-8.13375,-11.6411,17.6779,20.4127,2.46726,-0.152609,16.1219,test
2612,186.123,1.28192,44.2217,7.86603,115.646,0.310197,802.402,141.513,105.157,48.6456,160.851,185.735,225.544,190.856,4.98848,train
2613,78.0653,1.72868,74.6529,27.9283,80.4284,0.311115,636.702,65.7953,19.0707,-4.42881,121.632,140.448,87.7429,48.8894,5.23467,test
2614,57.1918,1.62049,110.012,11.3589,201.42,0.303222,453.674,208.638,109.985,49.3132,275.959,318.65,64.4674,45.3119,1.64399,test
2615,90.8605,1.14321,84.6528,1.51893,188.558,0.280792,345.642,623.32,540.187,269.334,613.123,707.973,275.372,256.152,0.563739,test
2616,104.704,1.44038,32.7841,7.44055,161.062,0.325584,791.549,65.0677,39.7241,16.1418,84.7422,97.8518,45.8221,34.5437,9.34067,train
2617,26.0008,2.43391,8.61422,27.8326,78.7871,0.334871,502.096,-54.857,-35.6387,-31.7356,40.0474,46.2428,-13.6444,-12.6034,12.5375,train
2618,65.0592,1.36199,93.8223,23.6881,82.7029,0.277465,870.164,210.502,140.368,58.3397,263.552,304.324,173.338,140.092,3.30168,train
2619,156.604,1.81968,137.191,25.5954,179.544,0.288157,395.4,182.567,70.9717,22.6882,276.918,319.758,188.021,113.975,1.42786,train
2620,153.518,1.1877,94.1219,8.10761,90.1606,0.29711,790.591,496.837,410.823,201.358,511.786,590.959,791.723,714.701,1.54477,train
2621,28.8957,2.33106,8.33112,18.3747,73.6979,0.34442,746.405,-32.9486,-22.9051,-20.6399,21.3194,24.6175,-9.00631,-8.65317,35.0106,test
2622,51.2675,1.21299,139.629,6.16004,199.198,0.267626,754.476,693.652,560.183,277.011,721.642,833.28,169.062,152.252,1.0455,train
2623,114.279,2.29353,94.461,29.8132,188.678,0.257634,423.431,65.1836,0.535742,-14.6387,138.256,159.645,56.5048,16.6532,3.06265,train
2624,88.5789,2.99652,149.625,4.60157,122.427,0.321471,861.23,176.773,31.7491,13.5737,282.669,326.398,159.544,62.5805,3.04678,train
2625,89.6674,1.55065,50.9704,0.8202,130.099,0.307991,647.838,120.743,70.5926,34.8862,148.708,171.713,86.6329,64.2321,4.35644,train
2626,74.4931,2.99961,81.5446,26.5134,182.92,0.279456,412.815,42.2797,-12.7516,-19.6325,107.235,123.824,28.7328,0.176121,3.84963,train
2627,54.7595,2.54429,120.789,19.0744,130.222,0.333584,734.095,119.808,18.0926,-0.490908,208.363,240.597,67.3928,26.3401,3.52316,train
2628,42.1931,2.13314,118.88,0.346022,178.646,0.284481,809.52,184.963,66.4286,33.0413,263.136,303.843,49.4525,28.7814,3.07644,test
2629,155.196,2.911,143.852,15.1341,85.6219,0.287453,375.124,148.028,19.3103,2.08812,252.776,291.88,342.175,121.676,1.48402,train
2630,147.62,1.35496,107.383,6.10417,192.324,0.264754,608.302,337.494,236.215,115.055,385.274,444.877,257.487,215.667,1.57888,train
2631,188.31,1.44546,10.9395,11.737,150.825,0.32574,266.696,-13.9988,-13.2012,-12.4691,2.64944,3.05931,-7.95772,-9.59441,100.661,train
2632,21.0068,2.8364,124.333,1.95619,128.615,0.330023,668.682,155.162,32.7846,15.4142,242.05,279.495,31.2137,13.1306,2.76258,train
2633,152.943,2.84375,20.3782,21.6328,176.429,0.316542,884.729,-23.2413,-21.9868,-21.8098,2.4795,2.86308,-8.57092,-20.302,356.817,train
2634,109.649,2.67171,42.5151,18.6033,131.829,0.274592,748.846,13.0998,-10.812,-14.7077,48.1639,55.6149,23.965,-3.70008,15.5479,train
2635,199.676,1.77148,76.6195,6.15231,104.755,0.296287,316.167,130.23,59.7624,26.805,179.137,206.849,276.366,181.134,1.76495,train
2636,181.239,2.12983,142.567,1.21646,154.802,0.295662,355.536,220.079,78.7284,38.756,314.06,362.645,293.598,168.639,1.13206,train
2637,42.7193,2.10288,86.7833,16.2238,98.8502,0.281111,739.198,95.5734,25.0138,4.39503,157.925,182.357,51.3122,25.7541,4.68068,test
2638,93.4766,1.4918,25.7315,15.8822,87.9946,0.305803,839.605,10.0414,0.192129,-7.84503,30.9802,35.7729,21.5744,11.8031,27.1014,train
2639,100.437,1.62881,16.507,20.9994,95.4144,0.337093,558.537,-30.927,-26.4347,-23.717,12.4881,14.42,-18.282,-19.4792,44.7256,train
2640,173.727,2.75283,13.4491,21.1694,73.8724,0.251329,769.47,-31.237,-23.5167,-22.343,15.4047,17.7879,-52.3054,-81.4463,49.9502,train
2641,122.694,2.5461,14.1309,17.8188,74.2207,0.268031,628.88,-22.852,-19.1641,-18.4914,7.5527,8.72111,-23.3223,-39.6982,83.2656,train
2642,124.824,1.66924,11.6988,21.055,120.697,0.334107,663.114,-40.8864,-31.5301,-26.2926,25.2771,29.1875,-29.1571,-27.1221,26.2337,train
2643,128.627,1.35454,77.1946,6.58632,109.043,0.261712,672.978,233.188,162.58,77.9967,268.799,310.383,274.82,229.91,2.50365,test
2644,129.942,1.27752,45.1141,28.6837,149.468,0.342107,709.717,39.7371,23.3066,-2.68852,73.4833,84.8512,48.7632,37.805,9.65822,train
2645,192.729,1.26304,39.2467,1.3278,206.359,0.296032,445.77,163.99,126.071,62.3716,176.008,203.237,146.765,127.399,2.53267,train
2646,136.441,2.1323,40.192,16.2989,200.234,0.33534,449.616,21.0675,-2.82557,-9.56225,53.0524,61.2596,25.7246,8.49506,8.47495,test
2647,66.5227,1.59352,119.716,5.47583,121.614,0.314264,513.221,257.194,142.954,68.7392,326.414,376.91,149.448,107.277,1.5723,train
2648,130.764,1.40692,7.91779,26.5771,191.594,0.31605,883.975,-83.3389,-64.6796,-45.6283,65.3166,75.4211,-45.3291,-40.1945,13.5337,train
2649,177.877,2.08055,113.126,15.3985,147.463,0.287313,609.021,141.047,43.3196,13.9606,220.12,254.173,204.506,109.755,2.76676,train
2650,126.26,1.96963,20.9858,2.27691,100.309,0.281189,318.811,29.4268,10.7178,4.22046,43.6586,50.4126,42.9735,25.2167,7.30236,train
2651,140.347,2.71082,129.1,7.69143,189.007,0.346456,866.715,151.965,30.5563,11.4325,243.41,281.065,143.113,58.8985,3.56073,train
2652,140.614,1.69635,82.5321,19.5231,96.2323,0.3355,350.306,110.602,47.5931,14.035,167.259,193.134,195.191,122.533,2.09439,train
2653,168.765,1.3348,142.463,11.057,129.59,0.330566,848.28,456.563,325.157,157.05,518.771,599.026,588.301,481.33,1.63517,train
2654,101.269,1.20756,84.0679,12.6861,77.425,0.332146,466.981,370.272,298.89,143.102,393.47,454.339,458.653,403.66,1.18683,train
2655,29.523,2.70303,10.8577,22.9277,145.984,0.303492,752.086,-38.8254,-26.7555,-24.8416,24.2208,27.9677,-5.66075,-6.70076,31.0513,train
2656,34.6921,2.90274,98.3923,11.0298,137.26,0.305153,784.979,99.8618,12.4993,0.734751,171.693,198.254,32.7718,11.4751,4.57199,train
2657,57.2776,1.43984,93.4152,2.80015,102.629,0.303079,301.605,256.695,166.08,81.64,303.205,350.111,145.254,114.257,0.994724,train
2658,59.0272,1.91331,22.909,20.3731,92.726,0.292581,723.933,-15.931,-18.4669,-19.42,6.0432,6.97808,-2.25749,-8.31165,119.793,train
2659,71.5822,2.35877,36.4534,25.8781,199.236,0.345401,581.113,-10.6684,-21.2437,-23.5609,22.3305,25.785,3.61463,-3.53173,26.0233,train
2660,176.273,2.26408,30.3755,24.8239,92.2733,0.293227,494.496,-16.5814,-22.1329,-23.4784,11.946,13.7941,-1.50908,-34.4688,41.3941,train
2661,106.148,2.62848,44.9138,19.8548,157.891,0.286665,264.222,13.6859,-11.3731,-15.614,50.7489,58.5997,20.8657,-2.1301,5.20646,train
2662,32.9523,2.60894,66.7498,16.7472,191.91,0.322867,799.625,50.4781,0.475492,-8.13586,101.522,117.228,12.819,3.812,7.87634,train
2663,51.4201,2.91199,80.8241,0.695525,127.612,0.347818,519.643,100.859,20.7302,10.0173,157.342,181.683,50.5635,20.5195,3.30263,test
2664,183.231,2.94099,70.7412,9.41943,102.033,0.275878,803.789,67.9354,6.6136,-1.40292,120.097,138.677,157.739,50.6975,6.69281,train
2665,193.99,2.97993,86.3768,18.4614,157.357,0.267415,665.138,66.6913,-1.22404,-9.84273,132.561,153.068,113.938,23.3091,5.0176,train
2666,108.656,2.20383,85.3881,16.4789,76.299,0.346857,873.824,88.1636,19.2544,1.38771,150.3,173.552,167.044,76.8564,5.81386,train
2667,148.762,1.60927,39.4452,17.1649,168.827,0.265329,309.764,33.1455,10.8651,-3.14988,62.8654,72.5907,39.1645,23.05,4.92742,train
2668,34.2353,2.34025,43.6401,21.3446,183.049,0.28371,347.298,10.9114,-11.3841,-16.3644,47.243,54.5515,5.22469,-0.300137,7.35132,train
2669,186.473,2.30845,71.4628,9.51569,202.422,0.265692,457.335,81.0515,19.1044,4.79435,132.081,152.514,90.9828,43.2942,3.46253,train
2670,81.3217,2.85409,96.8903,14.8825,186.398,0.336721,407.653,90.078,8.07016,-3.40617,161.919,186.968,54.0333,17.7169,2.51763,train
2671,196.357,2.0875,63.9493,4.37258,180.44,0.347534,560.931,90.6912,31.1145,13.371,133.923,154.64,117.819,63.577,4.18847,train
2672,122.819,2.1911,76.8389,27.4538,113.392,0.286633,363.669,47.9173,-1.46779,-14.4608,108.042,124.756,80.2461,25.0291,3.36599,train
2673,35.9248,1.6492,135.287,24.477,92.9088,0.308454,464.967,215.192,104.382,39.9526,303.524,350.479,94.5782,63.5197,1.5319,train
2674,187.227,2.0617,133.501,8.63067,157.217,0.27668,708.432,193.068,68.1982,29.7838,282.817,326.569,264.096,153.073,2.50491,train
2675,187.489,2.60365,8.34933,1.60408,177.394,0.338614,535.871,7.47557,0.730325,-0.436878,13.7048,15.8249,11.0454,3.91147,39.1011,train
2676,167.846,2.31936,79.5774,9.92735,79.902,0.332969,543.903,91.5305,21.8804,5.97655,148.184,171.108,243.754,113.014,3.67046,train
2677,143.998,2.06034,125.493,27.8698,124.087,0.314401,714.607,129.922,32.2986,2.21439,221.196,255.415,195.748,96.51,3.23065,test
2678,162.919,1.53921,67.497,1.08976,129.18,0.310918,413.42,162.321,95.9134,47.4118,199.028,229.818,212.591,158.231,2.0772,train
2679,56.2615,1.56212,67.6726,7.84798,116.244,0.320948,552.242,135.054,75.2297,33.6908,175.567,202.727,70.6445,50.6072,3.14548,train
2680,131.819,1.39884,130.958,0.173942,135.884,0.269866,868.509,404.004,273.22,136.523,463.29,534.961,390.462,320.826,1.87465,test
2681,194.512,1.1763,115.711,29.414,155.879,0.256254,606.806,506.709,420.411,195.499,539.032,622.42,606.778,554.626,1.12573,test
2682,26.0815,2.96541,26.343,19.0563,154.872,0.316778,792.902,-9.89986,-17.1865,-18.1214,14.2401,16.4431,0.704862,-2.70141,55.6808,test
2683,196.712,2.64915,9.34532,2.52987,132.496,0.305405,398.736,6.5506,-0.26485,-1.39736,13.7663,15.8959,14.5964,3.67566,28.9647,train
2684,159.853,1.57276,7.8847,28.2571,125.709,0.346132,846.44,-76.28,-55.9076,-42.0824,59.2321,68.3953,-75.0058,-63.1197,14.2902,train
2685,150.239,2.87901,131.383,20.118,114.607,0.324187,507.026,121.678,10.4128,-4.85258,219.157,253.06,217.405,69.851,2.31354,train
2686,76.0488,2.40626,49.5262,16.0462,77.1557,0.304092,375.994,31.4127,-2.06732,-9.05676,70.0951,80.9388,48.521,13.2018,5.36406,train
2687,138.943,1.19803,108.366,28.3168,75.1703,0.256971,585.986,419.548,339.499,155.591,457.187,527.914,753.051,679.364,1.28172,train
2688,97.5756,2.51319,76.0392,3.80755,92.9651,0.324518,374.34,95.5986,23.367,9.7797,148.643,171.638,122.908,56.5258,2.51839,train
2689,176.148,2.24508,133.038,19.627,133.812,0.337021,481.224,149.923,36.5118,8.44241,245.052,282.962,252.633,119.046,1.96376,train
2690,185.199,2.00803,88.3657,4.9003,183.242,0.292445,647.17,133.618,50.1528,22.6263,192.244,221.984,154.476,91.2632,3.3664,test
2691,91.2017,1.34596,38.1868,14.0733,155.426,0.256789,432.666,69.4616,45.3481,15.6374,93.2262,107.648,44.1567,35.4982,4.64103,train
2692,70.3716,2.07805,85.9417,11.3363,84.2817,0.33071,769.619,108.235,33.6295,11.1466,168.162,194.177,111.024,58.459,4.57666,test
2693,79.1223,2.08943,60.6496,0.162106,97.929,0.302276,267.863,96.2689,35.7814,17.8097,135.895,156.919,88.2437,51.3996,1.9711,train
2694,137.196,1.79694,114.703,15.041,187.547,0.34088,596.809,174.044,74.3816,29.6703,250.062,288.746,148.522,91.2205,2.38665,train
2695,58.3252,2.75431,91.4235,11.5401,123.875,0.282747,737.415,92.601,12.7176,0.588738,159.37,184.025,55.6926,20.5082,4.62707,train
2696,135.891,1.94904,135.324,8.39494,106.021,0.269661,631.318,209.239,82.3093,36.9572,298.4,344.563,302.19,186.381,2.11567,train
2697,158.03,1.47859,87.3849,19.7869,93.6694,0.276738,791.871,161.784,94.1858,37.1995,215.786,249.169,296.377,222.928,3.6697,train
2698,105.687,1.82242,116.192,0.428924,192.684,0.254572,526.381,215.077,99.3143,49.4427,286.887,331.268,127.289,86.8014,1.8348,train
2699,33.6707,1.7892,56.3016,7.40227,205.451,0.274187,718.912,85.9258,37.0265,14.8121,123.173,142.227,15.9464,10.2614,5.83662,test
2700,83.0265,1.8742,75.9389,1.54504,119.354,0.329721,278.391,132.065,57.6708,28.0629,180.136,208.003,102.849,63.789,1.54545,train
2701,117.516,2.48427,49.0841,21.6422,89.8764,0.266868,839.39,16.4123,-11.0296,-16.3359,56.7215,65.4963,44.2869,-2.90559,14.7985,test
2702,152.128,2.15133,33.398,2.74167,105.216,0.289846,388.45,44.8133,14.157,5.70768,67.7329,78.2113,76.3982,41.3618,5.73502,test
2703,57.7438,1.3189,124.417,29.041,74.0642,0.333957,358.527,324.282,228.906,99.9325,388.584,448.698,259.2,211.034,0.922649,train
2704,180.065,1.18521,148.546,13.8322,80.2781,0.33892,489.086,786.588,651.874,319.021,809.85,935.134,1634.73,1458,0.603922,test
2705,83.9207,1.56485,8.22497,19.0955,128.892,0.291097,360.949,-44.9729,-34.1024,-26.5989,31.8247,36.748,-22.6812,-21.1931,11.3418,train
2706,125.721,2.2003,15.0158,5.51783,94.0896,0.26853,875.606,8.9253,-0.572674,-3.04525,20.7336,23.9411,18.4062,5.07671,42.2313,train
2707,136.019,2.5257,140.051,20.0951,135.499,0.319314,895.099,144.461,24.5052,2.20502,246.394,284.512,189.201,76.6139,3.63279,train
2708,70.8091,2.61866,17.3914,1.93689,161.998,0.252515,287.012,18.7946,3.34004,0.701577,31.338,36.186,10.0572,4.18009,9.15859,train
2709,89.8718,2.37498,147.968,20.2722,126.313,0.283741,467.234,162.458,34.7625,7.24511,268.836,310.425,143.998,64.9878,1.73799,train
2710,48.5861,1.14225,13.1732,12.7089,188.232,0.309882,252.755,-9.1971,-9.66143,-11.1852,3.44344,3.97614,-0.425601,-0.665469,73.402,test
2711,127.377,1.95756,112.082,6.64184,115.178,0.341217,358.156,173.26,67.82,30.5891,247.113,285.342,222.362,129.133,1.44936,train
2712,167.837,1.90626,11.3102,2.07786,129.122,0.332654,475.001,14.165,4.93266,1.4274,22.0621,25.4751,22.6854,12.7584,21.5302,train
2713,80.7296,1.14709,86.4283,6.00033,92.3316,0.308539,800.578,583.751,503.323,248.661,580.392,670.179,466.634,429.718,1.37937,train
2714,31.7595,2.35832,146.203,18.1959,128.47,0.348722,263.564,165.933,37.9268,9.86545,270.318,312.136,52.7745,23.8053,0.975016,train
2715,163.055,1.30516,45.9942,12.7503,118.917,0.318995,576.337,115.011,81.7674,34.5086,139.435,161.005,162.723,133.908,4.13338,train
2716,36.7433,1.46289,98.6571,12.9593,99.7336,0.315137,837.294,223.079,137.381,62.2111,278.632,321.736,86.4171,65.6767,3.00502,train
2717,65.533,2.87656,22.5453,18.3116,183.419,0.25907,587.804,-12.914,-17.1476,-17.7296,8.34096,9.63131,-0.886053,-8.0272,70.4719,test
2718,26.3155,1.40099,132.6,24.5113,178.823,0.261614,466.217,308.112,200.024,87.7562,381.668,440.712,47.068,37.8275,1.22153,test
2719,38.5566,1.12073,14.9743,7.24594,131.107,0.271184,460.662,60.8531,53.1247,22.9394,65.6684,75.8273,17.2607,16.1066,7.01498,test
2720,61.6589,2.45981,135.511,14.9065,168.928,0.277507,469.381,153.456,32.8516,8.97253,250.253,288.968,68.8288,30.9737,1.87562,train
2721,143.254,2.63317,61.6764,22.3652,172.406,0.279953,314.41,30.1965,-9.11476,-15.74,79.5643,91.8729,43.0988,3.39762,3.95165,train
2722,78.606,2.09948,51.5166,10.1168,198.348,0.263805,871.993,55.5799,14.1802,2.03167,92.7482,107.096,27.2,13.573,9.40172,train
2723,147.193,1.6404,45.5223,23.2767,72.2704,0.272412,401.179,25.2807,3.03507,-10.1208,61.3172,70.803,82.3612,40.5363,6.54267,test
2724,195.485,1.73557,61.5758,12.2375,153.632,0.283954,867.305,86.1394,36.8011,12.2818,127.925,147.715,127.417,81.2435,6.77979,train
2725,171.095,1.54541,91.3324,18.9981,125.299,0.30406,435.924,157.543,85.209,33.1054,215.533,248.876,239.3,170.76,2.02254,train
2726,86.2787,2.29902,66.7949,12.0406,159.762,0.267799,409.672,68.2673,13.5129,0.736167,116.967,135.062,46.4209,20.5358,3.50245,train
2727,41.1726,1.1965,129.719,16.682,85.7129,0.320475,757.244,620.137,507.099,245.209,649.394,749.856,280.106,249.36,1.16608,train
2728,64.1478,1.28375,133.961,0.395909,192.139,0.341569,453.019,545.389,411.824,205.714,588.334,679.349,173.902,146.449,0.770004,train
2729,98.9877,2.23152,19.9471,18.3619,121.437,0.345682,392.205,-15.98,-17.5652,-17.9636,3.4356,3.96709,-2.34351,-9.10984,114.159,train
2730,154.763,1.37407,34.1906,21.4745,190.791,0.314019,446.244,19.8793,7.16312,-7.15567,46.8259,54.0699,26.6572,18.0047,9.52985,test
2731,81.1941,1.56085,123.667,19.7481,167.8,0.306623,706.3,228.881,124.962,52.6068,305.315,352.548,121.293,86.7686,2.31334,test
2732,171.539,2.51427,69.9096,4.68084,86.2148,0.266258,782.457,85.0627,19.834,7.57657,134.21,154.972,202.269,95.3642,5.8301,train
2733,120.23,1.2864,35.8086,1.19593,158.723,0.326909,850.841,139.133,104.52,51.662,151.504,174.941,101.465,85.771,5.61598,test
2734,49.3645,1.88851,130.255,23.3161,119.559,0.281416,533.609,166.958,60.0191,18.3515,257.394,297.213,81.9371,47.8888,2.07312,train
2735,197.271,2.93361,111.458,7.29451,141.09,0.34333,375.445,124.259,20.0951,6.40028,204.137,235.717,224.17,83.6843,1.83918,test
2736,134.044,1.93403,61.9798,17.2839,187.087,0.318922,852.579,60.0308,15.3349,-0.974495,105.664,122.011,57.3959,29.3185,8.06876,test
2737,166.58,2.11204,116.866,0.508306,144.64,0.337423,583.32,183.094,66.7365,33.1141,259.773,299.96,243.413,135.569,2.2455,test
2738,50.7756,1.69402,56.0864,13.0623,179.503,0.307642,847.577,75.9839,32.9598,9.94876,114.376,132.07,25.5084,16.2528,7.41043,train
2739,104.374,1.62215,84.2962,4.9917,101.653,0.278636,640.175,171.538,92.2337,43.621,221.559,255.834,187.767,135.694,2.88941,train
2740,59.1886,2.39776,72.6827,4.76912,155.926,0.309689,797.209,91.7441,23.8306,9.53073,142.398,164.427,42.2495,20.3479,5.59847,train
2741,115.231,2.39126,72.7403,1.10041,158.165,0.305725,418.868,100.908,29.2676,14.0836,150.383,173.648,86.5815,44.0737,2.78533,train
2742,136.994,2.49522,134.144,23.4061,81.7482,0.33248,443.947,129.71,18.9723,-2.2169,228.504,263.853,293.344,114.955,1.94284,train
2743,160.061,1.25357,137.048,28.3488,186.872,0.267378,441.541,460.789,352.09,161.871,517.742,597.837,388.993,339.713,0.852821,train
2744,86.315,1.2878,139.69,4.09338,108.438,0.282377,398.561,543.389,407.792,201.85,591.564,683.08,418.559,360.773,0.673741,train
2745,185.873,1.71254,7.73521,24.7384,119.073,0.265813,719.692,-59.3362,-42.3329,-33.5357,44.6877,51.6009,-75.4995,-71.7588,16.1049,train
2746,105.78,1.39547,95.7186,24.4222,91.8342,0.291289,866.452,197.392,126.095,50.8365,253.841,293.11,242.425,190.316,3.41336,train
2747,45.6716,2.52473,149.033,8.86114,145.698,0.254076,273.802,183.475,43.3028,17.2208,287.96,332.507,68.0114,32.5898,0.950834,train
2748,85.8921,1.4488,33.4686,5.75518,138.724,0.345202,424.889,72.3918,44.6784,19.4616,91.6778,105.86,47.8158,35.8337,4.6346,train
2749,131.772,2.35526,42.7215,28.6953,166.926,0.312966,650.132,-8.49995,-22.5262,-25.6107,29.6368,34.2216,10.172,-10.2821,21.9367,test
2750,67.5914,2.13705,101.899,2.99423,108.001,0.317742,413.361,151.366,52.4613,24.7336,219.333,253.264,110.076,60.9262,1.88463,train
2751,128.711,1.10032,41.2283,17.862,94.7803,0.292795,250.507,227.299,203.933,93.0355,232.552,268.528,288.073,271.834,1.07721,train
2752,93.6035,2.63147,54.2695,3.22782,162.944,0.262308,674.761,65.0442,14.0025,5.38733,103.329,119.314,44.7305,20.3106,6.53024,train
2753,120.688,1.76729,60.9677,16.1522,81.5829,0.311442,773.095,70.8757,26.0603,4.95402,114.18,131.843,130.656,77.2502,6.77086,test
2754,119.52,1.92586,25.7742,9.32795,107.491,0.338494,480.802,19.2606,2.81429,-3.25683,39.0013,45.0348,32.3427,15.1485,12.3278,train
2755,150.067,2.0333,67.5602,28.7509,93.8124,0.270754,359.609,34.8227,-3.9866,-16.3687,88.6661,102.383,92.0547,26.7677,4.05576,train
2756,98.3841,2.94391,130.008,20.7856,193.74,0.296393,317.63,116.929,7.70741,-6.53911,213.854,246.937,79.9306,23.6297,1.48527,train
2757,101.071,1.87769,132.669,13.6421,165.589,0.26438,739.707,199.638,80.6107,33.4843,287.787,332.307,137.859,86.3746,2.57033,test
2758,57.5215,2.05293,53.4564,29.7668,123.772,0.318388,368.277,8.66192,-15.0276,-22.3972,53.796,62.1183,15.2494,1.50819,6.8458,train
2759,182.643,2.13973,58.5003,16.874,176.279,0.251531,883.292,48.0176,6.39123,-5.24136,92.2472,106.518,66.3629,26.5015,9.57527,train
2760,128.251,1.95469,70.3406,15.3259,147.988,0.322333,752.417,78.695,23.6803,4.17719,129.069,149.036,86.6823,46.2021,5.82959,train
2761,155.617,1.56905,7.81101,9.6981,106.83,0.286025,479.519,-14.1669,-12.2798,-10.989,5.50436,6.35588,-12.8037,-14.5427,87.1163,train
2762,91.4779,1.97931,81.6347,17.1083,102.537,0.303629,543.003,91.6493,27.123,5.00734,150.068,173.284,102.522,54.3829,3.61837,train
2763,73.1071,2.75755,77.5247,21.9706,133.355,0.336478,806.762,50.4076,-5.14647,-13.5585,110.793,127.932,44.4357,10.2923,7.28173,test
2764,111.703,2.52187,23.7181,24.814,130.651,0.314825,897.636,-26.3188,-25.2229,-25.0184,2.2523,2.60073,-9.38364,-20.5576,398.542,train
2765,178.745,1.93889,42.1162,22.8177,76.3744,0.272881,340.027,10.4687,-8.82978,-15.8238,45.5398,52.5848,61.5037,7.78105,7.4666,train
2766,79.9522,1.86806,139.901,8.12335,122.543,0.295083,421.304,229.515,97.7373,44.807,319.924,369.416,168.053,105.929,1.31689,train
2767,164.803,1.24783,79.1019,6.54755,203.674,0.302419,548.689,326.484,253.93,123.691,351.248,405.586,253.264,220.62,1.56211,test
2768,171.309,1.95139,68.8935,2.34169,185.457,0.316313,765.167,111.613,45.061,21.3597,156.323,180.506,116.987,70.3803,4.89478,train
2769,44.195,2.11988,86.4857,17.4851,90.7397,0.334277,751.963,91.0133,22.0127,2.26382,153.719,177.499,58.0405,27.9815,4.89181,train
2770,116.167,2.93136,117.99,19.5311,103.313,0.267924,696.33,104.863,6.40364,-6.56372,192.997,222.853,155.433,44.1511,3.60799,train
2771,184.468,2.17569,93.978,0.0960077,151.514,0.344989,287.205,144.076,50.1943,25.0491,206.161,238.054,204.364,110.156,1.39311,train
2772,195.357,1.28354,37.54,19.2346,177.24,0.288928,861.214,55.6141,37.3086,9.03702,80.6738,93.1541,70.376,56.9506,10.6753,test
2773,93.1586,1.53699,105.518,29.3176,179.697,0.302005,276.57,158.749,82.5486,26.6155,228.862,264.267,94.652,66.4256,1.20846,train
2774,192.248,1.94152,39.1136,25.9697,116.327,0.32853,597.796,-3.3338,-16.4777,-21.2237,30.9862,35.7798,27.2503,-3.12292,19.2923,train
2775,90.0974,2.53103,106.525,6.24678,151.692,0.346969,310.648,131.129,30.8511,12.3022,205.814,237.654,97.3016,43.2202,1.50936,train
2776,109.143,2.39256,5.28277,23.5296,158.891,0.293735,798.262,-49.5011,-31.2542,-27.3919,38.2942,44.2183,-27.4099,-26.7832,20.8455,train
2777,128.144,1.15549,9.7449,10.0204,78.1218,0.302159,513.923,-11.9403,-11.6647,-10.8426,1.90126,2.19539,-9.38191,-10.1606,270.306,train
2778,76.9333,2.40938,49.7575,1.75787,131.972,0.295397,727.623,66.2203,18.2207,8.23142,100.44,115.978,45.754,22.906,7.24438,train
2779,65.9692,1.95506,48.7342,26.6241,207.347,0.349221,535.685,11.1545,-10.9557,-18.7899,51.8652,59.8887,11.0514,3.05029,10.3284,test
2780,118.138,1.68898,76.7168,16.0348,199.317,0.274893,331.573,110.156,49.474,16.7196,161.837,186.873,75.0662,49.3387,2.04882,train
2781,132.878,1.57104,122.756,12.7169,96.9398,0.258396,294.053,247.221,137.182,62.2325,320.41,369.977,360.308,267.864,0.917741,train
2782,40.4497,2.96843,43.1977,16.8428,179.468,0.259934,431.561,16.2597,-10.0952,-13.469,51.4916,59.4574,6.98459,-1.48269,8.38119,train
2783,86.8385,2.60517,100.692,28.2191,189.741,0.281858,458.847,69.301,-3.17195,-15.6955,147.218,169.993,46.7306,10.9761,3.11678,train
2784,82.6561,2.92864,141.506,19.6968,180.562,0.327368,521.667,134.265,12.4559,-3.62045,238.825,275.772,83.2115,26.9326,2.1843,train
2785,179.572,1.9608,121.362,17.4553,95.0109,0.336001,824.428,159.503,55.5965,19.0706,243.236,280.865,366.423,204.026,3.38941,train
2786,113.67,1.38516,17.4523,10.5993,169.227,0.29517,254.324,11.1732,4.32011,-3.13958,24.7904,28.6255,11.5877,7.7926,10.259,train
2787,83.2256,2.38341,130.674,23.9008,106.915,0.275615,870.08,128.496,21.7225,-1.08915,224.447,259.169,128.294,53.0805,3.87655,train
2788,102.472,1.90047,101.286,10.19,116.515,0.338668,671.537,150.664,59.5676,24.6888,218.195,251.95,155.32,91.3552,3.07769,train
2789,104.981,2.86375,120.39,13.9349,186.812,0.297561,438.154,122.086,15.6315,0.84828,209.991,242.476,88.5968,31.4227,2.08654,train
2790,147.569,1.28855,145.504,5.50483,145.777,0.306345,576.865,558.509,418.51,206.503,609.694,704.014,546.459,465.581,0.946155,train
2791,158.184,2.75857,24.2701,8.17509,175.794,0.29919,329.425,12.7901,-3.30498,-5.74003,32.0951,37.0602,19.5881,2.13048,10.264,train
2792,52.0475,2.80768,136.435,12.1293,181.593,0.324947,321.229,148.296,23.9902,5.93044,246.585,284.732,54.6587,20.9265,1.30271,train
2793,177.783,2.13467,104.069,12.5684,127.147,0.320882,464.572,130.383,38.8826,13.1571,203.042,234.453,223.098,115.493,2.28806,train
2794,75.8381,1.55199,50.097,7.98142,200.719,0.331526,311.458,93.9291,51.8135,21.916,124.73,144.026,39.0194,27.674,2.49705,test
2795,82.9176,1.25809,106.641,29.3752,117.666,0.252615,815.814,313.043,235.778,103.201,363.457,419.684,221.21,192.497,2.2446,train
2796,77.8347,1.31745,5.5192,6.18128,184.551,0.285181,861.794,-8.64329,-7.98121,-7.08125,2.70554,3.12409,-2.1298,-2.33311,318.529,train
2797,190.897,2.3494,80.2119,28.1283,132.316,0.288971,321.588,47.0028,-5.08081,-16.6046,110.171,127.215,108.176,26.5934,2.91898,train
2798,185.42,1.21852,75.3292,13.013,193.326,0.335196,544.337,306.392,244.076,115.531,330.58,381.721,280.938,245.088,1.64661,train
2799,122.144,1.87132,112.45,8.93265,82.3945,0.281325,266.327,177.337,73.8197,32.4435,250.962,289.786,296.254,186.435,1.06122,train
2800,181.3,1.69478,50.3762,5.43139,77.6109,0.272175,715.311,87.5246,42.5797,18.5742,119.426,137.901,224.679,154.412,5.9896,train
2801,124.175,2.75392,72.0477,27.9352,185.023,0.281601,558.086,29.5771,-14.5354,-21.2353,88.0097,101.625,37.4799,-1.27343,6.34119,train
2802,22.875,1.475,48.6702,22.5406,205.887,0.251085,697.993,48.0412,21.9115,-0.314516,83.7545,96.7114,6.70412,4.53129,8.33379,train
2803,94.6293,1.41351,136.266,27.5551,114.254,0.30053,331.034,299.014,190.303,81.3739,376.964,435.28,261.318,203.856,0.878158,test
2804,55.1382,1.30416,124.448,19.2891,145.904,0.253976,410.377,385.966,280.807,130.759,442.032,510.415,145.254,124.443,0.928387,test
2805,94.0906,1.50042,25.8652,15.8401,186.718,0.336562,312.017,10.2087,0.183642,-7.82825,31.2408,36.0738,10.8587,6.16177,9.98748,train
2806,20.6261,1.648,149.04,8.6585,122.162,0.296417,459.406,295.348,154.966,73.1539,384.852,444.388,53.6652,37.8002,1.19372,train
2807,81.2061,2.85627,27.2399,29.8064,144.328,0.276716,774.475,-33.09,-30.5235,-30.165,5.06636,5.85013,-9.68048,-22.3841,152.866,train
2808,119.361,2.45924,40.8107,29.1827,142.017,0.28311,264.646,-12.9476,-24.5756,-26.8791,24.1302,27.8631,5.22446,-17.9903,10.9674,train
2809,107.123,2.86573,104.691,3.23276,127.863,0.272204,698.793,126.36,24.9016,10.8344,200.096,231.051,127.268,54.8184,3.49228,train
2810,96.5474,1.55456,118.064,16.4213,113.775,0.292048,772.963,228.719,127.076,55.3274,300.323,346.783,209.635,152.646,2.57377,test
2811,191.069,1.36022,72.3999,19.4161,101.509,0.330792,291.539,158.205,105.222,42.9028,199.71,230.605,316.156,249.512,1.45981,train
2812,73.9641,1.91658,83.9806,14.1651,200.319,0.27404,730.768,107.882,38.0668,11.9508,166.158,191.863,47.1219,27.3679,4.39803,test
2813,34.8233,2.36424,147.329,10.0952,131.723,0.325238,883.036,186.941,49.7067,19.8058,289.487,334.27,60.3862,29.0942,3.05035,test
2814,86.7607,1.74764,34.065,4.4285,206.73,0.318447,714.901,54.0616,24.4252,9.99833,76.3199,88.1266,25.9051,16.6138,9.36716,train
2815,177.636,2.57476,22.9687,25.4762,101.395,0.265147,574.834,-28.8747,-26.3671,-25.9217,5.11474,5.906,-27.8757,-57.4631,112.388,train
2816,196.971,2.2566,28.6487,22.9897,105.98,0.307869,465.978,-14.5651,-20.224,-21.6069,12.1967,14.0836,1.68583,-27.2366,38.2051,train
2817,194.431,2.72718,110.815,24.0113,166.947,0.343362,342.283,89.7607,2.95684,-10.5273,173.704,200.576,153.061,47.0579,1.9705,train
2818,22.1775,1.6055,55.6582,13.0555,120.996,0.264072,531.016,83.5552,40.9525,13.9485,120.562,139.213,17.3338,11.9819,4.40449,train
2819,155.797,1.99899,111.826,21.2032,78.0294,0.324392,623.624,129.917,39.2936,9.04516,209.355,241.743,325.968,172.573,2.97878,train
2820,138.492,2.52849,122.562,8.21351,98.5272,0.280888,720.478,148.539,34.1907,12.9886,234.781,271.101,252.052,116.75,3.06873,train
2821,92.4816,1.81535,93.874,20.8867,169.208,0.334094,407.012,115.692,42.705,10.9092,181.49,209.566,78.3819,45.6789,2.24261,train
2822,65.0866,2.48285,149.527,17.367,111.203,0.345921,510.551,165.973,33.8128,8.2229,273.231,315.5,125.753,53.7337,1.86857,train
2823,160.267,2.31831,34.6298,5.63358,167.537,0.30485,664.189,36.6194,7.62314,0.994782,61.7036,71.2492,44.839,20.0421,10.7642,train
2824,148.891,1.61566,32.64,12.933,124.662,0.330327,516.172,31.2492,11.5423,-0.695385,55.3296,63.8891,50.4743,30.9598,9.32903,train
2825,37.7962,1.74235,20.7966,7.89988,85.9456,0.314093,405.426,17.6668,4.77014,-1.56487,33.3103,38.4634,10.8581,5.9329,12.1712,train
2826,54.8239,1.95846,100.048,20.0182,74.9944,0.25471,614.988,116.458,36.4286,8.20523,187.5,216.506,102.237,56.4632,3.27995,train
2827,72.2309,2.821,6.47918,20.2017,208.008,0.329513,278.805,-37.8686,-24.1461,-22.1739,27.1841,31.3895,-9.8713,-9.97495,10.2562,train
2828,164.865,1.89905,55.843,21.9559,82.0697,0.256767,667.738,37.9341,4.04703,-8.95446,81.2133,93.7771,109.626,45.7168,8.22203,train
2829,89.9638,2.19706,21.3566,26.4918,94.3891,0.256166,250.252,-34.3107,-29.1755,-27.8337,11.2185,12.9541,-20.692,-31.9534,22.307,train
2830,131.694,1.67595,125.062,28.0779,196.586,0.339317,572.319,176.14,79.1561,25.5391,260.848,301.201,140.62,89.8383,2.19407,train
2831,190.26,1.83248,113.946,13.1516,128.218,0.285278,609.858,173.135,72.3404,29.5944,248.619,287.08,292.619,183.952,2.45298,train
2832,29.7902,2.32249,118.13,1.07736,132.289,0.336192,592.991,169.254,52.2017,25.5622,248.882,287.384,45.1226,22.9965,2.38262,train
2833,128.925,2.63924,97.1393,22.3043,98.7072,0.342191,379.732,77.6197,2.78469,-9.75979,151.346,174.759,149.16,47.4221,2.50903,train
2834,40.0925,1.7323,69.5042,16.8639,170.974,0.262281,571.96,88.3941,35.7537,9.44491,136.744,157.898,24.4218,15.3141,4.18271,train
2835,176.045,1.55325,33.2021,5.73764,90.2158,0.331181,288.852,60.6124,33.1479,13.7051,81.2457,93.8144,130.878,92.4727,3.55529,train
2836,149.177,1.67712,59.8895,5.52265,74.4271,0.30139,469.206,108.827,54.4604,24.4689,146.113,168.717,239.524,163.875,3.21125,train
2837,143.156,2.42859,50.3282,21.5766,94.2244,0.327309,877.711,18.915,-9.83658,-15.7066,59.9664,69.2432,61.576,8.732,14.6367,train
2838,197.362,1.9286,133.679,25.2974,173.529,0.256822,870.372,162.792,54.4102,14.5564,256.751,296.471,219.946,125.399,3.38994,train
2839,39.3972,1.30645,128.077,12.9982,117.272,0.293783,530.707,427.715,312.636,149.819,481.33,555.792,141.544,119.573,1.10258,train
2840,36.0975,2.16931,69.7169,19.1589,125.938,0.299884,569.593,58.6842,8.12622,-5.51633,111.199,128.401,23.2873,9.65382,5.1223,train
2841,63.6768,2.71943,97.5708,11.5304,108.073,0.304492,790.321,101.417,15.3771,1.92334,172.329,198.988,76.9151,29.3257,4.58612,train
2842,101.036,2.18792,140.58,21.9267,151.166,0.331142,661.25,159.391,40.7372,9.40524,259.782,299.971,135.565,65.6354,2.5454,train
2843,168.728,1.98084,17.3623,14.286,109.962,0.304438,639.923,-9.10528,-12.1816,-13.2338,7.15079,8.25703,0.321232,-11.5606,89.4898,train
2844,101.382,1.47109,73.3876,19.914,133.681,0.261246,287.792,125.431,71.9576,26.0218,172.182,198.819,104.51,78.4994,1.67144,train
2845,149.735,1.44592,118.516,16.1941,159.698,0.303655,423.931,273.758,171.436,77.6211,339.719,392.274,268.323,207.131,1.24789,train
2846,66.6144,1.49366,35.4041,0.532798,92.3958,0.276215,710.757,90.9923,56.121,27.7941,109.463,126.396,67.118,52.3269,6.49316,train
2847,87.2698,1.85621,8.71985,20.0083,162.643,0.293089,650.743,-40.5287,-29.2403,-24.6243,27.5473,31.8089,-16.5027,-16.0941,23.6228,train
2848,137.319,1.79099,73.8303,29.1192,163.749,0.315609,544.722,56.0976,11.3864,-8.86637,112.521,129.928,68.9304,35.1073,4.84108,train
2849,154.233,2.47627,92.7276,10.608,134.361,0.289044,310.686,103.515,21.3954,5.3937,169.951,196.243,147.802,65.101,1.82809,train
2850,72.1744,1.4147,90.5618,16.0094,95.7256,0.304823,553.185,207.442,132.889,58.44,258.079,298.004,163.788,127.95,2.14348,train
2851,159.024,1.18471,81.8074,29.9331,169.305,0.303127,673.934,279.046,227.172,98.6192,312.508,360.853,257.314,229.62,2.15653,train
2852,150.735,1.13562,83.4587,10.3088,106.571,0.324068,742.976,567.955,494.805,242.248,564.141,651.414,730.534,674.039,1.31701,train
2853,125.133,1.62131,113.665,28.5364,112.226,0.257171,396.568,161.133,76.0039,23.7338,237.982,274.798,205.453,139.631,1.66638,test
2854,102.586,2.06716,80.4956,3.85395,87.3904,0.313669,470.695,119.618,42.9765,19.5613,173.304,200.114,162.855,92.3315,2.71601,train
2855,34.1174,1.72265,110.697,22.6385,131.048,0.305389,675.49,154.931,66.8728,22.1172,230.04,265.628,47.3777,30.0625,2.9364,train
2856,84.1724,1.91506,92.6982,8.8456,93.1821,0.317124,572.765,137.878,54.0257,22.59,199.685,230.576,144.63,85.9185,2.86834,test
2857,89.38,1.52465,111.998,11.2281,158.203,0.320526,694.843,241.698,140.928,64.8498,306.31,353.696,145.09,106.588,2.26843,train
2858,129.38,2.61985,55.4711,9.60481,174.668,0.332948,617.824,51.9059,6.03956,-1.78263,92.9912,107.377,52.5678,19.0778,6.64389,test
2859,173.657,2.34586,38.4136,19.5999,181.9,0.258567,626.136,7.56991,-11.2439,-15.4219,39.8229,45.9836,20.5161,-4.90108,15.723,train
2860,172.392,1.63226,111.408,2.44605,136.306,0.344289,715.469,237.459,128.497,63.0253,302.128,348.867,321.391,222.21,2.3681,test
2861,23.4786,2.89644,59.0319,21.1902,199.013,0.321854,397.243,26.8938,-10.948,-16.0691,74.4138,85.9257,6.02444,0.35677,5.33829,train
2862,157.938,2.83291,104.548,9.0954,204.478,0.305305,268.459,113.531,18.0782,4.49142,188.862,218.079,111.286,42.6332,1.42145,train
2863,116.752,2.67082,100.798,4.75724,78.3831,0.259611,681.297,122.601,26.5605,10.9016,193.469,223.398,217.376,99.3171,3.52149,train
2864,119.186,1.74124,23.0256,6.96063,101.349,0.293463,359.928,24.9168,8.85186,0.945614,41.5193,47.9424,36.9219,21.7404,8.66894,train
2865,53.2441,1.73136,70.261,1.56847,146.743,0.326161,783.741,135.899,67.2064,32.8189,178.54,206.16,53.7405,35.8163,4.38973,train
2866,88.4616,1.86351,85.0345,13.5017,101.634,0.3239,516.61,115.89,44.3567,15.4275,174.005,200.924,120.494,70.9348,2.96893,train
2867,21.2533,2.50045,36.3422,19.7085,88.9012,0.336938,542.449,3.25911,-13.3746,-16.5416,34.2958,39.6013,5.03897,-0.69375,15.8168,test
2868,183.501,1.75479,105.478,5.35861,109.492,0.330297,750.568,191.062,90.9428,42.7921,256.811,296.54,354.906,231.092,2.92264,test
2869,73.4811,2.62767,54.1737,21.2519,101.867,0.28066,566.608,22.8212,-10.1006,-15.6763,66.6796,76.995,30.6031,0.499666,8.49747,train
2870,76.2796,1.98989,87.126,3.84179,181.455,0.287879,671.175,135.722,52.4379,24.298,192.992,222.848,64.6579,38.9384,3.47773,train
2871,179.899,1.74196,18.5715,4.21884,168.532,0.258174,648.815,24.2437,9.89101,2.83609,37.0791,42.8152,30.2154,19.0556,17.4981,train
2872,165.578,1.691,13.7075,6.36894,173.707,0.328903,329.277,8.8628,1.52419,-2.42237,19.5465,22.5703,13.505,7.11753,16.8458,train
2873,82.4535,2.15036,52.8607,11.6807,208.556,0.291431,309.996,52.2254,11.0454,-0.317644,91.0073,105.086,26.7746,12.363,3.40627,train
2874,53.6013,1.99447,71.9362,24.1295,195.071,0.261651,292.415,55.7845,7.97781,-8.07585,110.609,127.721,21.0809,8.99023,2.64367,train
2875,28.7352,2.48777,131.95,19.8637,159.538,0.314614,884.927,135.424,23.3376,1.73695,231.552,267.373,31.7705,13.0126,3.82172,train
2876,135.083,2.92843,5.19041,4.82454,136.839,0.260537,581.31,-4.36208,-4.72795,-4.77624,0.717358,0.828334,-1.74273,-6.43672,810.348,train
2877,112.957,1.90848,106.823,7.0564,83.89,0.334323,468.81,168.226,68.4592,30.7014,238.199,275.049,260.782,155.609,1.96814,train
2878,51.7085,1.20568,109.012,11.8293,145.23,0.262205,313.724,513.796,416.613,202.392,539.368,622.808,174.217,157.392,0.581651,test
2879,22.2514,1.59715,52.2116,12.204,147.206,0.293928,799.429,79.3962,39.3887,13.5923,113.976,131.608,13.7172,9.41082,7.01403,test
2880,29.5902,1.39595,119.002,8.9986,167.587,0.273451,746.358,332.914,222.91,106.956,391.37,451.916,59.3627,48.34,1.90704,test
2881,53.0001,2.65301,144.442,28.6579,202.172,0.315868,394.155,125.475,9.69073,-9.48359,233.754,269.916,45.6395,15.119,1.68619,train
2882,90.6199,1.78269,140.123,1.46193,105.318,0.307328,713.323,264.529,125.869,62.2033,350.439,404.652,248.217,164.435,2.03551,test
2883,163.352,1.26224,51.0634,22.6788,109.242,0.32943,831.954,101.398,73.0131,25.1672,132.035,152.461,164.378,136.261,6.301,train
2884,31.9427,1.15811,17.1057,9.21364,121.478,0.319998,572.008,44.9355,37.0435,13.9149,53.7292,62.0411,12.0843,10.8226,10.6461,train
2885,145.087,1.51693,15.2554,24.244,206.603,0.349957,587.416,-47.0496,-38.0611,-31.1525,27.5346,31.7942,-21.6354,-19.8934,21.3337,train
2886,49.2325,2.64619,141.781,17.3472,108.192,0.261796,385.087,148.549,24.1149,3.38386,251.434,290.331,84.0842,33.4396,1.53156,train
2887,133.994,1.69464,85.1092,6.33428,192.702,0.312411,676.896,156.61,77.8352,35.7505,209.335,241.719,119.62,80.8886,3.23355,train
2888,88.4269,1.11697,17.9739,1.87495,138.86,0.316193,547.001,144.253,128.154,63.1398,140.493,162.227,82.7671,77.3765,3.89344,train
2889,94.4943,2.63406,120.741,26.1136,154.415,0.316668,354.2,100.384,5.75657,-10.1785,191.499,221.124,86.7998,27.8041,1.84962,train
2890,94.2299,2.81063,100.088,2.46788,78.4796,0.340911,567.697,123.45,25.8293,11.6807,193.59,223.538,184.413,76.5673,2.93247,train
2891,154.443,2.62759,101.415,15.1257,136.479,0.30442,810.602,100.393,14.1039,-0.510882,174.77,201.807,148.719,56.0908,4.6381,train
2892,146.555,2.01794,102.073,9.07809,166.638,0.302516,456.247,144.459,51.4641,21.193,213.503,246.532,148.568,84.831,2.13695,train
2893,119.856,2.22199,84.8118,11.4766,136.503,0.322233,797.876,99.1106,25.7753,7.14939,159.281,183.922,108.998,53.0088,5.00922,train
2894,84.3295,1.73061,46.6743,5.27298,197.393,0.321576,497.06,77.6333,36.232,15.4795,107.654,124.308,37.4519,24.3613,4.61722,train
2895,194.094,2.78231,27.1373,2.09948,85.8346,0.259229,451.466,30.3667,5.32879,1.61465,49.7999,57.504,83.6279,34.3169,9.0656,train
2896,32.0811,2.53068,45.7824,8.46897,143.683,0.27533,872.831,42.6532,5.33973,-1.56462,76.5875,88.4356,12.4342,4.57814,11.3965,test
2897,96.7985,1.60486,43.6063,17.7258,175.462,0.309326,399.19,41.0066,15.1262,-1.29982,73.2769,84.6129,30.2856,18.6027,5.44769,train
2898,124.973,2.75963,136.413,21.125,88.0357,0.304897,265.598,129.017,13.7286,-3.69821,229.869,265.43,243.792,83.4313,1.15543,test
2899,20.0684,2.64431,80.4073,28.4783,113.901,0.320683,330.252,40.7824,-11.1466,-19.8125,104.953,121.19,12.8481,2.02177,3.14665,train
2900,24.0653,1.70253,93.1769,17.0131,102.492,0.283906,828.043,139.382,63.2182,23.1026,201.402,232.559,37.3985,24.5808,4.1114,train
2901,177.926,2.57784,47.8824,7.2342,134.734,0.34856,500.614,47.8149,7.16667,-0.0337686,82.8763,95.6973,85.1989,33.021,6.04049,test
2902,120.129,2.05479,146.481,8.18383,183.79,0.273625,857.502,215.954,77.6574,34.7368,313.878,362.435,161.138,94.5403,2.73196,train
2903,198.438,1.58025,103.925,18.6757,191.275,0.250325,784.245,180.452,95.2031,38.2637,246.278,284.377,204.262,148.04,3.18439,test
2904,50.4658,2.17383,133.912,24.1955,188.827,0.266694,880.504,144.42,34.7041,5.25431,241.042,278.332,47.768,23.0971,3.6529,train
2905,155.705,1.76164,71.0462,0.233976,157.115,0.286691,679.303,137.91,67.0979,33.432,180.962,208.956,147.36,100.526,3.75385,test
2906,127.494,2.23459,86.8425,26.2554,202.455,0.32621,599.571,64.6754,4.08827,-11.0836,131.218,151.518,60.8452,22.8933,4.56926,test
2907,142.575,2.87023,103.038,2.19128,183.969,0.258513,579.404,126.521,25.6739,11.7413,198.804,229.559,116.343,51.6173,2.91445,test
2908,174.807,2.64539,35.5133,29.027,107.675,0.269589,359.681,-20.378,-26.8642,-27.9456,13.1076,15.1353,-5.30897,-49.4108,27.4407,train
2909,162.12,1.42998,141.068,6.4809,79.8225,0.330678,820.979,385.731,251.144,122.331,456.222,526.799,796.007,618.134,1.79952,train
2910,170.932,2.93299,40.9312,9.52141,119.944,0.26132,262.941,30.1515,-1.25834,-5.38987,61.5595,71.0827,60.2192,11.0275,4.27133,test
2911,114.432,2.80575,132.841,27.6597,194.927,0.266175,359.221,108.133,2.951,-12.3543,208.689,240.974,86.1669,22.4035,1.72132,train
2912,82.3478,2.32147,46.2337,18.5224,100.652,0.296958,641.878,21.8158,-5.89549,-12.209,58.9326,68.0495,32.0473,6.13556,10.8917,train
2913,142.61,1.63821,25.9702,22.4509,72.2065,0.331568,412.013,-14.7513,-18.2706,-20.3607,9.71583,11.2189,1.2058,-13.1867,42.4064,test
2914,75.512,1.53105,134.65,27.0821,122.457,0.315479,310.227,240.544,132.976,52.9471,324.928,375.195,164.224,117.841,0.954756,train
2915,119.546,1.22237,11.7447,10.0353,127.997,0.301825,267.384,-1.40812,-3.1175,-6.57641,8.95175,10.3366,3.84952,2.16498,29.8694,train
2916,196.798,2.31702,128.767,20.5188,116.791,0.344227,640.97,137.287,29.0389,4.26008,230.409,266.054,303.553,135.227,2.78188,train
2917,133.009,2.00255,83.7711,0.597736,199.911,0.279083,590.925,137.837,54.6634,27.0328,191.918,221.608,102.244,63.0024,3.07905,train
2918,26.8994,2.90835,51.3784,26.3489,148.375,0.288937,822.989,5.39213,-19.6373,-22.9931,49.1647,56.7705,4.87332,-2.83695,16.7394,train
2919,155.542,1.39192,48.2204,1.72468,72.864,0.346678,494.817,143.968,97.4717,47.8735,166.44,192.188,307.582,242.082,2.97295,train
2920,42.1223,2.80681,133.092,29.3041,198.166,0.298648,570.88,104.662,0.874531,-14.2148,205.901,237.753,31.5981,8.27592,2.7726,train
2921,178.503,2.54369,119.978,17.9467,203.342,0.349793,619.71,121.387,19.3564,0.704826,209.028,241.365,143.184,56.6896,2.96472,train
2922,44.8948,2.48623,51.4406,17.6692,195.898,0.259692,355.144,29.138,-4.63342,-11.1513,69.7831,80.5786,10.4028,1.62447,5.08925,train
2923,191.385,2.58177,56.7445,11.5802,151.002,0.348885,397.646,49.5275,4.36325,-3.6085,92.0342,106.272,89.4605,31.6175,4.32063,train
2924,185.052,1.83818,123.99,18.8983,134.942,0.296697,541.816,174.546,69.4542,25.278,258.54,298.536,279.526,170.308,2.09568,test
2925,117.232,2.11735,12.3885,15.6838,102.425,0.2776,859.117,-20.8712,-17.5759,-16.6299,7.34619,8.48265,-14.6683,-20.8552,116.947,train
2926,80.277,1.86525,37.0259,1.55761,203.19,0.314441,433.192,62.5237,27.0554,12.7489,86.2125,99.5497,27.7181,17.3447,5.0247,train
2927,110.373,1.99247,43.7579,2.62676,191.734,0.278321,645.352,66.2028,25.0716,11.2224,95.2288,109.961,43.323,26.0127,6.77686,train
2928,93.8111,2.77844,70.7829,19.9295,129.065,0.318756,545.633,46.0593,-4.79402,-12.3618,101.188,116.842,52.7418,11.1054,5.39225,train
2929,187.58,1.46433,132.03,26.7898,91.5211,0.307077,878.476,262.396,157.155,65.1828,341.583,394.426,579.873,436.28,2.57178,train
2930,102.917,2.01673,107.788,27.7832,155.202,0.324582,714.381,104.39,24.3848,-1.6992,183.751,212.178,92.7885,45.4081,3.88776,train
2931,48.3489,2.99694,116.025,13.5955,107.166,0.297931,773.978,114.501,12.0709,-0.762287,199.641,230.526,67.3558,22.1047,3.87684,test
2932,173.869,1.48493,131.739,24.8399,122.948,0.273931,420.354,259.482,152.583,63.8717,338.808,391.221,393.241,297.962,1.24069,train
2933,27.999,2.30506,46.1188,28.7684,101.708,0.309084,628.135,-3.37308,-20.7234,-24.7459,37.0188,42.7457,5.10109,-2.65432,16.968,train
2934,28.8162,1.75407,71.7839,22.1309,145.641,0.293054,717.994,75.3394,25.6864,1.77774,127.413,147.123,18.9657,10.9847,5.63519,test
2935,66.2098,2.57637,59.8024,5.95262,102.779,0.29179,652.439,67.0008,13.151,3.59918,109.815,126.803,53.7259,22.9661,5.94126,train
2936,183.158,1.25691,88.9881,5.06825,138.132,0.254997,540.767,368.322,284.402,139.667,396.042,457.31,471.248,416.788,1.36543,train
2937,191.73,1.42974,28.5596,12.3877,188.195,0.316715,763.571,34.7601,18.5882,3.10027,54.8365,63.3197,43.6278,31.3601,13.9245,train
2938,156.053,1.23448,21.5521,9.89033,144.382,0.349562,489.766,46.2872,34.6254,12.3676,58.7505,67.8393,53.499,45.0443,8.33636,train
2939,131.158,2.82983,132.954,4.74306,127.703,0.338033,462.143,160.058,31.8472,13.5521,253.755,293.011,205.841,83.9054,1.82121,train
2940,195.2,2.25959,146.041,5.91631,120.57,0.320118,453.544,202.466,62.3416,28.2126,301.816,348.507,388.856,201.95,1.50272,train
2941,89.0608,2.8942,50.4238,7.13275,146.501,0.301948,366.222,47.8961,4.60501,-1.26387,85.1475,98.3199,38.6048,12.563,4.30103,train
2942,52.3047,1.43885,19.7291,21.1892,111.126,0.312634,834.98,-25.3776,-23.9175,-22.5533,4.89173,5.64849,-5.72282,-6.93633,170.692,train
2943,59.4662,1.41718,121.218,3.20646,192.631,0.329553,770.183,348.86,230.849,113.821,407.099,470.078,108.447,85.0462,1.89188,train
2944,138.748,2.0595,56.1323,5.37323,153.851,0.27636,295.175,76.7036,25.9446,10.2857,115.039,132.836,80.6,45.6659,2.56586,train
2945,141.687,1.14304,123.999,0.75627,135.723,0.253199,841.579,926.599,803.356,401.3,909.844,1050.6,894.023,837.603,0.92497,train
2946,123.126,1.29678,35.622,10.2738,90.55,0.28514,512.359,89.4496,64.1014,26.9138,108.315,125.072,125.006,104.664,4.73026,train
2947,86.4599,2.51065,143.698,13.5709,179.762,0.308403,429.445,165.63,35.5029,10.966,267.887,309.329,99.3516,43.8413,1.60308,train
2948,32.3192,1.62397,55.3595,26.2281,166.277,0.294049,287.547,38.4881,9.35672,-8.43569,81.2743,93.8475,11.1271,6.17084,3.53798,train
2949,61.4982,2.86,94.0674,24.7449,171.121,0.328536,641.721,63.8886,-5.43392,-15.0894,136.794,157.956,35.8487,7.86612,4.69115,train
2950,27.7134,1.82794,51.0154,23.672,83.8545,0.345581,689.251,27.0284,-0.315125,-11.9935,67.5879,78.0438,16.1291,7.25565,10.1978,train
2951,131.358,1.23874,52.4358,2.76413,195.215,0.320978,804.494,232.775,183.103,90.1695,247,285.211,148.482,129.239,3.25706,train
2952,156.484,1.13108,62.6632,11.7555,128.044,0.292982,388.03,403.65,352.742,170.493,403.839,466.313,454.698,423.311,0.960855,train
2953,26.7294,1.50916,98.5728,5.64589,150.16,0.288724,457.514,232.756,139.829,67.0917,286.939,331.329,43.05,32.7978,1.59446,test
2954,28.6795,1.2959,139.474,23.8282,181.363,0.266578,657.994,432.273,316.627,146.399,495.148,571.747,68.0649,58.189,1.32889,train
2955,96.362,1.62517,17.5043,29.229,191.886,0.289897,527.275,-55.2419,-43.5171,-36.3731,32.6818,37.7376,-19.898,-19.9947,16.1336,train
2956,154.536,1.43715,124.531,23.6084,95.6189,0.338199,323.087,266.767,165.845,71.1184,338.874,391.298,460.334,347.884,0.953413,train
2957,93.7882,2.2855,85.5831,7.91374,87.4735,0.252273,749.421,106.535,28.8657,10.476,166.379,192.118,134.541,69.1511,4.50429,test
2958,92.2248,1.14005,29.8008,6.46843,202.309,0.269464,892.403,172.563,149.231,71.3811,175.252,202.364,73.557,68.4652,5.09211,train
2959,167.263,1.65777,112.436,14.7234,185.438,0.277394,416.741,194.775,97.0624,41.1695,266.052,307.21,193.516,134.167,1.56639,train
2960,93.9924,1.29918,118.239,12.1837,90.157,0.31943,411.376,402.232,296.177,141.997,450.741,520.471,411.432,344.993,0.912666,train
2961,21.5373,1.64442,134.749,12.4218,159.374,0.28182,842.724,253.471,131.144,59.3611,336.208,388.22,37.1243,26.2034,2.50655,train
2962,121.206,1.65878,106.166,7.65105,122.814,0.323575,410.739,203.354,104.838,48.5936,268.052,309.52,219.077,149.94,1.53231,test
2963,165.628,2.7707,149.363,4.80872,192.843,0.262475,256.133,183.046,38.4917,16.8415,287.874,332.408,187.088,84.0824,0.88974,train
2964,59.9556,2.65877,52.7266,24.4419,156.94,0.275908,711.527,13.1638,-15.1209,-19.7814,57.0628,65.8904,12.6717,-2.96526,12.4692,train
2965,61.1926,1.24163,104.162,18.4129,81.1068,0.290749,835.793,383.961,298.212,139.899,422.727,488.124,281.848,246.268,1.97714,train
2966,166.722,1.88297,75.6737,21.913,115.69,0.283408,794.098,74.0863,20.3256,-0.793732,129.696,149.76,137.998,72.6174,6.12276,train
2967,98.5061,2.13102,50.8,0.664696,128.833,0.313737,315.168,77.7857,27.6504,13.4928,111.358,128.586,68.4247,38.4955,2.83022,train
2968,92.6575,1.87204,31.9462,0.72119,172.353,0.323074,428.06,55.4387,24.2136,11.7462,75.6775,87.3849,33.3125,20.7843,5.65638,train
2969,73.2637,2.14334,8.18378,21.4273,107.647,0.340678,821.545,-42.0409,-28.7973,-25.1123,29.3211,33.8571,-20.8925,-18.8793,28.0189,train
2970,77.5389,2.28319,57.2817,10.5723,190.47,0.298592,820.383,58.3112,11.6019,0.514767,100.106,115.593,30.6384,13.5749,8.1951,train
2971,122.863,1.86607,133.211,13.7924,104.567,0.261226,736.602,201.846,82.427,34.3173,290.168,335.057,267.518,168.973,2.53854,train
2972,102.52,1.65354,136.361,28.7835,161.848,0.270623,624.671,202.86,95.2823,33.2494,293.774,339.221,146.174,98.534,2.12637,train
2973,66.1904,2.81875,17.6338,20.7735,209.367,0.260408,353.948,-24.8172,-21.6776,-21.2255,6.22096,7.18334,-4.64667,-9.5714,56.896,train
2974,149.338,1.69752,23.9258,18.0516,159.031,0.293518,859.635,-5.93355,-11.8077,-14.9297,15.5818,17.9923,5.1378,-3.39074,55.1693,train
2975,95.5196,2.33569,132.426,20.0742,158.033,0.278203,881.323,142.711,30.3593,5.14254,238.276,275.138,107.662,48.7244,3.69874,train
2976,74.6519,2.19138,62.623,0.263611,137.065,0.340337,868.056,94.898,32.5386,16.1375,136.417,157.521,60.3026,32.3877,6.36324,train
2977,142.396,1.67051,56.4673,7.78676,97.8172,0.273767,253.485,95.2674,46.5869,19.4001,131.406,151.735,153.456,105.559,1.92902,test
2978,94.1962,1.27286,62.8138,7.7955,89.6947,0.330417,864.772,224.652,169.634,80.919,248.953,287.466,229.644,194.459,3.47364,train
2979,123.065,2.64338,12.223,0.451364,133.601,0.340028,634.622,15.2524,3.48075,1.51469,23.7945,27.4755,17.4036,7.59498,26.671,train
2980,87.3948,2.90615,141.983,12.4667,70.3258,0.349454,309.573,151.84,22.323,4.9282,254.458,293.823,248.212,90.1338,1.21659,test
2981,140.131,2.17231,79.6467,7.60614,148.666,0.284207,420.945,103.177,31.1366,11.7652,158.33,182.824,115.438,61.3347,2.65866,train
2982,55.9153,1.25434,46.3577,27.0647,166.505,0.269401,271.647,59.5251,40.2321,6.5837,91.6972,105.883,23.5879,19.2711,2.96244,train
2983,152.784,2.83413,140.993,2.84967,141.168,0.269265,695.084,174.582,36.4385,16.7944,273.296,315.575,225.141,100.252,2.54334,train
2984,33.842,1.76323,34.2282,6.02108,82.0354,0.276572,750.001,48.9354,20.7283,7.35359,72.0218,83.1636,23.2535,14.8094,10.4135,train
2985,57.002,1.62909,84.7828,13.0922,86.6698,0.302702,753.225,145.288,73.598,30.2529,199.248,230.071,106.411,73.2902,3.78035,test
2986,54.0227,2.41138,143.492,18.0401,136.233,0.278346,701.779,159.523,34.0714,8.01565,262.419,303.015,78.2117,35.2479,2.67427,train
2987,67.5188,2.52759,144.779,25.3274,137.709,0.349175,879.325,138.458,19.0065,-3.16043,245.29,283.236,93.2131,35.8817,3.58484,train
2988,131.46,2.72844,135.183,15.6044,137.366,0.266625,307.599,141.085,21.5064,2.95099,239.255,276.268,168.76,64.9655,1.28565,train
2989,104.446,2.05346,96.864,10.0507,75.4977,0.330501,686.815,130.739,43.9257,16.9375,197.11,227.603,217.413,118.319,3.48442,test
2990,69.2522,1.43795,71.0226,16.1847,181.189,0.255152,582.189,141.375,86.5368,35.176,183.941,212.397,57.5305,44.8973,3.16508,train
2991,137.079,1.90905,133.581,15.2134,206.567,0.305452,279.845,192.675,74.3069,29.5467,282.546,326.256,148.948,88.59,0.990441,test
2992,149.903,2.92937,81.0474,19.0656,111.532,0.290366,771.364,59.2677,-2.71413,-10.8898,121.516,140.315,115.537,23.5596,6.34782,train
2993,67.7261,2.94559,18.1186,12.6007,83.6284,0.324481,283.872,-5.6452,-11.1631,-11.8819,10.8023,12.4734,3.31179,-7.67872,26.2788,train
2994,30.2797,1.18636,19.6773,4.91356,194.772,0.281442,485.905,82.318,67.5543,31.3203,88.3304,101.995,12.2879,11.0886,5.50099,train
2995,169.534,1.63706,60.1953,9.90198,204.672,0.347662,515.646,100.266,49.9727,20.0354,138.964,160.461,94.6174,62.986,3.71065,train
2996,97.9742,1.23237,17.9334,1.43931,142.538,0.268246,763.406,78.6488,62.1547,30.3577,83.6426,96.5822,51.7687,46.0786,9.127,train
2997,180.842,2.58107,135.785,26.2003,138.888,0.303668,588.864,122.094,12.5091,-6.84558,223.33,257.879,215.37,75.7646,2.63675,train
2998,167.752,2.73645,53.5582,3.27269,90.7822,0.330078,565.42,62.5136,12.228,4.47767,100.521,116.072,145.452,59.8206,5.62489,train
2999,78.626,1.9637,145.226,22.5637,134.026,0.342387,339.532,185.994,63.3312,20.3838,286.845,331.22,134.189,73.8175,1.18368,train
