sample_id,A1_cm2,A2_cm2,A3_cm2,A4_cm2,A5_cm2,A6_cm2,A7_cm2,A8_cm2,A9_cm2,A10_cm2,E_GPa,P2_kN,P4_kN,density_kg_m3,mass_kg,max_disp_mm,v_node2_mm,v_node4_mm,max_abs_stress_MPa,stress1_MPa,stress2_MPa,stress3_MPa,stress4_MPa,stress5_MPa,stress6_MPa,stress7_MPa,stress8_MPa,stress9_MPa,stress10_MPa,split
0,94.7464,163.684,225.765,21.3315,219.919,192.193,17.4637,188.861,164.734,145.472,108.102,348.544,319.382,7043.59,10615,32.9532,-32.1992,-16.7924,95.6698,95.6698,13.142,-20.3121,-62.5508,19.3009,11.1926,89.1049,-41.7756,11.4547,-20.9124,test
1,96.2972,121.867,210.081,221.647,56.7628,208.371,47.8881,34.7612,28.5144,99.1869,109.778,223.151,567.441,5989.83,6641.01,39.4373,-39.3081,-27.3321,146.915,53.6111,11.0402,-34.3028,-3.99772,36.0271,6.4569,146.915,-119.247,43.9465,-19.1832,train
2,137.281,128.736,83.4113,82.911,102.655,162.036,115.073,32.9963,114.681,56.2258,138.855,389.824,457.507,4584.36,4812.9,35.5848,-34.2249,-17.391,117.994,46.8218,10.9802,-117.994,-29.9682,0.436773,8.7237,73.0474,-108.415,30.6404,-35.5542,train
3,92.3385,217.041,38.7541,186.061,165.04,159.215,146.34,178.176,108.222,202.206,86.529,563.267,519.271,6429.16,10325.5,81.3267,-77.098,-30.8054,228.913,143.162,12.2219,-228.913,-16.0164,27.9127,16.6608,31.298,-60.2171,38.9419,-18.5525,train
4,191.308,29.1334,213.191,161.421,48.3389,152.9,94.9474,56.7766,163.064,112.398,92.0971,341.419,554.169,6458.96,8271.01,34.1584,-33.6506,-21.0047,84.47,35.0165,25.8547,-42.6159,-16.4845,12.9044,4.92631,84.47,-81.8175,23.0778,-9.47737,train
5,180.126,129.477,208.555,215.521,114.657,157.982,52.4186,93.0376,35.6173,222.55,137.486,393.11,347.535,7082.49,10213.8,23.776,-23.6313,-13.4741,84.3733,45.5804,21.1525,-33.8445,-5.53234,26.9218,17.336,84.3733,-65.0444,47.3427,-17.4037,train
6,89.0549,43.9795,104.104,169.016,161.138,200.591,138.446,103.377,178.747,56.8746,82.268,299.912,390.727,5656.24,7463.77,37.8745,-36.7805,-16.5638,67.2549,66.2861,14.1932,-67.2549,-14.0514,3.28334,3.11187,40.8843,-39.7271,18.7898,-15.5213,train
7,155.384,36.7749,158.192,132.2,89.2348,104.711,205.178,12.5731,102.895,75.7824,128.319,405.69,392.579,6627.15,7496.86,28.1602,-27.404,-12.2355,80.8254,30.7334,40.5919,-71.5649,-19.3959,-20.682,14.256,50.0687,-80.8254,35.2422,-27.8572,test
8,45.926,65.7052,114.928,158.551,69.7613,111.23,168.968,94.646,135.313,100.548,139.532,259.691,333.558,5243.9,6101.5,22.3506,-21.8232,-8.79849,90.1489,90.1489,13.9033,-60.7872,-10.6173,-2.00856,8.21289,36.7364,-23.0598,17.5938,-12.8487,train
9,40.973,78.5622,146.885,19.6662,51.6082,221.92,189.044,95.2184,191.41,105.894,180.064,286.288,285.021,6803.37,8597.88,18.3328,-17.4799,-6.19355,94.424,94.424,22.0978,-51.5369,-57.2977,-2.34202,7.82286,35.2134,-14.9408,8.32545,-23.185,train
10,9.45574,220.516,180.386,5.34676,66.0177,28.3979,98.0535,56.5309,108.937,116.505,148.254,442.891,523.789,6146.66,5887.8,69.4057,-67.5612,-23.0209,418.388,418.388,15.7941,-80.7625,-176.939,-21.491,122.645,146.241,11.8263,12.2816,-42.2773,train
11,44.7252,70.2834,210.88,132.854,21.1954,153.844,213.225,25.5293,117.032,159.696,207.382,543.728,297.205,6516.1,8119.9,22.3328,-21.7209,-7.19529,138.985,138.985,47.557,-61.9676,-15.7677,-62.0877,21.7264,50.6092,-43.1445,25.3137,-29.5997,train
12,151.49,53.6716,2.58074,185.997,16.4383,44.7035,59.5653,111.266,89.5172,160.117,96.6094,448.094,303.771,4458.35,4278.55,151.598,-132.616,-59.1155,745.939,96.082,-20.7907,-745.939,-30.0908,272.394,-24.9616,-60.6818,-128.05,88.4197,9.85579,train
13,221.833,77.8747,212.57,190.854,17.251,154.12,140.792,158.53,194.942,39.0302,169.077,318.456,521.914,7533.28,11219.1,12.3434,-12.006,-7.22135,48.0262,30.6853,2.84125,-37.4738,-15.5266,38.2102,1.43565,48.0262,-32.3154,21.4974,-8.01715,train
14,23.3177,66.527,57.0622,13.8274,97.2534,3.67318,25.4716,76.9917,150.991,106.635,139.596,578.372,434.814,4693.26,3308.34,120.204,-115.497,-45.6198,484.049,484.049,19.1728,-182.474,-326.035,10.231,347.249,256.988,-101.085,42.2249,-16.916,train
15,68.8515,114.832,179.323,58.2534,138.513,25.6911,168.59,20.9901,108.075,97.3733,93.1786,412.601,217.648,5761.62,6027.71,39.9836,-38.8172,-14.5845,69.8496,69.8496,13.9393,-54.3446,-43.3507,-13.2989,62.305,47.1369,-46.0338,33.0451,-23.2478,train
16,208.957,81.3022,88.7125,75.1731,125.64,114.882,1.01911,94.8196,88.3905,198.438,99.0256,451.684,521.294,6990.5,7899.63,55.4917,-54.8965,-37.7847,178.414,67.5645,22.8093,-52.3648,-35.4169,55.2279,16.1421,178.414,-143.2,42.5973,-13.2161,train
17,169.484,30.7831,74.6627,31.9456,22.4855,96.7498,201.098,221.37,71.4566,7.69413,179.644,595.035,244.534,7484.07,7770.76,37.7175,-34.9637,-8.0389,160.084,67.8341,27.1701,-117.858,-160.084,19.2327,8.64476,20.0374,-35.4331,101.212,-153.73,train
18,96.4777,43.5058,192.58,86.6737,10.7504,79.3792,10.9289,29.4229,84.854,137.126,86.178,356.295,311.381,3606.06,2902.88,80.7685,-80.4592,-65.947,295.579,82.4596,9.79346,-30.3621,-36.1918,116.804,5.36756,295.579,-211.129,52.2806,-4.39419,train
19,206.173,97.9858,89.2904,190.11,185.344,150.228,76.7474,186.343,134.505,224.705,80.5995,338.786,399.689,5991.86,9857.71,32.9078,-31.8606,-15.7991,61.5556,42.0237,13.167,-61.5556,-11.034,17.1498,8.58817,38.8524,-40.0434,22.0554,-8.11994,train
20,133.73,205.748,20.0747,166.457,169.219,139.575,170.806,205.612,197.241,88.0221,115.229,545.82,350.145,5595.28,9058.77,59.6311,-55.0009,-20.8652,265.171,108.822,6.18253,-265.171,-25.1486,29.0066,9.11373,-1.11757,-62.5534,30.0146,-20.4374,train
21,138.084,1.80852,35.8358,213.557,221.784,92.0799,25.2062,83.7771,79.5987,206.322,128.941,333.957,246.324,6673.41,7698.66,39.2253,-37.4261,-16.2954,120.394,59.1492,113.385,-120.394,-14.6776,7.6356,2.22697,54.6947,-81.4994,55.6903,-1.40556,train
22,143.734,98.3585,112.158,143.03,43.6862,225.208,121.639,94.5201,166.404,212.326,109.345,405.855,291.621,7144.75,10501.9,28.0728,-27.0987,-13.3324,70.345,50.1072,16.0785,-70.345,-17.3188,15.2555,7.02218,44.5428,-47.034,21.0521,-10.5334,train
23,195.45,29.637,115.585,14.3984,168.137,45.6404,43.2073,15.0687,75.2231,217.928,189.43,469.109,375.772,6592.71,6425.29,40.6901,-39.2601,-23.614,224.848,36.2592,95.8287,-92.9539,-128.557,3.24007,62.2271,198.121,-224.848,34.7996,-18.4302,test
24,77.1356,22.6002,124.258,133.791,97.0188,196.011,117.94,11.9291,51.1742,120.238,206.674,225.706,430.912,3160.44,3112.11,17.4658,-17.1562,-9.08434,85.6934,38.632,47.7368,-65.1902,-8.80626,-4.69355,5.50408,70.0675,-85.6934,32.5599,-12.6894,train
25,128.372,143.864,141.061,123.999,217.918,53.5819,85.7316,53.8966,96.0142,61.173,73.6671,431.844,436.83,4492.57,5046.92,60.0277,-58.954,-30.0317,89.584,60.2356,10.1366,-67.9925,-23.0659,2.54203,27.2162,86.9765,-89.584,42.1277,-33.7133,train
26,116.154,19.6045,48.1622,130.027,215.668,109.004,161.228,39.2896,140.554,46.2399,125.052,322.381,448.014,3198.93,3470.23,42.3466,-40.0312,-18.6178,168.664,51.8997,30.3831,-168.664,-20.2124,0.817834,5.46445,42.9754,-100.948,26.4439,-18.2174,test
27,18.2644,162.482,121.626,27.0237,114.238,77.1941,22.4524,38.8985,122.285,52.7361,120.87,381.046,553.099,6757.57,5283.82,106.873,-103.12,-56.0733,430.458,430.458,9.86547,-74.822,-81.6873,16.1427,20.7654,333.192,-147.302,25.5295,-42.9864,train
28,126.387,201.605,50.2813,92.382,225.704,119.99,105.146,28.819,118.91,184.202,208.63,552.529,493.326,6729.6,8827.06,38.4575,-36.5334,-18.8714,246.2,72.2377,14.6368,-246.2,-27.8673,4.56415,24.5925,92.1861,-176.885,30.6182,-22.6551,train
29,143.895,17.7778,180.013,14.6241,133.02,136.648,47.7845,114.597,212.636,106.616,183.912,381.525,304.922,4412.25,5273.62,23.085,-21.3077,-9.05595,143.651,56.9438,96.4397,-35.0033,-143.651,17.1246,12.5467,73.5688,-54.0363,13.9719,-22.7418,train
30,148.496,119.493,149.501,110.385,129.487,43.8573,189.675,167.18,113.603,147.98,148.32,445.723,205.589,2926.72,4217.21,18.9217,-18.31,-6.4573,53.0156,50.5176,14.7661,-53.0156,-24.3944,2.71573,40.2315,25.8624,-25.7536,33.5218,-16.8624,train
31,128.824,46.9409,222.739,50.7569,47.5965,191.396,193.7,172.403,161.72,148.084,61.1355,358.374,414.433,3300.46,4961.88,41.1905,-39.3962,-16.4384,49.6637,49.6637,30.6644,-38.1508,-42.247,14.0725,7.52063,35.8769,-23.0842,18.7518,-13.7465,train
32,209.843,8.55534,88.9836,66.4586,107.428,217.72,213.467,14.8952,184.004,62.3576,204.989,437.587,278.154,5794.17,7260.37,22.5497,-21.2068,-8.8791,117.956,25.7953,92.9063,-117.956,-53.8836,-23.6802,3.65077,40.547,-98.4676,27.523,-18.0264,train
33,3.87751,104.853,194.936,168.15,11.0458,62.3612,135.738,116.645,18.7772,5.24784,171.69,382.683,459.557,7196.25,6159.93,97.7078,-92.234,-14.5004,649.999,649.999,12.5014,-69.539,-14.9629,-346.056,21.0197,101.362,15.8396,189.495,-353.244,train
34,210.878,14.5382,178.273,54.0188,52.3383,53.9768,118.088,10.5905,152.694,205.314,65.4994,556.2,293.755,6440.39,7374.91,78.6015,-76.0733,-35.2244,136.158,31.2107,128.085,-73.1571,-68.4924,-51.2099,34.4987,89.5793,-136.158,34.2673,-12.8264,train
35,138.995,160.765,87.4229,44.0475,210.202,37.2107,102.071,6.54782,39.5888,119.59,158.806,408.231,592.281,6476.14,6261.5,43.774,-42.4484,-23.2998,186.096,35.5691,15.9717,-151.285,-34.386,-3.10649,69.0042,126.685,-186.096,54.1061,-30.3644,train
36,182.866,213.92,66.1362,8.66775,205.354,191.291,40.2412,222.536,200.883,91.2913,115.023,368.402,225.801,3486.93,5270.69,32.0456,-28.4902,-10.471,115.381,47.7729,12.5464,-69.1605,-115.381,19.7315,14.0305,31.2775,-32.1056,7.04067,-41.5772,train
37,41.7323,34.3345,10.7232,149.404,119.157,137.57,28.0875,185.447,124.635,35.6207,83.5359,306.809,498.836,7295.74,6814.91,120.574,-113.896,-44.3365,343.295,251.877,10.1354,-343.295,-18.2063,39.6385,2.52957,30.8723,-56.7625,30.8646,-13.816,train
38,25.7747,187.15,202.853,177.229,142.602,210.556,98.1578,65.2949,125.788,42.0099,136.862,475.188,512.565,6455.14,8349.93,50.6246,-48.1432,-20.2383,246.248,246.248,7.3958,-64.255,-19.0023,-12.4307,6.57366,119.329,-34.5482,37.8631,-46.5949,train
39,166.495,59.6846,41.1347,76.4578,133.27,1.3128,37.4622,161.718,139.37,83.2127,208.52,334.637,369.933,5457.8,5364,20.0407,-18.9545,-8.01279,106.042,56.3166,1.79735,-106.042,-42.3645,20.9421,81.714,38.3409,-52.7326,32.8676,-1.82314,train
40,137.922,37.3186,55.4151,37.214,13.3723,2.7101,56.26,30.4649,150.923,210.044,67.9642,232.406,320.716,7670.46,6432.31,67.755,-64.374,-35.2561,107.209,33.5954,5.41823,-100.077,-57.0178,14.032,74.6102,80.9846,-107.209,19.8827,-1.3614,train
41,179.997,100.596,35.0538,18.1276,219.858,46.8987,83.6012,168.383,40.4101,196.333,68.3296,231.521,382.916,5201.42,6143.55,51.1794,-47.5677,-19.009,100.815,40.2277,15.7517,-100.815,-40.3061,19.0805,33.7869,20.6162,-41.3694,25.5703,-11.4138,train
42,200.038,131.432,172.78,162.262,14.1558,141.877,201.546,48.0667,12.7452,171.584,117.254,353.058,568.996,3946.72,5183.18,28.0694,-27.5466,-13.524,72.6832,25.1598,21.8785,-65.1047,-4.03692,59.8558,20.2679,54.1572,-44.2017,72.6832,-23.7005,train
43,116.787,57.7288,42.9132,168.798,213.423,164.69,185.077,167.362,178.675,103.909,166.31,503.109,371.085,7763.12,11800.7,32.3432,-30.4673,-11.7589,175.597,96.4893,23.3338,-175.597,-21.8253,11.9647,8.17919,19.1362,-52.7078,29.1594,-18.3332,train
44,13.5198,25.9527,55.5615,0.941047,223.567,2.01001,199.92,212.182,148.967,66.3367,152.886,429.631,353.205,5564.51,6150.8,183.876,-148.936,-19.3984,1587.36,328.45,107.986,-215.624,-1587.36,-6.03626,1394.28,54.3564,-0.96161,14.1812,-59.7463,train
45,155.756,8.0313,172.898,47.0563,147.899,138.971,180.34,87.5768,131.447,195.829,145.209,454.88,378.636,4910.96,6791.29,27.1616,-25.1907,-8.89178,130.526,48.3572,130.526,-57.264,-74.3897,-3.4981,7.54326,41.9701,-48.1725,37.6614,-7.57046,train
46,5.35651,18.539,22.6408,90.4525,169.152,74.7864,103.479,56.1136,178.93,199.573,177.405,283.036,513.744,4998.76,5219.51,98.8075,-92.9893,-33.7172,634.311,634.311,42.2097,-451.875,-22.6399,-8.75252,10.4635,101.14,-14.2983,16.1855,-5.54515,train
47,33.9711,220.705,153.035,25.3609,119.037,85.6559,217.545,27.5867,63.5945,218.976,189.302,355.296,279.867,3220.47,4075.74,19.6806,-19.1132,-6.81983,113.802,113.802,12.1393,-62.6754,-34.4528,-4.7105,31.2787,39.2556,-16.0474,19.4305,-17.3032,test
48,178.234,161.663,161.001,161.705,45.4985,156.799,138.584,221.741,89.0361,48.641,109.361,505.655,439.128,4804.98,6894.48,31.742,-31.0057,-12.5839,59.1942,56.2777,9.17212,-59.1942,-22.1004,30.7769,9.45662,45.6537,-31.7234,56.7641,-43.1115,train
49,167.646,96.3029,99.3674,74.802,63.082,122.258,46.5934,204.153,158.197,32.629,180.312,482.595,536.037,6784.45,7741.83,24.0698,-23.1497,-11.8443,79.3431,73.9544,7.31109,-74.8739,-55.1038,54.6966,5.75896,79.3431,-52.4546,36.8477,-30.5163,train
50,21.4806,157.576,50.6332,191.541,3.0993,190.582,195.524,183.803,146.056,155.148,200.896,372.003,363.465,3558.47,5132.42,36.3078,-34.6935,-12.1041,253.709,253.709,12.347,-184.561,-9.26394,-14.3988,10.2087,40.6843,-13.3094,17.1812,-17.7347,train
51,85.6011,216.606,214.108,129.834,131.257,71.1862,142.878,151.3,138.669,24.2866,165.662,379.093,207.339,4490.97,6139.59,17.1328,-16.8262,-5.859,70.5649,70.5649,3.19588,-34.5888,-23.8664,-6.46958,9.72444,35.7795,-21.0263,31.6017,-40.3096,train
52,157.457,209.925,139.226,88.5575,191.304,210.94,148.711,115.443,173.693,31.7408,93.2005,564.365,567.092,4216.9,6406.65,48.1852,-46.3416,-19.6745,84.3942,68.9202,5.72375,-84.3942,-50.1605,4.0053,5.6962,58.0693,-63.8037,36.1677,-53.5354,train
53,6.06945,152.243,0.673224,138.476,86.4419,135.804,35.73,177.402,130.357,192.99,60.9573,467.969,292.39,6589.82,7703.32,1298.47,-1220.6,-406.758,2926.11,2470.25,6.67153,-2926.11,-26.4595,76.9228,7.47909,-107.254,-82.2161,39.7499,-7.44288,train
54,91.0985,182.357,179.052,63.1064,68.2745,84.6332,68.2262,58.3123,206.74,201.595,115.188,572.942,503.727,7061.05,9200.35,47.9853,-47.0467,-26.6385,133.764,110.242,13.7932,-68.0397,-50.932,16.1017,29.7198,133.764,-104.612,21.9864,-17.645,train
55,179.048,162.851,134.492,161.594,166.789,17.4143,126.151,5.25608,172.756,80.9528,89.368,295.506,279.487,5382.2,6726.8,34.4936,-33.5926,-18.8068,88.6573,18.3446,3.98272,-62.275,-14.2732,-11.8531,37.2447,60.7655,-88.6573,18.8812,-11.3306,train
56,124.459,30.0808,107.982,27.0647,122.978,61.7741,48.4483,146.358,122.718,13.3122,113.65,416.434,542.082,3615.34,3114.82,48.8334,-46.2651,-19.2973,128.12,86.5654,23.1643,-66.1225,-128.12,25.5487,11.2798,86.861,-63.8652,39.9602,-74.024,train
57,111.103,78.5273,50.0458,89.6792,105.283,32.3626,62.6238,139.908,206.156,12.5147,182.355,595.201,531.958,5386.86,5234.45,38.9729,-37.0368,-15.9796,180.196,127.428,5.30411,-180.196,-61.7255,25.3608,12.8703,69.2393,-82.943,37.973,-47.0682,train
58,103.541,142.171,198.106,42.8884,113.464,35.1084,15.861,133.341,37.1774,109.34,165.841,205.099,523.593,2889.54,2783.52,22.3924,-22.2753,-13.686,115.658,77.6578,7.01516,-16.9008,-24.5669,43.5038,28.4079,115.658,-63.5275,40.0798,-12.8999,test
59,155.075,136.589,67.6746,219.772,116.228,210.981,78.5186,112.231,176.562,6.79465,142.757,527.599,424.447,3147,4130.5,35.6949,-34.3958,-15.5636,125.963,74.4669,1.59954,-125.963,-23.0126,10.449,1.03554,58.509,-79.0323,40.5093,-45.4735,train
60,92.8394,215.408,74.1158,77.5585,104.539,145.053,54.7211,19.1535,18.0695,16.1026,88.4201,293.604,306.209,7295,5752.11,75.6562,-74.6898,-32.5681,131.008,50.7365,6.44732,-96.6037,-19.9492,2.17221,9.57451,109.161,-131.008,121.094,-121.972,train
61,162.128,187.03,45.0845,5.61873,20.0577,129.855,123.832,41.3509,221.664,55.3894,119.263,416.783,364.03,3717.73,3995.05,66.165,-56.8464,-24.1529,239.488,43.3744,15.0896,-202.1,-239.488,75.7198,21.7335,56.4596,-97.9626,8.58503,-72.0573,train
62,170.781,142.376,196.997,67.6199,218.925,134.68,75.2029,89.4675,53.7805,40.5901,146.689,459.805,234.206,7198.22,8541.64,26.8775,-26.4279,-10.3596,70.1845,47.9663,14.1485,-40.3281,-38.2084,4.61352,14.9569,62.9309,-56.805,67.9397,-70.1845,train
63,108.43,121.495,121.162,120.56,100.206,27.7863,70.5392,96.1447,154.917,176.971,81.131,417.619,205.1,5855.58,6985.96,43.2178,-42.2052,-19.4744,69.5622,69.5622,10.1227,-58.079,-24.4387,4.19203,44.2611,57.3548,-49.5172,26.8966,-9.82801,test
64,127.783,26.4863,182.296,223.266,204.363,225.053,200.927,173.236,98.656,45.9054,142.746,334.012,436.753,3026.18,4767.33,18.5952,-18.0835,-6.82448,51.1681,51.1681,29.6534,-43.0588,-11.4425,3.14928,3.48989,31.7387,-26.1094,36.6212,-24.1962,train
65,223.313,181.952,160.221,75.067,62.3794,118.911,224.662,194.964,50.4349,192.418,173.282,505.002,469.878,5601.33,9007.97,18.4119,-17.7715,-7.25229,66.6234,41.083,17.6063,-66.6234,-24.5982,36.5161,26.9403,35.4048,-29.917,51.777,-23.5448,train
66,11.7079,223.647,178.137,159.579,13.6614,32.4337,104.343,107.691,7.30691,119.609,143.29,401.371,477.001,6782.69,6813.08,59.8366,-59.6466,-19.778,342.852,342.852,15.9331,-71.8384,-2.82185,-32.9341,109.867,119.045,-0.00500379,87.1546,-42.1325,test
67,40.1668,211.213,91.3341,38.9241,42.1719,17.1552,153.823,191.335,12.1014,71.5569,65.6523,548.765,473.272,6495.31,6220.86,144.381,-142.114,-38.583,224.7,206.968,18.2506,-141.047,-41.9504,28.2819,224.7,67.9859,-20.8847,190.825,-76.1836,train
68,25.0139,13.8882,87.2232,218.363,169.005,204.863,69.4497,145.178,190.319,189.441,153.148,308.527,348.669,5079.77,7241.22,39.2533,-36.344,-15.4344,215.159,215.159,39.7258,-84.3873,-11.6025,-1.40146,2.69311,87.0578,-22.3727,18.8262,-4.11869,train
69,158.89,215.281,157.885,46.6235,90.3822,85.7693,210.353,130.408,63.6471,115.298,102.551,302.225,566.627,5308.2,7231.25,26.8664,-25.8289,-11.4279,54.0526,39.0138,7.7855,-54.0526,-28.8734,20.2527,19.5416,37.0564,-34.4495,29.9115,-20.5583,train
70,90.7142,107.245,113.556,136.179,66.6712,143.483,177.081,100.318,86.9584,212.093,114.835,285.477,413.627,7443.6,10026.4,25.0453,-24.2997,-11.0935,65.7181,57.7408,13.3405,-65.7181,-10.4573,14.3852,9.97123,36.7998,-33.5958,23.1597,-9.53982,train
71,31.1053,94.1886,97.5504,57.5918,126.637,156.118,29.9299,133.329,90.8795,41.3548,168.065,551.313,408.671,3434.47,3081.07,62.5648,-59.8173,-26.4254,354.149,354.149,20.0206,-98.515,-62.9849,14.809,12.0787,193.589,-58.3678,56.4477,-64.486,train
72,153.088,124.405,85.9247,193.655,137.211,159.989,89.0263,194.764,120.832,212.065,203.765,211.34,598.746,4327.67,6831.74,12.5988,-12.2444,-6.74397,58.2933,47.808,4.79222,-58.2933,-7.83469,26.8799,3.72635,45.9949,-37.7976,17.7576,-3.97576,train
73,77.7059,104.476,194.71,58.5693,53.5086,152.472,68.4174,165.031,76.502,175.32,76.2473,298.445,425.888,3366.4,4087.02,42.5321,-41.9059,-22.1417,84.7434,84.7434,13.6541,-34.036,-26.5997,38.1749,9.35595,75.2962,-30.8551,28.7997,-11.507,train
74,16.7714,222.862,216.219,28.0175,8.38059,147.929,27.3962,123.072,139.8,9.39138,191.572,423.456,257.477,4157.63,4044.9,58.5074,-55.0219,-20.8504,427.856,427.856,3.59895,-37.4745,-122.513,-58.6232,5.422,199.676,-33.7971,34.7231,-120.781,train
75,109.766,56.6822,184.53,21.8406,19.0087,8.04861,97.1116,44.7236,74.2596,92.3246,99.5583,208.956,351.107,4382.66,3350.46,31.2801,-29.9296,-13.6013,79.9454,33.9914,11.3519,-32.7786,-66.2118,10.2819,79.9454,57.6551,-51.9077,27.5399,-9.85625,train
76,141.691,165.696,30.3388,18.8772,57.527,14.7102,74.4198,10.939,86.4148,60.3999,178.382,560.786,488.617,3144.6,2177.22,84.4044,-78.318,-37.9263,442.627,58.4441,14.328,-442.627,-171.305,-9.74562,161.391,148.622,-345.586,52.9219,-55.5875,test
77,204.245,51.1438,195.106,45.4934,190.184,8.52122,15.5758,158.584,102.54,170.089,160.692,540.166,496.808,7559.25,9169.34,31.9941,-31.1723,-14.7815,139.763,71.1324,23.2864,-34.0564,-92.5564,25.8491,139.763,112.853,-81.3907,58.0734,-9.90222,train
78,39.6436,83.9304,132.348,59.3869,32.2551,183.239,185.361,34.4892,34.0026,214.485,141.033,316.283,278.565,6552.82,7149.12,25.1041,-24.6135,-9.41038,95.7805,95.7805,29.1071,-64.0515,-12.1215,-2.65387,13.3321,40.545,-26.0074,29.9398,-16.1078,test
79,202.657,132.05,213.972,56.318,75.4806,121.637,188.687,132.309,219.066,175.264,95.0423,568.076,333.4,3030.13,5025.42,31.9112,-30.2567,-12.712,53.7726,46.0199,20.0863,-51.6423,-53.7726,8.17611,21.8058,40.2426,-38.9658,19.5501,-21.4023,train
80,190.099,67.2117,142.724,91.5172,137.822,145.338,52.3184,198.562,189.876,66.4284,168.707,529.073,233.125,7331.92,10002.7,19.5849,-18.9226,-8.27574,57.967,57.967,20.3811,-50.3349,-42.8432,13.1173,9.42524,51.1763,-40.8017,29.2032,-29.163,train
81,33.594,159.827,94.6408,224.247,122.488,38.2231,99.7682,23.8446,43.8087,195.319,100.863,462.707,537.005,7828.72,8490.17,76.2546,-75.1011,-34.0109,185.759,185.759,17.3441,-137.476,-8.27212,-1.9731,72.5233,118.84,-95.6854,59.8824,-20.0713,train
82,115.525,103.787,88.1213,104.24,194.901,97.313,220.495,159.223,112.831,212.697,185.499,215.406,515.959,7566.44,11770.6,13.7665,-13.1797,-5.88196,68.9806,47.9821,9.01801,-68.9806,-11.6856,11.1387,9.61798,25.1716,-30.1015,15.2677,-6.22313,train
83,189.096,14.0029,143.381,125.385,59.4609,11.0819,79.0666,221.252,2.55664,197.683,133.708,345.415,400.311,5715.82,6534.77,52.2726,-52.1593,-10.8958,287.778,40.973,209.52,-46.1548,-4.14921,63.461,264.747,56.5845,-27.4448,287.778,-20.9889,test
84,166.375,69.4273,121.697,118.379,146.61,117.97,160.85,154.086,97.4159,108.842,84.0507,243.766,525.647,6045.52,8167.87,28.5584,-27.6564,-13.2113,52.326,37.2744,12.7267,-52.326,-13.128,15.0725,7.48986,34.5554,-34.545,22.5611,-11.4806,test
85,102.462,13.7506,209.236,125.525,85.9682,87.7954,29.5112,103.218,124.472,214.236,180.529,227.805,504.137,3473.08,4101.36,18.8008,-18.3848,-12.3253,110.704,71.1223,19.8649,-21.9283,-15.9721,34.9478,3.11125,110.704,-68.6334,22.779,-1.80314,train
86,69.0755,46.2251,8.82467,120.372,3.24834,163.006,97.9153,169.287,53.2896,23.6056,202.497,365.43,244.521,4833.32,3966.04,56.0775,-50.2757,-24.4553,515.677,128.228,-10.5688,-515.677,-34.4172,326.409,-2.9971,12.9466,-43.4667,109.944,29.2688,train
87,170.42,66.7424,34.9189,195.717,87.6478,69.143,54.5694,201.741,42.0943,84.6178,100.212,527.187,369.122,6926.53,7386.68,62.4022,-59.7194,-22.1675,183.704,76.8222,35.9891,-183.704,-14.6634,56.4798,34.7396,29.6187,-54.8199,96.4171,-40.1445,train
88,106.38,17.3984,44.746,26.8956,205.122,27.7244,184.938,210.295,128.175,45.3898,91.9556,230.069,588.811,7573.79,8536.82,46.7297,-43.128,-15.9199,115.94,71.4638,31.7922,-115.94,-64.9753,17.3266,19.9513,22.078,-35.6529,19.2815,-17.2341,train
89,199.946,0.861935,53.454,18.7515,4.28047,222.409,181.08,143.345,190.966,155.265,174.774,217.552,516.997,4961.64,6570.16,23.4347,-19.691,-10.5011,127.903,24.3048,22.994,-127.903,-114.962,123.446,0.0891122,36.4049,-26.4809,15.9642,-0.180522,train
90,120.129,70.0915,120.032,6.99309,189.692,4.14579,45.7655,175.035,191.14,63.5897,209.919,495.59,505.449,5588.45,6048.21,45.7325,-39.3362,-10.3764,470.827,101.212,23.7314,-64.6807,-470.827,20.6125,401.219,86.7657,-58.1939,24.3609,-36.9928,train
91,162.838,171.259,54.7407,197.558,146.317,11.5544,48.0816,174.041,92.2264,102.011,182.111,329.268,250.305,3267.77,3983.34,18.1396,-17.5333,-7.07915,79.3055,49.3734,3.86602,-79.3055,-13.3155,14.4657,57.302,30.8411,-38.5743,40.3379,-9.17876,test
92,157.525,113.73,121.453,77.6267,67.6333,146.604,35.0484,222.975,105.325,159.171,162.717,531.206,464.018,3954.97,5148.08,26.327,-25.6572,-13.7601,91.2513,82.5444,17.5955,-62.3577,-42.6518,64.7588,13.65,91.2513,-48.7785,44.4561,-17.7799,train
93,73.3009,132.143,138.591,206.665,55.406,178.357,1.55086,207.839,152.785,117.351,118.819,470.895,395.645,7604.78,10170.7,48.6731,-46.7985,-28.7062,179.932,179.932,4.02957,-35.3133,-20.2089,77.6768,2.98545,168.85,-57.7026,38.6585,-6.41698,train
94,127.169,61.371,93.9553,117.881,137.138,157.885,89.1921,127.878,150.003,60.795,80.0925,390.138,412.988,3357.01,3992.07,46.6456,-45.1665,-20.9643,77.2328,67.4503,15.8589,-77.2328,-24.8394,12.7471,6.16447,53.197,-51.7147,27.6059,-22.6404,train
95,168.016,167.948,216.949,147.247,75.0798,66.2703,56.5204,193.565,149.096,154.482,68.6365,451.988,363.816,7481.86,11113.9,42.4476,-41.8101,-22.5095,67.8167,59.325,7.9013,-33.327,-21.6837,30.0322,20.0242,67.8167,-39.8016,30.2852,-12.1482,train
96,162.93,118.212,14.0452,26.0765,206.719,51.2808,204.849,24.1169,3.91694,139.623,85.0872,310.829,291.152,5135.29,5193.78,120.393,-111.653,-48.1504,411.222,39.6531,24.5671,-411.222,-7.82952,15.2295,56.6317,18.4149,-196.585,73.7146,-29.4152,train
97,69.1085,128.475,189.796,85.8601,11.9731,73.6057,225.228,84.4071,179.48,43.941,173.905,548.625,284.405,3258.34,3911.01,25.6298,-25.0868,-6.87668,117.232,117.232,15.4404,-59.0163,-40.7935,-74.0898,26.9505,35.8838,-43.821,27.5983,-63.8445,train
98,100.447,166.988,154.776,97.8504,124.132,209.384,168.889,143.242,44.5192,224.62,137.904,599.826,343.939,2955.99,4529.11,30.596,-29.9585,-11.7686,94.1611,94.1611,26.3555,-77.3764,-16.323,15.006,21.019,50.055,-34.1597,50.7377,-27.709,train
99,57.5153,92.6823,12.4369,76.7751,184.438,129.61,165.981,102.169,218.153,35.1152,201.889,354.574,530.724,6640.08,7837.66,52.1153,-48.2132,-19.0968,397.759,191.211,5.86986,-397.759,-39.0975,24.1281,4.19745,11.9382,-103.148,19.4591,-21.9101,train
100,189.65,20.922,183.416,187.067,14.9443,211.836,123.633,213.696,106.133,166.259,128.038,204.819,358.259,4996.11,7629.8,12.2747,-11.969,-7.16572,43.5777,23.8933,10.3363,-28.3279,-9.79291,43.5777,1.02087,36.0049,-16.4333,24.4104,-1.83949,train
101,205.338,62.023,203.025,114.323,21.2195,173.335,29.9106,186.288,46.6736,141.226,181.675,316.138,218.311,3793.6,4685.55,14.3781,-14.2328,-8.80426,84.4745,33.6233,19.5271,-23.4607,-17.0592,84.4745,6.98721,75.7319,-28.4134,59.0928,-12.128,test
102,109.106,140.099,25.71,39.4557,210.59,210.629,194.347,138.131,218.783,91.2273,176.579,494.378,305.461,5614.71,8441.5,39.8461,-36.3549,-13.569,243.041,106.662,15.0302,-243.041,-71.9307,18.3081,9.99724,9.49468,-68.5305,18.3453,-32.6429,train
103,188.493,13.4863,87.5804,89.2331,195.556,49.9871,8.83064,66.7165,92.6248,59.433,147.128,218.908,533.059,3659.75,3166.49,30.1858,-29.9806,-21.6285,155.946,46.3412,27.1667,-36.1135,-20.4263,24.1528,7.32946,155.946,-138.756,27.8293,-8.718,train
104,191.174,13.2659,41.4405,31.7114,2.47953,186.316,99.8088,40.1678,86.5942,184.889,164.349,293.05,580.674,6970.6,6681.64,39.4993,-35.986,-20.841,210.466,30.7387,24.3325,-210.466,-82.2327,136.405,1.73249,82.0584,-103.719,42.5878,-2.46903,train
105,167.891,76.4179,160.039,181.282,89.5367,122.194,86.282,221.535,130.273,189.77,190.177,321.466,417.487,6012.73,9265.78,12.2452,-12.0057,-6.27261,46.3507,46.3176,12.7198,-37.7568,-12.371,25.9001,7.95476,46.3507,-29.1202,24.3456,-7.24375,test
106,223.441,114.256,119.745,144.897,113.705,37.686,119.619,206.25,53.9432,23.7001,116.299,511.135,434.529,3801.44,4603.6,38.3847,-37.6126,-11.975,99.2609,49.8653,11.5984,-71.2961,-26.13,19.7391,35.1637,40.5048,-41.3507,99.2609,-79.0752,train
107,39.9443,136.053,123.788,208.719,142.833,15.143,148.361,94.0794,5.16328,206.275,119.217,508.258,480.789,6473.34,7744.49,70.8478,-70.3673,-19.3723,288.933,179.763,32.1589,-104.01,-3.38856,9.73626,288.933,74.2807,-31.5362,193.717,-29.997,train
108,136.649,86.1697,52.9404,13.1618,130.087,204.684,74.1905,116.2,96.8576,125.152,105.907,246.309,326.965,3931.4,4338.7,32.988,-30.4673,-13.7605,83.9144,45.4922,19.0275,-83.9144,-62.5674,22.5224,8.01037,37.7306,-45.6805,12.0239,-18.5274,train
109,108.921,110.396,157.737,164.563,99.2321,107.828,206.006,70.2018,48.8609,181.273,189.94,586.467,533.783,4153.97,5563.7,24.6563,-24.1549,-9.8291,89.9299,80.302,33.9916,-89.9299,-12.8348,7.75711,34.8012,57.1204,-58.0557,61.1331,-29.2756,train
110,122.055,79.1951,156.06,141.013,33.951,155.207,106.03,88.1607,19.5448,224.357,149.836,587.554,509.562,5196.54,6210.68,35.7584,-35.3015,-16.7144,101.583,79.5216,56.4637,-83.4053,-9.95583,71.4733,28.8108,95.241,-61.4462,101.583,-28.1866,train
111,13.3684,108.866,116.735,190.057,191.669,210.78,96.1787,104.469,156.671,177.939,113.891,287.782,339.82,4945.27,7182.86,52.5327,-48.8497,-19.9463,243.921,243.921,12.6099,-75.1348,-7.9189,-5.85401,6.51288,86.6511,-5.18486,13.5855,-10.9105,train
112,176.889,125.831,23.7044,81.4829,84.8372,23.4995,149.343,2.49871,105.748,13.8519,156.934,562.494,352.577,6300.49,5185.75,101.611,-94.2273,-44.0034,594.739,35.6307,7.22652,-594.739,-57.8725,-47.5956,38.6953,80.2352,-383.587,63.0643,-92.8375,train
113,166.983,166.593,125.836,222.79,155.729,204.085,92.1842,167.798,196.79,202.651,206.29,423.101,247.351,4266.17,7702.82,12.5163,-12.1753,-5.80334,53.6402,50.4044,9.58815,-53.6402,-11.8214,9.96591,7.82677,38.6422,-35.2771,18.9267,-11.147,test
114,105.213,206.804,205.813,80.765,137.406,63.3808,162.291,191.805,87.9944,108.965,175.429,532.683,497.458,4557.89,6579.55,22.6165,-22.1175,-8.44936,90.4461,90.4461,12.0653,-55.5795,-35.0608,9.88015,39.3676,53.2616,-30.8882,45.5098,-32.3836,train
115,86.4328,192.124,39.0441,155.029,151.739,79.1732,8.58039,56.2018,206.594,180.571,177.131,288.403,521.859,4385.21,5383.98,38.0363,-37.5348,-25.4033,194.037,113.491,2.71819,-104.018,-15.2346,30.075,6.59605,194.037,-174.263,16.1674,-4.09006,test
116,36.0722,2.54987,1.16303,37.3782,66.8407,93.8645,126.934,43.4057,169.341,14.288,197.39,547.426,264.962,6575.33,4439.95,174.293,-158.097,-62.9345,1443.14,482.199,84.1579,-1443.14,-140.715,99.6407,2.28619,-42.2908,-388.36,43.925,-21.2401,test
117,17.74,225.662,30.0325,58.4983,155.88,132.282,215.441,200.074,76.9494,144.773,209.478,374.667,296.655,6854.36,9534.84,46.7315,-44.7387,-15.2005,318.287,318.287,10.3122,-285.03,-24.2675,3.0801,17.5918,31.597,-13.4282,26.0902,-22.732,train
118,118.499,203.96,92.4943,44.4531,180.685,83.8781,65.7679,86.1102,39.2558,57.3928,76.1727,558.265,295.423,4451.63,4377.66,81.3456,-79.2163,-31.2075,100.457,87.8528,15.6951,-100.457,-53.5725,13.5393,38.1647,79.7562,-79.2887,85.7936,-78.8803,train
119,154.69,165.893,159.428,183.063,111.42,174.118,69.7037,196.968,210.205,125.201,62.1368,543.923,328.509,4800.68,7901.87,53.0515,-51.934,-25.4043,72.4482,72.4482,9.67796,-52.6618,-20.9421,17.3583,9.22079,59.9848,-41.4124,25.7925,-18.135,train
120,124.044,157.095,70.9712,164.537,14.0614,72.054,128.622,30.2307,123.036,45.7363,129.533,426.213,281.042,3501.38,3413.28,38.8252,-37.4639,-16.3821,127.229,52.9424,9.18729,-127.229,-17.132,-36.5396,20.0305,52.4189,-107.832,32.4006,-44.6276,train
121,201.803,117.778,185.578,85.2632,34.4158,143.865,8.36175,218.939,97.0536,110.292,206.605,267.829,386.719,4009.38,5071.73,12.7542,-12.5795,-9.67132,100.443,42.764,1.09787,-17.6324,-29.8955,98.8679,0.898789,100.443,-38.4437,37.1425,-1.65799,train
122,173.67,156.088,77.0341,85.722,116.11,95.5025,47.0572,134.612,27.7531,197.542,85.9899,355.719,511.883,7555.18,8840.49,47.9741,-46.9833,-24.4044,78.7371,55.9967,15.936,-78.7371,-12.4795,43.9066,26.0456,75.3806,-64.7975,54.512,-17.8076,train
123,51.6975,108.984,114.12,140.123,97.6488,192.474,93.9803,121.279,118.016,199.662,164.139,337.635,530.882,5848.98,7801.76,27.6286,-26.8232,-12.8737,133.004,133.004,13.623,-75.0254,-13.4999,16.4671,7.71376,78.0316,-40.8086,22.6681,-10.5162,train
124,112.517,37.2381,196.671,132.479,103.841,26.4063,163.305,217.334,171.533,207.577,89.4103,248.179,578.145,6064.56,9336.29,25.2161,-24.6563,-11.9228,54.2566,54.2566,11.6668,-36.2129,-15.4541,15.1739,16.4525,40.1841,-23.5753,16.8794,-2.95988,train
125,26.381,67.5219,46.0955,117.129,135.777,125.874,203.674,84.5179,187.435,169.629,149.74,242.279,449.086,6100.5,7984.27,37.579,-36.0379,-14.0848,164.183,164.183,12.8355,-161.142,-13.2855,2.5955,6.88531,34.7532,-31.9348,11.741,-7.22558,test
126,87.0786,106.107,53.1794,206.511,3.03273,157.808,13.5178,84.3145,9.48508,22.3998,64.6213,455.173,370.051,7566.79,5515.64,197.73,-196.338,-125.575,621.913,106.659,16.039,-151.713,-13.8001,621.913,10.7842,367.867,-79.437,424.914,-107.446,train
127,30.5441,51.2872,185.185,10.7558,146.434,113.207,194.503,128.249,220.579,160.3,172.53,485.836,360.319,7241.58,10147.7,32.9335,-31.1432,-9.74139,177.403,177.403,66.7978,-68.9024,-133.183,-5.95657,30.2621,57.4497,-6.17791,9.18422,-30.224,train
128,14.9588,80.0608,43.0514,162.022,160.137,21.0145,10.0827,147.983,112.417,10.1657,69.8008,420.141,303.017,4989.26,4006.25,225.138,-211.601,-95.7868,624.854,624.854,4.17837,-146.043,-23.8664,7.98546,15.9187,292.574,-49.175,48.6456,-46.5375,train
129,130.454,138.777,181.649,204.849,7.5543,174.339,151.35,68.064,73.4207,52.2955,130.438,524.8,318.749,3216,3898.53,30.9093,-30.4682,-11.4513,62.2879,62.2879,16.0719,-59.4871,-14.7308,-18.5196,12.7935,51.9322,-59.7916,58.1241,-60.3166,train
130,44.1231,34.4704,90.4485,26.962,80.273,49.5346,154.983,183.895,145.767,203.207,147.985,549.235,486.868,7336.4,8711.4,49.5506,-47.153,-16.2368,203.043,203.043,73.7004,-136.949,-109.483,6.4116,51.2871,62.9118,-26.6589,28.6386,-17.6805,train
131,200.423,27.102,142.607,32.1322,74.6767,8.12397,28.4596,103.291,70.8466,162.679,152.165,462.96,269.151,6957.28,6372.19,33.655,-32.3968,-13.7129,149.275,50.4487,44.7458,-45.364,-106.339,27.6468,149.275,91.4155,-75.0498,68.2067,-10.5424,train
132,44.5725,120.08,18.1505,36.8094,33.0995,110.942,29.3101,108.447,151.311,62.2771,87.5324,217.012,570.765,4347.16,3420.64,93.5642,-88.3202,-45.6064,234.776,178.512,-0.584224,-234.776,-60.8615,107.141,-0.632343,100.9,-75.4609,20.9385,1.59307,train
133,154.465,27.6583,129.887,102.353,11.4637,205.875,170.759,112.418,216.72,6.06707,102.145,469.227,230.606,6902.38,8503.17,34.4129,-33.1559,-9.93427,66.0928,55.713,10.2516,-59.8761,-43.0736,-43.2023,1.37726,25.5487,-49.2314,28.7693,-66.0928,train
134,31.0218,125.688,135.927,213.586,144.486,15.7298,26.6425,6.0275,191.566,36.6183,137.819,319.434,257.727,3107.17,2941.61,55.1935,-54.9874,-37.8267,255.601,133.798,3.52562,-58.9262,-12.8811,-12.4226,28.1713,255.601,-224.377,20.3105,-17.1138,train
135,132.909,64.4293,217.11,122.425,101.531,95.521,174.903,25.2258,129.301,3.5002,200.067,244.846,329.073,3086.03,3399.67,11.9168,-11.6705,-5.11104,50.4439,25.1921,1.57725,-33.5675,-19.1696,-14.2524,1.06386,39.1299,-50.4439,25.6683,-41.0587,train
136,90.3606,168.708,158.6,103.122,53.2225,138.36,173.91,100.839,135.009,2.82952,95.0911,458.548,275.7,5587.39,6620.68,43.0184,-41.9231,-12.5944,81.9583,81.9583,0.969287,-57.4253,-42.881,-30.0931,1.18189,36.7735,-39.5536,46.3199,-81.7314,train
137,60.8876,134.354,2.15808,79.1809,205.605,27.4977,117.521,133.224,217.574,126.796,153.771,347.024,264.527,5336.16,6593.53,72.8426,-66.4254,-24.2637,467.283,197.866,4.93842,-467.283,-35.4473,28.0663,24.1292,-29.6247,-91.0506,18.2436,-7.40027,train
138,170.668,153.707,191.103,119.042,176.016,40.8373,8.01599,91.4848,169.178,187.06,73.5886,320.966,442.628,3498.77,4785.75,51.4333,-51.1767,-36.791,137.604,58.978,5.06738,-20.8768,-20.4193,25.141,19.073,137.604,-105.983,20.3196,-5.88859,train
139,46.1152,115.614,60.623,110.922,224.363,13.3357,136.575,144.553,150.721,192.31,188.533,290.307,573.84,4545.84,6042.47,28.0087,-27.0695,-11.022,145.798,145.798,5.07135,-127.412,-20.8864,6.70204,43.966,49.921,-37.3769,21.7382,-4.31166,train
140,91.1594,35.1891,205.905,7.38065,112.463,56.4394,96.4672,51.7325,18.28,161.883,79.9656,405.392,328.652,5048.91,4491.67,61.7857,-59.4106,-22.5667,103.437,67.9696,93.5087,-44.9343,-103.437,12.2593,58.3013,76.2073,-58.56,59.062,-28.7458,train
141,52.5861,91.8399,123.807,30.375,181.691,142.104,105.567,89.3396,43.9209,146.25,169.2,387.559,276.808,3472.22,3705.18,26.1839,-25.5695,-10.1671,114.512,114.512,30.0558,-67.6302,-36.7167,5.67376,19.4246,60.2503,-33.9726,35.9106,-26.6919,train
142,194.186,19.1782,147.019,55.7275,165.867,152.292,101.041,190.696,120.68,220.745,171.089,552.289,506.58,4883.63,7277.55,24.4334,-23.4174,-9.4781,97.4282,62.2829,97.4282,-64.8896,-65.5762,17.5874,12.2692,56.2254,-48.7351,42.8249,-11.9706,test
143,201.919,90.7847,148.726,117.957,109.213,95.6766,47.2156,183.935,121.609,1.1132,66.6419,476.894,357.81,4128.01,4773.9,56.4582,-55.2214,-22.8992,66.9145,54.9351,0.580184,-45.6712,-39.983,14.7165,0.550519,60.6095,-48.6193,54.8466,-66.9145,train
144,9.18019,118.047,28.2857,198.569,49.5856,202.965,100.333,83.04,161.055,176.94,129.398,514.422,222.17,2706.35,3325.88,130.526,-123.188,-43.25,625.314,625.314,24.4182,-421.198,-11.3901,-33.5872,14.2019,95.4195,-10.155,19.8601,-23.0387,train
145,3.59086,138.266,116.783,28.5061,84.7635,223.371,177.515,160.98,147.955,136.742,154.162,219.169,335.685,5252.61,7092.13,35.4779,-32.7753,-11.1383,234.068,234.068,11.8041,-77.8488,-19.6302,-22.5423,7.30672,54.9681,11.8702,5.3487,-16.8796,train
146,165.418,20.2707,152.498,14.7891,49.3637,138.827,142.634,129.239,218.619,49.9192,117.186,410.247,485.233,7122.1,8501.51,39.2326,-34.817,-12.5357,171.597,48.2929,77.1901,-60.1399,-171.597,27.3131,11.2709,50.2565,-42.5235,16.4165,-44.3279,test
147,193.864,47.7779,40.9687,183.308,207.649,12.679,19.3492,186.603,119.006,48.7022,96.0383,527.687,565.043,5980.53,6642.61,58.9967,-56.6591,-24.7865,147.622,79.6083,14.2546,-147.622,-25.0715,26.7782,53.7151,56.3537,-76.9717,54.6147,-19.7765,train
148,187.518,116.889,84.1872,74.9004,174.807,19.8943,175.445,81.2962,89.4761,180.981,169.293,330.797,563.393,4522.12,5804.61,23.0239,-21.9545,-9.82335,99.7782,38.1712,9.95683,-99.7782,-28.6264,9.75756,58.5012,41.0459,-66.9707,33.889,-9.09443,test
149,207.973,45.9958,177.456,193.334,188.278,101.319,127.349,35.0557,88.2221,48.5291,64.8326,308.377,534.724,5861.89,7168.76,50.6354,-49.8159,-27.3242,84.6213,24.9136,19.7083,-53.0678,-11.2617,-0.423149,8.94698,70.3327,-84.6213,34.902,-26.4168,train
150,214.139,103.575,32.016,5.23164,73.9524,218.777,57.5587,3.09118,141.974,147.463,203.267,571.921,395.893,2900.69,3031.12,73.9603,-68.8099,-39.6739,451.945,31.041,47.5987,-451.945,-150.848,1.87558,22.5345,214.994,-424.508,7.86109,-47.2806,train
151,10.2607,217.745,133.558,148.244,174.364,31.4162,188.553,76.3463,123.067,74.435,162.877,369.35,312.398,6681.42,8367.08,37.0845,-36.1475,-11.4394,261.174,261.174,5.71733,-86.2898,-16.5172,-19.8565,39.6267,58.7366,18.7772,28.1377,-23.6526,train
152,10.8461,48.6652,190.829,191.352,37.5227,188.841,221.532,50.073,32.1254,88.2971,146.574,358.515,349.157,7550.88,8440.54,42.6548,-38.917,-10.0313,255.941,255.941,52.1809,-60.1119,-5.46509,-49.4358,13.4473,50.3422,22.8544,46.036,-40.6723,train
153,99.4331,134.563,1.4078,84.561,99.4047,153.301,22.6463,147.119,117.908,66.9101,166.039,486.624,526.465,7667.88,7531.26,112.104,-96.7809,-29.972,979.747,185.895,6.27705,-979.747,-47.5583,96.5374,5.50983,-217.753,-130.904,48.2358,-17.8528,train
154,86.73,149.179,219.166,213.655,60.4233,23.2173,17.1153,33.9578,78.0506,196.467,68.9479,389.322,421.566,4703.07,5215.74,101.129,-100.954,-73.2446,260.078,102.093,7.8049,-32.1252,-12.7724,36.9467,50.1492,260.078,-206.621,49.4453,-8.38112,train
155,81.9941,108.288,152.832,69.1109,161.459,123.096,156.547,44.9321,65.0048,73.1188,70.9671,308.9,556.102,7413.71,7979.34,52.4431,-51.247,-23.8996,64.1525,61.2665,14.3075,-64.1525,-22.2783,2.44529,12.5863,60.6667,-60.8871,33.4964,-29.966,test
156,10.5305,8.18318,137.041,104.522,51.2082,141.986,68.0692,20.7628,86.1315,207.377,70.2797,520.022,272.93,5455.7,4959.67,183.137,-161.31,-55.2855,494.564,494.564,192.068,-95.7518,-34.7152,-70.7056,11.0696,164.583,-0.529721,59.577,-10.7185,train
157,59.1972,157.586,66.689,34.9727,42.8687,164.853,0.660298,147.565,212.773,120.925,74.135,345.76,520.823,3599.28,3974.79,96.636,-93.4705,-60.7149,219.432,203.066,1.61604,-53.3829,-91.5837,125.043,1.5448,219.432,-82.0683,21.2886,-2.97829,train
158,115.661,117.265,146.236,34.5589,157.819,65.5808,128.725,149.909,77.2709,179.487,161.604,530.356,467.184,6387.52,8143.64,27.8418,-26.7769,-10.7325,86.0637,86.0637,26.9227,-72.679,-62.1109,15.8674,48.1403,58.4995,-43.8734,39.285,-24.8752,test
159,199.387,221.039,90.7572,181.877,223.355,207.845,36.5014,85.0835,159.75,35.5298,84.8461,483.062,253.853,3139.6,4514.06,49.0671,-47.9371,-25.2517,88.4793,50.925,4.26258,-75.769,-21.3793,6.42371,4.53317,79.2691,-88.4793,34.4229,-37.5028,train
160,67.3698,101.891,214.516,216.42,155.933,168.361,66.5714,92.0104,6.71094,206.979,81.0694,446.491,215.902,6786.61,9004.21,53.5131,-53.3175,-23.1496,106.535,106.535,40.6598,-39.0483,-1.48795,15.329,24.6071,83.0964,-41.6887,67.8608,-28.3068,train
161,39.0617,20.2019,206.053,152.219,73.051,222.492,161.095,46.8692,200.977,56.7183,189.787,409.145,453.88,4747.4,5954.23,24.1018,-22.6643,-8.92774,136.691,136.691,44.1952,-55.6836,-21.0133,-26.7029,4.01285,64.8075,-37.6552,22.5077,-22.2618,train
162,69.3455,119.623,155.732,195.93,105.788,180.911,50.1801,107.851,37.5425,205.165,160.155,267.482,562.663,6088,7760.55,25.8712,-25.5144,-14.5694,106.831,103.621,14.0654,-41.5166,-5.06444,33.2603,9.30041,106.831,-59.1485,37.3787,-11.5979,train
163,160.668,151.317,144.767,170.2,206.836,218.649,179.289,11.9821,100.882,54.4338,166.718,410.101,554.622,6651.13,9381.68,24.9731,-24.311,-12.4764,102.421,30.9258,10.0344,-88.9735,-15.1741,-8.29093,6.94433,69.2514,-102.421,36.2047,-39.4479,train
164,66.6276,147.765,138.826,93.0333,197.867,109.101,8.93087,105.721,110.416,49.4884,61.7178,416.372,297.696,6615.01,6904.68,93.3735,-91.8405,-50.0079,155.415,155.415,8.3432,-36.8317,-31.5036,16.4774,11.2999,150.349,-82.8187,37.5388,-35.2304,train
165,123.373,118.736,1.95346,40.2357,60.0146,211.24,215.63,102.3,135.437,31.2839,205.715,382.39,373.583,6286.02,7132.92,61.1812,-54.2718,-22.8617,550.38,114.55,3.39204,-550.38,-85.0274,114.761,1.90662,-18.0277,-142.507,35.723,-18.2069,test
166,58.4025,96.0681,50.9237,81.1792,67.7372,103.154,76.5381,16.5819,208.775,26.3196,69.3008,288.186,579.923,4176.31,3519.53,105.298,-101.375,-56.9125,186.625,84.6051,5.36477,-186.625,-29.1512,-4.53484,4.99626,122.353,-175.63,16.0302,-27.6927,train
167,22.2994,7.52864,105.563,24.4649,36.3662,13.8068,220.999,11.8715,202.335,64.3632,143.182,585.052,546.899,6631.12,5557.35,72.9585,-69.6657,-18.9247,284.891,284.891,187.485,-157.894,-181.444,-108.25,102.233,69.2207,-59.8468,31.0264,-31.0143,test
168,51.9434,220.338,98.9078,153.827,53.9391,30.4625,222.741,223.28,216.342,21.3769,181.169,420.276,307.575,6825.27,9838.17,23.8764,-23.1859,-7.44979,132.316,132.316,2.41743,-89.084,-23.8587,-18.5383,17.4855,29.259,-16.9124,23.9912,-35.2382,test
169,124.768,70.063,8.25277,88.9565,192.062,18.2538,103.752,169.747,99.4278,37.2487,140.033,563.765,202.339,4140.8,4098.46,70.8157,-64.7111,-21.0794,388.99,126.042,15.0765,-388.99,-51.5009,28.6736,57.8675,-33.0871,-84.0498,65.1628,-40.1045,train
170,80.0559,75.7089,200.313,58.6008,134.899,92.3699,109.751,169.104,156.181,182.396,201.509,403.654,299.34,4761.24,6596.38,16.018,-15.6216,-6.53534,87.938,87.938,24.0663,-40.2524,-37.7897,5.84812,19.7254,51.8843,-25.1174,20.0522,-14.1272,train
171,216.141,117.864,108.932,62.7491,20.8413,181.859,56.3665,181.823,82.2859,60.1729,197.862,304.311,557.683,5247.76,5982.38,16.9577,-16.2743,-10.831,116.501,37.8708,2.78984,-59.8607,-43.2562,116.501,1.80811,87.2521,-39.9967,46.6493,-7.72814,train
172,192.93,207.308,83.9961,203.605,112.283,102.099,181.228,219.445,168.803,191.621,115.568,327.292,595.784,3556.42,6434.29,24.6952,-23.5049,-11.2934,83.8686,45.2599,4.13929,-83.8686,-11.8603,27.1123,8.40466,29.4327,-35.1809,20.2311,-6.33309,train
173,177.888,217.634,213.856,220.194,135.234,65.359,143.916,21.3723,66.2957,164.845,187.395,370.454,487.904,2947.82,4287.98,17.4356,-17.1984,-9.51598,84.6864,28.0197,9.66589,-51.4752,-7.27048,-2.37433,32.1857,71.7715,-84.6864,34.1505,-18.0471,train
174,93.1144,120.398,36.8872,183.524,162.291,56.3543,14.0962,136.678,93.7644,186.889,69.6665,217.711,278.063,6944.91,8018.68,48.0536,-46.8564,-23.7514,73.5345,70.8749,6.37753,-73.5345,-7.67889,18.566,13.6253,53.7118,-45.7586,21.2554,-5.81038,train
175,59.5781,168.271,219.009,206.998,185.246,33.9789,171.836,42.2035,62.314,86.7907,98.6157,228.397,506.185,3987.94,5056.51,28.3793,-28.0742,-12.9252,58.6813,58.6813,5.79409,-38.4351,-6.32367,-0.522746,28.6936,50.4801,-40.6184,29.7074,-15.8868,test
176,217.749,53.5358,218.786,44.75,223.979,173.065,104.871,181.617,90.5293,89.2178,136.403,208.435,442.887,5970.93,8687.78,13.5924,-13.2005,-6.4822,37.2687,26.7919,17.0519,-22.1587,-26.1779,11.5104,5.27483,37.2687,-29.1969,18.3001,-14.4704,train
177,8.46705,65.3124,224.258,157.193,123.768,186.742,100.593,8.88363,77.0386,23.3039,151.599,425.185,301.07,7084.07,6882.34,62.6024,-56.3417,-16.3262,447.334,447.334,17.5352,-53.4146,-19.7628,-28.851,6.13286,108.629,73.9051,57.0282,-69.5011,test
178,32.4378,203.06,179.013,180.404,32.7473,11.1554,44.2168,123.83,75.0722,204.32,106.99,215.968,328.727,6820.75,7930.78,37.9122,-37.7712,-18.8696,141.988,141.988,2.28691,-28.8279,-9.39728,22.9263,41.628,95.9788,-27.9357,31.9362,-3.21423,train
179,225.072,108.164,205.526,128.486,218.512,119.681,59.1283,45.708,145.186,63.9533,65.9923,226.403,360.478,3170.96,4202.77,38.2557,-37.8586,-25.6148,79.5183,21.478,5.95435,-27.066,-12.6082,4.348,5.38136,78.8983,-79.5183,15.7797,-14.242,train
180,77.6393,73.3379,167.773,162.788,48.3792,80.0169,113.394,156.971,71.2499,81.091,119.591,412.912,388.981,3217.64,3553.4,32.3885,-31.9657,-13.0629,95.5205,95.5205,22.1001,-52.8155,-15.4086,16.0955,20.2554,59.0144,-29.6142,49.7872,-28.266,train
181,188.156,174.794,92.1078,126.443,194.389,38.7056,52.2212,156.249,68.0784,29.9277,118.466,360.167,521.725,4074.37,4649.62,33.2798,-32.6152,-14.7114,64.3987,53.6292,5.17013,-64.3987,-21.3375,19.5021,23.3482,63.098,-58.7317,56.0456,-42.7041,train
182,121.954,171.607,166.171,143.353,56.3889,101.493,56.6539,135.282,125.38,103.246,133.864,319.792,330.964,6017.86,7460.22,20.7426,-20.4472,-11.4009,65.8876,57.9398,5.32551,-35.1289,-15.9329,28.0916,9.00457,65.8876,-40.4363,25.7625,-12.5181,train
183,13.8778,104.997,95.4878,220.6,187.112,157.496,158.65,215.599,40.2042,165.039,117.789,205.999,241.261,4460.87,6522.75,33.9017,-32.1359,-11.4468,150.214,150.214,13.889,-68.1547,-2.72749,-3.08392,9.2593,39.6493,-0.161653,21.1646,-12.4962,train
184,3.85054,191.827,46.042,215.848,60.7804,104.514,185.53,191.898,74.7635,108.246,164.592,442.006,258.479,4931.33,6382.52,82.2541,-77.8722,-24.5384,538.342,538.342,15.6157,-299.119,-6.59982,-62.0547,28.6613,71.2861,17.2977,26.9467,-39.1355,train
185,27.5097,97.5942,148.435,220.457,138.69,75.853,56.9799,201.368,71.5572,117.708,80.0307,424.709,485.402,6519.84,7998.04,93.2652,-89.5278,-39.0675,283.194,283.194,19.9479,-66.0541,-10.4342,8.96384,25.6655,137.938,-24.8859,45.4615,-23.39,train
186,105.586,191.984,181.337,22.5181,30.7832,54.0467,55.7101,215.88,24.7393,181.816,126.047,359.452,279.413,6189.11,7144.64,28.7865,-28.1216,-13.5548,75.5801,66.445,13.0217,-36.1869,-48.6079,75.5801,46.2556,75.3308,-22.4117,62.5701,-19.4454,train
187,100.816,92.5275,178.565,216.184,202.952,88.347,223.735,141.194,57.8785,70.2668,90.9909,435.419,460.047,4711.97,6793.44,39.6417,-39.0303,-13.4751,72.3592,72.3592,21.4619,-58.0632,-10.9554,2.82039,22.4774,38.0133,-29.4551,57.8693,-39.9672,test
188,63.7265,163.095,137.743,17.8768,153.683,132.346,145.535,119.381,198.954,155.506,196.373,508.931,408.459,6242.6,8815.79,25.5884,-24.2452,-9.47881,125.877,125.877,20.9623,-82.2605,-93.4424,8.21115,25.8328,60.6512,-34.7375,11.874,-31.0921,train
189,73.5089,214.512,24.1747,130.205,185.002,32.2234,195.584,61.4001,74.54,91.5613,106.078,523.246,238.41,4206.28,4838.39,89.3851,-83.9868,-31.9188,330.432,137.308,9.54177,-330.432,-24.4662,9.05537,63.5197,19.9254,-111.96,60.4396,-31.6143,train
190,31.8187,20.5127,129.334,205.902,50.5084,212.268,139.099,195.408,99.9873,59.2412,152.236,337.781,573.398,5730.65,7066.76,35.9979,-33.6468,-12.8711,181.812,181.812,41.4839,-77.9564,-12.2722,-2.36874,4.00882,68.1653,-17.4217,35.7398,-20.3139,test
191,94.0604,138.819,217.445,188.794,177.647,51.1608,20.0693,50.8429,104.365,201.491,144.423,400.299,472.401,3572.43,4575.75,40.8175,-40.7177,-28.1845,206.63,104.164,10.9317,-31.8945,-13.1649,18.6281,29.662,206.63,-161.181,33.6796,-10.6511,train
192,182.898,126.335,61.3557,67.7176,120.05,64.2252,41.8669,177.491,85.8609,139.444,120.226,387.191,569.602,3813.79,4364.15,35.8397,-34.4583,-17.3273,95.12,62.7431,12.1847,-95.12,-34.4453,43.9079,23.9681,66.3501,-60.5846,38.4195,-15.6118,train
193,62.109,176.002,57.5253,181.191,142.205,197.024,221.203,214.953,54.8184,210.839,135.752,379.437,355.892,6722.28,11117,34.3646,-33.0579,-12.1698,132.056,118.267,14.0518,-132.056,-7.2919,15.6805,12.5525,24.3086,-23.3631,34.0852,-16.5887,train
194,13.6294,30.6656,107.969,175.73,203.915,48.1881,139.803,130.104,196.496,35.3347,154.918,289.288,219.04,6019.32,7098.38,32.567,-30.585,-10.7482,198.875,198.875,15.0666,-75.5636,-13.8328,-12.8151,9.58801,53.2659,1.98206,17.4953,-18.4919,train
195,177.605,184.809,223.037,116.595,182.057,13.2433,75.4589,91.0002,15.3306,33.7015,82.978,280.016,553.915,7734.38,8501.61,55.1058,-54.9062,-20.4951,123.036,39.4521,7.93466,-31.0834,-11.4392,15.7807,110.727,77.4506,-65.376,123.036,-61.5344,train
196,184.338,2.2046,52.5283,20.9444,100.792,183.093,223.858,151.432,25.1326,84.6965,182.283,355.03,362.344,3098.09,3484.35,41.9949,-36.364,-7.47496,382.379,44.2299,382.379,-116.529,-129.261,18.8075,4.60417,16.2408,-42.9867,152.34,-14.0758,train
197,145.327,197.247,111.732,7.63705,150.324,60.6096,32.1293,164.863,42.8056,201.706,203.984,495.408,493.606,3136.06,3720.03,26.3205,-24.9231,-11.759,124.32,86.6773,20.3027,-64.4553,-124.32,44.5243,66.0727,98.9315,-65.5583,31.3675,-28.0776,test
198,193.446,1.49874,4.51774,48.3251,142.5,77.7415,6.61506,173.786,62.1179,92.5882,79.1679,463.082,455.156,3525.12,3036.23,187.958,-159.405,-33.2099,773.466,77.2808,227.067,-773.466,-88.7842,42.3043,4.3775,-242.969,-83.9715,97.6802,-5.19803,train
199,61.3643,171.137,56.8246,63.3638,35.4528,166.401,211.108,140.336,119.824,41.7487,156.26,587.889,364.756,5977.46,6996.53,47.7226,-45.2739,-15.4426,194.546,166.697,10.9035,-194.546,-63.331,9.51849,11.2138,34.6747,-43.84,47.362,-63.2096,train
200,57.5551,54.731,163.317,55.5699,14.1521,18.8659,159.711,78.6403,71.05,18.2153,125.748,431.885,568.386,7436.14,5626.75,45.7684,-44.7817,-14.2762,124.984,124.984,18.1002,-70.0902,-59.8923,-32.0498,52.5097,63.1177,-51.6955,66.2463,-76.9124,train
201,186.224,202.887,119.388,203.256,47.005,88.5651,136.193,192.681,179.581,48.3232,65.7265,348.967,547,3213.8,4803.97,41.5239,-40.0267,-20.9602,64.1291,44.4773,1.87542,-64.1291,-15.2969,35.8239,4.29626,43.2656,-35.1796,24.485,-11.1356,train
202,167.233,94.6491,178.051,143.295,18.5829,47.0572,132.314,98.0376,159.633,58.7907,70.3813,542.136,256.965,7200.36,8450.79,49.1547,-47.9752,-18.9798,54.5845,54.5845,15.0807,-54.509,-27.8726,-15.4451,30.3327,45.7892,-53.474,35.3833,-34.3355,train
203,41.5062,144.271,217.041,173.242,40.134,126.811,38.796,126.416,13.3709,191.33,80.5316,446.645,587.119,6105.31,7068.48,93.7837,-92.4905,-49.7149,226.977,226.977,24.4397,-45.3813,-5.42894,100.014,27.8046,196.23,-55.4254,99.4766,-26.0619,train
204,221.134,119.006,64.2116,163.732,28.3313,145.161,184.71,27.0826,205.092,108.165,92.8147,246.263,212.263,6505.27,8828.11,29.8863,-28.2411,-13.8653,89.9769,16.881,7.92038,-89.9769,-9.28381,-8.81421,6.49329,25.3804,-66.3354,10.4816,-12.3238,train
205,189.146,170.383,225.093,210.293,162.59,95.782,167.235,16.7066,56.771,26.0836,74.3406,573.37,264.911,4585.6,5998.59,63.1407,-62.429,-22.578,100.023,35.496,10.8274,-58.3594,-18.4928,-17.8896,19.2605,62.5996,-82.976,96.8756,-100.023,train
206,88.1043,23.1397,188.437,56.7875,175.196,140.215,144.778,183.371,102.95,52.8067,90.2764,214.041,585.193,5821.44,7219.36,29.7287,-28.7855,-12.7225,62.8119,62.8119,24.9583,-35.7635,-27.5217,10.4494,4.11887,44.9213,-26.1724,21.4692,-15.4668,test
207,52.1917,11.4215,206.362,214.903,123.669,65.1845,81.2625,49.872,11.4517,1.23838,77.314,266.753,476.646,3857.46,3093.87,113.877,-113.506,-25.917,297.939,93.9058,22.3226,-38.1269,-11.2263,-1.44738,3.91131,90.5029,-63.3372,297.939,-291.158,train
208,194.229,97.9051,133.368,113.037,209.222,208.998,78.1414,152.058,14.9498,29.4489,131.614,463.909,361.721,7273.52,8946.13,41.8454,-41.5413,-11.5132,162.839,50.9651,29.8014,-57.2522,-15.2285,16.9122,13.9604,54.2313,-48.9188,162.839,-140.116,train
209,2.30262,123.624,145.846,141.576,161.497,202.669,92.8944,171.587,83.5621,193.228,117.107,317.02,241.57,6666.05,9405.18,70.7244,-64.5895,-24.6895,374.605,374.605,17.7023,-75.8588,-6.93459,-20.3682,10.798,120.17,19.0193,16.6156,-16.0168,train
210,3.30126,134.025,105.146,103.51,117.619,85.0552,5.28168,121.602,203.383,81.9262,191.656,527.039,370.562,5963.16,6170.21,305.609,-276.42,-135.974,2759.34,2759.34,11.8583,-98.9812,-35.5625,1.3419,18.6856,1375.5,-44.646,25.5963,-27.4346,train
211,129.518,224.429,171.801,217.833,62.7501,75.9249,86.214,218.716,144.512,93.8133,108.464,547.479,438.432,6051.12,9132.65,34.4062,-33.8344,-15.9784,86.8783,86.8783,6.46308,-55.6249,-18.4742,27.9392,19.1044,66.9534,-37.357,39.3822,-21.866,train
212,112.942,193.95,75.8486,68.9211,45.1906,69.4956,183.2,90.8808,56.1402,212.882,97.7594,466.84,371.847,7430.01,9065.99,48.6618,-46.4317,-19.2941,128.212,70.8241,14.3058,-128.212,-27.4777,31.7946,39.9249,39.0318,-51.8282,47.7061,-18.4323,train
213,118.159,30.0266,219.912,9.03716,47.2967,32.7447,90.6514,2.21709,43.4006,116.973,157.068,441.611,385.395,3118.99,2325.28,40.9028,-39.0429,-17.9031,152.812,39.3152,101.081,-56.6448,-152.812,-24.3498,92.6905,125.44,-146.28,44.9997,-36.6949,train
214,139.52,41.3361,113.26,121.038,55.3502,224.563,4.37596,172.869,197.687,218.211,208.555,541.69,224.923,5693.47,7985.64,20.2611,-19.8071,-11.6311,107.261,91.3928,25.7724,-50.7577,-35.952,53.8873,4.74403,107.261,-60.0002,31.1302,-6.90436,test
215,195.302,169.631,134.236,119.963,102.9,225.179,39.5701,218.544,175.159,147.181,110.379,434.077,398.094,7541.02,12191.9,26.7487,-26.0979,-14.4346,64.2561,55.6296,7.86535,-45.7304,-25.0624,34.1811,5.92509,64.2561,-42.2159,24.2746,-12.82,train
216,82.2916,152.94,20.4362,59.8711,92.5881,111.374,117.738,179.504,164.984,66.3083,137.652,305.502,204.417,4895.6,5671.6,36.569,-33.7164,-12.586,176.304,92.4303,5.54783,-176.304,-36.8547,25.3239,7.61831,6.58191,-35.8567,18.914,-18.0964,train
217,135.079,206.604,68.5111,133.187,29.3953,23.7692,181.642,75.7586,180.435,183.92,139.92,232.356,423.999,5560.07,7503.36,21.181,-20.0007,-10.0723,92.0763,36.293,1.83021,-92.0763,-14.6068,21.549,15.9083,31.0236,-48.1407,15.2479,-2.90753,train
218,119.495,5.83397,110.855,146.367,186.982,160.151,173.099,222.127,217.106,61.9961,132.314,418.236,583.534,5498.61,8463.65,27.9895,-26.5757,-10.7776,79.8223,79.8223,52.9677,-79.7805,-26.4633,7.92952,1.9295,38.0858,-34.1001,25.2307,-7.04897,train
219,216.849,54.6526,77.502,188.241,223.69,82.0505,185.931,190.225,110.073,181.038,106.127,295.328,430.752,6847.31,11186.5,24.3015,-23.2201,-9.83585,73.0081,34.6282,18.9309,-73.0081,-10.1926,11.7893,12.6096,20.5745,-33.8698,24.6508,-8.08216,test
220,125.601,144.627,55.215,96.7672,105.903,134.055,127.21,121.109,14.3679,220.801,139.956,234.188,395.29,4684.35,5765.09,23.6847,-22.8092,-10.2159,93.565,46.276,13.4579,-93.565,-4.08718,29.0356,14.5192,31.3985,-40.5252,38.9291,-12.4663,train
221,69.652,89.9177,49.0239,38.8207,158.097,94.9587,122.262,71.2719,61.8993,165.208,113.407,326.476,373.959,3830.47,3836.54,46.3386,-44.096,-18.7185,144.172,92.8329,22.2977,-144.172,-32.4518,12.28,21.114,43.991,-63.5206,28.7827,-17.1628,train
222,96.6856,66.9678,174.929,53.2131,42.0005,0.895865,167.637,132.921,220.654,103.467,150.557,202.893,317.549,5416.17,6528.05,13.8456,-13.2323,-5.11533,59.842,41.5601,0.800539,-29.9781,-37.121,0.333407,59.842,27.1231,-21.1654,12.6602,-0.732764,train
223,28.8995,2.29315,96.7875,22.7466,141.726,60.6344,89.9707,83.1759,195.876,106.523,207.26,378.471,294.493,4828.64,4528.39,36.2546,-32.4171,-10.7857,193.692,193.692,188.138,-89.9026,-147.419,-10.8688,7.11525,77.2844,-30.824,24.2105,-5.7277,train
224,104.041,144.213,71.315,79.4063,217.492,133.983,137.569,202.947,86.6717,70.549,90.8781,448.982,391.828,7726.56,10275.3,50.5205,-48.4823,-17.7078,108.789,92.5543,13.2997,-108.789,-32.3882,11.8063,14.3152,33.6002,-35.8146,41.9642,-38.4477,train
225,92.2153,86.8618,98.0091,2.96178,61.3891,158.554,79.9996,19.8187,40.4716,5.52403,183.781,397.949,457,5114.05,3302.41,83.2554,-71.2501,-16.9432,757.839,64.4752,19.9735,-107.774,-757.839,-4.53571,10.9422,116.379,-140.297,78.4324,-444.162,train
226,35.1607,140.521,166.316,10.0874,138.25,59.1367,79.7315,192.306,148.073,15.5479,169.781,581.476,282.583,3000.04,3197.48,60.395,-55.6782,-14.9964,364.202,244.206,15.2354,-70.2499,-364.202,-6.52564,36.2026,104.098,-20.3829,35.0883,-194.733,train
227,134.296,126.988,123.237,71.9309,190.743,149.3,105.949,146.111,174.022,39.472,194.009,488.403,379.761,3272.92,4354.13,20.6318,-19.8183,-8.14291,72.5342,72.5342,9.54488,-70.6664,-51.0483,6.21279,8.1184,51.0515,-47.0111,29.8406,-43.4267,train
228,121.549,194.969,32.9962,207.839,90.2088,132.494,156.93,190.595,192.467,23.1733,98.7692,243.371,463.417,6700.06,9658.44,37.4982,-35.0335,-15.6092,133.233,62.0254,0.554012,-133.233,-11.1899,30.8143,0.815247,17.6853,-37.882,17.0887,-6.59193,train
229,213.619,171.227,7.2372,220.01,108.142,62.1128,150.934,197.26,9.57437,4.56389,187.641,468.04,289.964,3591.33,4251.9,78.4104,-76.7157,-13.3199,480.833,68.5329,8.32293,-317.925,-14.7961,61.9952,22.9439,-22.2955,-71.4028,480.833,-441.6,train
230,152.578,47.2191,59.1655,151.079,121.576,169.283,54.6592,108.212,27.4934,166.68,155.08,240.975,216.544,4538.26,5003.97,18.7159,-18.2534,-8.1481,64.7246,36.4748,33.7384,-64.7246,-5.40548,19.2375,9.41082,36.7325,-41.2386,42.0075,-13.5168,test
231,78.029,137.022,100.801,152.846,179.057,8.78129,116.426,9.34781,127.453,208.458,197.628,590.791,490.978,7411.18,8873.91,37.7246,-36.7258,-18.1454,161.646,89.4075,8.49485,-155.328,-31.0372,-20.5268,132.553,118.423,-161.646,52.6383,-7.89667,train
232,154.934,130.587,216.706,27.2037,57.3571,145.856,9.76635,18.9901,137.58,26.6475,99.4076,206.668,511.857,6182.07,5684.33,81.8838,-81.5229,-71.3553,377.088,42.9075,2.92421,-21.5536,-61.9334,50.4963,2.61809,377.088,-341.162,17.3186,-20.266,train
233,213.19,59.8216,64.1086,121.478,186.028,175.111,87.2164,95.3029,148.753,61.7474,112.197,422.53,502.642,7668.67,9645.67,40.2518,-38.4502,-18.9551,120.039,46.9384,17.6947,-120.039,-26.0687,14.0555,6.04491,56.2698,-85.7923,30.1069,-24.2437,train
234,55.086,214.904,205.607,177.802,165.991,196.891,64.5569,152.112,190.014,147.925,121.813,407.142,228.033,6794.03,11186.2,30.8349,-29.7421,-13.916,127.465,127.465,7.58293,-36.3464,-13.7334,3.06213,8.27666,74.5181,-27.4278,18.1737,-15.5795,train
235,146.312,219.829,25.7266,69.9995,157.243,58.7692,192.628,144.977,147.108,160.857,166.387,267.421,302.659,6603.46,9605.89,23.4822,-21.5729,-8.78195,144.485,50.1129,4.43292,-144.485,-24.2819,18.8127,16.5816,7.65671,-45.4366,16.3401,-8.56744,train
236,189.362,66.1324,106.746,50.8182,110.197,32.8442,127.549,110.275,78.7855,203.254,167.638,497.757,595.081,4291.15,5066.82,28.6596,-27.4228,-11.96,97.9009,55.0955,33.1701,-97.9009,-54.7825,24.2428,66.7885,60.6818,-69.963,49.9724,-15.2629,train
237,79.2293,98.559,218.158,60.6236,142.77,58.998,31.3901,217.808,50.0094,183.149,199.497,255.184,281.893,5880.22,7207.65,14.4319,-14.3333,-6.94231,81.3662,81.3662,14.6498,-18.4631,-18.2762,19.5193,24.4732,66.4995,-25.2883,31.3322,-11.1491,train
238,220.526,136.257,28.1477,118.199,134.066,178.94,208.043,206.313,200.497,8.71614,195.724,369.279,318.837,7557.1,11733.5,20.7583,-19.0167,-7.23813,148.36,45.7576,1.26144,-148.36,-29.7879,21.4599,0.960545,3.28469,-43.856,24.8349,-27.8879,train
239,146.055,134.195,158.411,205.593,106.406,42.4897,95.6356,150.167,10.638,22.5904,92.6536,483.3,422.525,7227.57,7849.76,76.8321,-76.5522,-18.1385,243.698,65.8661,22.3544,-57.472,-8.91644,27.7608,70.6018,63.1602,-45.0827,243.698,-187.798,train
240,101.33,174.459,150.16,98.822,19.146,22.0858,159.074,220.482,104.145,186.347,84.23,353.709,577.947,3264.53,4518.21,39.1917,-37.9806,-17.7168,70.4627,70.4627,4.72773,-61.6059,-27.4462,46.5162,37.3451,50.7962,-23.1097,36.8309,-6.2595,train
241,126.662,167.104,3.945,211.989,225.457,161.895,153.423,97.288,122.588,0.757538,173.797,303.876,309.081,6055.46,7896.19,48.4225,-44.2149,-17.4267,360.991,85.1323,0.100701,-360.991,-14.2552,20.9454,0.103941,-14.8835,-112.573,34.8621,-31.4146,train
242,142.887,73.0468,87.7669,219.639,214.278,154.571,206.975,52.8972,97.6154,89.1351,141.979,482.692,332.048,7133.8,9940.02,30.9136,-29.7416,-12.4147,117.636,52.3264,26.1375,-117.636,-13.2839,-1.24998,12.352,37.5638,-70.8433,42.27,-30.2922,train
243,141.778,162.962,115.388,134.555,3.2995,159.128,4.05161,211.224,219.005,200.632,190.445,309.62,491.075,4611.72,6810.45,21.2578,-20.0199,-19.5232,232.071,74.5235,-22.1381,-31.4898,-49.8225,232.071,-22.6715,187.564,-50.0115,43.2898,25.4298,train
244,109.524,118.169,158.967,72.3382,77.0278,218.147,120.155,190.381,94.3154,47.6528,88.7885,239.247,457.422,6185.68,7885.35,28.0524,-27.3384,-12.7068,52.2948,52.2948,6.06432,-37.8953,-23.167,21.5403,3.28502,42.7439,-24.774,25.1287,-21.2673,test
245,157.849,172.137,74.3161,159.974,139.271,208.293,63.9865,144.638,67.3867,131.313,79.6797,557.284,464.389,5367.71,7302.88,64.2613,-62.4263,-28.9746,116.41,80.5282,17.0857,-116.41,-16.4511,32.3591,14.12,68.0357,-69.797,55.2316,-31.6747,test
246,97.0833,201.405,112.321,109.043,128.963,177.703,3.59058,102.43,20.5963,18.7563,143.052,310.688,223.573,4641.45,4380.42,37.7781,-37.6642,-15.9778,117.618,84.1591,6.92091,-30.1452,-15.7091,25.981,7.84403,109.908,-69.9105,117.618,-105.1,train
247,194.691,28.0228,112.696,29.8272,195.676,98.7624,33.4302,96.5447,223.91,185.437,167.44,380.918,490.154,4444.64,5780.86,25.8015,-24.7407,-14.056,101.181,52.0214,51.7811,-55.024,-79.0596,20.2416,14.6923,101.181,-92.5614,14.8939,-11.0662,test
248,213.781,208.816,24.7408,59.3203,123.294,16.0686,184.613,92.1093,10.597,66.6811,140.566,490.272,216.085,3698.45,3877.82,63.6756,-61.1744,-17.2829,247.122,50.3085,16.5096,-247.122,-24.5322,35.6631,214.547,9.27885,-89.8541,194.21,-73.116,test
249,222.517,163.307,163.599,123.042,200.896,193.609,189.274,32.5393,129.916,31.3812,70.053,228.193,292.738,4731.72,6960.65,28.4777,-27.6066,-13.2828,45.153,14.924,3.34322,-39.4398,-14.1086,-3.4697,2.81996,31.1603,-45.153,18.897,-24.6045,train
250,73.0494,162.159,140.192,104.689,162.109,18.1193,175.164,29.1493,211.98,58.0262,200.274,209.394,585.608,7021.97,8546.88,15.0656,-14.6301,-7.75267,62.9685,46.432,2.34201,-62.3867,-16.3739,-2.5679,20.9599,53.7072,-62.9685,11.436,-9.25595,train
251,96.5818,112.298,33.3836,198.433,69.5095,96.5303,2.4872,202.567,182.733,164.241,193.584,465.502,376.614,6372.57,8084.62,29.8458,-28.8202,-14.6545,143.824,133.875,5.4179,-143.824,-20.3928,60.8294,6.3029,83.2103,-57.7704,31.3176,-5.23888,test
252,108.721,191.913,95.8214,128.682,35.7202,166.235,208.873,85.8225,114.78,100.044,171.848,246.998,443.126,5862.12,7759.93,16.0227,-15.3452,-7.28015,74.1079,43.5987,4.46744,-74.1079,-12.5319,18.4063,5.15751,31.356,-37.4075,19.8693,-12.1196,test
253,156.304,153.932,90.2635,44.5791,10.359,6.16974,137.031,100.226,54.9685,3.67316,181.713,438.389,377.334,5191.24,4177.58,32.5152,-31.1614,-8.87757,121.075,54.448,2.04291,-93.2221,-91.2853,5.51701,50.9696,41.5981,-58.2266,104.697,-121.075,train
254,35.8279,19.5007,50.3924,166.901,153.203,189.235,7.44667,83.6834,195.06,153.499,166.513,311.403,324.741,3974.31,4494.94,45.7859,-43.5939,-24.1263,238.106,238.106,24.5223,-80.5415,-15.7928,18.1522,2.52703,179.4,-91.5416,19.1102,-4.40577,train
255,131.557,210.792,222.118,214.095,163.116,163.573,90.9572,79.281,175.842,110.862,207.201,293.764,229.406,6266.08,10035.4,10.0087,-9.88415,-5.31323,46.8087,39.2134,4.90219,-26.7796,-8.89467,1.94239,6.3173,46.8087,-39.6206,15.3154,-13.1818,train
256,195.851,18.318,194.142,32.354,46.0196,201.614,213.907,156.619,105.664,9.71621,68.3836,442.614,294.079,6821.78,8579.98,58.0627,-53.9807,-12.692,116.919,40.1729,35.1204,-43.0165,-116.919,-7.41085,3.19092,25.9506,-31.0779,50.6294,-93.6388,train
257,39.536,177.747,48.8551,156.059,208.73,21.3149,161.15,134.8,31.1519,24.2765,141.187,297.257,219.387,7817.49,8214.61,40.4923,-39.54,-11.3789,129.458,129.458,6.07968,-122.676,-12.1231,1.2157,50.6991,26.5095,-22.5107,85.8882,-62.9525,train
258,83.5745,43.3553,164.097,136.434,123.247,133.712,177.151,45.1469,84.8107,129.978,207.309,599.345,476.44,4706.79,5606.05,24.9563,-24.4554,-9.95498,97.8293,97.8293,62.6791,-88.7811,-24.0116,-8.87163,20.3233,68.4571,-68.3688,54.6268,-29.5672,train
259,96.8584,81.5991,31.2579,97.3328,44.9648,152.809,23.5142,99.6472,213.381,155.476,148.691,566.72,390.181,3448.86,3786.38,55.0005,-52.1811,-26.8242,234.853,140.023,12.4084,-234.853,-47.8224,72.0675,6.62598,100.669,-112.05,30.8496,-9.20984,train
260,75.9811,57.3755,215.185,93.4781,80.8266,20.3203,136.907,71.2646,211.771,44.4794,77.9828,502.301,531.573,6255.58,6863.88,58.2811,-57.0437,-24.5601,105.387,105.387,15.2734,-57.5196,-44.36,-14.3798,43.1253,75.9682,-59.2244,27.6918,-27.8624,train
261,27.3562,131.632,221.352,158.666,107.546,224.161,200.473,222.01,19.6193,130.232,123.675,550.877,568.592,5493.04,8438.94,51.6269,-49.546,-16.522,220.88,220.88,34.3515,-73.0502,-6.22068,-4.21519,20.1719,75.207,-3.39959,71.1463,-49.1025,train
262,183.538,117.09,25.9371,52.3466,35.6743,197.96,129.595,222.948,185.743,166.051,172.873,406.35,222.424,7383.92,10861.2,27.6048,-24.5069,-10.4065,182.257,52.7821,8.7951,-182.257,-57.9538,72.611,5.20214,7.24278,-35.6746,23.0979,-8.77066,train
263,198.876,203.756,88.9128,107.918,89.8324,20.5812,163.768,200.273,135.679,121.55,83.4938,382.877,397.009,4430.44,6435.25,36.7781,-34.9467,-14.2585,77.4254,43.1038,4.37143,-77.4254,-27.225,20.098,43.2775,26.3843,-33.4961,30.6242,-10.3632,train
264,210.966,15.0218,134.316,83.8052,129.091,136.392,106.287,88.6864,59.5111,29.2938,151.425,377.507,462.478,3668.9,3726.94,26.7581,-26.1449,-10.6267,67.4848,37.1288,62.2601,-60.4328,-33.8858,9.43551,6.85713,57.7732,-64.7074,67.4848,-45.1513,train
265,30.5909,185.187,131.484,211.625,201.293,120.165,34.8443,9.01127,167.503,220.189,115.818,404.983,465.626,4208.8,5736.78,78.0851,-77.7204,-52.5963,290.477,183.028,10.1549,-85.2329,-10.2506,-3.08075,15.6497,290.477,-243.12,18.315,-12.0783,train
266,130.968,132.362,103.14,15.747,0.8371,115.077,185.468,63.4768,26.116,153.094,151.732,535.293,470.508,2914.62,2941.33,37.6578,-34.9751,-15.7524,133.868,53.548,28.7457,-133.321,-98.3102,133.868,33.0635,64.0345,-36.987,83.8311,-35.1474,train
267,31.5386,185.438,196.501,138.174,192.862,144.879,145.454,149.154,1.02153,60.317,144.077,590.497,547.785,6603.93,8410.46,59.2328,-59.0086,-17.254,235.643,235.643,31.1649,-80.2079,-0.910688,7.26447,39.8895,95.827,-14.4772,174.204,-135.5,test
268,16.9577,21.8967,79.8368,136.852,181.183,222.554,83.9481,171.68,32.3194,163.368,105.005,213.712,551.298,3262.61,3870.98,66.8288,-61.925,-24.911,246.314,246.314,55.2934,-97.0404,-6.76916,6.14537,5.44021,94.5124,-16.8029,40.5358,-10.4809,train
269,155.444,102.578,208.347,53.7373,139.727,151.996,116.91,6.04939,144.932,69.7933,131.41,350.373,246.084,3484.43,4108.2,23.9676,-23.3039,-12.4861,83.1032,24.827,14.9005,-43.7387,-36.7578,-11.5925,10.056,67.8511,-83.1032,19.2741,-30.9711,train
270,108.048,212.481,82.7901,118.921,89.6649,173.912,123.563,30.1087,173.232,17.2603,112.525,493.829,307.983,4043.92,4705.53,49.1178,-47.2675,-21.1356,128.884,66.8631,3.39704,-128.884,-35.4562,-21.5288,4.15042,65.6045,-107.379,34.4222,-59.141,test
271,218.025,173.81,80.7169,202.192,131.777,12.0496,26.4032,49.1884,161.796,202.038,109.668,481.051,543.884,3765.37,4958.04,58.7693,-57.8792,-38.9627,196.599,53.4275,4.00873,-101.86,-20.3458,20.6731,57.824,182.719,-196.599,35.9571,-4.87711,train
272,153.947,177.627,33.347,71.5046,168.669,184.152,178.194,55.9685,4.99561,111.308,105.712,567.56,235.591,4163.67,4891.87,78.0468,-74.2652,-28.2136,272.188,66.9457,29.8322,-272.188,-5.26652,25.2203,28.7753,26.9919,-117.003,106.607,-67.326,train
273,105.376,78.3948,205.973,79.7055,90.8883,173.21,16.9836,113.182,29.1863,203.387,65.0629,563.724,509.647,4395.74,5010.42,100.8,-100.434,-58.766,189.852,133.721,48.8933,-38.4381,-22.6366,73.1609,22.129,189.852,-105.63,87.4251,-26.6519,train
274,25.0822,152.815,169.802,177.906,140.084,153.506,144.615,152.001,135.247,139.273,166.79,436.892,429.122,3233.86,4810.82,33.19,-31.527,-12.1415,212.792,212.792,13.6852,-71.0279,-12.8023,-9.34606,13.6237,75.2189,-9.00976,23.8159,-21.2356,train
275,76.7001,136.553,166.363,51.8347,164.68,49.6961,99.5133,113.857,117.353,221.981,88.3573,512.07,308.596,5478.99,7151.61,50.2366,-48.9616,-20.5229,110.326,110.326,19.033,-60.0253,-48.6483,4.97742,52.2984,69.1422,-41.503,30.3884,-16.5581,train
276,68.8788,204.754,40.3688,12.7069,222.508,123.389,14.0406,86.4669,127.181,155.729,157.032,475.921,524.831,5569.62,6187,57.4341,-55.3035,-28.7948,190.217,190.217,16.6016,-159.133,-107.026,31.3821,27.549,167.683,-136.45,15.1225,-30.8693,test
277,216.41,62.9713,155.218,155.534,38.344,141.602,126.976,29.3303,205.721,25.3491,78.4024,418.733,439.776,2761.57,3327.96,48.862,-47.7172,-24.5137,106.342,29.5404,11.9624,-68.0781,-22.0791,-32.04,5.31977,71.0535,-106.342,23.6071,-42.0255,test
278,77.3733,10.2725,148.588,128.833,116.307,155.617,117.087,131.64,215.138,77.0562,73.0506,397.162,489.712,3342.12,4284.47,54.8158,-51.9611,-23.027,100.161,100.161,48.509,-60.9888,-26.9597,2.62122,3.20216,61.4857,-40.5889,22.8318,-9.1455,train
279,82.42,218.723,84.8445,33.9001,24.2035,185.823,47.6884,58.488,131.705,32.5573,161.437,499.033,496.76,7243.11,6705.04,46.2043,-44.4104,-23.4835,148.401,120.651,6.18616,-117.798,-107.294,54.3912,7.28144,148.401,-119.779,39.056,-58.7736,train
280,190.333,33.388,213.259,109.648,195.764,158.836,161.329,125.603,110.865,197.25,136.29,498.269,268.946,3493.69,5567.44,21.2638,-20.7243,-8.05761,60.0371,43.6167,60.0371,-43.7771,-27.1612,1.74096,12.6201,38.16,-37.3697,37.9902,-14.3717,train
281,19.2436,84.3751,62.2186,63.0105,217.673,199.889,8.67207,115.515,68.801,172.184,112.311,302.308,514.725,4494.9,4779.44,112.015,-104.792,-54.2735,487.826,487.826,19.6047,-77.6129,-21.7253,22.9496,8.27534,294.499,-77.9175,28.1384,-13.5862,test
282,31.9181,143.409,129.637,24.8843,208.791,114.649,185.668,212.707,17.5421,32.1769,139.875,565.951,273.041,6580.13,7743.65,60.694,-59.5711,-14.0303,206.757,206.757,26.1664,-101.126,-76.6354,-4.63269,32.7302,56.7471,-6.2481,153.741,-164.926,test
283,27.1261,170.618,20.8626,47.2055,5.74906,1.68832,34.521,171.865,73.9335,51.1853,178.567,577.339,430.48,7113,4826.51,96.1447,-91.7109,-37.6971,453.951,453.951,1.38621,-446.305,-117.293,174.571,140.088,144.928,-53.8193,105.91,-6.53467,train
284,60.217,103.01,8.31655,191.177,5.10775,24.5367,189.45,143.801,213.981,93.993,77.3876,582.688,448.86,6223.62,7393.56,214.891,-192.272,-92.0019,770.017,258.488,-21.6796,-770.017,-42.1605,328.596,-91.0153,4.30717,-95.7735,53.2696,33.6008,train
285,123.572,57.4512,179.466,42.1755,9.4919,120.977,5.97091,101.77,6.47229,98.3593,160.907,217.823,494.539,7314.36,5576.38,47.7385,-47.6619,-39.7416,477.53,63.6715,17.7734,-20.1267,-27.4359,477.53,8.44048,339.603,-79.0661,252.835,-14.6815,train
286,167.802,196.681,60.4264,67.2474,151.978,212.875,111.44,85.242,11.5353,26.1109,125.343,441.852,590.349,7448.89,8094.51,62.1037,-60.8051,-19.8377,177.985,59.589,15.0841,-151.588,-21.5884,27.1674,13.9366,60.1699,-92.5857,177.985,-160.685,train
287,98.645,15.6795,95.6948,62.8193,81.9552,104.302,171.388,179.262,128.542,202.085,112.087,583.59,266.773,2898.49,3770.35,45.7039,-43.5527,-14.1795,111.258,102.929,111.258,-104.728,-65.1302,2.75909,16.7251,34.5416,-34.0616,45.0137,-12.2079,train
288,150.626,216.003,222.933,135.732,117.048,82.8486,89.5435,214.221,74.6078,103.601,161.216,287.551,415.395,6816.01,10014.5,14.1459,-13.9774,-6.81489,46.9583,46.0194,5.68436,-26.2356,-12.1392,20.5773,14.8203,46.9583,-26.7777,31.2321,-16.7607,train
289,207.806,77.8047,209.783,51.4003,113.198,108.103,164.624,11.177,88.4634,98.1888,173.128,236.202,437.835,3761.12,4404.47,14.38,-13.9939,-7.77461,69.1572,13.9966,15.898,-40.7841,-21.8886,-5.11063,11.4422,53.2081,-69.1572,17.986,-17.8156,train
290,180.497,1.63844,169.618,84.3583,39.9942,104.744,24.076,189.5,38.937,49.0943,193.604,545.039,295.924,7252.75,6680.91,37.6279,-32.8476,-10.4099,329.364,68.3334,329.364,-41.13,-58.213,49.3289,5.15202,89.6377,-51.3716,178.361,-15.5451,train
291,180.235,120.787,2.26253,9.43297,175.412,116.717,98.805,153.602,145.362,178.396,174.267,237.515,437.224,4101.75,5324.66,41.0071,-35.5888,-13.58,306.922,59.9397,13.3125,-306.922,-81.3296,43.6741,13.7767,-24.0566,-77.5976,7.46383,-12.747,train
292,136.569,53.6129,118.836,177.103,220.894,62.09,23.3001,58.748,63.7001,219.745,152.509,311.753,351.461,7423.32,8729.15,27.7816,-27.601,-17.4413,123.753,56.4603,27.2556,-43.3912,-9.35204,13.2958,23.5345,123.753,-110.571,36.7711,-9.40421,train
293,18.4477,154.287,139.892,201.079,13.0495,104.388,77.485,41.6793,141.558,139.648,146.133,355.139,247.782,3346,3663.4,41.2917,-39.4519,-15.7635,238.025,238.025,13.9324,-62.4841,-6.97142,-43.0819,20.5923,94.7178,-28.4885,14.0045,-21.7688,train
294,193.056,102.86,92.8932,73.2905,37.6493,35.9711,164.761,18.0303,66.9109,55.0781,197.467,381.712,325.313,3692.77,3264.37,22.9961,-22.1539,-9.39519,103.45,26.3897,15.9368,-103.45,-29.7154,-23.9124,45.5715,49.721,-100.207,46.0307,-42.0904,train
295,196.31,153.5,102.881,188.46,131.378,46.4251,4.26415,165.696,165.269,98.6944,156.626,561.571,322.982,5061.48,6630.45,26.5184,-26.0947,-14.5775,96.1463,72.1887,7.77511,-57.4026,-23.4652,31.4618,25.7076,96.1463,-73.0224,37.8413,-17.1016,train
296,151.11,42.2703,196.86,83.5747,4.70065,195.822,62.6761,110.409,112.231,116.789,135.681,259.023,536.45,7799.13,8864.49,21.2053,-20.6707,-16.3864,117.243,39.4692,-5.50329,-36.4269,-33.7765,117.243,-1.18794,103.359,-43.2168,35.5707,2.8169,test
297,100.879,84.2631,60.0463,16.1208,199.717,1.36155,196.471,101.924,20.9889,146.491,141.606,352.176,519.377,7705.13,7899.73,64.8476,-61.7149,-12.8737,523.634,76.3829,8.46107,-134.124,-174.235,6.884,523.634,32.6208,-58.0492,189.255,-6.88284,test
298,18.2965,32.6249,73.4956,200.199,23.6842,42.6616,124.978,42.0632,58.8635,134.04,186.494,333.396,435.351,6090.13,5011.94,39.1475,-38.3128,-13.9761,240.879,240.879,48.9642,-135.357,-8.67392,-28.0033,37.4448,74.844,-36.0847,41.7202,-16.8542,train
299,70.7425,131.109,193.976,133.058,172.841,55.5032,55.0045,90.202,47.8137,4.99822,178.54,444.158,438.98,4049.2,3840.58,36.2764,-36.0704,-13.7895,126.098,126.073,3.39921,-45.3449,-30.0313,2.78434,8.02957,111.951,-70.1942,118.189,-126.098,train
300,185.287,106.576,86.3351,121.783,185.599,152.669,142.433,189.734,86.8269,97.9945,127.253,222.648,206.322,5403.09,7753.66,14.1442,-13.5956,-5.39873,43.9669,26.698,9.09206,-43.9669,-10.3256,7.88155,6.34701,15.5825,-20.2762,20.4816,-13.9841,train
301,148.687,98.1338,172.053,159.167,125.548,113.06,77.2196,64.7766,118.334,219.091,127.585,488.663,444.234,3453.6,4720.07,31.9837,-31.5199,-17.9512,95.8283,60.4163,22.3583,-58.8138,-16.9163,11.1829,19.4066,95.8283,-89.4356,32.1785,-14.1628,train
302,3.38622,104.194,25.3808,39.9591,4.65807,7.05091,146.894,127.313,157.901,61.3761,83.0808,551.906,379.206,6506.45,5250.56,394.241,-387.406,-88.6845,1417.48,1417.48,33.2382,-612.64,-51.4485,-595.735,491.174,96.5656,7.98833,18.4127,-79.7987,test
303,141.605,4.39861,4.28511,179.345,147.509,112.13,83.7663,74.759,19.7812,197.432,140.844,207.452,551.761,5663.24,5803.23,74.7297,-69.3581,-26.7131,420.643,70.1858,150.625,-420.643,-7.87299,43.7408,5.90867,-4.59241,-148.766,100.946,-4.74579,train
304,78.8943,41.579,43.1394,169.141,206.35,172.76,222.161,73.4508,142.153,177.837,129.752,422.141,319.187,7695.18,11134.9,44.0694,-41.6512,-16.7419,188.035,98.1614,35.3638,-188.035,-16.2646,3.74098,8.51118,24.7646,-67.8309,27.3686,-11.693,test
305,134.605,42.7875,224.665,37.4313,115.222,198.432,126.389,17.2355,78.5601,63.1796,160.499,285.412,556.978,4434.8,4690.66,22.2923,-21.752,-11.8975,91.4004,29.4791,31.3786,-45.2411,-40.3808,-3.45053,6.7661,81.7942,-91.4004,27.2097,-30.053,train
306,120.72,25.6224,142.369,141.29,10.2128,5.56877,72.1613,45.8421,15.5314,105.949,206.364,590.287,557.233,7437.48,5335.01,51.716,-51.4498,-17.0962,438.702,82.2348,95.3476,-93.7958,-24.4874,55.2892,438.702,146.018,-124.154,315.035,-32.6097,train
307,11.7811,161.574,78.3482,147.887,27.1591,25.1131,104.631,118.049,207.398,184.126,141.509,516.095,213.672,7499.58,9055.31,72.4604,-71.5617,-22.778,446.146,446.146,15.2291,-157.802,-18.2595,-95.923,97.9814,97.3509,-1.13998,18.4132,-18.8992,train
308,196.111,91.4179,11.9312,104.493,124.519,45.0671,215.227,199.123,55.4223,85.2571,61.5613,510.997,472.56,6038.71,7501.19,134.806,-124.284,-45.2091,321.163,82.7269,21.196,-321.163,-30.3588,63.7769,42.9959,-8.39822,-78.9316,80.9469,-32.1418,train
309,12.0571,61.1268,206.551,196.927,136.521,212.035,200.141,154.041,217.413,83.564,157.145,444.111,497.242,6026.82,9653.77,41.2464,-37.8482,-12.9139,272.948,272.948,24.6981,-72.6446,-14.8857,-29.8967,7.12012,74.644,10.5592,19.0679,-25.55,test
310,129.165,221.923,82.4828,154.629,153.362,37.466,175.292,72.45,18.987,41.8365,102.545,304.872,510.318,4869.38,5411.66,46.0564,-45.0697,-16.0595,98.3702,47.5012,8.18456,-98.3702,-7.96989,12.0915,48.4797,40.8644,-60.2531,91.7913,-61.3983,test
311,92.139,210.345,71.5622,38.1097,199.671,22.382,134.257,202.879,100.708,52.6858,167.306,587.718,334.544,6734.47,8177.36,38.8807,-36.6867,-11.4876,133.195,124.217,9.38895,-133.195,-102.395,8.34274,88.2369,38.4956,-38.8133,54.7982,-53.0116,train
312,190.85,72.6377,68.8185,223.173,177.002,158.142,23.6698,202.734,141.359,189.359,101.629,212.571,356.91,3101.43,4760.17,20.6017,-20.1388,-11.3426,42.4287,37.2564,7.58538,-41.2075,-7.05608,19.2651,3.48411,42.4287,-34.7717,15.7542,-4.11499,train
313,112.763,132.068,20.2558,54.3162,125.443,114.551,65.4336,67.4951,197.105,164.076,93.8762,586.781,412.808,6216.41,7151.82,114.533,-105.448,-47.3891,394.63,121.83,17.9703,-394.63,-64.3365,34.8816,20.7182,45.9432,-164.902,25.0729,-20.456,train
314,137.847,157.233,96.6254,43.651,170.881,2.15691,52.98,105.34,119.605,173.56,89.0471,335.419,418.888,7637.94,8708.45,48.8785,-46.9452,-20.7948,126.562,59.955,1.73618,-61.959,-70.5872,10.7047,126.562,70.2738,-65.9234,36.4322,-2.22434,train
315,23.0395,176.579,224.3,117.817,84.3337,130.563,60.564,6.32702,225.788,7.09368,140.068,424.81,375.239,4041.44,4362.8,52.8461,-51.2065,-26.2028,207.179,207.179,1.69821,-52.2665,-33.5117,-40.5892,2.29673,174.554,-117.392,24.7296,-59.7826,test
316,181.302,119.101,155.891,86.4422,57.0257,131.465,162.771,143.894,206.966,46.464,67.7485,530.972,305.14,7001.11,9752.03,49.124,-46.9236,-18.2091,61.2526,52.0227,10.8641,-61.2526,-46.4564,1.86448,9.84233,36.83,-40.5127,27.4402,-39.3829,train
317,221.613,206.694,117.398,191.337,125.258,175.395,80.1982,54.3566,192.118,100.621,142.866,518.162,496.206,3351.94,5032.69,31.9895,-31.2005,-18.4898,118.484,43.931,7.87508,-91.7502,-18.5739,7.98487,9.28035,98.5672,-118.484,26.1608,-22.8776,train
318,121.674,167.759,129.755,153.262,13.1271,86.1465,117.694,10.3183,205.173,67.7514,121.635,275.144,550.055,4631.15,5245.69,33.2456,-32.5917,-18.9832,132.124,30.5361,7.34754,-77.3723,-9.91,-42.2661,14.3084,87.5729,-132.124,10.469,-25.7291,test
319,211.816,129.144,200.099,9.74715,111.855,94.7603,218.231,96.441,75.5521,212.447,154.368,455.763,473.484,4171.54,6140.24,22.1458,-20.2512,-8.15265,96.562,35.1927,28.0031,-54.7395,-96.562,17.483,38.1639,41.4464,-42.4783,17.6178,-24.0738,test
320,77.8917,156.339,51.1829,47.668,201.453,86.0181,183.604,83.9498,115.734,32.2715,187.81,307.103,216.488,3871.47,4277.26,22.685,-21.3206,-7.61221,113.872,71.2484,5.83772,-113.872,-45.2791,1.58979,10.6101,21.238,-41.7549,26.3743,-39.995,train
321,26.2219,129.719,15.3928,117.285,5.93303,179.116,166.142,170.685,60.4388,114.814,158.013,243.586,374.853,5333.92,5842.36,60.0797,-56.0906,-23.2609,351.356,215.384,0.116634,-351.356,-20.6397,133.352,0.0844688,25.3019,-26.6123,56.6429,-0.186359,train
322,15.887,39.33,43.3246,174.137,121.079,170.48,13.3066,159.06,144.838,30.0755,155.605,366.357,231.141,7099.48,6851.2,78.2806,-72.8789,-32.7874,480.244,480.244,14.4175,-130.931,-17.7821,7.18134,3.32613,213.51,-35.2624,30.2348,-26.6634,train
323,120.278,98.4609,9.51248,179.273,24.7769,71.3785,71.1614,72.2493,114.147,185.787,141.369,276.787,567.565,3589.48,3711.09,70.3758,-63.7831,-32.0956,439.9,81.4343,-8.10508,-439.9,-19.8909,139.685,-11.1803,28.1539,-137.544,44.1796,6.07464,train
324,76.6228,121.637,203.801,130.865,133.529,129.561,211.841,130.552,160.352,67.3489,194.059,453.381,279.751,4401.71,6448.94,16.3222,-15.967,-5.65029,85.0392,85.0392,12.1204,-48.4933,-23.3793,-8.06864,11.3791,35.7102,-21.4716,26.9833,-30.9575,train
325,172.216,122.011,133.448,120.968,118.715,193.894,148.744,223.888,44.1667,205.429,103.599,388.471,527.199,4255.63,6775.66,29.2074,-28.5008,-12.5639,61.1198,50.9236,20.7052,-61.1198,-11.2298,29.7071,13.0292,40.6129,-30.8574,43.4972,-17.3914,train
326,98.4975,38.528,160.438,198.298,111.098,132.956,116.254,70.6853,147.819,157.586,98.891,237.264,312.658,6993.82,9184.05,22.7409,-22.3515,-11.4406,43.7307,43.7307,18.8077,-37.0056,-8.31077,2.58075,5.4501,43.3614,-38.7085,15.7669,-6.50296,train
327,66.926,85.7368,79.3231,122.78,140.395,197.161,224.264,107.655,79.9617,133.549,185.049,370.725,260.819,7163.61,9587.68,21.0403,-20.2891,-7.4148,98.3844,88.5421,22.6454,-98.3844,-14.381,3.22534,9.84747,25.8352,-29.1437,31.2285,-20.5599,train
328,106.823,80.0137,215.603,79.1368,131.876,13.7481,113.678,8.62719,142.286,171.094,136.636,301.722,583.751,5706.55,6487.91,28.8819,-28.3861,-17.0366,115.542,34.8433,10.1875,-51.7948,-27.8263,-11.3534,59.2909,101.389,-115.542,21.887,-6.73766,train
329,126.983,95.1832,192.865,159.84,5.32231,180.138,65.0224,181.456,155.02,218.782,132.527,472.263,249.31,7721.86,11562.4,23.0004,-22.5696,-12.7861,71.8494,68.0002,11.6637,-41.6152,-22.6003,56.332,6.163,71.8494,-30.4909,32.9556,-7.17632,train
330,103.334,158.81,91.0227,47.5391,81.7754,141.952,86.7208,84.9728,182.324,23.3877,73.7954,449.464,540.285,7599.07,8047.61,75.3511,-71.9456,-33.2474,104.545,90.6843,5.49028,-104.545,-76.2052,15.3272,6.14227,81.8868,-81.1538,28.1001,-52.7229,train
331,8.29183,207.186,163.07,138.415,114.34,97.0337,82.6271,47.8228,29.3086,155.978,111.065,320.308,465.248,3585.39,3851.74,75.2886,-70.7567,-28.3507,363.487,363.487,11.9859,-68.9751,-5.20002,-7.94879,25.5923,137.689,5.59223,34.7303,-22.5156,train
332,30.4146,154.748,223.562,102.502,154.467,18.4416,81.938,76.0741,96.2548,99.9895,73.8677,340.445,394.739,4818.19,5221.38,67.0788,-66.6244,-28.8023,170.301,170.301,6.90436,-40.1726,-22.7898,-3.63058,57.9361,96.2501,-33.001,34.3216,-15.1116,train
333,137.624,105.537,42.0604,122.897,38.1994,204.239,114.144,219.934,22.2411,140.587,92.4806,375.28,538.598,3461.05,4282.87,59.5926,-56.8106,-25.215,170.407,68.8611,22.0557,-170.407,-11.5958,112.543,11.397,42.3061,-36.8075,90.6154,-23.4153,train
334,128.891,4.30238,117.576,191.828,182.183,225.46,201.609,145.21,214.24,14.8423,202.388,397.296,385.274,4657.45,7089.53,15.4325,-14.8225,-5.80552,69.5352,58.9334,38.6667,-69.5352,-19.8438,-1.00767,0.737862,29.4803,-35.285,25.1276,-15.8511,train
335,85.7141,153.796,49.9697,211.562,16.1441,40.1412,53.7987,75.7976,165.812,161.336,84.9644,240.265,212.975,6902.95,7595.05,38.7518,-37.3357,-20.1688,86.4934,58.516,1.92661,-86.4934,-9.95616,31.3833,7.38158,50.4556,-48.7527,17.965,-2.59731,train
336,186.939,127.918,151.486,68.8148,201.675,74.906,49.2047,173.156,3.56178,135.272,107.551,385.463,504.55,3851.39,4657.62,37.4621,-37.2614,-16.0461,89.8756,54.5995,28.3641,-42.2657,-3.28936,30.3744,48.4377,73.2335,-51.8794,89.8756,-37.9322,train
337,183.637,56.7471,139,182.042,19.3619,91.8549,88.0561,91.5922,170.059,14.8126,110.666,435.54,243.932,2883.63,3132.91,29.0886,-28.4248,-12.483,57.886,44.1327,7.67328,-53.2453,-21.5333,-8.82915,4.74049,48.9151,-57.886,32.5984,-41.5728,train
338,177.211,135.346,215.442,141.104,93.482,94.437,49.7212,193.027,3.19043,0.95876,136.478,448.471,368.161,7539.16,8315.22,222.37,-222.338,-11.2259,1530.77,57.9318,7.62008,-31.886,-24.474,24.904,10.921,67.8327,-42.3578,1530.77,-1521.28,train
339,103.963,157.484,194.767,213.204,150.238,99.4697,211.65,28.431,15.9907,96.7335,99.6917,448.184,447.574,5475.16,7099.53,41.5701,-41.1071,-15.3926,80.2003,53.9739,22.7007,-63.2035,-4.25337,1.48166,35.9407,52.3064,-56.1804,80.2003,-52.2655,train
340,171.14,217.294,116.328,48.8315,200.138,172.935,48.3612,46.4549,191.746,124.73,67.7775,219.655,472.002,4325.56,5965.85,50.4557,-49.4599,-34.0991,104.426,32.8783,4.47219,-48.852,-25.0814,11.0198,5.61934,101.949,-104.426,9.03318,-11.0182,train
341,76.3856,168.066,120.831,73.5262,108.503,1.76741,16.7125,189.814,176.788,105.177,79.874,462.915,531.844,3877.87,4396.63,75.1561,-74.0422,-37.6296,169.415,169.415,0.96216,-51.849,-60.7599,35.4302,91.4934,138.425,-61.9268,35.7373,-2.17431,train
342,134.751,5.61064,201.669,24.6498,36.8322,106.753,102.709,31.5689,61.7803,19.8,82.7173,471.503,417.954,7535.48,5619.4,80.0314,-76.5444,-25.8989,188.64,52.8354,188.64,-55.5614,-148.344,-33.9932,9.91437,89.361,-107.721,83.7042,-75.5954,test
343,87.1428,67.8472,162.325,218.247,179.68,38.4742,27.0373,79.5171,2.74765,154.525,95.2179,397.452,281.229,6703.97,6907.56,61.2343,-61.1151,-26.889,121.611,97.0209,55.0981,-38.6951,-1.08261,23.6191,97.1625,120.652,-79.6797,121.611,-34.2125,train
344,65.5989,71.6018,67.4942,142.394,220.804,4.22578,157.741,200.751,75.6955,181.131,201.203,279.728,340.824,3861.16,5092.28,19.6853,-19.1212,-6.3615,91.8803,91.372,5.42257,-86.0249,-16.918,3.56701,91.8803,26.9761,-22.519,45.0074,-3.03146,train
345,209.745,55.1715,116.892,208.502,1.63908,162.369,18.0345,31.9188,62.6457,183.296,150.199,314.682,259.471,6176.7,6623.83,32.9738,-32.75,-27.4605,201.102,30.15,3.59411,-48.8599,-14.1415,139.391,1.22125,201.102,-140.762,66.5624,-1.52991,train
346,206.652,137.795,182.878,202.626,72.2544,140.138,72.2449,90.7737,96.5977,217.1,156.709,433.8,477.529,7272.23,10749.4,21.5713,-21.286,-12.8984,86.5735,43.6902,13.8021,-47.904,-12.0229,31.203,13.5714,86.5735,-73.0789,35.6657,-12.3889,train
347,198.811,207.106,98.8434,141.166,108.739,152.985,75.8882,116.863,67.1627,199.055,177.656,578.062,572.329,6608.8,9407.46,27.7629,-27.0402,-14.0796,104.398,64.1117,15.7268,-104.398,-17.8761,40.8502,21.2904,84.5751,-84.2929,53.1362,-23.1406,train
348,170.876,171.656,166.648,51.3651,196.252,70.4764,16.261,182.028,26.3209,165.511,133.26,458.521,444.844,6159.87,7767.27,31.9073,-31.6539,-15.7794,97.8476,73.1162,19.4635,-34.2657,-24.2225,33.9583,47.4062,97.8476,-61.4433,66.8502,-28.5475,test
349,139.618,22.6435,195.446,198.184,23.1398,141.739,122.399,79.9509,156.864,185.258,147.611,504.872,527.933,4362.07,5946.2,26.1007,-25.5784,-12.8258,74.1822,64.1491,55.1536,-58.6819,-19.1733,4.65715,8.81104,74.1822,-69.12,34.2578,-9.53356,train
350,85.4555,158.922,130.092,93.8685,47.1326,127.581,152.884,193.204,6.74461,156.55,150.817,364.742,374.092,5122.84,6386.74,24.5553,-24.1945,-9.41869,74.1906,72.2511,20.7246,-65.4071,-3.76938,46.1042,25.8158,44.97,-18.4959,74.1906,-29.753,test
351,32.0409,85.8362,170.773,64.5344,46.7063,1.21182,159.279,55.062,82.8038,37.625,73.931,455.562,243.247,7039.88,5629.64,85.7841,-84.3335,-20.4927,251.958,176.548,3.5571,-61.1489,-65.8609,-67.4246,251.958,52.2693,-28.2818,72.5912,-11.4764,train
352,193.922,177.851,103.605,151.919,121.461,25.5026,224.052,194.713,10.3653,188.364,73.9963,423.956,288.221,3089.4,4654.19,54.9564,-54.0696,-14.5461,134.199,40.8107,19.2432,-74.1939,-5.37883,23.5249,134.199,21.7591,-26.6882,111.489,-25.6951,test
353,164.913,211.887,75.2505,65.8789,194.611,62.7199,207.297,95.926,144.23,65.572,186.272,517.309,451.257,5927.22,8134.04,26.7246,-25.0948,-10.0062,135.399,59.6858,8.30624,-135.399,-51.8087,6.4578,28.0611,34.2186,-68.8466,33.4664,-37.9582,train
354,17.5319,206.406,183.047,113.727,225.087,218.074,1.1062,119.48,113.525,3.16151,128.466,358.859,445.126,2855.77,3393.22,123.5,-114.674,-60.2439,644.868,644.868,0.527664,-21.3675,-30.5968,18.8261,0.499433,412.507,-91.3436,43.3474,-48.7192,test
355,24.21,2.95588,62.0059,150.887,175.306,40.4302,149.591,188.215,160.517,143.352,165.904,505.748,584.254,5054.29,6300.51,61.1187,-56.5638,-19.9432,328.695,328.695,110.61,-210.581,-31.3516,-10.4405,8.08676,75.6287,-21.7918,41.6777,-3.22547,train
356,116.08,184.165,46.2613,84.7301,56.6788,47.6826,4.191,10.0141,18.6785,98.6308,108.575,512.37,290.343,4983.18,3288,186.72,-186.096,-148.375,799.899,92.8701,19.03,-161.997,-19.1079,71.2367,73.5001,799.899,-798.844,122.581,-50.2517,train
357,92.0091,191.36,71.3537,129.08,130.175,1.86519,44.5162,158.194,29.7249,101.882,121.227,343.582,513.096,6032.97,6005.53,53.6009,-53.0098,-17.9323,262.593,103.88,2.5595,-82.413,-22.8233,24.3985,262.593,77.6632,-54.7302,140.163,-6.7987,train
358,174.246,134.901,132.857,202.822,50.7732,185.707,223.621,127.691,92.1651,215.56,111.249,370.644,366.662,6142.42,10184.8,22.6825,-21.9131,-9.81556,62.0423,37.5513,13.6104,-62.0423,-9.22179,19.0327,9.88683,28.6884,-31.4175,28.6998,-12.0457,train
359,74.2501,125.619,6.5449,147.771,79.8484,59.0505,171.72,47.6762,153.67,167.256,167.575,206.42,255.701,7041.72,8095.14,50.0699,-45.6217,-20.28,366.18,85.562,2.41334,-366.18,-11.9174,31.6569,5.13392,2.73761,-127.218,16.2067,-2.56333,train
360,15.4789,157.73,80.2861,130.703,6.07418,10.9341,112.073,133.898,49.0677,37.9789,146.461,367.715,228.677,6368.3,5078.77,57.6822,-57.1954,-13.7766,323.146,323.146,9.88936,-103.583,-16.1994,-130.469,142.66,58.5394,-13.9924,61.024,-58.0839,train
361,89.1826,187.697,148.246,55.2132,17.1323,75.6761,91.9223,94.5588,138.869,141.737,194.329,361.153,202.149,4918.1,5548.12,15.7769,-15.2811,-7.0627,66.0777,66.0777,8.52641,-46.97,-36.4252,15.7771,21.1478,51.5636,-34.1212,20.4812,-15.9681,test
362,10.5862,156.905,143.069,114.077,174.893,78.3947,141.21,39.1454,194.872,221.222,78.7457,496.417,449.614,2960.03,4117.98,110.16,-103.137,-36.294,391.169,391.169,15.554,-106.576,-22.1224,-19.1365,31.131,102.989,29.7393,18.3146,-15.6015,train
363,33.9291,79.7723,179.55,172.041,50.4034,199.069,116.784,74.9982,68.8797,129.373,126.18,257.371,332.957,5222.16,6047.03,27.3084,-26.1906,-11.2383,110.59,110.59,17.5185,-40.6489,-6.83687,0.0451347,7.02013,57.2156,-22.2225,24.1498,-15.2764,train
364,130.113,122.738,111.827,126.171,55.1322,149.419,41.1663,192.613,202.178,63.3933,85.1637,504.416,324.865,6120.48,7844.09,45.9673,-44.7686,-22.8098,85.9403,85.9403,7.42673,-64.3778,-32.754,36.3707,6.1006,74.0319,-45.0653,28.9072,-20.3352,train
365,159.283,198.026,47.1644,203.493,137.999,182.195,46.0196,72.6217,40.9547,13.1703,85.8128,474.284,273.975,5077.15,5443.33,81.4415,-79.5282,-29.9881,146.95,63.0165,5.71445,-146.95,-17.7462,12.1985,6.21098,67.2381,-103.106,124.7,-121.511,train
366,49.2272,123.148,8.38466,158.449,192.999,181.446,118.382,212.308,65.871,137.949,73.4738,329.435,210.659,7049.84,9473.36,113.492,-106.21,-36.6837,311.14,190.562,13.5494,-311.14,-10.2606,23.1126,9.19597,-8.18969,-40.5429,34.9045,-17.1057,train
367,142.063,156.212,204.673,127.744,153.456,95.1695,108.673,103.48,50.1565,142.216,118.995,263.724,523.871,4814.39,6389.48,22.1047,-21.8519,-11.593,58.0859,42.5843,9.78159,-34.6932,-8.68329,15.0088,16.0556,58.0859,-46.636,31.276,-15.1947,test
368,113.789,10.6905,181.196,145.652,203.139,195.958,26.1473,141.595,155.493,29.0071,156.766,278.212,455.995,6280.54,7744.75,21.1486,-20.445,-11.8718,89.5216,74.4278,22.9203,-24.4887,-17.4188,15.5057,1.25041,89.5216,-56.7992,23.0749,-11.9461,train
369,95.3942,4.65473,127.635,47.3672,128.657,165.917,135.474,58.6941,82.6617,40.3635,160.211,535.926,451.151,5138.39,4784.08,41.4305,-38.5333,-13.337,190.142,89.6698,190.142,-94.2946,-94.4578,-9.94484,5.33434,69.691,-76.9758,76.5466,-31.0097,train
370,49.8172,5.6977,195.187,175.933,50.8056,134.194,128.559,112.885,27.922,126.701,183.723,537.297,346.147,4948.27,5301.85,46.4886,-40.2346,-9.95449,334.067,157.546,334.067,-60.1058,-19.7209,-19.565,14.184,69.951,-31.0133,175.728,-21.2456,train
371,114.133,189.863,50.501,177.646,215.008,151.819,88.9404,18.2799,168.652,193.953,86.3513,457.686,318.044,7415.23,10600.6,77.571,-74.1107,-40.4924,202.586,58.5302,11.2281,-202.586,-13.7636,-1.58924,14.0418,89.9017,-162.724,20.5027,-15.5442,test
372,79.4517,88.5324,28.6716,182.345,50.4501,184.67,158.409,102.771,175.474,107.749,155.588,281.262,593.394,7811.29,9885.59,39.1633,-36.5523,-17.024,224.804,99.7627,2.02789,-224.804,-14.4401,49.1694,0.972188,32.4328,-70.3687,21.2211,-2.35639,train
373,114.001,100.882,147.712,139.289,42.4531,37.0512,66.7392,92.4855,140.503,148.586,99.1626,532.382,488.274,6489.66,7212.37,48.9324,-48.0882,-25.9729,105.895,92.3935,13.7448,-69.8737,-28.2664,29.9616,37.4241,105.895,-79.6545,39.6295,-13.1974,train
374,154.556,216.073,63.6598,147.991,193.32,33.7531,112.862,41.9237,51.8128,188.082,76.3786,298.292,554.441,4651.02,5815.89,63.6092,-61.3539,-31.6564,130.685,39.9453,7.26968,-130.685,-9.54207,9.20093,46.5373,66.8682,-107.638,38.5438,-11.8109,train
375,11.9992,177.957,58.8901,79.2651,158.303,7.13748,153.568,163.171,65.9605,22.677,145.925,261.857,323.898,4966.06,4844.48,48.3855,-47.264,-15.0458,245.791,245.791,2.70213,-138.315,-26.9691,-11.4147,67.3715,50.8968,-2.86647,45.8331,-29.9882,test
376,100.486,199.467,109.746,20.9906,2.28953,51.681,69.6251,133.637,201.381,74.7183,128.411,477.182,493.9,4797.12,5099.64,45.5352,-41.2999,-23.3067,173.833,87.3361,5.62977,-95.4787,-173.833,155.215,21.7285,115.911,-42.3749,25.6244,-21.2544,train
377,101.803,175.717,185.04,205.649,186.902,163.413,26.9878,214.635,179.734,220.88,85.471,467.233,365.071,3239.32,5707.2,44.01,-43.2008,-23.1846,110.587,110.587,9.6801,-34.6391,-14.4488,19.3384,10.4089,91.0361,-43.3931,23.3799,-10.8906,train
378,87.7385,205.24,127.808,64.9371,127.955,92.9062,161.934,199.568,89.1714,125.605,80.2728,391.697,353.496,5419.36,7540.06,42.4073,-41.0738,-15.6734,81.3811,81.3811,9.94394,-63.7332,-28.8906,10.5289,21.9672,36.9298,-22.8414,29.7536,-22.9789,train
379,137.998,68.0347,136.967,182.746,147.727,167.821,195.81,106.823,219.989,119.839,195.24,282.4,290.581,4626.1,7402.14,10.4327,-10.0821,-4.53613,46.2139,36.5804,11.8301,-46.2139,-11.0489,1.3869,4.79594,25.3202,-29.4435,12.9802,-9.49813,train
380,188.308,182.663,128.32,208.891,53.413,51.6716,34.5862,144.256,59.7149,213.002,122.913,210.751,399.021,6688.32,8879.33,19.6319,-19.4362,-12.8816,71.547,34.2815,3.41425,-30.0597,-7.1035,53.6219,12.0696,71.547,-42.6252,35.1418,-4.14073,test
381,204.543,94.8128,183.806,128.925,63.1152,38.6814,150.755,116.942,140.381,108.514,202.262,585.727,507.094,3145.57,4154.69,18.7222,-18.1975,-8.11544,65.0562,52.2387,17.85,-65.0562,-32.3044,10.5036,43.7525,57.2272,-58.384,41.9574,-22.0565,train
382,69.8941,212.617,62.675,34.7409,40.0495,208.224,98.4924,207.582,77.5933,118.992,193.684,276.589,276.945,7031.51,8609.7,18.6781,-17.7326,-7.59308,85.8124,81.3921,6.72332,-85.8124,-38.4675,39.6144,6.86515,37.5105,-19.9134,24.3571,-16.9894,train
383,72.0214,22.3756,109.485,67.3731,138.407,200.063,30.4871,118.367,171.743,170.931,67.1213,456.558,539.487,6942.09,8283,93.6349,-89.8313,-47.7948,159.571,159.571,53.7007,-69.4073,-49.9308,25.7428,6.00604,140.715,-82.7611,27.7007,-9.94141,test
384,182.789,162.769,1.56558,129.291,127.324,68.0099,186.379,21.3512,179.97,97.4125,159.908,410.403,566.359,5551.19,6892.21,217.407,-194.796,-93.6386,1660.36,84.1203,3.02257,-1660.36,-27.9373,60.163,7.23397,-11.4167,-746.623,28.3836,-7.14248,train
385,51.5671,35.6961,177.095,59.8393,204.615,55.3948,18.5936,197.371,68.9954,29.0587,89.6358,222.001,295.066,4476.13,4208.79,43.5233,-42.2634,-19.4839,121.386,121.386,16.2127,-18.9231,-27.4282,11.7206,10.4474,86.0358,-28.9441,33.6417,-28.1654,train
386,206.065,195.806,120.492,207.335,151.655,146.496,196.533,218.005,203.498,213.39,160.119,482.36,517.949,3863.98,7786.02,18.4218,-17.663,-7.97883,76.4924,50.6324,8.60785,-76.4924,-15.1356,16.2992,11.5052,31.6119,-36.3923,21.8085,-11.1702,train
387,85.3264,131.241,156.579,100.322,84.0789,56.66,48.6255,45.9598,44.2839,29.4687,119.362,203.701,230.243,4617.49,3598.5,25.7949,-25.5977,-13.0502,70.8878,46.1649,5.59604,-28.5758,-12.984,7.13023,12.9621,70.8878,-58.5282,41.5979,-35.2457,train
388,79.0089,29.4558,158.924,41.2291,33.2917,10.4559,3.11908,97.6583,188.966,21.9004,107.669,569.975,354.672,7608.7,5517.89,74.6878,-73.3174,-45.559,248.567,182.233,13.8169,-39.3142,-128.375,102.292,38.9242,248.567,-125.962,39.6108,-26.2813,train
389,19.1023,135.838,49.4299,207.118,164.458,68.3314,32.3222,179.305,29.4733,105.811,93.4646,302.811,337.479,4600.36,4773.97,95.9469,-92.5978,-38.7738,330.904,330.904,14.3639,-124.178,-5.19968,13.4744,28.5545,136.072,-25.9719,51.6749,-26.0783,test
390,89.5619,161.869,65.4869,9.05801,63.3388,87.2075,212.058,124.003,130.622,194.284,137.518,499.324,321.015,5767.56,7442.84,42.5981,-38.2958,-14.0212,148.104,94.8059,23.4351,-148.104,-132.459,36.2801,43.4988,31.3819,-39.8908,12.9901,-27.6128,train
391,62.5091,45.098,171.311,38.2165,14.5244,127.207,115.37,186.53,11.3667,214.558,164.6,221.303,390.283,3109.4,3427.01,18.2965,-18.0555,-8.45835,69.3245,59.8045,37.5764,-39.7149,-13.565,69.3245,13.3218,56.2714,-11.5644,64.4986,-11.1698,train
392,168.111,80.2888,77.7876,90.0993,83.782,201.648,175.801,63.5538,109.948,15.9852,185.896,201.239,370.322,3182.83,3545.75,14.5531,-13.8592,-6.29521,71.2222,24.9846,3.6892,-71.2222,-19.0478,5.62897,1.4689,28.3791,-48.6834,22.0746,-26.2049,train
393,112.822,164.209,78.6226,137.353,93.0098,47.4814,162.322,50.5551,177.585,11.0558,66.2693,540.048,474.629,6762.39,7428.46,90.3542,-86.5489,-36.7357,152.042,79.717,2.78149,-152.042,-35.9929,-14.5191,9.61949,57.0963,-100.518,39.3698,-58.4253,train
394,38.3889,88.16,187.818,55.8874,215.553,207.135,145.75,148.111,186.646,132.239,192.238,407.364,327.204,3047.73,4624.76,21.8478,-20.825,-7.98217,143.548,143.548,22.1376,-53.1489,-37.969,-3.17776,9.42215,57.3318,-13.7211,16.0782,-20.8717,train
395,137.028,163.493,8.19882,200.964,48.5029,41.8785,135.881,6.65654,22.0659,153.062,176.719,277.471,403.835,6742.33,6469.2,114.846,-104.849,-51.6061,901.289,36.2916,11.5331,-901.289,-4.42429,26.9911,45.0252,48.0297,-467.033,56.9844,-17.4219,train
396,52.7988,105.695,37.5904,78.5656,87.3897,110.15,197.095,136.042,58.4382,173.612,95.3203,465.183,562.007,6655.41,7737.88,87.487,-83.1151,-31.7598,258.426,186.77,24.4872,-258.426,-26.2665,35.9971,23.497,36.3249,-54.154,49.9404,-21.083,train
397,189.007,217.329,67.2673,20.7044,5.99941,107.2,25.8925,11.5416,26.0162,163.071,74.953,339.704,280.214,4638.5,3935.46,100.332,-98.1267,-72.1575,238.085,27.709,10.2779,-115.302,-56.1888,112.809,20.8366,238.085,-225.477,63.2388,-19.3714,train
398,169.149,192.671,207.605,6.1137,51.7774,97.2995,39.1763,83.2234,117.461,225.469,156.038,428.423,348.569,7231.25,9142.7,28.8147,-26.8081,-16.0441,143.811,51.8308,17.6727,-36.4696,-143.811,69.5992,34.9952,118.658,-76.1775,10.5856,-21.3574,train
399,44.3641,137.714,22.5424,163.049,181.434,14.242,27.6759,120.469,167.928,186.412,65.6156,316.844,328.837,3040.44,3541.86,109.545,-105.462,-45.253,196.301,188.634,3.69256,-196.301,-16.3136,14.0009,35.7056,64.2134,-61.0461,22.4006,-3.85788,train
400,112.464,120.627,175.861,103.998,137.897,20.7115,187.973,105.468,52.4751,202.795,181.401,415.598,494.049,6336.02,8386.63,20.9441,-20.5552,-7.55694,93.058,63.6787,15.9779,-58.2669,-21.4293,5.63441,93.058,45.8247,-40.3017,60.0613,-13.4408,train
401,63.0327,161.378,35.1135,59.7322,165.958,194.183,224.927,64.3846,113.121,47.7861,72.3212,380.744,507.248,7677.51,9239.45,104.467,-97.8764,-39.0403,247.41,123.862,8.26428,-247.41,-41.4143,9.19599,6.86811,30.6827,-87.8586,30.9266,-39.4695,train
402,99.3185,73.9789,48.6635,158.73,89.7351,20.5303,131.891,224.303,57.374,189.963,192.002,475.713,537.857,3655.7,4494.29,32.424,-31.1738,-11.4807,167.882,115.59,22.7936,-167.882,-19.3465,40.6998,82.1346,36.5922,-42.3885,75.6943,-12.5536,train
403,108.708,38.9962,197.394,112.886,157.279,41.7043,215.218,183.212,32.9776,80.697,82.4825,453.929,467.852,3944.68,4981.99,51.087,-50.4551,-14.4705,93.6437,72.2238,60.4071,-52.9148,-19.3438,7.17447,56.4844,38.8073,-25.5656,93.6437,-41.2826,test
404,57.9438,188.26,49.9222,218.157,161.224,121.964,39.9081,154.564,126.435,128.611,106.187,238.092,259.383,6892.27,9032.35,34.1021,-33.3314,-15.4082,102.029,102.029,4.41304,-76.6119,-7.10555,12.2868,6.81185,51.1602,-32.308,17.3386,-9.13552,test
405,115.607,88.349,158.105,56.4107,2.6934,80.1662,83.7044,59.5641,71.756,203.518,160.309,320.074,269.851,4942.95,4941.27,19.0283,-18.5158,-10.3204,67.6768,44.0659,16.2265,-45.5798,-31.3263,46.9492,17.8828,67.6768,-44.9591,34.8279,-9.96181,train
406,114.89,20.385,24.2523,198.867,48.1331,74.2026,80.328,131.505,36.69,20.9947,97.5898,529.395,412.596,7352.37,5794.47,99.0551,-94.6665,-33.0887,291.026,112.715,63.032,-291.026,-20.1595,75.7644,17.3162,31.0576,-82.3309,154.529,-86.552,train
407,211.647,186.901,10.9928,202.348,95.8061,195.489,155.816,188.534,109.451,160.443,208.811,453.845,316.409,7693.13,12464.3,31.4384,-28.5022,-11.4736,287.103,64.3683,7.12117,-287.103,-15.8514,61.347,6.80832,-12.5468,-68.1469,41.4442,-11.7316,train
408,73.8839,136.781,125.553,25.4685,225.297,92.6024,14.3788,148.433,90.4217,69.6615,120.563,413.8,288.993,6066.09,6302.47,44.0327,-43.0652,-20.1196,135.765,135.765,15.5369,-41.9988,-79.0323,17.2218,22.9493,111.639,-56.1448,31.4812,-43.1433,test
409,142.605,144.055,45.3143,107.208,158.514,206.151,62.1932,56.5866,75.1393,76.561,191.154,287.089,510.065,5453.67,5916.2,27.1883,-26.1602,-14.1671,139.416,51.8619,8.4658,-139.416,-15.4032,18.1281,5.91578,78.3734,-113.086,31.0803,-22.5271,train
410,128.587,202.303,20.4601,99.4988,42.1057,114.871,144.844,210.816,118.99,189.909,81.236,491.61,582.924,4098.94,5800.72,98.8143,-90.0928,-39.432,318.903,109.286,3.79022,-318.903,-41.7023,118.448,6.67509,15.7068,-61.2914,49.3153,-5.71001,train
411,176.546,67.7067,4.74369,111.018,68.9698,120.326,58.6925,91.1939,73.6411,208.75,174.493,335.294,235.615,4741.15,5031.74,50.6305,-45.1824,-18.2749,415.364,59.1609,15.7033,-415.364,-20.6247,69.6239,8.8361,-33.3138,-109.976,43.9722,-7.20297,train
412,53.8487,35.0246,125.508,136.021,70.5861,45.3612,202.826,225.027,160.807,207.644,203.46,555.632,429.67,7476.99,10887.8,25.6998,-25.0661,-8.58642,161.765,161.765,47.6949,-97.6418,-28.5678,-10.3608,36.8266,46.7059,-19.8249,34.1738,-11.3773,train
413,111.915,1.04929,199.268,71.9786,141.193,74.8595,138.694,181.691,53.3319,165.094,180.768,502.06,454.644,6645.57,8278.04,36.2816,-30.6266,-7.78222,306.108,85.1087,306.108,-50.6018,-65.289,-1.38155,4.29064,51.6227,-35.06,124.615,-2.75139,train
414,55.0551,7.59915,225.192,123.656,219.138,88.2113,160.668,110.716,93.0081,80.1515,94.1879,238.392,277.131,3713.05,4575.16,28.2673,-26.0536,-9.32728,66.4999,66.4999,57.5814,-27.807,-15.7401,-3.05338,4.96047,34.1344,-16.3146,29.5948,-7.72059,train
415,49.41,122.569,141.437,145.271,26.3033,117.294,49.8518,120.646,161.113,9.26795,98.2967,543.283,377.179,7524.34,7460.68,69.7344,-67.2182,-29.3668,208.295,208.295,3.28168,-69.136,-34.6291,-6.52173,3.42927,123.277,-56.9577,44.1575,-61.3775,test
416,146.327,57.1457,58.6019,101.702,108.711,69.96,192.735,215.122,27.1292,33.9249,196.658,502.486,455.592,7059.28,7782.07,32.7191,-31.7613,-8.91988,142.784,76.9719,41.2518,-142.784,-26.2286,32.8457,33.6959,24.5266,-41.01,139.053,-98.2704,train
417,113.452,203.211,56.9455,29.0069,76.0345,200.92,128.522,108.113,205.939,56.4034,171.856,433.27,456.652,3037.55,3847.53,32.6217,-30.0362,-12.5784,147.235,80.9173,8.19198,-147.235,-91.9781,28.6651,8.28542,44.5834,-63.4099,18.3216,-41.7394,train
418,220.872,125.138,1.07858,75.7452,32.4533,100.537,81.0266,192.202,77.4344,136.139,97.2383,376.847,568.867,6445.36,7333.25,127.154,-110.153,-47.7815,616.452,73.9306,-5.59643,-616.452,-58.9977,249.341,-6.96588,-54.1689,-92.4213,81.6153,7.275,test
419,19.1515,136.685,104.743,124.566,55.5652,113.445,160.76,225.198,121.108,24.6621,151.977,349.716,244.313,6906.05,8248.08,37.601,-35.7393,-10.8379,210.473,210.473,6.62123,-85.0059,-20.8094,-37.0455,7.97761,47.5621,-3.35153,30.2691,-51.8971,train
420,78.1285,113.237,15.073,90.698,16.2859,128.057,12.2818,168.704,214.535,199.883,87.2783,325.204,220.034,4214.39,4946.17,71.2844,-65.3085,-30.6917,233.017,108.081,-3.06479,-233.017,-39.6821,97.8182,-2.7101,29.9656,-43.5248,23.7252,2.45544,test
421,67.2772,74.3029,158.724,31.1687,28.3431,10.3841,107.98,202.25,25.6416,106.407,86.4668,427.383,558.508,6220.73,5663.63,73.5534,-72.0822,-23.7747,192.094,119.546,26.8456,-65.2946,-73.1221,52.5626,192.094,79.7609,-26.3538,125.701,-26.511,train
422,84.8217,18.1765,177.368,206.105,59.909,63.525,101.538,183.301,157.619,37.059,152.045,551.751,567.605,6274.82,7390.4,32.022,-31.0561,-13.4441,129.279,129.279,37.4321,-63.5005,-23.4692,10.1989,10.7105,80.0222,-42.0337,43.4003,-25.9642,train
423,34.8275,6.70087,19.0314,201.736,76.1464,118.328,93.1753,205.703,40.3462,42.3791,113.849,219.011,482.92,4563.49,4157.99,69.7086,-66.7503,-24.3761,234.505,199.169,62.4491,-234.505,-8.78201,39.067,3.53648,34.4974,-32.632,62.0997,-13.9644,train
424,51.8454,121.756,115.079,1.7332,54.3981,113.472,192.045,152.267,181.757,192.062,108.422,442.442,422.188,4625.52,6233.85,50.8164,-46.023,-16.3357,159.409,124.238,34.0692,-96.0556,-159.409,31.995,36.5564,48.8198,-18.7311,2.14974,-30.544,train
425,11.0522,1.47032,62.4174,216.68,24.0553,123.212,90.2817,138.967,41.6867,78.8943,142.538,548.352,236.105,3015.59,2574.42,127.967,-109.19,-27.0045,569.416,569.416,480.116,-200.558,-22.049,-164.946,5.72934,110.196,-8.24063,162.079,-12.654,train
426,36.5479,44.6935,107.643,28.8313,179.195,69.574,179.021,205.289,59.2735,121.795,181.572,224.846,261.53,7388.23,8553.18,17.6622,-17.0966,-5.67116,94.5699,94.5699,28.8974,-54.8512,-33.1908,1.40037,18.5633,28.8804,-8.32089,22.8316,-14.9964,train
427,58.2856,14.4633,33.1706,192.694,110.625,223.721,138.41,67.8401,185.043,103.362,107.548,496.195,319.707,4167.54,5077.92,76.2362,-72.2513,-29.1272,264.614,159.654,56.7927,-264.614,-21.4876,1.83523,3.67157,38.9847,-90.5471,31.6445,-11.2386,test
428,65.9549,211.929,105.806,88.0345,20.21,70.3659,31.6987,150.452,146.962,100.713,190.32,476.289,333.117,5845.46,6254.64,28.9681,-28.4362,-15.5394,152.158,152.158,4.47528,-71.6811,-43.3291,72.1516,13.4787,125.876,-49.5616,36.7063,-13.3181,train
429,133.375,80.4227,50.9593,93.2122,53.7906,165.258,108.829,11.4843,221.709,123.972,109.415,428.588,513.013,3481.49,3934.88,69.809,-66.2571,-36.595,236.307,44.5792,22.292,-236.307,-26.7465,-15.4907,10.8484,100.79,-204.399,15.9027,-20.4512,train
430,224.259,57.6655,122.278,97.6059,218.361,194.812,90.3484,7.00729,150.371,195.7,180.24,359.09,343.05,6399.13,9023.28,23.0228,-22.4446,-14.2281,133.631,18.9648,28.9374,-81.3731,-19.6936,-5.77066,8.56564,99.541,-133.631,18.078,-12.0587,train
431,196.175,141.004,14.7656,126.209,223.726,147.617,21.5151,125.986,148.421,106.713,169.367,532.553,389.304,5522.64,7165.35,47.8686,-43.4234,-16.9431,344.742,75.3372,12.366,-344.742,-28.3805,26.2459,11.812,-15.4593,-106.12,34.1295,-23.1078,test
432,162.99,49.1988,144.5,95.4747,24.2206,121.861,114.997,149.251,5.45777,203.487,197.553,589.715,482.229,7318.51,8481.77,29.4891,-29.1538,-12.0145,171.871,59.3619,106.382,-88.8466,-6.94726,128.607,42.9495,85.3616,-35.8003,171.871,-36.3749,test
433,15.7962,120.318,108.436,175.131,223.269,114.432,178.9,160.672,111.821,207.954,70.0439,274.458,533.206,4281.12,6615.14,77.1037,-73.201,-27.9339,207.918,207.918,11.935,-94.8167,-7.472,-3.44362,12.5489,59.5796,-4.75063,16.5499,-9.7657,train
434,46.9071,101.393,106.348,45.9431,146.749,183.678,142.082,122.813,31.924,134.831,81.3276,532.854,503.531,6984.55,7928.82,80.8647,-79.1153,-29.5577,179.773,179.773,38.7683,-118.369,-30.4224,11.6279,21.4008,72.26,-35.744,61.9172,-41.2298,test
435,78.6361,198.731,205.339,173.024,9.2207,50.0511,76.4897,68.365,202.065,166.617,203.929,517.802,507.002,6680.26,8803.78,23.6779,-23.419,-13.0545,117.489,115.361,7.14564,-56.1635,-21.7194,14.6977,28.3721,117.489,-80.5416,26.3013,-12.0532,test
436,85.1353,200.474,139.81,188.904,2.77734,76.3388,140.849,39.4302,2.84151,209.557,103,262.214,313.116,4591.81,5243.27,30.0501,-29.6106,-14.5119,95.9591,35.9644,12.2158,-56.7607,-0.916813,95.9591,32.08,53.3518,-15.7704,86.196,-16.527,train
437,128.243,142.507,91.0848,102.821,146.169,199.664,33.306,225.623,14.1687,70.4914,178.239,325.819,590.108,7123.6,8444.5,25.0055,-24.7855,-11.1468,82.0691,82.0691,17.12,-56.55,-7.96009,44.1144,12.2191,80.3643,-45.5475,81.693,-48.9462,train
438,196.646,54.3837,84.2575,18.6753,15.9742,36.096,45.1712,50.9786,99.7226,126.598,64.1108,372.608,561.946,3005.79,2369.41,96.917,-90.8593,-58.3942,153.501,41.5399,22.4813,-102.413,-134.052,121.39,33.8713,153.501,-123.243,35.5028,-13.6578,train
439,112.552,92.8923,191.986,146.909,160.386,141.124,215.677,114.878,112.578,177.042,170.843,594.101,449.748,4035.9,6358.28,22.4467,-21.9317,-8.7081,81.641,81.641,30.8772,-68.3991,-20.9161,1.09165,20.3243,47.1496,-39.9828,38.6001,-22.9116,train
440,145.511,179.113,134.074,17.7058,70.9909,168.957,95.9366,107.174,91.075,2.11946,154.824,205.302,386.527,2788.34,2894.86,22.5877,-20.8523,-7.42015,109.423,34.2572,0.645349,-37.5876,-109.423,14.0068,0.68414,44.0244,-38.6862,30.0844,-77.1279,train
441,177.525,217.212,10.6905,215.998,18.1869,197.265,142.344,210.104,99.118,130.075,200.369,492.951,207.542,5268.84,7994.91,40.0452,-35.866,-15.8498,367.25,72.8791,-0.223321,-367.25,-23.0466,166.623,-0.245904,-9.96939,-53.9044,71.0262,0.527396,train
442,29.9109,99.189,143.844,90.5618,103.73,55.8989,32.5667,125.103,94.4044,0.853299,163.82,343.836,489.061,7236.63,5828.59,48.3746,-46.0618,-21.2071,266.516,266.516,0.387506,-50.2904,-37.5426,10.927,0.687605,164.824,-51.2472,50.9322,-63.7024,train
443,81.9015,168.537,23.9699,80.6477,5.38184,182.758,200.05,94.4431,198.858,44.7615,131.031,352.68,283.337,2964.4,3535.24,49.0298,-44.5267,-20.0522,251.853,90.0703,0.699176,-251.853,-42.2698,81.9667,0.644771,17.7445,-57.6523,24.2434,-3.723,train
444,7.99441,170.259,100.549,179.657,26.0674,30.2738,210.262,179.821,102.455,148.805,80.9297,282.594,210.867,7337.77,9539.77,68.762,-67.9851,-18.4525,247.884,247.884,10.6417,-85.5784,-5.64457,-71.2899,59.849,38.8684,6.63967,13.9977,-17.2195,train
445,82.5713,29.3517,65.8682,225.351,212.111,134.338,124.118,202.229,60.8689,179.951,189.87,568.584,362.724,3798.04,5388.89,32.3951,-31.4621,-10.931,142.56,136.786,87.4908,-142.56,-13.8355,11.7434,19.1161,42.2075,-39.2228,72.439,-20.1816,test
446,193.66,210.666,131.194,114.591,123.943,143.181,59.0214,24.955,127.964,58.9878,181.026,545.182,461.275,6214.27,7389.22,34.3098,-33.7308,-21.0742,187.092,45.1991,8.929,-93.1062,-31.1611,-2.17337,13.1375,162.052,-187.092,39.4632,-45.0972,train
447,102.037,221.429,37.7729,164.027,82.2495,104.554,125.04,1.35919,101.548,37.7491,154.497,244.712,283.218,6587.92,6553.02,38.5211,-36.4503,-18.7425,200.615,25.4388,3.71091,-200.615,-9.90942,-17.9555,7.85917,58.029,-154.595,22.6365,-30.7839,train
448,58.4939,72.3886,173.029,36.1278,16.5297,26.2107,175.584,76.1626,4.44119,196.785,186.38,236.078,410.648,3250.28,3041.54,18.5824,-18.3997,-6.58257,86.4047,56.7842,28.8641,-45.468,-7.51071,41.7073,79.7169,44.3514,-17.8396,86.4047,-15.0159,train
449,48.0434,28.7663,68.7496,181.44,152.721,219.862,169.4,20.5118,203.85,161.322,193.864,297.451,552.573,4246.06,5764.06,27.077,-26.0119,-12.6095,147.587,89.5582,28.7437,-147.587,-11.8368,-5.36591,3.76078,59.875,-91.5725,14.8994,-7.24852,train
450,56.5464,137.313,198.003,76.2431,83.0919,24.1869,137.707,144.881,149.405,49.8722,71.6145,530.585,440.36,7409.3,8515.2,70.9442,-69.4709,-25.1291,148.049,148.049,9.60129,-60.3503,-52.2993,-11.0923,54.5081,68.2286,-29.9256,37.7439,-37.3851,train
451,14.0381,3.436,15.2458,103.35,141.545,103.311,199.748,190.816,142.743,118.413,60.5355,563.371,293.3,3502.44,4171.74,361.544,-339.941,-111.092,684.706,684.706,143.309,-670.487,-49.7464,-8.21648,4.76631,32.4859,-29.4848,50.9371,-5.88088,test
452,43.5159,194.681,133.575,1.24094,67.5589,150.082,73.0468,94.2452,111.628,96.2959,88.6214,577.276,241.382,4650.08,4767.75,89.9452,-83.0067,-31.2181,250.5,191.81,28.0557,-85.2355,-250.5,33.4991,36.3928,108.661,-38.6248,3.93822,-80.2142,train
453,21.7199,155.873,39.5831,79.3391,128.862,53.4141,56.135,117.618,178.373,98.1124,98.3536,559.432,393.272,5136.7,5239.61,131.877,-128.054,-51.1317,447.494,447.494,12.1372,-277.799,-46.6663,3.28063,35.4186,136.089,-49.6007,29.3547,-27.2696,train
454,37.2119,176.964,154.416,122.972,184.847,81.5496,93.9249,139.691,156.091,72.3736,180.93,507.783,302.817,2822.16,3642.34,31.5271,-30.7275,-12.2637,200.222,200.222,9.42945,-70.0121,-27.7231,-5.60651,20.462,86.3238,-24.0221,30.8876,-32.6066,train
455,54.2592,20.8467,90.0933,186.151,191.76,102.179,129.246,197.658,23.5749,132.956,66.3636,494.602,236.727,5972.44,7257.77,98.6023,-94.1219,-27.0217,147.035,147.035,144.177,-102.42,-10.4238,5.69229,29.4154,46.8465,-21.6931,116.401,-31.97,test
456,55.7199,132.799,51.4039,166.183,196.036,162.238,194.869,51.0963,194.451,183.562,167.49,225.438,310.481,6890.47,10376,21.7971,-20.7374,-9.15815,114.81,71.1817,6.75442,-114.81,-8.16813,1.80813,5.52878,26.4695,-47.3799,9.87217,-6.91057,train
457,196.975,53.9186,80.9503,208.965,195.388,105.819,190.038,13.8993,84.0871,148.406,110.927,501.172,342.899,4178.81,5575.84,47.6066,-45.6322,-21.445,151.824,31.3441,43.454,-151.824,-12.7713,-7.71012,22.1414,54.1641,-118.259,44.8841,-22.3271,train
458,0.750505,225.069,58.1667,187.099,136.058,93.1011,77.117,166.315,190.822,102.937,91.1916,479.237,546.758,2809.87,3751.1,244.069,-225.83,-85.6304,971.233,971.233,10.2398,-328.638,-13.2963,-48.15,24.7543,262.67,34.5525,18.4368,-31.6629,train
459,123.463,113.879,208.067,180.569,185.762,198.103,11.8736,118.973,101.755,28.5558,133.372,541.463,285.08,7526.91,9492.32,38.0354,-37.6431,-19.7785,128.634,102.055,9.903,-31.2141,-23.741,15.6035,5.69272,128.634,-85.4118,59.5801,-55.851,test
460,162.323,147.843,22.1939,5.19493,154.919,199.169,102.015,74.5598,187.177,144.573,116.433,456.198,483.939,3031.78,3910.33,78.08,-69.2081,-29.7148,312.535,71.3945,25.6651,-312.535,-147.755,40.4043,19.0511,32.9159,-133.284,5.79943,-37.1169,train
461,47.1817,103.403,127.155,176.963,164.614,32.5788,205.448,147.303,104.57,62.7623,144.005,475.258,347.899,7237.39,9181.65,33.7082,-33.0355,-10.9539,142.792,142.792,13.4094,-86.5051,-19.0209,-8.39171,42.5606,43.0014,-19.0536,45.5222,-31.2435,train
462,84.473,77.0044,203.515,91.7572,61.3238,116.284,115.288,35.5934,156.06,77.9242,63.2743,296.76,433.302,4735.75,5103.95,49.7544,-48.9053,-26.1637,69.344,54.6354,13.5448,-42.3586,-20.9748,-4.5166,8.96948,69.344,-65.4639,17.4406,-18.9291,train
463,78.6108,96.4335,184.077,20.1069,178.905,80.5626,207.061,51.3068,14.0078,168.009,98.9923,461.019,474.257,5264.74,6072.94,44.9345,-43.9897,-15.976,79.0714,79.0714,41.1133,-67.1309,-32.1029,5.36699,49.2127,52.9122,-44.2585,65.1678,-33.3728,train
464,55.2029,139.08,94.762,6.72765,77.9075,140.292,193.036,76.4302,187.892,113.02,173.393,582.238,295.474,6083.5,7346.22,39.7703,-36.2962,-12.1618,175.983,142.883,33.3509,-132.272,-175.983,11.3109,33.0627,49.1731,-38.2123,8.91125,-58.0402,train
465,152.718,171.82,142.974,205.368,197.094,126.691,103.927,80.9422,217.641,39.6248,140.516,447.208,388.568,6642.28,9851.16,24.6672,-24.0946,-12.189,66.338,54.1449,4.48873,-63.1796,-18.0205,0.48714,6.08768,62.0642,-66.338,24.0477,-27.5262,test
466,5.59447,179.532,218.373,91.8473,215.636,72.9487,186.487,143.107,221.132,171.751,124.819,579.741,350.524,2834.69,4680.36,66.544,-62.5598,-20.6733,384.899,384.899,15.7424,-85.8354,-32.3487,-30.6779,38.7433,98.181,36.0118,19.0014,-23.2718,train
467,139.795,115.963,24.8747,38.6645,223.092,49.7411,72.9604,11.3269,106,22.1291,87.9823,368.574,207.147,5764.46,4704.56,107.667,-100.126,-48.4521,310.075,38.7402,8.17403,-310.075,-70.8106,-4.51799,19.0563,78.062,-215.989,36.5276,-60.5767,train
468,156.699,217.538,219.063,115.152,87.9151,149.204,126.849,127.979,186.097,148.961,65.5927,202.258,289.137,3376.22,5494.62,21.9246,-21.43,-11.6517,30.8571,26.6037,3.28922,-21.8673,-11.3507,9.54502,4.79564,30.8571,-23.7164,9.93274,-6.79314,test
469,201.132,2.41616,126.936,176.48,177.175,9.51471,165.899,57.0149,17.468,161.469,176.208,233.911,222.892,3403.07,3926.92,24.3446,-23.6305,-4.87953,231.245,19.2619,231.245,-42.3212,-10.0883,-1.38457,58.7223,25.8546,-38.0765,144.141,-4.89355,train
470,218.692,135.434,207.468,123.766,12.9428,135.001,65.627,106.236,149.182,63.7522,60.6104,256.058,248.335,3966.06,4995.56,30.7669,-30.1225,-19.391,52.2514,23.6852,2.92293,-24.0293,-17.4903,35.114,2.93231,52.2514,-34.8665,20.521,-8.78146,train
471,94.4725,111.129,102.521,174.777,178.597,151.211,115.581,103.834,16.9126,193.35,93.0474,496.599,400.234,5626.2,7307.21,53.7026,-52.7584,-21.6076,97.2967,94.4753,37.2593,-97.2967,-4.72255,17.5475,27.3828,61.2887,-53.9256,69.0189,-30.2853,train
472,185.183,113.488,12.7055,43.0092,71.3305,57.0875,17.5737,168.304,109.138,157.493,86.9702,366.908,505.881,6806.21,6987.53,82.5562,-73.7338,-31.2854,291.663,66.7467,9.01784,-291.663,-61.514,84.7544,17.9271,2.94922,-73.0302,34.2825,-9.1898,test
473,163.391,12.2526,87.8343,28.6458,97.4502,52.439,201.298,95.081,122.438,9.97289,122.769,254.898,508.939,7234.16,6935.17,30.3338,-27.9769,-10.526,79.2874,35.3275,25.4183,-79.2874,-78.1108,10.1146,5.93909,31.0186,-47.9413,25.8445,-44.164,train
474,154.139,32.9136,175.316,183.578,150.421,141.806,31.0227,86.6604,203.945,206.207,86.5947,382.615,327.724,4195.16,6078.78,39.0569,-38.694,-24.4236,98.5682,56.8794,26.1976,-34.1576,-16.1452,13.1449,6.08051,98.5682,-80.6349,20.5525,-5.91354,train
475,106.086,62.7466,119.236,96.2645,87.3216,180.954,131.93,85.4504,181.304,130.489,132.885,542.939,581.395,6235.78,7988.33,37.4778,-36.2277,-17.143,102.785,92.8162,30.2001,-102.785,-36.7158,10.1082,10.472,73.1732,-73.1035,27.5694,-20.5372,train
476,179.031,165.328,167.527,142.623,17.4018,52.6842,182.584,117.173,213.694,82.2164,134.908,515.236,259.054,5460.31,7823.88,21.887,-21.1694,-8.24844,56.0504,48.3584,8.77532,-56.0504,-25.9535,-11.2773,27.5378,32.8224,-42.3071,24.4967,-24.9555,train
477,144.418,198.241,118.899,149.956,59.1563,139.166,59.5208,179.135,178.243,130.579,145.752,548.833,581.566,4784.11,6929.73,30.3243,-29.5733,-16.4014,91.45,89.6246,6.22145,-78.531,-28.3749,54.0956,8.86238,91.45,-58.8553,33.7599,-13.3576,train
478,220.122,192.198,160.814,5.97964,15.249,17.7462,22.286,111.737,112.981,175.718,155.546,516.204,505.467,5501.36,6086.47,55.3113,-47.8144,-29.35,419.065,53.9235,13.82,-53.9199,-419.065,275.548,149.676,222.673,-84.8971,31.3666,-21.3774,train
479,194.515,18.3865,195.749,189.489,30.6664,216.573,103.415,159.582,15.2054,169.984,179.252,419.713,239.773,7187.41,9721.61,23.3639,-21.9243,-7.13754,153.191,36.7164,153.191,-40.0881,-7.28525,51.0099,13.0056,49.9156,-26.0965,128.394,-23.4337,train
480,17.2278,201.972,155.325,5.80546,71.1726,120.756,197.24,113.251,106.737,83.684,182.637,364.473,353.08,6781.5,7941.35,30.7772,-29.3885,-8.90361,196.821,196.821,14.8473,-71.2968,-111.272,-12.6441,24.8331,53.2692,3.17092,8.55899,-50.677,train
481,133.862,3.28911,191.508,29.2664,160.816,147.858,214.058,41.8998,96.0464,64.5699,106.255,420.955,404.163,5327.83,6117.6,46.1771,-41.3824,-12.3597,203.22,43.794,203.22,-56.4359,-120.997,-11.7423,4.52063,43.5934,-55.7855,52.1407,-14.6396,train
482,116.38,56.1392,127.592,88.0958,15.5025,184.335,3.83518,55.9472,81.2637,203.704,119.948,510.897,557.473,7741.44,7613.89,79.6788,-79.0088,-66.6636,412.829,126.08,-6.21604,-48.8158,-61.9545,264.875,-1.89309,412.829,-241.759,94.9832,2.42268,test
483,171.199,69.9838,198.774,93.2724,160.679,84.2794,75.5476,107.239,46.1124,6.83171,61.165,532.075,311.603,6425.26,6530.71,93.3286,-92.2538,-27.5552,154.562,58.6908,10.6689,-45.4307,-49.0402,0.952008,8.85925,69.444,-62.338,140.282,-154.562,train
484,224.482,186.073,62.8128,198.671,4.97969,136.977,103.856,86.7547,121.733,15.6393,98.5072,368.366,366.237,6875.38,8033.54,39.3869,-37.3955,-19.8061,115.725,33.1623,1.12749,-115.725,-17.4855,57.5984,1.5316,48.8219,-61.304,40.3571,-18.9711,test
485,71.3628,141.804,15.5189,27.4596,210.838,15.9435,40.1077,61.1779,7.44712,135.576,113.224,593.692,280.294,7493.22,5676.25,139.544,-133.371,-45.2489,467.42,187.211,33.9645,-467.42,-40.8098,29.8919,302.087,46.4341,-171.593,212.806,-50.2396,train
486,70.2338,218.668,76.3645,60.3497,74.544,218.399,220.804,183.728,14.1329,168.972,66.4292,502.784,435.497,5262.79,7457.14,84.2841,-81.5962,-29.765,141.867,122.518,19.8105,-141.867,-11.5316,38.6504,19.8349,37.1848,-27.5339,69.6381,-36.2561,test
487,67.0344,120.926,27.723,6.84971,172.61,143.359,145.168,11.0906,173.305,169.06,115.425,486.276,521.133,6145.27,6988.42,114.527,-104.623,-49.3669,466.126,102.592,33.304,-466.126,-121.97,6.83023,28.0925,78.5164,-256.868,6.81755,-33.689,train
488,60.4802,111.902,13.4687,151.677,9.52522,49.2163,90.1498,150.005,210.077,3.89295,64.4075,536.273,586.964,3246.04,3082.46,209.895,-189.221,-97.8628,602.828,228.811,-2.22447,-602.828,-36.9973,300.689,-5.05774,43.2436,-79.9076,37.7769,90.4278,train
489,120.414,188.102,124.967,207.357,38.9685,183.563,153.217,22.9623,110.732,41.5867,208.951,229.833,320.59,7546.16,9163.04,12.5268,-12.2314,-6.01631,61.8314,27.4244,4.06225,-54.4031,-7.39888,-13.6075,4.1627,41.5383,-61.8314,19.5942,-25.9849,test
490,38.4926,105.117,48.5014,75.2541,105.714,48.9659,53.642,58.2148,53.8355,187.973,175.299,204.702,332.881,2904.11,2448.93,27.8759,-27.2296,-13.2287,117.961,117.961,10.3245,-101.631,-12.7801,14.4904,22.1639,75.9871,-60.577,25.2644,-8.16504,train
491,116.056,211.443,71.9478,76.8354,52.2391,67.5381,210.87,187.033,77.5389,123.487,147.295,336.525,341.127,6437.61,8494.72,23.1871,-21.9984,-8.62793,93.6977,58.2968,7.06292,-93.6977,-24.3618,29.2613,22.112,22.642,-25.7117,34.1401,-17.1029,train
492,1.8072,112.199,101.603,17.3302,68.5719,175.924,54.9432,18.349,219.517,166.36,90.3904,435.84,453.27,3223.8,3321.62,243.375,-215.004,-73.8312,1132.8,1132.8,30.9061,-153.152,-51.4003,-46.6953,19.7109,288.342,178.132,5.73873,-29.478,train
493,194.284,85.5403,19.4041,43.1642,128.216,28.7951,176.977,61.1247,145.507,190.035,153.809,581.366,577.599,4904.96,5878.43,76.2418,-69.0219,-30.0724,457.025,73.8548,23.7005,-457.025,-87.7188,37.0378,70.4059,24.4082,-197.474,36.7999,-15.0872,train
494,95.7865,116.511,73.7276,49.0707,218.375,191.807,10.3438,165.41,132.733,60.7228,192.129,223.905,327.402,4823.27,5589.82,16.3019,-15.9821,-8.43468,75.5892,75.5892,6.49423,-37.3094,-30.2093,16.1144,3.94486,69.9578,-42.7606,15.7942,-17.6222,train
495,64.8449,146.09,78.2348,127.837,57.9893,39.4436,58.8112,88.317,117.055,25.2069,101.076,534.56,549.467,6446.16,5444.62,74.335,-72.7562,-34.154,171.279,171.279,5.79108,-133.251,-35.198,21.7521,21.4488,122.14,-92.2501,54.3622,-47.4652,train
496,102.713,192.744,67.8973,132.26,7.47071,165.19,39.6718,127.823,120.259,88.4115,191.135,591.927,298.835,6697.98,7351.11,31.8454,-30.7834,-16.973,132.996,114.066,4.99367,-132.996,-37.4773,112.446,5.82662,110.893,-64.1351,58.2904,-15.396,train
497,110.127,141.66,54.159,57.2994,114.878,88.9797,194.542,60.8592,217.012,62.2495,166.214,530.102,549.184,4374.28,5292.71,42.0976,-39.2218,-16.8074,214.044,89.0113,11.5611,-214.044,-63.9322,7.29648,18.4058,45.7349,-104.603,23.8726,-37.2071,train
498,42.8974,42.4187,61.8747,33.1827,80.7338,105.095,9.92143,5.19825,223.142,172.931,91.5521,262.03,517.483,3644.69,3158.46,189.423,-188.642,-158.557,731.136,123.228,25.1451,-125.247,-46.8219,13.7757,10.1492,731.136,-725.257,9.8468,-8.72275,test
499,149.38,133.722,16.8309,101.896,191.937,216.425,221.732,204.95,20.3899,94.3413,105.666,471.728,282.08,5763.5,8305.03,65.3704,-61.5296,-20.3399,243.037,86.2373,26.0718,-243.037,-12.0802,36.126,16.1089,-3.99741,-56.3397,85.3751,-52.2619,test
500,101.441,18.9845,31.3309,178.926,53.1012,98.8953,117.32,180.709,102.748,211.343,175.554,201.16,212.644,4938.2,6088.46,16.6533,-15.6784,-6.48777,98.5871,50.0036,19.2655,-98.5871,-9.19849,26.6464,3.69831,12.9851,-23.9537,22.6533,-2.4474,train
501,26.5503,63.8237,161.477,110.739,156.91,109.592,104.582,115.09,32.7818,97.4891,179.478,399.04,458.908,3786.05,3891.2,35.4636,-34.2288,-12.9807,212.722,212.722,39.8225,-67.5787,-13.0828,1.32989,23.1916,93.6033,-20.3666,62.5004,-36.8698,train
502,52.4333,16.242,181.047,91.2669,2.62956,144.42,106.504,101.98,178.535,97.185,205.954,371.729,305.311,4320.33,4633.19,20.2668,-18.8424,-6.9226,119.531,119.531,66.302,-43.8427,-28.9307,-34.3384,7.45657,56.0388,-35.3637,20.9152,-15.6705,train
503,6.03259,219.965,105.045,185.919,90.4878,11.0193,33.5157,60.5272,146.385,135.898,65.8865,271.944,413.834,4479.5,4713.22,194.327,-184.223,-83.0081,577.527,577.527,2.65762,-83.8943,-11.4827,-15.1436,53.0512,257.108,-17.8635,20.6247,-6.08345,train
504,56.0863,45.965,163.845,10.2721,72.9205,61.4258,86.7803,80.4043,95.5198,57.517,156.184,511.397,432.52,6171.11,4871.91,46.8123,-43.8794,-16.0179,209.128,147.799,64.5229,-69.4415,-209.128,14.0882,48.2825,102.076,-55.8532,31.8048,-72.9221,test
505,31.3121,127.738,75.8241,35.1635,161.883,28.4404,90.045,162.73,68.4455,19.2764,69.864,242.015,379.185,4858.43,4184.42,75.0641,-73.0296,-26.285,154.729,154.729,4.97445,-81.8659,-50.7552,3.95365,22.3424,59.4811,-21.0725,36.8759,-46.6182,train
506,1.76324,37.53,78.3165,12.9266,83.4571,7.21656,74.9418,155.143,4.86441,79.5184,107.866,335.82,558.39,3178.08,1935.23,170.06,-168.816,-51.184,678.039,678.039,69.659,-184.673,-57.5476,-34.8268,362.265,209.556,19.7137,216.269,-46.4947,train
507,3.49081,205.027,81.1586,54.7189,148.252,111.295,201.023,147.375,3.78575,221.174,176.483,438.724,371.622,5537.37,7163.62,58.1447,-55.427,-17.8696,421.354,421.354,20.8046,-189.839,-2.22497,-20.493,38.3262,77.5255,27.9856,45.4805,-27.2741,test
508,98.285,75.0993,54.3816,103.713,168.568,150.993,93.0984,20.2461,93.4237,72.2876,193.942,277.183,234.129,3303.94,3159.14,22.698,-21.781,-10.9923,119.659,42.2196,15.0924,-119.659,-15.7975,-1.54644,7.50652,56.7427,-96.2354,24.8015,-22.1741,train
509,171.394,46.5252,187.113,119.2,17.7517,41.7952,45.4932,165.802,111.398,63.3323,192.435,201.426,465.152,3334.99,3445.04,11.5896,-11.255,-9.33072,94.9423,34.6051,-4.66826,-25.4563,-18.7203,94.9423,-5.19657,85.4543,-33.4087,28.3287,4.84991,train
510,115.03,20.6286,153.238,152.542,56.2894,160.804,198.776,126.875,90.3717,154.664,103.616,462.618,406.725,4470.04,5990.52,35.9601,-34.5034,-12.6583,75.3134,68.3572,75.3134,-65.7974,-20.1425,2.92025,9.6615,38.8207,-36.0806,48.0822,-14.2059,train
511,109.905,100.965,137.098,156.577,76.1988,210.397,214.278,193.399,85.596,23.6827,113.558,493.099,495.313,3577.33,4979.37,37.7708,-36.8751,-12.1827,83.5963,83.5963,10.7874,-77.0138,-24.5364,5.44457,5.17664,37.1404,-31.1269,63.4747,-65.0386,train
512,56.0123,3.62474,149.12,116.831,79.255,36.0154,181.33,181.109,115.931,97.8946,83.7523,331.148,289.621,7745.56,8894.39,44.464,-40.5134,-12.5868,95.4439,95.4439,91.3839,-50.1919,-25.5089,-11.9323,9.19727,32.5469,-15.887,36.3553,-4.78523,train
513,111.45,175.286,26.9972,107.474,45.6747,5.96448,44.0315,46.2777,188.038,5.68567,85.7893,219.477,211.025,6240.09,4990.02,50.8367,-48.029,-24.7269,136.41,44.9696,0.31672,-136.41,-19.9048,14.8408,9.30783,47.7892,-86.0889,16.0891,-13.8088,train
514,53.9178,212.748,120.081,219.699,97.1922,161.331,178.039,173.35,4.80203,100.988,173.521,327.502,595.656,7800.44,10781.2,26.4326,-26.0758,-9.67454,112.228,112.228,14.2532,-81.033,-1.10459,26.0657,18.7957,51.2779,-22.6475,71.4693,-42.4642,train
515,112.294,118.423,22.8652,73.3534,95.2002,9.30837,1.4819,104.05,20.4636,132.083,155.265,496.282,352.672,7770.71,5659.02,65.2133,-63.4418,-24.0406,257.275,118.924,20.2225,-221.329,-35.0087,61.1724,257.275,93.4395,-114.056,177.472,-25.6412,train
516,176.125,200.763,153.904,156.522,40.3592,139.097,13.7668,174.918,152.024,30.9985,75.0604,518.094,571.164,5322.44,6776.8,60.062,-59.3286,-41.9645,150.641,82.936,0.790358,-43.1917,-32.0867,109.117,1.14074,150.641,-76.2103,46.7199,-7.23905,train
517,219.154,88.479,198.92,224.045,148.616,40.0613,113.153,211.855,141.407,30.6792,135.184,237.087,227.939,2810.74,4169.46,10.733,-10.5375,-4.51586,23.7024,23.7024,3.89061,-21.1017,-9.04567,5.3625,8.59277,22.8302,-18.8486,20.2684,-15.8683,train
518,82.8901,150.207,41.0515,152.581,16.072,186.19,164.033,42.1002,169.719,89.4637,124.936,233.361,491.71,4946.27,5821.14,39.17,-36.7258,-18.6908,173.091,58.0564,2.32906,-173.091,-13.0015,30.7934,1.87895,41.1422,-83.2629,16.5301,-5.53018,train
519,44.8872,48.7134,92.7534,106.827,211.794,187.723,102.805,148.373,2.1479,22.8398,63.3976,473.381,298.234,7590.34,7518.45,165.999,-165.073,-34.0451,321.175,169.73,87.1631,-103.123,-4.56625,11.3181,22.6185,66.4599,-27.4974,321.175,-262.908,test
520,17.3868,90.3955,104.474,114.26,69.9505,118.321,129.07,180.113,130.519,145.371,146.052,398.264,384.994,3192.37,3918.04,47.4677,-44.8729,-16.4366,269.615,269.615,22.2095,-106.344,-17.2851,-18.1543,16.9678,78.0951,-5.53632,21.3998,-19.5309,train
521,31.4812,63.9382,96.3961,193.899,140.552,129.71,34.2389,73.9744,52.9694,70.4252,197.42,260.321,358.278,5524.27,4968.14,30.0517,-29.0049,-14.4773,181.634,181.634,18.0141,-58.8648,-7.48544,11.835,8.87974,126.851,-59.5485,38.7509,-23.1292,train
522,207.527,206.518,59.903,150.123,178.785,86.8631,165.421,198.732,199.899,113.898,175.149,213.171,277.595,3515.42,5941.96,10.8594,-10.2087,-4.47776,60.3773,26.7642,2.6608,-60.3773,-10.5394,10.2938,6.32608,12.6961,-24.3558,11.1935,-6.82287,train
523,83.8957,218.506,68.0045,144.025,79.3807,172.124,119.11,37.381,220.068,143.577,199.904,359.507,442.996,5514.99,7572.03,24.44,-23.4623,-12.1337,134.093,72.6646,6.22228,-134.093,-15.5213,3.34748,7.89899,65.5856,-94.6259,14.3656,-13.3919,train
524,65.3981,145.601,214.805,133.946,205.637,78.0755,197.745,20.8828,1.28551,18.1176,71.831,293.323,343.071,5813.48,6273.18,88.7172,-88.5522,-15.8459,238.672,52.7807,18.6556,-40.8681,-1.6197,1.46653,34.7904,41.8048,-35.1152,238.672,-212.026,train
525,100.36,109.505,73.5787,69.5814,145.72,52.3883,58.9256,87.0228,102.852,143.763,97.8356,492.48,219.772,3376.57,3415.75,52.5534,-50.7775,-22.585,105.485,91.776,19.9024,-105.485,-39.4556,10.5714,41.6013,68.0804,-69.6494,37.749,-21.4392,train
526,131.5,44.8148,202.821,213.046,99.5361,96.0182,223.012,70.0152,41.4335,55.714,198.671,460.235,541.883,4244.78,5199.27,20.879,-20.6192,-7.1443,83.9175,53.9847,47.8357,-59.791,-11.5403,0.381977,22.3264,47.7164,-50.4286,83.9175,-54.4156,train
527,79.5652,131.849,52.7159,132.522,25.4985,214.817,23.0544,107.576,132.565,68.4569,135.378,367.846,327.889,3517.64,3557.47,38.6296,-37.6446,-21.725,111.328,111.328,2.95378,-103.507,-24.8186,74.1356,1.81295,109.067,-68.0887,35.0874,-8.04549,train
528,34.4757,6.89442,117.794,147.589,112.797,143.788,107.117,141.999,208.552,206.542,119.651,396.262,599.767,5408.18,7431.08,53.1226,-49.0933,-20.5748,208.019,208.019,64.9493,-90.955,-23.815,-2.71173,3.11423,89.1349,-31.959,23.8344,-3.06605,train
529,9.76955,28.5113,182.196,43.5548,41.768,20.9211,130.166,42.9471,197.562,150.896,129.045,512.923,323.732,6093.56,5930.41,73.3879,-71.0097,-19.851,433.732,433.732,72.2337,-78.9678,-70.4803,-94.848,98.4402,100.59,29.3682,21.9744,-19.3016,train
530,50.129,222.312,129.206,59.4211,212.969,182.578,84.8325,93.7629,30.9192,73.0136,131.918,219.821,584.01,7393.82,8492.86,31.529,-31.0671,-14.9543,107.703,107.703,6.49137,-54.4533,-12.7076,11.4839,7.90406,80.6442,-48.2776,34.5377,-27.9518,train
531,124.277,95.7776,208.896,67.9138,88.751,169.792,64.0623,170.404,122.013,150.309,174.641,540.767,338.084,5647.46,7602.06,22.1243,-21.6576,-10.4129,85.787,85.787,25.5963,-42.8085,-43.5275,25.8875,14.4386,78.034,-43.6011,34.2634,-23.0659,train
532,86.1075,21.8077,148.175,225.184,120.586,155.759,124.383,2.33161,100.345,117.837,145.979,578.499,480.374,5129.77,5841.63,43.0407,-42.3153,-21.5427,151.565,70.0853,91.8107,-108.816,-16.7988,-29.2979,12.8543,117.551,-151.565,53.3131,-24.0289,test
533,155.12,42.9555,198.334,71.1191,57.8297,48.4967,75.6986,123.623,85.9185,191.71,195.936,443.503,566.488,3083.86,3520.24,20.3655,-19.9584,-10.549,89.7319,62.7376,36.6374,-46.5785,-40.2318,42.1164,32.4512,89.7319,-60.5942,47.096,-11.6095,train
534,22.7682,84.7017,19.4304,95.9232,66.4516,76.7529,66.3881,57.4025,119.196,124.336,205.209,305.986,233.337,7073.56,5727.47,46.9777,-44.8613,-18.031,292.706,255.864,13.288,-292.706,-20.1656,12.5107,14.6641,55.9723,-68.138,22.9503,-12.8018,train
535,28.7121,12.0422,85.3447,77.8968,214.963,50.2168,107.655,91.2397,131.805,216.022,100.469,220.195,596.758,7786.13,8845.13,52.8063,-50.3585,-22.0689,162.577,162.577,39.8024,-92.6303,-22.1144,3.45799,9.54475,74.9249,-38.2226,18.4832,-3.13784,test
536,33.1014,197.838,201.413,109.454,43.8479,137.045,117.834,182.842,123.587,165.905,83.5835,357.775,420.235,4133.55,5886.24,51.8374,-49.7936,-20.9215,162.209,162.209,9.31988,-47.4956,-15.8415,1.31571,13.4542,71.8721,-13.8574,19.8414,-15.7173,train
537,143.599,104.963,190.661,25.5046,186.551,97.9133,213.281,49.7628,93.0803,127.843,201.278,337.269,582.259,6920.86,9072.61,15.8104,-15.0509,-6.8914,55.6677,37.0964,19.7628,-55.6677,-50.9059,3.51645,21.1857,48.0129,-55.5403,19.7262,-22.9467,test
538,12.506,188.473,145.036,153.146,183.571,117.789,165.042,39.5227,48.6951,191.972,169.901,535.439,403.026,4722.73,6176.16,48.9488,-46.2567,-15.2507,358.563,358.563,20.4436,-107.623,-9.80316,-12.9189,32.7116,87.8718,31.1385,43.6014,-28.3848,train
539,25.7973,116.63,225.248,120.019,204.659,107.598,43.9418,132.364,132.352,78.6857,188.578,556.38,439.393,7428.69,9154.9,49.631,-46.9547,-21.6618,363.913,363.913,16.8528,-51.9312,-29.9808,1.1038,18.2675,197.401,-40.8585,38.4482,-35.3266,train
540,25.6917,107.904,209.86,179.959,130.54,105.285,12.8741,40.5238,224.546,130.305,116.858,327.916,325.16,3478.02,4250.76,75.1211,-72.167,-45.1867,284.405,284.405,7.52089,-27.5529,-13.7122,11.9508,7.70799,274.961,-140.56,15.5414,-8.80765,train
541,52.7043,77.2489,40.6936,169.378,16.9513,225.608,160.283,78.8754,66.4344,129.222,181.969,369.628,256.577,6353.25,6956.8,32.2111,-30.7174,-12.3437,180.938,119.375,21.5381,-180.938,-11.9997,33.2021,7.3747,32.3526,-46.5331,43.2662,-18.2086,train
542,33.2214,212.668,93.651,207.046,122.282,173.803,103.621,24.2534,172.576,151.105,118.927,299.451,374.3,2902.15,3930.87,39.2802,-38.5178,-18.934,123.089,123.089,6.34847,-92.2289,-7.94218,-4.49544,7.76807,77.0131,-63.8307,13.4754,-12.6359,train
543,218.138,55.3224,183.894,136.784,193.193,134.446,94.3762,114.341,63.7899,51.2454,115.143,580.706,350.979,6546.1,8258.15,37.5051,-36.9487,-14.4875,79.7669,49.801,39.9308,-54.746,-26.3041,7.54914,16.4309,63.8417,-62.5397,79.7669,-60.9635,test
544,171.046,153.097,224.958,72.5231,27.5512,66.4118,170.319,79.4341,189.437,62.4582,157.652,288.336,592.169,2996.82,3904.99,15.714,-15.1742,-8.27225,51.1976,32.2865,4.5401,-40.2265,-30.1736,16.3635,10.4661,51.1976,-46.9859,16.3363,-15.7383,train
545,41.9017,96.1112,100.104,16.0441,101.73,216.883,176.234,121.925,213.762,37.294,164.728,409.393,300.94,3894.63,4805.85,34.8994,-32.4446,-9.9249,140.838,140.838,19.5884,-93.8007,-137.824,-3.96983,8.68055,42.4977,-20.9642,14.6293,-71.3919,train
546,26.7975,184.131,59.5803,119.574,99.5752,109.503,189.882,4.17629,165.853,36.3544,173.456,443.964,382.603,3789.66,4018.2,45.1865,-43.4439,-17.2837,208.739,175.696,6.57408,-208.739,-27.0055,-29.7319,11.0544,59.561,-90.9484,27.5347,-47.0891,test
547,139.39,138.501,110.92,88.6058,150.539,69.0748,191.606,169.999,92.4177,145.817,84.1053,235.057,265.367,3674.37,5192.07,23.2918,-22.4032,-8.96401,44.4186,34.2813,7.89085,-44.4186,-14.1941,7.77345,15.8219,19.0156,-20.1975,19.2455,-10.5995,train
548,222.924,180.995,2.72386,107.629,219.749,88.4688,198.604,100.104,129.042,140.469,184.924,546.512,231.2,5809.23,8637.63,61.0235,-54.8368,-22.2831,508.741,77.702,10.7486,-508.741,-32.7019,37.9379,21.99,-29.0484,-167.502,38.5735,-19.5862,train
549,134.492,25.8111,52.4497,52.0491,25.0476,125.302,118.773,39.3713,177.468,29.1553,145.037,498.476,468.329,4420.48,3763.23,50.9345,-47.7393,-21.5925,205.065,66.0412,38.712,-205.065,-76.573,-3.52698,7.9743,68.7124,-139.988,31.7604,-48.4672,train
550,132.458,32.1075,148.878,49.2657,108.278,173.154,35.5006,213.938,191.845,147.833,128.73,520.737,200.137,5633.9,7610.41,29.7509,-28.5999,-12.45,81.4758,81.4758,55.5631,-45.8854,-69.4881,19.9614,10.3029,64.6934,-36.9175,25.2359,-17.0662,train
551,60.456,50.4527,106.684,164.849,207.552,21.5237,76.9941,192.908,21.8753,133.163,72.4299,377.293,223.968,4160.92,4613.15,69.0344,-68.4411,-21.214,114.268,114.268,44.7232,-62.3361,-9.19946,7.79922,104.834,52.8504,-22.9848,98.0416,-23.9634,test
552,157.188,112.465,85.8501,13.92,170.026,129.945,123.236,182.937,33.8526,88.8702,172.428,242.533,588.074,7819.59,9123.3,19.3358,-18.292,-7.77669,68.1091,46.502,15.3679,-68.1091,-50.07,24.6271,13.3006,39.268,-37.758,29.1165,-27.5037,train
553,108.346,85.0718,138.392,84.4313,131.166,138.543,115.733,80.2523,4.06521,215.907,87.2409,593.207,552.067,5240.02,6105.31,68.0379,-67.247,-28.5152,103.527,93.6509,66.2321,-95.1653,-3.52466,29.8636,40.6697,88.446,-74.2714,103.527,-36.9065,train
554,143.471,64.9024,137.308,109.509,211.99,215.673,155.303,48.5372,32.7224,214.806,89.2635,503.717,470.152,3633.26,5053.77,50.3286,-49.2672,-22.182,88.0622,53.8184,56.8418,-88.0622,-12.3095,6.30324,17.1054,64.2391,-78.2094,58.2587,-24.2883,train
555,200.998,175.531,211.205,99.5827,78.7763,201.893,7.84085,191.48,12.2967,55.8338,157.793,465.278,201.023,4378.27,5389.58,29.0858,-29.0106,-12.0591,133.065,53.765,19.9153,-24.4403,-11.6187,63.431,17.3149,91.8287,-45.4508,133.065,-88.544,train
556,188.245,69.0985,160.56,44.8239,109.379,10.2873,133.341,105.007,181.29,2.92397,60.0946,239.029,594.53,5604.13,6046.74,47.1822,-44.8764,-21.7744,51.7613,32.1569,1.01508,-43.9884,-51.7613,12.2777,6.81819,49.5566,-49.3335,18.0991,-33.9242,train
557,82.7456,9.28207,22.4528,30.1584,23.9534,71.2341,179.971,47.5886,14.3014,131.412,67.9441,227.287,317.084,7778.96,5460.82,105.623,-99.4725,-36.9615,229.41,58.4751,132.774,-229.41,-34.4999,63.6745,17.3009,22.6155,-76.2457,102.887,-13.2628,train
558,123.813,82.2872,169.379,137.133,91.0833,130.938,79.1309,91.7522,109.878,150.729,192.478,523.391,242.467,3688.14,4535.43,19.8163,-19.488,-9.27467,72.2605,72.2605,27.9052,-54.1955,-21.4221,8.51123,17.5368,70.5165,-57.2284,37.8101,-21.5445,train
559,114.47,97.3604,133.646,154.276,16.3766,54.9352,87.3634,2.86094,131.121,178.271,121.135,256.594,599.712,6326.74,6573.15,39.8524,-39.3057,-26.1165,180.18,25.6001,15.8857,-80.5449,-6.607,-39.9839,28.1539,132.716,-180.18,10.9937,-12.2694,train
560,188.779,211.045,172.389,107.256,191.43,162.729,94.7056,141.126,35.8603,9.59067,160.089,208.012,426.275,4511.35,5904.86,17.5394,-17.3625,-6.35647,64.9064,29.8821,2.08567,-28.2037,-15.2901,10.0352,2.70493,41.5412,-35.6845,64.6743,-64.9064,train
561,174.431,54.8301,25.6062,148.529,34.1872,57.4371,46.1179,73.1949,120.781,66.6015,193.448,411.688,547.328,6708.44,5697.15,39.0832,-36.6163,-20.0664,263.383,63.5192,5.42177,-263.383,-25.7162,91.941,5.17567,80.5684,-134.53,44.7235,-6.31235,train
562,175.069,104.242,26.8191,204.286,115.57,63.8676,70.3869,178.037,139.515,213.531,111.48,322.178,345.708,5297.56,7462.13,35.9117,-33.445,-14.5329,147.588,52.3465,7.63353,-147.588,-11.8757,30.4268,12.4591,14.7957,-47.2032,24.592,-5.27013,train
563,56.656,148.836,168.283,41.7574,22.6377,196.497,25.6912,55.7651,167.299,209.66,107.932,372.285,222.043,6035.64,7080.67,46.1727,-45.4436,-28.4274,148.686,122.935,10.5555,-38.1733,-51.5313,48.1659,7.99522,148.686,-82.2222,18.1897,-10.597,train
564,99.5233,48.033,7.59373,39.312,33.0329,193.908,92.0789,110.198,153.444,19.2326,89.873,534.984,263.171,2774.05,2413.99,147.867,-131.119,-52.0407,547.997,145.894,10.0271,-547.997,-123.835,130.229,2.48381,-18.2538,-117.683,44.8677,-35.4153,train
565,220.07,17.7039,17.8958,19.2462,58.1834,5.13528,224.532,42.2536,119.453,191.748,102.732,383.804,567.93,6995.1,7391.79,113.588,-100.834,-42.0987,425.419,43.5326,40.5495,-425.419,-162.118,45.0648,139.794,23.7778,-192.189,36.9399,-5.29466,train
566,33.322,19.2735,111.619,38.0484,215.8,3.31562,208.521,192.973,39.0426,181.417,207.449,361.794,267.922,3520.94,4188.48,29.7917,-29.0125,-6.59104,235.484,141.508,40.5103,-78.9987,-74.5672,-8.06206,235.484,35.2656,-8.04213,102.769,-6.08643,train
567,62.3695,40.142,179.205,76.4345,192.574,205.349,139.514,115.217,144.138,208.059,146.184,586.233,498.396,5818.84,8589.82,36.6253,-34.9626,-14.2476,146.927,146.927,62.8447,-74.815,-43.6926,-0.198278,12.285,76.48,-40.523,32.7667,-17.1473,train
568,63.3158,110.809,20.6544,12.0277,41.8107,77.3115,99.9782,126.187,103.464,52.0035,106.487,543.116,300.791,4623.59,3659.76,112.848,-101.028,-35.9906,361.531,186.907,24.6992,-361.531,-224.006,88.7032,35.4007,28.8003,-71.7608,36.8271,-74.4284,train
569,45.6553,23.7644,168.4,133.173,84.5791,91.7467,16.4463,168.97,12.695,85.8995,178.495,353.788,281.81,6992.45,6067.62,38.7087,-37.2237,-15.6133,181.773,181.773,102.665,-30.4799,-8.24561,43.3079,26.5926,137.149,-39.848,122.328,-40.1675,train
570,72.2497,16.9104,13.248,15.6262,13.5291,141.035,12.1983,33.5367,70.2813,182.697,74.4448,220.584,555.228,5426.67,3448.9,165.033,-154.369,-101.55,328.656,108.177,-4.93281,-328.656,-146.501,245.447,-0.591456,249.051,-236.566,46.0649,0.645703,train
571,193.288,27.5828,55.7223,112.766,66.8279,60.4005,74.8373,203.954,212.433,220.056,201.551,476.551,215.585,4154.6,5783.89,18.4196,-17.2374,-7.16859,108.86,53.7354,32.7634,-108.86,-34.2462,26.3232,14.9619,24.5746,-38.9754,25.7089,-5.80777,train
572,165.997,95.0777,181.8,163.882,94.514,53.4841,17.3518,213.237,153.545,36.8449,131.556,485.61,321.827,7171.47,8853.46,26.1751,-25.8657,-13.6359,81.9693,71.837,7.13251,-32.2433,-25.4936,30.5847,12.6793,81.9693,-46.8801,38.4806,-26.0291,train
573,164.72,29.5257,26.2902,17.9967,46.7358,74.1041,96.0505,211.574,201.196,172.651,122.445,212.288,579.809,6376.85,7715.09,38.608,-33.7241,-16.2403,157.81,48.6756,14.6823,-157.81,-93.8717,89.987,5.84994,29.8298,-39.4036,11.8747,-3.55091,train
574,205.853,76.005,63.3305,190.67,24.5443,137.636,151.265,204.039,187.807,36.2448,99.2323,322.405,508.599,7690.66,10670.7,31.2794,-29.1584,-15.7732,105.97,39.091,0.026434,-105.97,-16.8986,65.2255,0.0145973,32.6017,-33.4284,24.2624,-0.0783926,train
575,224.147,113.329,66.742,20.7865,64.3345,225.321,107.034,87.2191,215.912,157.52,195.438,379.478,274.275,5854.11,8123.12,19.7193,-17.8575,-8.39546,101.212,32.8892,19.2588,-101.212,-77.5601,30.5441,9.68653,39.1138,-58.0031,10.5598,-19.5951,train
576,1.92127,182.18,141.745,80.1682,156.368,97.8042,83.4424,64.3194,130.186,62.5943,138.815,300.158,234.443,7640.1,7976.64,67.3456,-61.2456,-21.5988,446.523,446.523,7.33127,-74.0151,-20.7809,-24.3634,13.656,126.938,47.134,18.0975,-30.176,train
577,161.962,205.992,73.0435,54.4366,225.648,2.36523,60.2214,197.201,144.631,211.64,76.7805,358.039,398.828,2988.14,4348.11,50.0886,-47.4963,-18.2594,109.978,58.2205,1.26279,-72.5585,-60.9931,11.2071,109.978,40.381,-41.9465,32.4657,-1.7382,test
578,75.1213,108.487,218.566,61.4539,102.989,113.573,33.94,180.474,72.42,215.618,124.16,375.902,390.573,3790.75,4820.76,33.0415,-32.7523,-17.2478,119.213,119.213,18.5952,-28.4921,-28.3415,33.5443,17.7624,102.852,-40.7195,34.0117,-13.2315,test
579,181.427,87.1161,26.904,196.17,8.96529,154.616,197.344,11.3954,133.513,118.558,203.385,373.39,375.702,5375.53,6423.83,43.3547,-40.1686,-19.5805,352.941,30.1122,20.5602,-352.941,-9.90355,-23.8143,11.5843,41.2892,-214.611,20.5786,-21.3653,train
580,163.465,75.3993,87.0228,144.344,171.078,11.7271,185.797,159.293,171.839,82.6674,187.749,399.269,239.614,4929.19,6765.35,16.2017,-15.4565,-5.65814,76.1182,47.412,7.75824,-76.1182,-23.6084,2.04458,49.8814,20.0287,-33.3595,28.0451,-10.0072,train
581,6.43214,154.086,48.1281,212.68,186.223,22.0321,131.205,17.4397,157.046,18.9417,69.3958,344.765,297.794,2911.75,2898.62,158.254,-148.568,-47.9726,461.045,461.045,2.8137,-215.163,-14.172,-18.7744,19.6782,74.4559,39.0978,27.1422,-32.3695,test
582,63.245,2.81367,195.836,140.811,73.6004,90.0113,211.504,86.5628,132.738,58.2355,162.525,314.346,356.282,7051.76,8111.25,20.3908,-18.4245,-6.20132,85.6379,75.1638,85.6379,-42.0734,-20.6128,-17.5574,2.67696,34.0742,-26.3077,30.9238,-5.85149,test
583,57.1793,174.946,200.136,219.422,96.6268,120.362,102.885,110.837,13.8876,96.639,119.718,224.326,231.624,4775.36,5795.46,21.6601,-21.5489,-8.57026,64.6034,64.6034,10.375,-26.742,-1.95147,10.5822,15.08,42.7321,-18.5103,43.6044,-26.5616,train
584,183.442,30.5336,214.088,145.174,157.091,197.447,16.1301,83.9675,196.906,125.485,158.717,527.432,408.819,7650.85,10670.7,30.0753,-29.7682,-19.9803,156.907,70.0341,36.2828,-32.9955,-28.7,21.6843,5.61083,156.907,-127.545,29.9244,-12.4854,train
585,6.37354,197.576,146.051,194.818,97.5402,171.364,83.1455,28.9354,146.482,95.9646,207.656,248.442,354.997,5286.52,6357.18,34.7345,-31.6947,-12.2728,331.81,331.81,6.06733,-60.8583,-6.59933,-16.9703,6.99542,108.925,18.0652,12.4125,-17.6659,train
586,7.90505,50.3119,142.697,90.9716,41.9418,107.914,5.38812,210.964,95.0782,66.0453,95.2855,350.706,508.002,4355.1,3885.03,280.736,-255.579,-131.201,1210.64,1210.64,11.9266,-42.2646,-31.9552,75.2498,5.56045,662.459,-40.6446,43.2396,-12.8487,test
587,195.382,8.77754,157.41,75.1463,63.196,183.321,193.907,146.47,36.0035,121.557,125.21,445.03,425.387,5927.98,7520.58,37.8361,-34.4614,-9.58562,190.841,42.1544,190.841,-59.5167,-36.9305,15.9936,9.13758,35.87,-36.5544,109.009,-19.4886,train
588,102.972,173.098,178.642,61.5256,47.681,92.2685,25.3218,166.831,84.2553,5.35777,121.478,351.828,289.299,4196.92,4047.44,33.5225,-32.9559,-14.9244,85.0265,81.6451,1.37588,-28.2168,-53.313,33.7396,2.58119,85.0265,-41.4425,55.0562,-62.8644,train
589,118.409,106.745,14.4762,21.5908,12.0191,110.365,154.054,213.123,5.36494,80.5472,126.259,365.312,483.4,4674.9,4378.91,95.093,-87.7024,-37.8107,465.447,76.4758,25.7144,-465.447,-42.0653,373.913,24.8712,28.3184,-35.848,239.41,-48.1938,train
590,118.903,149.485,138.097,220.708,107.015,88.0487,73.6584,137.415,115.672,107.933,135.244,321.229,537.49,7376.24,9692.22,24.1742,-23.8264,-13.0273,71.2692,68.0176,6.28324,-50.1409,-10.2989,24.3155,10.6674,71.2692,-50.1731,27.7903,-12.3067,train
591,171.642,18.2655,131.842,24.0601,188.768,151.92,43.7579,18.1062,159.946,86.9038,151.923,583.732,595.312,5824.29,5981.25,62.2989,-60.3834,-37.9352,287.172,55.4292,123.473,-105.817,-148.878,0.501393,14.8452,262.229,-287.172,31.6717,-36.7011,train
592,40.3505,154.854,35.6289,183.806,143.651,164.018,148.34,177.353,147.654,8.82772,82.1125,521.72,465.422,3237.82,4157.39,116.786,-112,-39.541,270.673,264.236,2.24529,-270.673,-26.4927,4.00508,2.11984,42.2012,-43.4171,46.6396,-55.7008,train
593,17.7803,196.484,48.9071,31.2618,185.131,116.556,75.035,146.69,5.88997,216.658,64.5646,261.961,340.479,4569.84,5116.42,110.129,-106.593,-41.9582,251.388,251.388,12.5844,-138.914,-4.70128,9.19979,21.2142,78.6739,-17.8369,35.2885,-16.1399,train
594,106.712,17.3264,1.77375,7.85985,38.6515,4.56099,50.4226,171.344,92.9452,25.2889,113.719,512.642,451.895,7484.71,4501.44,197.096,-164.283,-50.6753,834.731,172.592,60.201,-834.731,-519.521,238.227,228.693,-102.255,-109.701,62.1306,-58.3306,test
595,59.7236,176.747,124.559,64.35,94.1654,220.23,22.2326,153.744,208.065,2.36789,60.0228,285.273,245.521,3917.52,4607.54,65.9463,-63.6186,-30.588,114.619,114.619,0.322823,-33.4618,-43.4449,12.7121,0.259083,83.6617,-36.727,19.0022,-34.0776,test
596,137.526,209.521,193.134,131.494,117.203,223.078,173.95,78.7762,83.5935,198.937,137.101,554.372,574.956,4004.56,6477.39,28.052,-27.4588,-13.1945,69.553,65.0617,16.1154,-69.553,-16.4815,10.5524,15.136,64.1399,-61.1093,36.6643,-24.0031,train
597,173.546,51.8987,170.952,183.453,71.6151,186.848,185.224,137.72,195.501,164.128,90.6468,474.196,287.895,7407.47,12216.6,29.098,-28.2207,-11.8628,52.627,46.7204,28.9179,-52.627,-17.6675,1.74545,8.03223,32.4857,-34.5663,23.4458,-12.9317,train
598,5.24506,152.252,167.662,124.195,20.3496,75.057,112.845,131.725,25.4033,115.136,75.8391,536.132,341.262,2868.93,2857.85,161.658,-152.031,-45.5085,572.298,572.298,31.439,-98.3818,-4.62706,-144.192,63.7738,139.53,25.3327,31.9914,-58.7944,train
599,212.216,93.5617,218.101,28.8905,129.147,174.415,147.596,143.282,50.5773,77.3114,132.071,281.468,347.021,3549.56,4701.6,17.2599,-16.6067,-6.59386,39.1278,26.5423,18.0016,-28.8012,-39.1278,13.0673,9.65666,33.2184,-27.8142,31.6082,-30.8093,test
600,107.417,113.588,184.36,129.751,155.049,204.309,67.8364,46.5023,84.6308,189.508,111.877,552.59,201.927,5557.79,7337.79,39.5095,-39.051,-20.6427,98.484,77.7066,28.2724,-55.5975,-17.8378,3.26773,15.7184,98.484,-85.7955,38.6758,-23.9654,train
601,70.8353,141.082,221.628,69.7248,154.587,83.2677,177.755,195.594,123.154,22.4899,158.216,302.08,238.919,5798.19,7820.73,16.5357,-16.1128,-5.11229,67.2993,67.2993,4.54453,-30.1606,-34.1292,-4.09668,7.69989,29.1478,-12.6268,27.3262,-40.3169,train
602,6.62522,107.971,83.4326,122.178,52.3646,77.3514,216.959,196.188,168.243,184.256,107.999,529.8,417.763,5052.55,7081.2,102.921,-97.5937,-30.1281,466.484,466.484,31.2865,-203.53,-15.7144,-78.8205,43.6714,76.1542,15.9123,16.1388,-25.9273,train
603,72.9413,78.1817,202.003,215.963,52.9883,21.4029,59.3067,177.222,33.3765,75.2495,87.1781,237.001,590.216,4376.97,4529.02,44.4683,-44.2889,-22.7066,92.7479,92.5772,10.8278,-30.9872,-7.05433,53.9592,39.5524,92.7479,-34.9733,64.552,-15.9095,train
604,86.2342,95.4041,107.153,223.917,224.1,211.986,43.9791,139.591,183.15,31.2544,72.5844,227.152,407.086,5568.15,7696.41,41.2187,-40.1675,-21.7894,75.9928,75.9928,2.92162,-40.4307,-8.89966,10.2136,1.31488,66.2659,-43.378,15.3875,-12.6123,train
605,146.433,40.2757,95.3861,66.1815,67.2154,177.811,52.502,120.826,157.28,197.802,183.817,383.251,473.043,7757.43,9509.31,21.6401,-20.8933,-11.6957,81.5892,63.9642,27.1837,-71.9337,-41.3661,41.6023,6.15734,81.5892,-64.7728,24.6163,-7.82774,train
606,131.165,79.3601,69.5862,49.1586,79.0067,103.871,43.7208,84.102,29.3943,205.537,100.76,421.787,477.42,3414.11,3200.4,56.5667,-55.2113,-29.1976,108.076,75.5327,36.0784,-108.076,-27.5572,54.8649,27.5649,106.83,-95.6694,65.1759,-19.7004,train
607,169.105,43.6752,88.6594,113.554,94.1583,219.042,190.296,23.9365,138.625,171.451,98.7078,472.039,585.307,6510.55,8749.36,53.6389,-51.177,-25.5575,149.302,40.0766,45.408,-149.302,-24.1046,-7.22614,9.05398,63.2929,-121.519,27.9241,-16.3585,train
608,56.8715,170.475,94.2319,142.32,112.688,122.33,89.6325,53.6616,77.3651,119.503,114.204,592.936,395.523,6007.16,6481.55,61.5553,-60.332,-27.2706,162.279,162.279,18.3308,-132.803,-19.705,4.39497,25.5451,103.896,-86.9607,51.264,-36.9811,train
609,20.3776,26.6388,220.546,116.108,156.658,110.584,1.72696,223.098,90.0195,142.331,108.804,523.638,560.83,4664.72,5534.21,167.265,-153.568,-78.5513,761.933,761.933,58.9902,-26.2577,-31.5649,42.2899,14.2103,454.211,-65.2283,57.5766,-15.6138,train
610,55.3794,11.1897,126.702,167.399,31.4455,198.896,138.628,133.043,57.9157,72.4392,170.331,570.603,472.351,4846.8,5139.08,42.5797,-39.3628,-12.6988,169.146,169.146,153.424,-98.4546,-23.8309,-10.4327,8.63146,69.0471,-38.9176,97.4118,-33.516,train
611,50.9957,40.046,65.2145,24.7747,142.684,144.623,195.993,29.474,79.2938,154.004,133.943,435.216,551.07,3880.44,3963.88,53.9716,-50.986,-20.7673,189.071,122.305,65.2324,-189.071,-70.2276,1.01639,18.0629,57.566,-90.4404,31.0307,-23.9887,test
612,30.3455,23.6925,190.377,53.122,4.59677,188.033,207.958,33.3109,200.726,143.502,92.2766,485.399,247.525,4058.65,4892.08,66.5726,-59.829,-14.152,196.428,196.428,129.53,-58.1822,-33.6037,-147.582,16.321,42.3163,-46.9847,12.5769,-30.2441,train
613,216.001,211.346,126.047,192.367,105.14,28.9661,74.6588,166.178,114.082,182.566,89.2319,246.45,385.89,3770.52,5654.29,23.3543,-22.8565,-12.4549,42.165,30.3791,2.93096,-37.2119,-9.59132,21.4226,21.3852,42.165,-34.8701,22.8721,-4.79843,train
614,119.715,212.958,124.551,225.795,31.5496,147.74,139.309,129.341,93.3258,56.6113,74.2741,555.278,519.889,4414.61,5870.51,63.0837,-61.6094,-26.5914,93.1579,85.6564,8.07462,-93.1579,-16.9766,27.5237,11.6391,61.4183,-51.4071,58.0868,-42.9564,train
615,217.467,49.6812,20.6925,47.9053,204.011,62.2185,221.817,216.526,220.401,177.116,160.783,479.974,422.604,7069.55,11532.9,36.8061,-32.9841,-12.2691,219.119,64.7967,30.9912,-219.119,-68.0523,29.5638,24.7464,-1.69354,-60.6858,20.9183,-12.2938,train
616,76.8218,148.145,74.9984,114.942,29.6254,160.932,124.592,209.935,163.659,123.073,67.2405,431.325,559.924,5711.66,7750.85,73.3622,-70.3297,-32.3937,124.372,119.905,6.51354,-124.372,-29.1305,52.3118,5.996,56.9178,-32.9954,28.9335,-11.088,train
617,150.242,53.4368,188.903,224.391,219.713,128.679,204.114,142.511,127.773,62.959,160.991,546.93,596.471,7791.14,12291.4,23.01,-22.5204,-9.10332,66.866,66.866,27.2814,-65.2534,-17.8772,2.57293,11.3292,47.5107,-45.4179,44.3996,-32.7464,train
618,180.247,117.349,95.5562,166.803,22.3925,159.827,100.981,187.156,136.092,213.949,115.785,419.533,542.227,6342.91,9539.15,30.4793,-29.2039,-16.6003,89.1364,52.6538,5.41779,-89.1364,-21.3399,77.5184,3.97788,60.5317,-40.0138,36.9896,-4.20248,train
619,110.672,219.338,205.244,167.98,81.9075,94.6447,206.119,45.2174,70.585,141.508,146.642,599.907,480.528,7455.72,10466.1,29.1444,-28.6346,-12.0093,72.4464,72.4464,15.8588,-72.0346,-15.0055,-6.12761,36.7526,60.2796,-63.1375,50.5023,-34.7631,test
620,209.507,58.9374,81.5946,29.5471,56.1668,116.605,133.123,17.872,59.8991,77.2504,61.0369,285.99,340.262,6141.3,5390.17,66.698,-63.3588,-30.7539,97.3246,19.2888,27.5775,-97.3246,-41.7823,-0.94896,13.9389,53.9802,-93.4725,29.1476,-29.755,train
621,191.813,48.8127,222.366,204.707,187.707,142.598,159.105,194.401,196.108,186.154,162.764,422.591,301.276,2791.85,5204.12,13.1199,-12.8212,-5.52789,41.1872,41.1872,25.721,-35.0335,-14.5105,3.75018,8.80457,31.6818,-26.7299,21.4208,-9.53814,train
622,118.933,28.1644,150.723,66.8161,168.833,131.681,183.694,208.866,216.247,161.148,75.5563,263.812,564.026,5615.81,9007.12,32.8779,-31.5602,-14.0864,54.0473,54.0473,25.204,-47.2831,-28.8593,11.0262,5.39075,34.556,-25.6608,12.6105,-6.22963,train
623,28.9834,63.667,2.38443,51.2014,196.476,11.9713,217.904,146.551,117.2,215.41,62.8541,590.855,348.145,2971.53,3642.32,427.944,-398.204,-137.172,988.98,650.337,21.6606,-988.98,-88.464,42.8089,115.198,-23.0423,-124.875,54.6556,-9.05389,train
624,165.31,107.328,139.345,2.64726,85.3897,71.6005,21.7455,60.0354,14.6573,94.5545,85.9279,210.533,367.605,6596.89,5077.45,47.5551,-45.7396,-28.3269,118.978,36.6419,17.2958,-28.2377,-94.0637,43.3651,25.9261,118.978,-93.0932,24.0259,-27.7643,train
625,113.67,118.849,5.51286,38.4221,183.745,81.0656,11.0684,12.7807,175.967,50.071,204.162,229.385,575.474,6982.91,5712.55,110.94,-104.009,-62.0182,818.212,71.4842,5.21357,-818.212,-43.5745,22.6266,7.64351,283.248,-645.298,13.4554,-17.5008,train
626,78.3936,111.362,152.236,97.8261,217.058,82.1882,91.2858,87.2799,217.86,119.448,150.709,428.689,581.908,3485.04,4680.08,30.1214,-29.544,-15.1744,108.208,108.208,12.3495,-66.9812,-29.7633,5.91685,16.733,91.5593,-67.9875,18.9005,-16.2825,train
627,8.21162,107.596,189.852,55.0264,122.638,188.44,21.6006,175.614,8.20584,207.561,160.255,497.696,288.103,7751.33,8900.95,115.983,-106.434,-48.9756,819.064,819.064,42.6535,-58.3932,-7.04404,11.0999,24.3545,399.969,-14.0836,66.8014,-31.2695,train
628,113.938,4.11428,53.6169,69.9318,88.9955,85.8844,191.388,97.9201,121.518,179.394,78.6754,478.821,265.707,3993.34,4568.69,72.3724,-68.113,-23.1005,150.37,78.6333,142.245,-150.37,-60.101,-0.358122,6.81423,24.1938,-60.2412,48.9138,-4.61357,train
629,201.349,6.2204,215.592,108.555,49.2367,42.9331,135.362,141.853,84.9785,197.035,102.049,446.853,352.922,5429.94,7024.46,33.9262,-32.126,-11.1691,123.628,41.7,123.628,-39.6053,-34.0795,4.63477,17.912,42.5222,-39.1575,61.5674,-5.51961,train
630,178.585,104.133,33.0739,96.8874,120.239,201.066,207.464,143.44,124.351,173.463,152.971,292.575,469.688,5890.19,8894.48,27.0282,-24.9556,-10.9957,154.272,46.8782,10.0708,-154.272,-19.3735,29.6819,5.21568,14.8374,-53.6936,21.3473,-8.54986,train
631,225.548,22.8596,197.342,150.155,180.293,12.3139,92.5226,7.3401,189.492,144.947,105.219,338.966,563.652,7530.05,9658.3,40.7143,-40.1447,-27.0055,151.91,18.5243,22.3308,-58.92,-19.1748,-11.5964,41.4551,125.914,-151.91,21.4879,-4.98058,train
632,124.505,202.137,194.234,189.797,0.755334,28.7303,105.839,225.232,190.419,190.679,176.79,451.015,563.907,2877.11,4596.89,17.9697,-17.5381,-10.6583,78.9929,71.6641,0.778896,-52.7558,-22.9335,78.9929,5.48004,76.6556,-27.705,32.3269,-1.16772,train
633,114.587,86.3359,156.475,68.264,214.865,11.2668,2.91452,35.3842,59.2324,176.284,76.646,509.894,396.366,4363.46,4145.66,137.312,-136.91,-95.5328,381.578,116.725,19.1565,-37.6119,-50.4665,22.4847,146.794,381.578,-330.779,82.2528,-13.2682,train
634,16.2707,106.486,84.0977,142.092,183.793,54.369,215.827,14.7581,82.2212,25.1364,80.3035,430.909,299.69,5684.18,5535.62,92.7101,-89.6435,-26.7638,261.931,261.931,10.1473,-138.677,-22.7215,-17.8236,19.8743,48.1828,4.53247,55.5314,-60.7931,train
635,40.5944,46.6704,224.118,203.337,63.6155,124.997,140.728,206.168,154.301,139.191,122.366,269.349,203.781,6974.06,10260.6,21.5105,-20.2999,-7.50993,94.1568,94.1568,21.0649,-28.0926,-8.41157,-9.14312,7.86506,36.2032,-7.74265,15.6762,-9.98859,train
636,189.533,12.8056,12.3789,76.1311,10.8971,22.7254,198.513,197.11,25.5782,21.3419,158.88,329.046,431.157,7635.77,6635.29,59.7729,-54.3401,-23.9625,393.787,49.1118,26.0453,-393.787,-38.8401,280.894,14.6763,11.2857,-43.1765,163.488,-22.1009,train
637,89.4506,181.232,218.661,218.86,26.6743,29.1503,46.8473,26.0792,118.844,15.0133,136.38,292.704,598.34,3298.35,3186.31,38.3274,-38.1644,-26.7827,179.442,65.8831,1.53046,-40.5708,-12.1067,11.8677,9.51506,179.442,-160.852,31.5305,-26.1272,train
638,46.7553,139.349,11.3252,170.788,155.795,144.101,202.58,2.72341,106.895,33.6556,81.9709,304.66,381.806,6457.53,6833.14,226.602,-207.386,-99.3346,805.629,81.9998,5.92134,-805.629,-13.0071,-9.20533,5.72608,42.4259,-408.843,29.3898,-34.6723,test
639,66.7542,49.7947,33.4559,23.9706,61.5227,83.7357,149.3,84.221,3.2303,111.704,63.6729,580.014,315.28,3613.39,2682.99,171.365,-165.14,-54.9562,301.48,156.798,108.203,-301.48,-17.1967,69.1545,64.3444,40.5998,-78.3634,180.466,-68.2132,train
640,49.1053,170.939,195.948,83.3582,132.433,131.274,70.0271,190.309,216.508,225.755,169.556,250.296,315.979,5299.35,8512.4,17.418,-16.8049,-8.17985,104.112,104.112,6.18072,-28.3556,-17.3521,8.78227,8.04821,61.6611,-19.3916,9.44803,-6.61847,train
641,151.412,131.582,199.707,193.023,150.463,2.53699,190.157,16.8187,47.4262,167.487,191.934,309.034,375.03,5831.7,7600.76,18.9179,-18.7024,-6.517,173.667,25.288,3.34843,-46.0296,-13.7276,-12.702,173.667,45.3816,-62.1033,79.0134,-3.72024,train
642,170.022,157.821,33.788,34.6459,118.818,7.39513,155.385,128.029,169.644,7.60027,178.29,399.888,441.527,6502.84,6980.6,34.6223,-31.2938,-11.3148,181.672,60.425,1.81875,-181.672,-107.137,21.5697,38.8143,19.4719,-69.3105,30.9432,-53.4101,train
643,173.193,133.434,63.5513,82.2887,65.0752,70.7481,39.1223,52.6427,107.173,154.581,105.897,447.501,489.749,3390.38,3373.73,58.3881,-56.6449,-34.7206,150.568,58.1996,12.3889,-129.703,-34.2928,42.7636,23.3661,136.199,-150.568,37.2367,-15.1237,test
644,24.7802,149.099,172.444,109.308,63.2647,86.4046,79.2009,0.697634,63.8962,79.0952,164.032,513.4,233.243,5468.53,4602.96,43.5272,-43.2141,-18.8436,208.816,208.816,19.3024,-72.8349,-20.6393,-35.0201,33.3079,132.597,-82.1167,49.933,-51.4576,train
645,205.008,222.447,27.4849,108.343,147.803,36.6527,106.557,14.522,167.221,26.2503,153.661,320.216,289.476,3464.29,3777.79,48.1242,-44.8073,-22.7765,270.444,24.7215,2.41823,-270.444,-24.5908,-5.40092,14.6763,56.1531,-181.715,22.5318,-28.9804,train
646,144.213,38.1019,46.8091,13.3423,140.786,25.9265,84.365,166.273,217.976,210.892,65.3612,215.556,355.313,7575.38,9490.89,52.5882,-47.1884,-18.7763,85.5516,43.3946,26.6155,-80.3637,-85.5516,21.0322,39.1145,26.9247,-34.8931,7.4057,-6.80041,train
647,183.756,220.317,111.705,168.297,124.432,71.8798,142.224,60.3215,197.459,114.19,188.131,545.203,332.469,4637.88,6817.51,21.5135,-20.7224,-9.93274,97.093,48.08,8.06707,-97.093,-21.8347,-2.34477,24.7262,53.6331,-79.312,26.3185,-22.0116,train
648,128.076,71.6721,115.409,159.704,120.81,130.079,195.315,131.278,221.403,157.997,113.953,274.08,392.366,4351.06,6859.82,20.2702,-19.4949,-8.99877,56.8393,43.6169,10.7079,-56.8393,-12.3563,7.21916,5.89993,27.6519,-30.6535,12.6048,-6.86941,train
649,74.883,200.614,166.24,52.4049,27.6949,150.952,218.744,9.89068,12.8286,121.07,93.3827,523.537,312.941,7846.23,8505.4,49.5657,-48.7487,-17.853,79.3826,75.3039,22.9249,-79.3826,-12.1421,-8.40194,30.4671,51.4701,-57.7104,70.1454,-53.7214,test
650,219.515,152.122,85.6237,53.0776,112.616,198.202,78.1977,194.433,67.9777,163.831,106.88,549.112,336.87,4264.77,5984.26,38.2411,-36.4672,-15.7087,93.2937,54.0004,21.6993,-93.2937,-41.2639,37.0516,16.6544,45.1591,-46.2799,45.5649,-28.4942,train
651,195.597,88.1079,128.053,128.452,87.0696,117.48,186.741,55.6287,212.533,192.704,111.64,479.165,249.19,6978.25,10596.2,28.15,-26.9758,-12.3276,75.8914,36.5481,21.8197,-75.8914,-22.3365,-5.88176,16.3644,37.309,-59.9215,19.0916,-14.1087,train
652,151.543,36.7397,178.151,46.0894,220.402,171.298,163.622,60.97,10.9585,220.251,112.713,583.019,525.127,6117.59,8104.6,47.6662,-47.0275,-17.4233,135.463,59.1389,135.463,-77.3488,-18.515,10.3382,29.0538,68.7093,-72.6452,110.126,-31.956,train
653,9.3913,23.8686,114.203,223.791,110.311,160.844,71.7612,117.776,181.516,166.187,71.0899,395.13,547.377,3847.06,4932.52,158.993,-145.019,-59.7769,473.523,473.523,49.1434,-112.788,-12.4148,-20.6926,7.29269,175.973,-5.95215,21.6462,-9.98183,train
654,189.814,106.922,171.954,93.6559,174.533,194.637,194.761,156.813,96.4274,3.23949,101.243,517.897,576.291,5024.24,7211.31,43.18,-41.8719,-13.3778,97.0234,54.3628,2.07861,-63.8599,-52.9249,1.04936,1.14186,42.1299,-46.3538,72.6958,-97.0234,train
655,211.219,91.0287,153.99,85.5929,3.50134,219.577,213.548,4.49563,149.489,109.306,136.914,240.809,592.856,5969.01,7855.58,22.619,-22.0721,-11.5739,109.899,13.0549,20.3256,-67.5067,-6.51782,-59.555,8.42626,52.8956,-109.899,5.27773,-23.9382,train
656,129.787,167.88,136.637,43.7897,107.353,109.661,34.8938,196.747,87.5942,23.8631,116.027,573.916,365.627,6711.62,7243.75,48.3685,-46.8219,-18.3108,100.017,100.017,9.09487,-57.7652,-96.1942,28.2191,13.9233,87.2886,-52.0532,68.0081,-90.4865,train
657,105.426,183.109,158.538,181.933,91.2641,138.392,23.7277,173.619,169.439,6.40143,123.287,527.266,213.249,3371.62,4274.37,35.269,-34.4705,-15.8615,106.604,106.604,1.22508,-42.3341,-27.7482,10.0576,1.62093,85.7619,-48.598,42.1355,-49.5578,train
658,54.3277,201.83,42.2828,116.814,98.0205,20.4539,49.2893,7.03593,32.0238,110.542,194.927,400.192,248.505,6472.72,4823.72,49.3307,-48.0608,-24.9037,221.964,93.9765,11.0849,-221.964,-15.1065,-6.74393,109.38,154.46,-221.825,77.9296,-28.6222,train
659,60.9614,213.978,211.929,31.3458,10.945,9.44348,152.032,115.598,0.830255,150.529,145.457,417.283,331.891,5652.11,5846.07,51.988,-51.8679,-10.888,423.848,83.3736,18.7057,-50.7472,-5.43051,67.567,423.848,61.2264,-11.1297,289.949,-37.6043,train
660,66.2812,156.228,123.961,82.377,46.9056,88.6657,187.417,112.483,199.29,206.949,146.266,280.767,452.53,5012.16,7163.64,20.4272,-19.7276,-8.84456,75.582,75.582,7.03664,-64.0416,-20.7382,10.5242,12.3985,38.7173,-27.685,12.1229,-7.51235,train
661,3.0492,79.7218,137.815,205.717,206.39,187.449,200.409,195.734,210.767,224.825,139.122,290.894,364.934,3115.96,5688.19,42.2776,-38.7835,-13.5923,255.005,255.005,18.165,-84.1609,-7.10098,-17.4047,7.72556,61.3199,15.3996,9.80168,-9.10925,train
662,170.139,87.0628,201.121,157.732,95.5372,197.506,192.555,188.036,42.3164,43.0563,110.344,281.441,512.777,3998.6,5733.37,23.279,-22.9499,-8.66058,53.6696,36.163,13.8807,-36.8846,-10.1813,18.1332,6.11878,33.813,-25.1073,53.6696,-39.6939,train
663,5.44224,136.925,189.981,145.213,176.7,150.454,206.504,50.4316,115.062,157.867,188.833,546.041,311.923,7490.77,10644.6,47.7881,-43.009,-12.0432,448.137,448.137,23.27,-89.807,-15.6609,-29.97,21.1775,79.4491,84.7307,27.9514,-28.5431,train
664,24.9246,195.619,209.727,50.6809,54.8881,87.7545,111.29,160.579,93.6603,50.4714,114.701,272.654,299.789,3112.41,3449.07,35.2042,-34.0506,-12.4455,148.826,148.826,6.1005,-35.6084,-30.2514,-10.0251,13.599,60.2528,-8.65642,23.1499,-33.4384,train
665,172.733,41.7482,163.541,55.0697,35.5865,79.5816,217.791,97.2344,72.3404,79.6627,109.926,398.749,599.157,5425.08,5996.18,32.684,-31.3898,-12.8699,66.1043,41.3542,38.306,-66.1043,-43.3683,21.5664,20.0952,44.3066,-45.8985,46.6896,-28.39,test
666,217.959,187.609,107.543,90.3738,102.485,39.9703,207.78,31.6531,81.0051,5.40766,179.924,307.949,267.259,3826.44,4222.31,19.1198,-18.4242,-6.55449,69.3567,20.4269,1.38482,-69.3567,-31.2003,-14.1187,6.49992,29.8072,-61.3315,49.227,-67.9442,train
667,69.7957,87.5049,77.2764,155.583,112.899,15.0539,102.545,216.377,30.2992,114.642,95.4425,534.08,234.893,4743.94,5093.14,70.2629,-69.1323,-19.8519,170.588,137.869,29.3472,-113.212,-17.8219,13.3669,170.588,46.9981,-27.986,129.419,-31.6789,train
668,70.3351,131.785,36.8045,95.5301,48.1873,138.285,14.1625,149.819,65.2833,169.161,184.586,573.641,240.924,3236.95,3209.64,43.4152,-42.06,-19.7403,184.918,182.166,20.0834,-184.918,-32.3429,82.7302,19.1393,106.786,-66.7961,66.9318,-22.1268,train
669,55.8903,103.984,133.133,174.701,19.2988,217.09,196.841,68.5126,76.1056,210.027,60.4628,567.364,211.569,5918.6,8031.44,77.2191,-75.6136,-26.9094,130.23,130.23,35.6844,-89.0689,-11.2366,-18.5551,17.0924,44.432,-33.129,36.4778,-24.9853,train
670,206.678,43.2817,9.08796,129.498,75.198,50.8189,155.889,58.0288,200.428,66.8118,78.7845,364.963,225.343,4057.25,4433.47,108.849,-97.9849,-44.137,383.299,47.0245,9.12836,-383.299,-25.132,37.4311,7.77449,-1.50798,-147.914,22.9639,-8.36294,train
671,95.0815,150.73,67.4316,36.5169,34.6042,73.7561,123.782,147.612,90.9546,73.7737,127.07,440.101,226.682,3165.87,3111.67,37.6153,-35.3379,-13.1551,111.528,83.6055,12.823,-111.528,-67.5907,31.2136,26.2055,35.6406,-33.9951,38.377,-37.0513,train
672,73.5203,64.9907,184.435,140.643,178.28,221.865,162.048,182.407,87.4167,184.061,68.1124,372.197,335.238,6862.09,10885.3,44.8269,-43.3157,-16.8891,84.0465,84.0465,29.493,-45.2147,-12.8353,3.6569,8.63935,40.2949,-19.0505,29.2042,-14.7273,train
673,97.9759,121.957,77.9788,148.468,78.4561,135.495,90.7769,106.362,177.775,64.7681,135.897,367.395,479.201,7696.16,9022.85,31.2696,-30.2485,-14.967,98.2346,83.221,6.31844,-98.2346,-19.5555,20.0918,5.68716,62.1021,-59.563,23.0966,-16.8256,train
674,46.0299,147.961,99.8883,144.66,134.303,76.2745,209.568,62.4152,69.0422,107.716,138.503,408.421,463.07,5165.57,6063.58,36.5024,-35.5679,-13.5038,126.819,126.819,14.1833,-110.582,-13.7262,-1.73026,27.5134,46.9789,-39.7256,40.6724,-27.5523,train
675,75.7639,73.5542,82.6465,163.6,101.213,170.657,157.211,151.58,109.519,189.833,198.56,530.83,325.537,7127.72,9955.48,25.1948,-24.3762,-9.41318,121.609,121.609,32.7334,-120.594,-17.7299,9.926,14.1083,41.9054,-36.4353,37.4555,-17.9366,test
676,53.1281,220.467,168.769,144.419,222.871,209.16,33.0772,200.828,83.0528,202.403,95.1303,504.197,523.06,7028.02,11267.5,68.2572,-65.6652,-32.8534,224.047,224.047,13.0918,-50.0882,-14.9264,21.1134,13.7996,145.852,-48.3162,36.7062,-20.167,train
677,150.942,144.487,133.738,220.819,109.125,211.175,94.5126,141.697,52.7877,205.265,161.704,593.414,247.197,3575.11,5457.01,24.5409,-24.0982,-10.4992,72.6179,69.9777,26.636,-72.6179,-9.44483,23.3024,18.2245,56.5257,-46.1946,55.8743,-26.5153,train
678,223.133,177.59,208.723,13.0556,116.814,3.47847,113.257,93.2479,191.222,156.714,208.918,398.512,455.342,4279.37,5974.82,25.5027,-22.3958,-6.9383,255.456,35.1326,5.00363,-41.5361,-237.181,6.4855,255.456,58.4934,-58.4523,22.9009,-8.01884,test
679,195.655,18.0293,147.392,89.3313,133.437,160.999,106.345,109.777,34.5491,105.678,88.7344,448.546,237.073,4143.16,4731.07,46.5442,-44.7424,-14.5841,124.607,40.9581,124.607,-53.0113,-25.0627,9.66242,13.9541,44.257,-45.4523,91.6451,-30.0646,test
680,54.177,175.422,113.71,100.564,117.972,2.82616,62.9752,77.6149,216.145,84.0701,87.0534,392.026,546.338,2980.51,3237.92,66.4336,-65.2957,-32.5839,150.801,150.801,1.17437,-79.6252,-36.9342,4.53889,72.8939,115.291,-77.4335,24.302,-3.46547,train
681,71.7805,58.3139,8.08052,139.958,98.6947,147.3,60.8646,34.1329,220.477,122.963,201.162,565.786,296.814,4892.39,5118.58,95.1305,-87.0058,-38.9694,814.41,186.135,20.5408,-814.41,-31.867,32.8584,8.1318,21.4463,-319.155,28.6082,-13.7762,train
682,30.6736,151.724,164.32,91.6257,63.6069,60.174,167.934,56.0719,196.019,34.4276,190.98,276.135,254.72,4332.67,4773.23,17.3155,-16.9548,-5.90286,111.685,111.685,4.6338,-45.0674,-22.4642,-21.9139,11.6838,39.1094,-16.7577,14.8499,-28.8802,train
683,58.1066,198.451,135.115,45.0238,170.33,127.676,165.996,112.151,122.348,133.081,198.944,481.835,415.603,2843.58,3872.4,23.5505,-22.78,-8.87247,126.553,126.553,13.6902,-83.3181,-46.6755,2.54617,21.2792,54.8591,-31.9687,24.2912,-28.8712,train
684,21.5715,18.4945,42.101,206.33,22.0322,124.88,132.839,197.812,172.714,68.3653,117.598,465.793,264.287,7645.5,8696.56,83.0525,-77.8645,-25.2983,333.404,333.404,62.0797,-223.858,-17.0106,-44.2858,9.19386,50.7468,-18.1169,28.7389,-23.7504,train
685,35.5462,105.979,147.962,18.3156,169.344,112.945,203.792,185.5,101.081,173.725,71.1721,443.345,206.516,7202.43,10071.6,63.2542,-60.6767,-19.3019,143.593,143.593,29.777,-69.351,-69.7601,-3.58418,27.9405,40.4424,-5.11356,17.8761,-25.6895,train
686,1.22461,83.3753,99.6961,170.307,222.3,0.787963,1.29683,199.788,37.5939,11.9677,192.766,224.602,532.561,7464.37,6362.38,624.497,-566.423,-280.149,5824.31,5824.31,1.27414,-49.4619,-12.5643,12.3558,134.818,2928.19,-34.5893,80.495,-12.5533,train
687,126.902,86.2741,12.9051,16.3919,196.698,77.94,66.6391,219.797,50.9958,137.388,202.813,492.912,207.687,5391.21,5859.51,39.5741,-35.4985,-10.9081,291.49,103.249,38.8031,-291.49,-96.4762,33.5132,42.9523,-24.7747,-52.5891,43.856,-34.4598,train
688,73.7451,178.906,206.976,167.286,109.675,98.5221,168.054,144.189,67.3053,164.385,159.226,375.341,373.707,3014.15,4421.8,19.0459,-18.801,-7.55682,81.4484,81.4484,12.0305,-43.4393,-9.57088,5.94433,21.8462,44.0745,-22.0978,33.6417,-18.5166,train
689,50.1934,30.7334,159.891,146.824,102.11,191.985,23.9205,87.8367,53.5224,83.803,75.6011,242.919,295.771,2703.61,2556.22,58.3485,-56.0924,-30.2952,118.068,118.068,31.0402,-27.0125,-10.0476,19.8003,4.96897,111.732,-56.3039,38.9796,-16.0987,train
690,47.8817,4.02769,63.1646,27.3714,102.797,85.6978,62.0086,196.073,137.424,186.51,208.789,350.434,387.744,4848.43,5116.31,31.6711,-29.0324,-10.5555,164.291,164.291,139.264,-103.285,-107.536,13.8016,6.54525,68.8669,-31.463,30.2905,-4.25313,test
691,127.341,205.563,4.02259,78.278,174.628,87.5293,69.6075,84.3736,50.3532,204.827,93.9176,211.533,555.601,6491.87,7455.84,98.5145,-89.3796,-38.3101,412.08,80.4481,5.17282,-412.08,-13.4391,40.5265,12.1484,-9.2991,-136.253,29.546,-7.34175,train
692,11.8928,0.789078,131.656,155.346,131.551,89.8433,22.3962,155.622,20.2818,29.7241,118.641,416.209,575.943,5596.7,4316.98,187.755,-163.229,-60.847,708.257,708.257,503.3,-74.608,-24.2358,3.77115,4.4204,357.432,-38.7221,262.523,-18.8953,train
693,148.297,157.994,73.2733,80.9189,97.3439,140.436,1.3437,173.006,150.505,8.63006,177.83,353.871,269.328,7767.59,8309.31,20.2978,-19.7597,-10.0453,73.0582,65.418,1.37764,-49.242,-41.0417,29.1905,1.54987,73.0582,-50.3749,31.206,-35.6678,train
694,208.194,109.057,223.825,36.4195,89.3488,189.37,6.16617,84.1258,170.187,220.465,82.4356,245.859,543.809,7007.13,9844.02,47.8204,-47.3032,-38.5552,166.677,46.2479,6.18026,-14.2313,-49.0008,60.2734,3.55918,166.677,-120.532,14.8295,-4.32351,train
695,172.502,181.53,88.1887,102.028,140.139,191.567,167.747,197.777,131.244,21.243,121.034,440.514,383.049,3986.79,5863.94,30.4221,-29.0044,-10.4477,85.4719,55.1198,4.02154,-85.4719,-36.0206,10.1899,3.81083,26.409,-36.4901,39.6012,-48.6003,train
696,116.351,93.9504,115.489,86.3354,156.765,121.85,157.645,142.466,164.025,65.733,209.11,212.403,379.508,4349.46,5727.43,10.3395,-9.95587,-4.52008,46.0525,41.6723,6.29275,-46.0525,-17.7543,7.60238,4.85192,28.6575,-27.0464,13.2159,-12.7195,train
697,17.9125,58.3812,118.05,19.0103,110.573,131.34,30.3795,150.264,66.7463,90.8307,157.737,208.817,591.871,7553.95,6448.56,54.7913,-51.3071,-25.1932,334.439,334.439,19.4875,-52.4575,-49.9976,26.6972,8.66225,191.067,-36.7282,20.1384,-17.7138,train
698,89.6911,39.2055,63.796,224.182,19.7003,137.471,58.1271,97.8072,210.935,16.6203,177.976,204.529,464.672,2844.66,2903.88,18.4799,-17.8778,-12.0277,81.2872,62.4008,-3.74799,-81.2872,-9.77882,68.9977,-1.0689,76.4076,-51.3519,14.6978,12.5032,train
699,158.852,205.179,36.905,152.391,123.825,5.18162,120.597,136.913,58.0781,121.005,113.264,562.713,320.478,3980.05,4730.32,64.033,-61.2402,-19.7196,203.281,79.592,5.1337,-201.676,-30.0137,19.7246,203.281,21.2926,-72.4723,111.373,-12.3105,train
700,212.925,34.0432,147.659,10.9799,15.6423,83.3158,55.267,152.534,3.64804,191.87,109.717,510.736,268.541,2811.96,2763.96,55.0146,-54.2332,-24.0485,198.315,40.0031,134.999,-64.2685,-46.5909,185.313,55.1612,112.142,-31.6184,198.315,-33.8741,train
701,132.644,81.0281,18.5572,166.283,63.94,222.133,224.374,14.4515,24.8186,129.945,158.511,497.387,593.133,3408.72,3868.76,102.266,-94.454,-44.1509,671.072,63.325,43.9861,-671.072,-8.47806,31.5308,16.0449,47.1418,-335.25,80.3306,-38.7887,test
702,10.7533,178.207,11.9795,87.544,92.5509,117.047,14.5606,3.58231,122.849,172.053,100.186,576.423,530.416,4427.76,3809.03,460.144,-446.499,-258.501,1187.83,778.103,17.2175,-1187.83,-30.7955,-1.00505,26.2139,822.216,-1027.58,31.0354,-25.22,train
703,187.823,33.4609,60.9841,117.42,11.2502,45.2594,0.779518,144.494,188.898,174.248,125.27,443.16,213.935,5132.65,5515.61,32.6343,-31.5298,-24.0923,144.613,58.2035,-13.2039,-73.8262,-41.5042,144.613,-9.76179,128.116,-63.6211,36.4856,3.5858,train
704,208.464,123.826,165.922,30.8608,37.764,202.323,222.703,35.8929,34.7543,79.9459,99.5049,342.673,267.509,5263.03,6242.23,28.7918,-27.7317,-10.4485,50.5975,21.8743,19.2901,-50.5975,-33.6386,2.52032,11.806,31.5513,-44.6527,42.2426,-42.2538,train
705,47.8157,200.38,225.511,95.0623,165.696,28.2181,168.99,145.497,159.114,10.7535,146.367,276.356,386.642,7615.34,10080.8,20.4013,-20.0439,-7.38156,91.8425,91.8425,1.25656,-34.4355,-26.4224,-5.33397,8.92296,41.8601,-15.8235,22.3247,-33.1131,train
706,46.4699,169.368,69.0183,19.3927,88.8812,4.7455,175.262,88.265,129.51,78.9671,192.189,351.701,500.573,4028.59,3924.62,35.5754,-33.0906,-10.7674,166.443,135.88,4.66356,-133.912,-140.628,0.789738,166.443,46.199,-44.8201,29.7798,-14.1455,train
707,175.53,89.6016,173.324,167.158,178.123,177.859,72.728,38.9991,165.486,217.534,125.69,514.359,288.457,5345.55,8120.26,31.7534,-31.2619,-18.756,105.883,45.9378,25.0353,-59.1485,-17.3512,0.109407,12.6123,99.3319,-105.883,24.7861,-14.5833,train
708,40.5231,207.944,215.053,181.573,211.045,198.997,197.382,188.057,173.127,183.344,117.815,418.872,459.195,4320.86,8314.29,32.5618,-31.2169,-12.2851,139.572,139.572,9.68371,-53.4854,-11.9789,-3.35407,10.1191,52.3999,-11.0334,17.7673,-15.5323,train
709,196.571,31.5305,25.0037,69.5043,156.254,206.1,60.278,88.4907,136.835,162.022,147.909,358.786,330.585,3286.79,3961.18,36.9177,-34.1487,-15.419,192.23,47.1227,37.3429,-192.23,-34.6801,20.8936,5.71298,28.5901,-90.6968,24.9121,-10.2774,train
710,100.302,147.048,94.9546,22.3329,62.92,160.124,61.2754,17.5815,143.278,185.581,174.206,375.602,573.489,7403.61,7882,37.4377,-36.3053,-23.4598,185.389,60.4255,16.604,-115.236,-58.8561,15.7395,15.2482,165.854,-185.389,12.974,-18.6061,test
711,60.6915,216.989,57.5432,154.36,152.848,169.999,136.721,217.944,124.518,210.41,70.4636,249.435,561.48,3811.65,6230.68,58.2751,-56.2059,-24.3007,112.418,112.418,4.69731,-109.048,-9.55612,18.6683,5.99572,39.1062,-28.0871,16.7533,-6.85071,train
712,206.491,34.7963,99.211,170.1,19.9122,106.971,211.233,102.087,129.794,140.709,197.788,384.935,428.611,6211.75,8310.63,15.9655,-15.2246,-6.9868,87.0411,34.8621,27.7975,-87.0411,-16.9435,23.4667,9.04211,32.043,-46.3991,31.4028,-9.72146,test
713,145.649,92.1456,211.652,136.69,185.351,216.761,11.6302,218.281,11.0139,118.898,208.408,227.434,551.579,5473.74,7493.35,15.1244,-15.042,-8.40056,88.6372,64.0962,20.2052,-14.1897,-3.01795,35.8709,8.58929,88.6372,-45.7485,52.9688,-22.1451,train
714,193.159,206.467,189.284,42.5091,170.793,187.013,129.695,220.719,139.107,90.3459,129.265,473.183,342.336,5197.82,8599.3,22.8888,-21.739,-8.52639,57.6339,48.4607,11.052,-43.6288,-57.6339,12.7571,12.2017,38.4525,-29.658,24.9072,-35.7188,test
715,95.3275,190.233,61.4569,9.89284,27.2148,90.795,62.0538,174.72,59.4184,25.8622,191.786,269.834,428.16,7352.15,6254.72,27.9922,-25.3234,-10.7927,158.283,70.5813,5.95304,-91.9061,-158.283,90.5438,12.4728,67.2291,-32.6196,37.2692,-61.9262,train
716,213.193,216.778,130.295,34.2621,216.258,195.308,6.22154,1.99328,149.639,43.2419,209.978,539.679,317.062,5469.91,6454.6,144.527,-144.3,-131.774,1498.01,35.2177,9.91174,-90.9691,-94.8029,-5.25643,11.0013,1467.51,-1498.01,30.6976,-70.2707,train
717,63.994,190.326,159.487,120.607,49.3257,50.3958,64.8397,150.136,223.032,162.166,77.0458,318.381,200.699,7700.97,10442.3,37.8697,-37.3089,-17.5513,90.7996,90.7996,4.89551,-36.0391,-18.6727,7.59763,18.4886,55.9226,-24.7436,14.28,-8.12554,train
718,130.337,106.862,45.566,195.23,192.691,200.863,14.6944,154.354,206.318,162.806,110.196,263.897,275.055,5157.78,7699.97,26.6198,-25.8066,-13.5172,68.66,57.8416,6.37426,-68.66,-10.0282,15.2686,3.39119,47.1191,-44.894,13.4198,-5.91693,train
719,109.451,118.887,83.7209,90.3137,72.0987,91.1704,205.969,151.884,85.3754,106.85,165.165,255.562,527.307,6736.88,8276.67,18.8939,-18.0521,-7.9576,83.1891,54.593,8.17311,-83.1891,-17.5382,25.4609,10.6578,30.2732,-31.8408,26.2375,-12.8606,test
720,11.6541,118.632,186.961,172.784,71.6643,122.655,35.8813,65.4337,130.16,72.6717,142.366,209.667,386.223,4020.52,4097.23,53.0485,-49.289,-24.5413,313.159,313.159,5.67471,-34.7807,-8.23842,1.8064,5.48857,173.655,-33.5632,15.4663,-13.1007,train
721,69.0061,61.0466,100.513,45.1731,158.77,222.777,200.316,86.429,55.4597,220.139,114.613,248.559,433.353,3033.59,4029.28,27.5175,-26.5383,-11.1513,72.2835,65.5723,26.724,-72.2835,-18.9091,7.46438,7.32305,33.7451,-33.3685,21.7816,-10.4804,train
722,119.126,25.0043,65.7927,141.706,149.713,219.681,51.7059,95.8371,46.9222,136.612,128.814,510.118,509.218,3333.34,3624.8,51.4144,-50.2975,-22.9127,130.859,98.9387,95.6041,-130.859,-19.1288,26.546,10.8817,95.9588,-98.646,81.6982,-24.7467,train
723,18.6921,179.969,59.465,94.6608,82.9347,157.778,179.904,146.907,162.753,191.019,204.052,385.29,582.503,5374.23,7646.43,40.9637,-39.1622,-14.582,295.393,295.393,11.1625,-199.482,-19.48,-2.11483,12.7325,62.9607,-16.063,16.0231,-14.873,train
724,3.7056,187.378,205.628,4.44901,102.335,123.052,218.657,154.206,201.932,201.23,179.195,273.561,523.362,5842.68,9210.61,30.4572,-28.5825,-9.58801,241.657,241.657,13.4917,-61.0079,-46.6529,-20.0096,20.5446,63.4442,16.8756,1.45362,-17.7667,train
725,67.6468,3.67737,30.6904,155.459,78.3839,144.176,87.5078,220.088,136.511,151.487,149.045,288.035,304.186,5087.36,6151.33,31.5666,-30.0268,-11.5582,141.315,108.592,46.7256,-141.315,-17.4227,22.4158,1.19179,23.5409,-28.6943,28.0594,-1.6041,train
726,136.788,127.685,125.779,144.292,111.949,126.467,144.24,22.6898,112.366,67.7266,118.574,392.934,475.437,3492.72,4036.01,34.9823,-34.0375,-17.5392,97.523,40.1643,11.7046,-87.8393,-16.8744,-7.77283,11.8173,69.7991,-97.523,30.6443,-31.207,train
727,44.4743,129.912,113.207,58.7982,120.933,192.069,172.942,142.861,141.18,76.232,197.161,590.981,265.549,6360.22,8220.45,30.4341,-29.4584,-9.92467,181.046,181.046,20.1943,-108.942,-55.8915,-9.46197,13.6591,52.5253,-21.2047,32.9195,-48.6695,train
728,84.9555,119.293,80.065,135.777,126.772,106.615,216.637,105.652,167.832,22.0174,209.375,402.703,568.772,6775.01,8535.26,22.6534,-21.7001,-8.71866,123.312,92.9412,4.64298,-123.312,-25.5799,3.12123,5.19511,38.1622,-51.7868,29.266,-35.5763,train
729,153.011,63.0475,168.51,155.903,44.7233,107.574,88.6586,109.391,58.327,15.1774,184.892,429.774,233.986,3042.88,2996.11,21.2535,-21.0014,-7.11305,82.9134,51.0302,13.9276,-44.062,-21.9343,2.0301,8.16278,49.8822,-45.383,82.9134,-81.8204,train
730,162.668,206.233,139.641,168.028,194.176,88.8698,113.332,127.533,221.773,214.124,206.814,551.673,217.931,5884.5,10313.4,15.4773,-15.0078,-6.81954,65.0882,59.2652,10.0656,-65.0882,-20.478,3.51714,23.3584,44.5761,-45.729,21.9419,-13.7103,train
731,50.413,140.921,106.809,42.5428,82.4916,58.1217,221.958,203.167,81.8427,68.8497,66.0456,251.186,338.157,6669.55,7901.56,48.3619,-46.5665,-15.8649,85.0063,85.0063,8.1028,-62.0894,-32.203,4.89203,19.6459,26.2499,-12.3455,23.6733,-23.4544,train
732,176.984,138.198,147.299,113.447,178.969,179.375,94.4214,132.773,80.4567,129.166,106.403,207.923,208.066,3368.98,4781.16,14.9425,-14.6277,-7.01719,27.5304,24.8667,7.73418,-26.5943,-8.90616,7.32764,5.95873,27.5304,-24.7303,17.7598,-11.7026,train
733,193.733,117.412,104.72,146.107,66.3867,127.346,27.6443,219.1,134.811,152.117,131.658,291.781,239.351,2776.08,3834.15,16.3164,-15.9231,-8.93242,46.0742,37.8279,6.42188,-36.4635,-14.8097,33.8452,5.92089,46.0742,-28.4694,22.699,-7.00987,test
734,39.8291,65.4956,126.212,119.336,149.227,224.11,199.012,108.553,21.7624,135.029,207.587,441.037,438.827,6230.06,7866.72,26.2221,-25.333,-8.58475,150.222,150.222,51.7238,-92.1955,-8.56983,3.68668,15.1162,51.3476,-20.4909,66.4589,-35.4805,test
735,197.559,102.436,185.355,143.449,61.6827,132.82,107.869,41.4684,220.956,101.485,176.153,268.129,401.433,4850.56,6610.88,13.86,-13.5847,-8.44245,68.5135,23.7411,7.68913,-39.7503,-13.2008,1.87007,5.93014,61.444,-68.5135,12.1202,-10.9759,train
736,112.683,146.475,172.309,171.033,116.639,221.311,146.128,75.5879,213.27,10.9864,110.408,293.132,581.33,3534.09,5077.29,26.8186,-26.242,-13.5237,56.2683,52.0204,1.29003,-50.7541,-16.0341,1.61316,0.85381,56.2683,-54.8285,18.1848,-24.3234,train
737,78.7612,154.472,220.198,83.936,211.518,51.5067,103.782,42.636,120.555,71.8193,158.328,311.883,453.351,2916.61,3412.4,21.7533,-21.4365,-11.256,77.4591,64.5859,7.11236,-39.9783,-24.068,-0.246505,21.3305,77.4591,-65.2785,23.6983,-21.6341,train
738,4.29183,138.38,196.196,134.619,144.682,1.41299,199.11,80.4984,104.882,7.25302,101.806,566.643,489.234,3710.03,3981.34,103.261,-102.478,-27.0839,489.139,489.139,1.63115,-100.881,-40.4156,-62.2594,159.745,100.332,62.6681,73.3619,-44.0112,train
739,4.21247,202.383,189.611,209.066,77.5902,136.633,112.147,210.763,156.325,132.32,62.3602,505.089,274.813,5073.88,7814.71,161.459,-148.714,-52.6168,464.393,464.393,15.701,-84.0909,-8.96016,-64.0275,23.2566,137.372,20.765,16.9467,-33.9618,train
740,205.986,165.236,30.1933,105.982,171.664,151.162,178.791,105.817,199.604,180.662,198.974,339.126,446.105,7699.15,12464.5,23.8532,-21.9268,-9.97635,183.22,44.1914,6.97223,-183.22,-21.1281,20.2277,7.62137,16.933,-76.3332,15.8649,-9.0183,train
741,156.977,209.375,4.47179,100.167,149.25,39.4771,183.927,84.7713,38.788,64.927,90.5323,325.538,314.766,6180.28,6704.58,104.801,-96.0396,-37.8456,397.43,70.944,6.98801,-397.43,-17.8927,40.7967,37.0623,-11.3655,-131.479,65.3461,-31.8689,train
742,27.7634,158.243,31.1452,54.6213,49.4582,129.281,35.9594,94.1809,169.424,160.996,196.752,424.074,478.96,6823.75,6875.09,57.5174,-55.6685,-25.65,342.81,342.81,9.27687,-256.677,-50.7632,50.6304,11.3551,147.618,-79.2366,23.1446,-12.8951,train
743,185.397,155.721,21.649,69.8972,214.044,202.072,190.453,43.1284,223.532,53.6674,165.021,440.561,283.833,2919.82,4194.74,49.4007,-44.9864,-20.0213,322.927,48.8903,7.89043,-322.927,-45.451,6.92192,6.08055,19.1983,-152.755,20.0992,-32.3782,test
744,6.56483,170.277,94.2895,192.26,158.166,189.89,144.584,217.042,177.662,216.278,188.952,301.219,406.895,3361.29,5778.24,38.4941,-35.804,-13.3676,304.039,304.039,10.1279,-117.824,-6.69736,-14.5662,9.08187,79.2026,6.6216,10.2498,-11.2767,train
745,223.886,15.6259,166.931,57.3579,147.431,98.0389,91.0976,38.4702,41.9347,222.733,191.004,257.733,409.601,2929.22,3393.1,17.2901,-16.9998,-8.78505,79.4811,21.0513,79.4811,-42.6219,-23.2812,5.42891,12.6681,70.4422,-78.5131,45.0341,-7.88569,train
746,67.6768,145.821,88.8912,96.2558,88.0374,64.2123,27.9725,176.298,187.007,48.996,163.056,264.31,255.752,7401.65,7942.57,20.318,-19.9344,-9.97841,96.411,96.411,3.12713,-44.5717,-22.7217,19.2485,7.10147,66.6817,-31.1378,16.5397,-13.162,train
747,143.128,80.2626,11.8236,165.753,124.752,3.07033,196.274,131.135,43.0565,116.173,120.345,547.677,202.852,6149.18,6842.97,86.2797,-81.4622,-24.7789,346.074,100.378,10.2958,-346.074,-28.0562,33.9859,269.145,-9.97885,-95.8759,152.745,-10.0597,test
748,119.349,38.8022,207.743,165.247,171.151,130.919,142.865,14.7133,153.056,69.0454,205.805,573.567,361.472,5934.86,7435.63,21.5735,-21.1764,-10.3449,97.2552,56.5361,41.4084,-67.7484,-24.9864,-18.2126,12.2727,82.5428,-97.2552,38.1507,-32.9097,train
749,116.694,38.4511,45.8424,17.8313,139.423,188.141,27.1191,138.758,120.352,83.3713,195.398,485.137,247.201,3436.77,3359.66,32.1758,-29.7163,-11.6193,133.177,94.6495,64.41,-130.47,-133.177,27.3911,13.1637,58.9113,-63.1259,27.9045,-42.0108,train
750,19.8,63.6029,103.352,189.016,101.753,224.791,59.195,157.256,207.247,72.8573,188.047,370.229,584.467,4608.93,5919.34,46.8648,-43.6838,-19.6641,345.179,345.179,13.5652,-97.8887,-15.0225,2.87704,3.83817,153.252,-28.1685,19.3762,-16.7473,train
751,62.1331,196.857,169.215,65.8614,72.7282,164.118,130.365,107.401,116.793,159.635,86.0891,350.559,557.36,7628.74,10171.2,43.8602,-42.9533,-20.4767,102.228,102.228,9.11366,-57.5517,-25.9864,15.6015,10.9317,67.6162,-37.4772,20.7241,-15.8939,test
752,138.146,180.301,172.161,58.4177,62.6083,64.6859,51.6548,116.705,20.9378,178.649,157.335,518.625,485.571,7703.1,8429.04,33.0661,-32.749,-16.8005,117.058,79.2826,21.1043,-54.9592,-23.6423,70.0421,58.8245,117.058,-69.8756,93.2863,-30.122,train
753,154.636,202.387,87.5235,47.7423,93.1196,64.4053,87.7664,125.52,198.808,152.519,180.358,584.129,471.707,5644.37,7474.97,28.868,-27.2476,-12.7576,115.134,78.6625,11.6529,-115.134,-72.9522,30.4967,36.6179,68.25,-71.2372,24.7755,-21.8679,train
754,72.874,202.179,120.777,40.3319,167.073,83.5013,32.7684,164.624,106.402,9.03999,127.688,424.342,598.483,3141.26,3243.33,50.9426,-49.7757,-21.9954,159.126,159.126,2.54742,-58.9431,-92.4425,21.6931,6.16799,124.102,-63.164,49.555,-80.572,test
755,93.9711,107.053,28.7208,123.072,140.19,14.9014,50.9185,167.643,55.8814,141.645,105.635,416.004,241.175,5140.57,5153.42,58.0611,-55.5015,-19.2767,174.839,105.036,13.4285,-174.839,-22.1209,21.3128,96.4717,23.9264,-48.1715,68.8989,-14.3529,test
756,186.646,141.199,185.103,144.821,218.241,194.495,158.947,143.989,151.642,197.306,102.329,294.67,373.378,5147.7,9378.38,18.5328,-18.0585,-8.88576,35.3704,32.2897,9.3306,-35.3704,-11.2499,6.64768,6.77379,32.0346,-30.2511,15.1942,-9.44313,train
757,149.515,146.423,5.32964,111.356,15.7416,166.535,148.914,124.603,143.89,171.769,108.192,408.987,590.88,7066,9227.31,120.725,-106.087,-51.3555,622.324,99.3987,-17.2815,-622.324,-59.4516,263.728,-15.1944,-7.34202,-122.257,65.0671,20.8334,train
758,20.2229,79.9023,220.028,148.696,47.0859,111.857,30.0777,20.5976,10.0054,136.446,180.46,200.426,536.568,4659.39,3862.49,43.0178,-42.2419,-26.778,247.711,203.03,20.5017,-33.053,-2.46223,36.8575,14.6449,247.711,-144.294,51.7495,-16.9786,train
759,102.837,185.533,188.076,13.3164,217.783,197.084,188.49,23.4743,129.993,45.032,168.249,379.276,208.351,7116.9,9448.6,22.4212,-20.4662,-6.80246,120.847,43.7824,11.7689,-47.6369,-120.847,-4.13048,11.0791,38.7641,-42.7565,17.5074,-68.5723,train
760,19.6247,43.0557,14.723,163.179,120.152,165.774,52.8496,106.471,179.258,92.8501,121.956,406.19,569.372,5559.89,5778.64,140.752,-134.829,-53.2507,521.844,521.844,18.4262,-518.808,-20.0304,24.224,4.78574,95.7049,-82.0748,25.7864,-12.0837,train
761,168.618,196.228,84.119,83.7836,68.4677,62.8413,2.89346,37.1374,146.161,188.987,177.353,341.524,209.945,5871.79,6414.22,31.5983,-31.3637,-24.533,215.001,50.3508,5.14254,-45.8294,-28.7183,38.9771,16.0581,215.001,-193.251,23.281,-7.55133,train
762,156.818,184.558,214.724,213.19,163.266,39.1248,10.8723,213.09,179.31,216.468,163.966,511.963,478.013,6304.96,10654.9,23.0444,-22.899,-13.5063,107.253,90.518,6.17855,-27.6829,-18.6657,31.2122,29.1453,107.253,-60.2294,31.3849,-7.44974,train
763,152.129,205.621,203.165,195.631,203.003,109.877,13.178,18.18,38.0147,67.9733,158.957,399.559,268.865,4260.23,4922.68,49.7841,-49.7236,-37.5516,309.464,51.2471,11.0687,-33.8604,-8.79023,10.2508,20.7136,309.464,-295.645,63.9736,-47.3522,train
764,9.31858,225.513,85.1674,1.39382,72.6124,63.0572,78.0677,193.653,55.934,206.4,141.408,431.549,353.436,4763.67,5280.78,77.3709,-75.3482,-28.1918,443.575,443.575,18.3525,-144.977,-126.823,-4.94097,65.6345,145.499,1.32917,4.46935,-28.3578,train
765,65.7236,215.819,162.819,180.273,115.462,99.3451,23.8006,159.983,49.3889,11.859,179.758,240.394,462.931,3639.63,3946.99,24.8599,-24.3199,-12.0751,116.488,116.488,1.80296,-25.7042,-11.1765,28.0372,3.91678,105.837,-46.4268,57.6929,-46.4027,train
766,169.768,195.735,175.8,168.468,143.05,84.9728,117.214,156.419,151.465,85.9372,147.837,211.752,406.087,6570.24,9976.05,11.8826,-11.6442,-6.22969,35.8793,31.3495,2.79405,-28.9607,-9.32301,11.4226,6.4361,35.8793,-28.9736,14.6648,-8.99987,train
767,97.6161,218.096,188.314,22.1779,50.9033,182.8,192.433,153.963,14.5242,48.1802,135.494,560.145,541.366,4976.59,6090.8,44.0122,-43.0908,-12.5378,133.001,90.3341,19.4204,-71.1574,-61.5903,36.3564,23.1702,57.3122,-29.5458,133.001,-124.323,train
768,74.5072,195.432,210.292,4.49403,1.07618,176.119,127.088,182.299,104.805,7.74233,204.69,516.299,391.01,2762.85,3179.72,59.848,-49.5433,-8.22458,698.928,111.787,10.3462,-52.6415,-698.928,23.1999,11.4808,65.7335,-24.5606,42.3841,-369.335,test
769,75.3745,164.147,178.474,153.539,126.207,184.519,169.614,182.179,74.7177,114.697,101.111,566.965,268.505,3420.82,5153.82,40.7603,-40.1162,-14.1388,111.878,111.878,18.9093,-63.0973,-16.7108,1.56384,16.8216,46.6218,-21.4494,48.563,-38.271,train
770,46.9606,93.151,135.335,16.4808,95.5085,62.9036,47.1524,98.4586,174.732,175.485,190.675,547.987,349.72,6002.26,6320.21,38.7176,-37.4449,-17.0208,208.471,208.471,35.7707,-74.9762,-130.321,22.6396,52.9712,139.975,-61.9077,17.3834,-26.8529,train
771,203.058,8.37427,97.8598,221.735,68.0195,155.503,176.06,45.2468,177.917,46.3563,64.0927,568.413,358.967,7777.41,9847.48,75.5368,-72.7434,-31.0503,120.117,43.7681,82.0248,-120.117,-22.5369,-26.3732,4.41726,48.7614,-100.122,39.7215,-20.9555,train
772,32.196,77.2826,59.2278,160.102,151.58,29.8263,9.45858,216.156,81.0315,87.774,80.2026,425.555,371.284,4385.82,4283.14,115.343,-112.666,-51.8919,341.989,341.989,16.234,-92.3357,-18.744,24.7669,42.0637,181.406,-44.1957,52.3745,-20.2142,train
773,125.174,159.628,104.842,122,172.404,131.607,199.46,5.0938,222.237,129.806,116.229,267.065,317.713,2998.68,4394.88,24.6928,-23.6199,-12.438,78.807,23.3817,7.01864,-78.807,-12.7072,-7.50644,8.51298,39.6459,-71.1118,9.86523,-12.2062,train
774,85.9711,174.751,163.681,52.6464,113.951,136.225,1.86671,57.3572,172.607,139.127,90.156,435.1,303.277,6833.82,7822.55,75.1523,-74.7205,-52.6767,245.405,132.729,9.60538,-28.5612,-50.7623,38.5026,12.3219,245.405,-174.07,21.8961,-17.0623,train
775,185.861,129.071,146.4,18.2476,62.5324,68.7382,61.8687,101.827,16.5481,108.785,209.628,338.148,347.323,2720.61,2536.49,17.7361,-17.3287,-8.21366,71.8637,38.1592,20.2503,-44.5721,-42.0735,47.065,38.0245,71.8637,-51.5376,65.6118,-33.9786,train
776,98.4345,205.393,82.0479,166.841,168.943,138.703,7.0512,128.085,48.7646,223.857,129.448,332.983,526.816,6340.02,8330.85,38.2968,-38.0829,-23.1255,139.169,114.126,9.57083,-49.0411,-8.17573,38.7117,14.1725,139.169,-87.2706,39.5585,-12.4188,train
777,107.023,212.039,53.3949,105.694,91.8766,45.8024,210.941,82.6213,93.3611,82.5418,88.5307,485.269,488.168,7653.94,8956.69,69.968,-66.2583,-26.6729,188.414,87.6391,8.31355,-188.414,-29.2343,15.6384,38.4871,34.914,-77.4825,46.8049,-30.2026,train
778,131.348,27.9171,37.277,33.8496,65.2441,117.929,78.8203,34.3635,15.9352,40.8888,135.587,259.533,518.043,5621.51,3361.72,53.5776,-51.4783,-23.6505,189.856,44.8364,56.1696,-189.856,-30.3471,34.7402,13.2969,80.4161,-135.556,91.1651,-54.2353,train
779,201.535,48.5739,167.282,182.686,115.816,76.4094,208.645,149.39,158.556,128.589,75.8985,331.384,254.665,7269.09,11331.1,25.3243,-24.5395,-9.92784,38.9655,29.6224,19.4865,-38.9655,-12.9584,2.49368,12.3877,21.7196,-25.1443,21.1147,-10.41,train
780,72.6043,40.8652,67.7814,195.901,198.073,135.069,95.8166,169.166,120.463,33.0261,194.576,289.834,202.783,4015.91,4781.52,16.8538,-16.3803,-6.19011,80.0937,80.0937,13.3976,-72.4049,-12.0002,2.85736,4.05346,29.6573,-24.3843,27.5985,-23.4444,train
781,65.5147,161.847,161.401,199.891,127.251,75.5418,223.961,40.3561,76.3735,26.9043,108.727,440.895,338.624,6540.22,7842.09,38.9952,-38.3448,-12.7744,85.2699,85.2699,7.46412,-68.3184,-16.0133,-15.9011,15.9918,41.7879,-41.2628,59.2714,-63.5006,train
782,178.176,182.825,103.806,190.468,172.042,159.281,183.456,52.4774,62.2219,168.783,154.544,358.189,343.724,6050.6,9112.01,20.349,-19.67,-9.19653,81.0082,32.4048,12.2039,-81.0082,-7.0915,4.88938,14.0078,37.212,-59.069,30.6996,-18.6948,train
783,90.6315,164.389,5.03636,89.0987,197.379,84.4667,133.061,138.061,59.8442,146.636,142.818,292.813,499.683,7503.81,8964.07,63.4645,-58.2936,-22.5742,374.708,131.236,8.4921,-374.708,-17.1959,37.6627,16.5273,-11.0637,-91.8413,36.2066,-13.4636,train
784,123.235,109.444,193.389,171.484,199.772,15.1048,36.9096,61.9481,101.468,55.8035,77.5582,415.248,315.834,5912.15,6350.24,57.1157,-56.7273,-31.7148,115.941,68.4658,7.72629,-37.1191,-19.2838,4.89559,55.9822,115.941,-97.8195,46.0899,-21.4298,train
785,68.5864,71.5661,125.143,176.161,192.166,149.053,142.545,100.493,193.842,174.943,202.59,346.563,540.993,3330.64,5018.81,18.4852,-18.0651,-8.48315,95.9882,95.9882,16.1546,-73.7023,-13.1102,4.20649,7.75643,57.123,-43.8767,16.8495,-9.34588,train
786,81.8471,98.9203,137.18,70.7093,131.646,181.712,147.202,117.912,22.7356,44.037,153.444,313.306,562.511,5038.19,5396.42,28.048,-27.6353,-10.1187,77.5397,77.5397,19.3906,-63.2593,-17.182,15.1802,10.5558,53.2706,-38.5404,75.5716,-61.5992,train
787,206.416,127.097,219.848,103.398,71.4276,206.402,87.4531,161.578,39.5134,133.283,161.937,483.874,522.111,5545.55,7764.2,22.1702,-21.8996,-10.9447,75.3162,49.6142,23.4645,-43.1944,-17.9546,49.6436,14.4488,75.3162,-47.2845,66.4447,-31.6436,train
788,190.557,143.27,188.642,2.9729,175.125,34.8503,177.814,90.6743,207.112,197.87,64.514,332.589,301.984,4177.18,6446.92,52.4777,-45.2235,-15.0612,148.045,28.8229,20.1422,-39.7848,-148.045,9.85815,82.8048,33.2386,-33.7905,3.00527,-20.6251,test
789,177.3,50.1557,123.286,163.399,144.806,151.416,189.838,61.6142,127.218,222.068,178.822,528.788,577.759,7304.96,11087.8,24.0928,-23.2585,-11.0359,103.849,49.8478,43.3135,-103.849,-19.0666,3.00192,14.3474,55.9858,-81.4857,34.6329,-13.8348,train
790,168.305,149.757,181.892,14.8698,117.46,224.243,72.8479,160.351,180.26,224.276,119.166,441.41,277.26,6207.88,9981.64,26.3514,-24.6117,-11.7502,82.4614,51.6532,21.2873,-40.2513,-82.4614,25.9936,14.2163,56.4401,-37.7423,9.61994,-20.102,test
791,163.179,67.231,132.638,106.413,129.982,123.59,147.772,25.964,48.1351,81.8464,142.428,531.572,389.492,6743.36,7106.79,35.7864,-34.9706,-15.2355,99.0254,43.7175,43.4059,-95.812,-22.5302,-4.45792,23.6121,70.7491,-99.0254,70.4386,-50.4236,train
792,129.033,202.08,73.3181,98.2311,146.525,105.79,131.292,52.2385,140.773,13.5619,143.812,331.523,385.834,4582.65,5165.85,29.254,-27.9772,-12.6397,104.753,47.4588,1.97553,-104.753,-29.6853,-0.733773,3.77365,47.0184,-76.0325,29.2945,-41.6295,train
793,136.797,220.057,194.372,175.387,113.428,210.178,104.087,13.7734,128.653,47.0262,74.6623,538.1,449.428,5121.13,6861.86,67.739,-66.7881,-37.1818,137.38,49.1165,7.91868,-71.6065,-20.7452,-20.2812,8.29087,115.995,-137.38,39.9954,-52.4038,train
794,185.049,81.7752,72.2938,160.679,85.2012,121.4,47.5418,34.529,72.9264,78.3923,140.213,264.228,441.358,3519.39,3335.47,32.8033,-32.154,-20.6155,132.833,31.805,12.0753,-89.2873,-10.2989,18.6429,8.134,113.414,-132.833,32.0908,-17.8141,train
795,29.5834,53.1559,76.8574,162.342,214.609,149.906,33.1664,149.246,177.412,150.632,174.557,320.696,229.073,2731.68,3517.84,33.7362,-31.8148,-14.4891,213.469,213.469,18.8973,-72.8163,-13.5668,4.2203,6.70086,101.889,-29.4522,17.5566,-9.43076,train
796,65.0564,188.732,152.657,174.612,5.01707,50.9414,74.982,43.5218,185.622,154.247,92.3019,536.877,522.77,6953.6,8172.11,65.2206,-64.4335,-34.8307,135.545,135.545,9.95462,-81.9876,-19.9872,-8.11933,36.8807,134.801,-112.082,26.5897,-17.2253,train
797,90.6849,199.185,65.2998,50.5228,91.6166,34.0724,41.8248,214.917,1.92756,87.3209,139.454,207.223,317.222,3064.87,2860.49,26.7086,-26.4497,-10.0953,84.1605,64.4316,9.82765,-54.3023,-2.27046,39.9058,57.4517,49.8301,-24.8125,84.1605,-31.7031,train
798,22.0349,204.361,122.163,66.644,101.008,181.946,149.851,163.257,49.2521,37.0186,79.3425,464.648,378.258,6933.61,8007.3,93.8245,-90.3981,-28.1887,246.992,246.992,10.8404,-100.518,-36.4793,-16.1885,12.1759,72.0374,-6.89496,69.8068,-84.6325,train
799,34.7367,46.4644,173.16,33.7782,208.946,173.554,42.7677,214.522,130.459,59.5547,66.4812,576.616,357.64,7564.65,9014.52,131.311,-123.974,-50.667,300.808,300.808,49.4928,-60.2092,-102.626,5.82165,13.2504,154.082,-30.8717,37.5782,-54.6086,train
800,91.8914,58.0121,37.7073,113.766,74.7409,141.359,21.4468,24.818,195.608,200.45,116.092,263.548,421.115,6301.81,6586.49,62.8819,-61.502,-42.4287,221.504,70.9821,10.2269,-148.378,-17.9508,24.6849,4.19701,195.148,-221.504,14.7647,-4.18573,train
801,165.201,48.2282,176.815,138.139,29.5412,214.101,208.2,9.60119,169.928,151.572,71.9794,467.168,361.154,6006.01,8428.48,49.7353,-48.5273,-21.9902,97.1872,32.2728,50.387,-69.5366,-16.2272,-53.5454,11.3501,51.7826,-97.1872,18.6556,-22.6734,train
802,214.969,64.1267,201.019,81.6957,199.394,125.196,102.296,28.7726,104.592,141.75,184.359,357.168,471.444,4525.15,5876.25,18.7611,-18.417,-11.0559,98.2131,25.91,26.3113,-49.0483,-23.0664,0.570498,13.4769,86.9293,-98.2131,25.4796,-16.8335,train
803,161.813,196.982,153.136,164.338,96.3365,67.1378,198.972,106.932,118.608,195.015,111.027,315.438,593.737,5749.77,9021.43,23.9508,-23.244,-11.6148,58.5064,39.8054,6.31584,-58.5064,-11.624,14.2873,18.5307,41.2603,-43.4672,22.777,-9.02207,train
804,8.66332,195.945,114.952,33.0775,150.951,111.517,150.119,179.058,133.915,174.799,123.738,480.92,581.684,3662.99,5081.83,79.781,-75.4987,-27.3062,408.317,408.317,16.6156,-145.339,-46.9643,-18.7165,29.1949,112.086,10.0449,16.4054,-26.3406,test
805,42.9017,43.2224,17.6747,92.8916,91.6915,171.904,143.181,160.273,133.429,28.4825,207.896,239.651,305.909,4669.94,4775.84,30.5506,-28.7092,-10.6991,215.39,150.149,7.92532,-215.39,-22.1113,21.7162,1.99269,13.9312,-35.6935,21.7698,-17.0084,train
806,150.802,83.1039,41.778,78.8851,124.872,45.831,7.60239,116.07,128.045,54.6071,156.416,235.685,378.917,6201.86,5435.52,22.8552,-22.228,-13.0638,78.4784,53.5867,5.15088,-66.5117,-24.4507,30.3939,9.33992,78.4784,-69.744,21.3029,-11.0859,train
807,209.517,141.827,174.236,2.73663,124.837,118.15,101.665,52.3367,198.48,105.472,94.106,505.519,485.777,4276.46,5548.64,59.0998,-52.8902,-24.0334,205.044,40.3913,31.6869,-66.3508,-205.044,22.8004,38.0369,90.4951,-92.0746,3.99817,-60.258,train
808,148.776,45.3942,182.479,69.6338,93.8954,89.1137,118.665,140.271,84.3784,109.644,178.09,492.558,563.298,4485.91,5208.91,22.7606,-22.1804,-9.74519,66.7483,66.7483,44.0287,-57.4268,-42.0332,22.1313,22.4281,66.1863,-50.4599,49.0565,-25.7791,train
809,4.65772,189.405,192.637,199.095,43.1727,68.4037,44.7069,200.332,167.35,210.449,96.1154,217.242,549.02,4286.34,6185.64,117.724,-107.783,-49.0912,528.588,528.588,6.14234,-49.5514,-5.06807,-16.6641,17.0077,233.231,-2.04436,8.52693,-7.81797,train
810,58.1728,165.572,135.516,155.635,201.224,19.2333,90.5923,197.487,9.35573,131.767,136.566,385.137,285.491,4070.81,4996.65,39.4711,-39.259,-11.4858,157.79,117.751,18.3293,-55.78,-5.24658,10.8437,157.79,57.8803,-21.4728,123.43,-32.5718,train
811,150.463,86.4442,206.949,207.922,212.451,165.749,36.2082,165.275,215.784,102.786,80.1623,368.115,587.661,5671.1,9154.98,40.4137,-39.8557,-24.5225,92.8525,72.188,8.45023,-29.2751,-14.1913,19.9094,4.4071,92.8525,-61.4413,19.3382,-10.0505,train
812,59.3546,109.362,9.68732,191.652,158.874,23.6453,18.7781,106.035,193.092,24.4697,132.361,229.266,391.311,5771.87,5471.85,55.0422,-51.502,-21.9763,269.785,137.775,1.08557,-269.785,-11.3432,23.358,5.02088,24.1629,-78.4888,15.922,-6.86137,train
813,88.1926,132.969,188.404,148.278,38.4055,221.705,223.303,129.491,94.095,1.44822,60.7061,518.48,338.325,7301.44,9694.17,77.5875,-76.2773,-18.4108,115.532,96.1951,0.889761,-55.4868,-34.1689,-46.0244,0.53364,33.3704,-36.0284,76.1475,-115.532,train
814,159.621,170.807,157.227,61.6439,5.87591,203.428,159.456,209.306,9.14539,223.28,169.852,391.862,483.144,7238.92,10649.1,20.9264,-20.4572,-10.7152,144.328,34.1028,18.9792,-70.8768,-10.9798,144.328,15.9358,64.08,-10.3032,104.664,-20.5328,test
815,25.3598,9.1833,14.2045,13.199,21.3218,41.1034,114.632,15.7867,142.353,96.1767,91.931,584.248,597.615,3058.4,1807.01,307.469,-281.733,-113.855,954.341,392.258,228.451,-954.341,-283.699,16.9112,51.0405,95.1613,-367.747,37.2005,-30.8487,test
816,43.8369,211.294,13.3778,135.85,149.845,40.0092,206.66,60.218,26.6166,3.43629,171.563,414.091,326.337,6374.85,5911.56,87.3333,-83.4272,-25.8325,457.573,218.19,2.24668,-457.573,-26.9871,11.7299,11.865,13.5523,-127.379,194.795,-195.368,train
817,179.435,110.03,146.763,194.045,104.239,177.455,67.1088,165.991,32.569,62.8274,78.0411,221.893,260.518,7604,9571.16,27.2736,-27.0098,-11.8772,43.5866,29.4338,11.0438,-27.1221,-5.17296,19.75,6.84763,37.123,-26.0921,43.5866,-27.3523,train
818,99.9061,31.286,210.861,199.075,193.761,157.613,29.1087,194.017,160.936,118.165,104.145,536.773,214.209,3720.72,5452.94,39.543,-37.9069,-17.9218,111.349,111.349,42.3651,-33.7705,-20.3054,8.8479,8.40944,85.1742,-41.9612,35.5215,-15.8629,train
819,202.064,115.701,127.499,65.5888,54.146,64.9702,122.183,39.782,9.06272,165.337,192.095,447.374,572.744,3446.21,3484.17,26.9067,-26.4557,-12.72,96.3816,35.5579,33.437,-93.834,-9.22509,38.8979,59.5455,86.6926,-96.3816,94.4184,-33.0908,train
820,126.297,178.468,97.0956,91.4552,8.8726,193.591,1.44994,52.7532,155.842,103.052,154.702,519.36,594.634,3934.35,4096.07,66.495,-65.3843,-60.326,481.026,125.422,-14.4297,-58.5688,-84.947,324.36,-13.3025,481.026,-285.42,70.4997,35.3408,train
821,149.598,26.6093,224.433,43.8562,129.783,31.3849,16.4964,116.788,47.6242,48.797,64.2245,559.167,570.078,6831.68,5812.83,108.869,-107.61,-52.6571,168.098,99.7561,74.4989,-33.6514,-82.2988,44.0916,63.163,168.098,-112.999,107.179,-57.4521,train
822,128.638,134.672,45.8041,179.929,222.961,167.626,94.6159,106.667,159.427,134.249,188.167,263.318,491.448,7805.35,11274,20.5189,-19.5651,-9.66924,117.206,57.8795,6.15292,-117.206,-10.0293,13.4901,4.94329,40.8848,-63.803,16.0075,-8.72896,test
823,116.246,65.4597,76.916,201.286,99.9952,141.261,151.657,150.579,71.6888,223.377,78.0555,293.594,484.243,5966.27,8433.61,42.7525,-41.2652,-18.5399,87.4995,59.5303,20.4856,-87.4995,-7.92385,23.8935,9.49295,35.381,-37.4189,31.464,-8.48984,train
824,44.8098,128.405,18.3558,191.947,217.209,134.897,159.404,188.696,61.9732,41.0788,118.224,408.322,338.672,4606.48,5786.04,79.4907,-75.6099,-25.5012,303.357,224.683,11.1019,-303.357,-13.8459,15.3176,10.5676,13.176,-44.854,60.6475,-49.0769,test
825,38.2686,20.0935,140.605,88.3394,45.0224,195.109,100.791,187.548,71.5976,61.3564,87.5944,360.567,543.673,3666.59,3765.9,65.6635,-61.6881,-24.5314,174.98,174.98,55.6787,-67.9744,-28.1515,13.4081,5.73415,83.5111,-23.3045,49.1217,-25.787,train
826,27.6222,43.0403,182.119,187.917,139.117,132,186.845,47.7027,76.2729,76.9266,117.358,320.416,392.983,7087.82,8167.31,35.3157,-33.6727,-12.0257,134.28,134.28,30.7896,-53.9933,-9.99896,-9.87672,10.0393,50.1748,-14.9699,34.8389,-24.3623,train
827,26.7139,50.9353,58.5011,108.044,160.918,85.2,142.123,140.73,208.455,171.633,198.094,280.281,586.535,4037.87,5271.96,31.9175,-30.6519,-12.3374,207.433,207.433,16.4366,-149.269,-18.1926,4.80329,9.82636,59.0036,-27.5199,13.3352,-6.89836,train
828,184.373,176.347,177.059,182.56,5.67543,166.796,18.3576,89.7691,0.686282,131.266,90.7176,532.518,256.531,3289.92,3707.24,101.943,-101.787,-74.2112,579.244,47.6988,29.1666,-55.0465,-0.995584,579.244,30.8365,340.602,-54.6536,374.539,-55.4133,train
829,184.464,194.23,86.515,8.9105,175.78,84.0749,21.8145,201.92,162.814,11.314,119.471,515.04,481.129,6270.52,7434.62,71.4562,-61.7017,-17.4517,397.562,75.4563,8.27843,-73.3223,-397.562,29.7311,19.1248,77.3464,-61.4138,30.7701,-200.984,train
830,4.14983,40.259,16.301,200.542,164.07,152.131,108.538,194.92,7.20583,195.733,189.573,323.203,487.257,3444.23,4074.08,130.152,-122.909,-42.1636,868.505,868.505,71.9639,-672.628,-1.66967,0.227191,19.0441,100.752,-2.69983,65.7156,-20.9329,train
831,155.658,42.0929,76.0308,172.921,49.6758,119.108,186.273,141.548,5.81239,196.662,87.9268,214.898,263.893,4188.29,5229.31,30.3578,-29.5853,-10.9391,63.9685,27.1255,45.0302,-63.9685,-1.46614,36.6331,15.9138,20.6096,-20.7146,61.6859,-13.6304,train
832,155.781,24.5142,153.622,174.42,30.042,98.1921,63.4999,149.584,72.6259,98.7744,74.5275,565.339,399.45,4023.62,4342.61,62.0578,-61.1622,-29.0539,87.2497,73.0749,64.7251,-62.3023,-23.3156,55.3749,16.159,87.2497,-54.1759,79.1892,-22.7175,train
833,80.7655,132.265,138.04,7.14297,112.51,30.6379,196.947,105.971,50.191,105.621,95.656,486.115,441.276,7384.91,7766.38,62.0473,-56.7398,-16.974,179.723,93.4368,27.0472,-82.9453,-179.723,12.4572,116.764,47.3106,-35.8363,36.172,-47.8997,train
834,45.2428,99.8743,191.377,111.668,40.315,190.79,131.357,136.122,113.156,171.941,134.364,577.044,516.46,3059.94,4087.12,42.7576,-41.1324,-16.8661,189.425,189.425,29.841,-72.6618,-24.9856,0.237511,15.6211,87.5867,-29.0866,34.8704,-24.5134,test
835,75.4157,193.167,68.1649,84.0478,128.027,144.939,112.312,162.625,171.066,145.661,195.11,374.87,559.722,6883.86,9633.87,24.6529,-23.6896,-10.5911,117.937,116.741,7.36567,-117.937,-27.6735,21.3201,9.81659,54.025,-43.963,19.2284,-13.8139,test
836,22.1752,68.0435,169.942,124.866,93.5556,59.4402,188.733,221.08,15.7538,78.4253,130.856,370.399,543.461,7195.92,8230.03,45.8695,-45.5306,-13.9408,195.178,195.178,40.2265,-71.8981,-7.74302,-3.66325,46.0489,63.8008,-3.99241,86.7927,-49.3581,train
837,136.343,16.2654,164.999,141.339,190.043,86.7562,151.013,12.8932,53.5571,61.9429,63.7818,515.165,313.633,3681.3,3806.77,80.129,-78.835,-30.9347,110.769,43.9696,110.769,-76.3415,-23.7015,-13.1898,20.7675,69.7181,-92.499,88.4575,-41.1346,test
838,111.129,39.1131,40.7718,162.555,185.953,157.269,211.411,102.574,67.5029,171.188,85.5224,549.583,567.022,3862.26,5221.17,88.92,-84.2572,-33.0463,247.564,108.559,64.8273,-247.564,-18.2107,19.4028,16.1227,30.7566,-90.5577,62.018,-20.947,train
839,217.209,126.436,33.224,16.5761,71.2494,117.159,100.247,117.279,97.9488,172.325,169.112,549.431,219.642,2717.28,3159.78,39.0401,-34.6863,-13.9741,213.41,53.3542,27.9927,-213.41,-117.941,58.1012,30.2093,22.5158,-73.4933,28.227,-29.0458,train
840,203.998,225.267,183.63,151.401,20.8204,181.327,51.505,12.4729,105.419,114.41,145.093,278.513,518.617,4925.62,6160.59,32.5783,-32.3607,-25.0704,185.059,21.6536,5.67594,-49.6884,-9.95056,6.03442,7.05137,174.059,-185.059,20.2103,-15.8047,train
841,224.706,48.8959,27.3253,215.607,43.3629,25.1078,126.747,35.1986,209.586,149.191,61.7866,258.038,234.991,2850.42,3444.18,75.3074,-69.7408,-34.8071,181.873,22.7911,8.10052,-181.873,-10.131,8.22399,15.7752,26.6601,-102.089,14.7389,-3.75454,train
842,14.6933,108.529,209.445,18.5087,156.411,133.063,215.777,32.9854,115.338,123.703,202.89,229.007,261.323,6951.61,8457.45,16.1773,-15.2259,-4.68301,135.724,135.724,14.5324,-35.7573,-38.5161,-6.44912,11.8529,34.0754,12.6836,8.74099,-18.0309,test
843,25.2875,32.7668,98.7047,131.784,108.858,9.13869,92.4738,178.485,221.304,221.398,204.147,519.719,356.533,5036.18,6519.92,38.2729,-37.6642,-14.0959,297.536,297.536,22.1397,-117.856,-33.9325,-19.7046,79.3819,98.4231,-18.4358,28.5761,-4.63389,test
844,214.06,8.90204,171.357,168.737,195.812,205.736,148.083,136.463,56.035,20.8095,154.751,348.477,203.292,6671.67,9002.55,19.3174,-18.5581,-5.18041,71.9088,29.4408,71.3934,-36.0949,-16.8855,-0.162805,3.08914,25.7886,-29.197,71.9088,-43.1917,train
845,158.56,73.704,37.1742,121.854,224.904,62,10.5162,130.267,56.8357,43.9527,126.994,356.207,321.206,5026.55,4687.43,37.4629,-36.3471,-15.7396,106.984,62.5707,16.8279,-106.984,-19.0538,17.9515,20.0045,55.8059,-69.0369,57.772,-39.907,train
846,117.801,64.852,88.2762,104.201,172.898,190.079,83.5576,190.452,9.84152,145.331,109.036,502.813,290.487,6637.52,8163.67,45.6878,-44.9746,-15.631,96.8641,85.7061,67.1383,-89.4124,-6.469,25.4142,22.9065,48.4877,-37.6337,96.8641,-42.3691,train
847,197.64,198.367,113.999,177.389,210.378,185.062,41.7015,44.5309,192.185,84.3242,106.94,214.636,461.65,2860.38,4173.94,31.4518,-31.085,-22.5913,113.039,28.8693,2.69744,-46.929,-9.08331,9.26003,2.89137,108.639,-113.039,11.8567,-8.97396,train
848,56.3234,139.243,180.277,49.6141,121.183,56.0725,56.6092,56.3372,100.089,197.581,177.286,317.134,211.341,4118.42,4456.59,20.5605,-20.2822,-10.239,92.2683,92.2683,12.1938,-35.6706,-29.6979,4.55575,30.2806,81.4225,-50.8458,20.8191,-12.153,train
849,124.987,64.3513,134.873,52.9512,197.285,145.936,222.359,152.748,183.93,86.4717,195.54,356.774,544.702,6765.04,10103.3,16.1882,-15.3652,-6.24829,65.915,58.0867,20.0119,-65.915,-43.0575,7.1591,8.82434,33.8509,-34.1854,17.5302,-21.0613,test
850,117.549,164.837,95.1755,136.307,108.48,114.764,122.095,214.313,80.5527,148.441,162.665,409.506,269.489,5142.63,7226.26,20.2269,-19.6155,-7.77835,72.7769,68.5115,12.4232,-72.7769,-15.0194,17.6178,17.8436,32.7972,-26.121,35.9423,-19.5097,train
851,174.581,101.01,34.0021,11.1919,97.1259,146.323,38.1157,217.691,120.944,144.631,206.793,322.599,212.389,7206.62,8577.07,19.1887,-16.9468,-6.54615,109.967,46.1834,21.5683,-109.967,-93.5836,39.0153,14.889,19.0378,-31.4218,12.2471,-21.3026,train
852,200.53,83.7054,150.314,149.325,35.0995,116.964,221.131,36.9201,82.4122,10.8433,61.2514,256.288,411.129,3173.82,3577.64,45.4704,-44.3912,-17.5238,57.9886,20.33,4.59713,-51.3803,-14.5861,-18.9232,3.28995,33.0019,-57.9886,37.3763,-50.1874,train
853,95.5922,20.7459,145.872,54.9602,2.93902,182.962,99.2588,82.5305,23.925,59.5628,91.4537,555.028,216.879,4886.25,3923.92,70.3403,-68.081,-21.7128,149.757,85.8091,145.415,-72.783,-46.0972,40.4504,16.4885,72.1888,-45.4505,149.757,-71.6279,train
854,204.86,33.1658,93.4839,39.0492,222.614,71.33,57.0996,153.333,195.811,21.6881,163.925,497.919,215.384,5748.43,6673.95,26.2476,-24.3411,-8.73908,104.433,50.7441,27.1712,-71.6268,-104.433,6.01149,12.6336,42.5197,-49.9553,29.4529,-58.7614,train
855,53.5459,119.569,198.413,99.7892,121.783,192.779,35.6804,187.511,152.217,67.3824,63.8952,333.104,463.82,3389.82,4376.95,73.9802,-70.7516,-36.7714,157.842,157.842,7.29825,-31.1447,-24.6358,21.8618,4.52667,112.901,-38.6211,22.8404,-18.315,train
856,172.295,175.014,60.4703,212.505,34.2372,67.605,3.77427,51.3814,68.1321,107.094,123.015,268.68,547.675,6328.95,6064.61,53.2937,-52.9885,-44.8353,273.338,58.7415,-0.676034,-56.4953,-13.2002,135.202,-1.7501,273.338,-204.614,58.2256,1.56239,train
857,116.619,175.857,60.5531,98.6668,46.8277,147.255,60.1532,64.4394,160.694,54.102,156.895,546.57,474.733,2839.67,2923.1,43.7688,-42.0684,-22.0117,164.971,95.6525,7.33358,-164.971,-42.3247,32.3139,8.75801,106.356,-124.858,36.7519,-33.7115,train
858,206.34,114.036,112.35,220.326,75.5979,69.6279,182.482,88.4089,194.508,150.991,150.854,579.657,574.002,6971.71,10646,28.2572,-27.1354,-13.0467,111.288,51.5,14.5877,-111.288,-18.7588,9.21817,23.8916,51.9758,-77.2608,30.0502,-15.5809,train
859,180.867,33.8554,187.007,101.207,28.6156,189.698,158.503,215.378,179.822,225.337,201.102,472.993,555.933,3583.03,5972.68,14.8765,-14.2942,-7.00315,54.9733,52.352,33.0696,-54.9733,-35.6727,39.4352,5.90195,49.5228,-31.1158,28.3935,-7.02651,train
860,28.8047,50.891,46.9438,95.59,115.988,19.3728,190.424,55.5393,35.2319,96.0526,73.4146,383.586,453.856,4557.26,3713.35,117.595,-113.819,-38.6104,216.21,204.703,35.6876,-216.21,-21.1286,0.35234,93.749,46.891,-52.4684,81.0704,-26.7402,train
861,223.951,92.7438,220.801,56.7117,28.5114,26.5872,134.128,30.1534,29.6292,83.0705,206.869,337.909,313.844,5688.49,5414.9,16.5522,-16.3117,-6.51177,73.8556,21.1791,21.1725,-38.6439,-24.959,-1.80523,73.8556,54.3376,-63.9726,67.561,-33.4291,train
862,0.923009,210.931,209.161,11.7894,107.173,138.632,22.7542,52.9999,198.632,225.686,117.423,556.93,274.042,5383.86,6822.4,316.844,-284.093,-124.446,1847.4,1847.4,22.8242,-84.8299,-64.0376,-43.0994,34.7273,756.625,103.108,5.37518,-30.1679,test
863,222.417,14.9133,78.6777,96.1332,221.928,173.415,204.197,89.8157,195.465,24.8313,69.7048,438.002,366.031,5238.62,7352.12,56.4215,-53.0002,-21.4461,107.261,37.5931,34.3605,-107.261,-40.2316,0.512503,2.95493,28.1115,-62.689,27.9825,-29.1843,train
864,132.547,126.127,140.497,33.3628,85.0478,155.431,50.7968,217.616,133.104,79.4405,203.143,331.732,537.412,4481.25,5544.9,17.2351,-16.5674,-8.7189,75.4048,70.1662,9.72786,-42.8891,-62.6559,45.7697,7.89382,75.4048,-38.8814,22.21,-21.8423,train
865,53.3269,27.2286,224.768,105.227,187.367,79.6062,130.237,88.7946,145.221,38.2915,175.68,252.854,377.714,6937.6,7909.43,16.2865,-15.7993,-6.85645,79.3191,79.3191,18.1197,-31.7345,-19.3408,-1.78184,6.19769,49.9977,-27.0963,19.8191,-18.2217,test
866,215.338,155.828,159.215,219.093,61.0226,69.3536,214.139,220.686,110.612,176.86,153.461,429.141,293.019,7156.5,12442.1,15.1659,-14.7128,-5.84814,49.8973,36.5008,10.8686,-49.8973,-11.8569,15.9094,24.4203,24.125,-22.8686,33.2135,-13.5427,train
867,223.326,93.2483,34.283,111.838,98.4433,186.417,57.8728,224.638,149.727,192.54,157.396,535.626,526.304,7513.91,11207,34.3356,-31.798,-14.1709,189.01,66.5034,16.6902,-189.01,-33.977,57.8586,8.34863,27.4564,-59.7806,35.8915,-11.4313,test
868,212.761,71.4267,201.718,137.52,118.364,1.7772,101.328,111.583,36.9338,126.197,87.716,388.601,490.847,7838.62,9141.39,54.5834,-54.1535,-16.8278,261.177,39.2728,6.49845,-40.7043,-24.8826,8.85294,261.177,60.3601,-56.6494,131.024,-5.20158,test
869,127.552,3.55613,3.15171,21.7049,43.7793,217.92,142.71,20.3368,54.5581,206.738,162.483,554.046,556.806,6365.02,5923.63,253.458,-226.829,-101.456,1800.17,129.483,279.946,-1800.17,-209.397,146.883,4.5683,1.31946,-763.222,117.81,-6.81,train
870,2.71115,194.396,65.6889,179.478,118.981,96.6973,44.4119,59.9955,162.942,15.675,199.646,495.841,402.329,5988.39,5794.53,121.414,-110.971,-43.1664,1089.18,1089.18,3.89839,-242.744,-23.4044,-52.16,7.83716,349.866,47.2731,36.4579,-68.3723,train
871,88.9043,169.928,125.445,171.98,1.75212,29.1705,184.414,135.016,75.499,27.0019,146.037,205.424,288.688,2861.88,3098.1,14.9888,-14.6313,-5.77524,42.3195,42.077,2.3164,-42.3195,-9.65586,14.8261,13.4938,24.9579,-17.6661,31.1059,-20.6157,train
872,191.528,140.874,171.034,181.761,31.732,92.6586,42.3049,52.7119,188.364,19.7622,110.648,589.907,277.613,4499.53,5094.81,45.0181,-44.4651,-25.587,131.223,56.3371,5.09124,-56.6158,-28.5092,-9.16432,7.74051,126.501,-131.223,38.9047,-51.3256,train
873,130.275,94.1223,217.279,161.318,76.2235,196.607,28.793,124.535,168.05,64.0537,106.74,484.461,482.732,3154.84,4099.01,40.7146,-40.1696,-24.9911,128.686,91.3187,9.14117,-34.355,-24.6979,40.2461,4.37619,128.686,-80.0813,33.5289,-18.9961,test
874,11.1776,219.604,55.3027,190.194,141.055,219.304,170.069,155.516,121.103,16.2497,195.881,431.066,206.027,4914.5,6701.77,49.093,-46.4079,-14.6247,349.097,349.097,3.26216,-200.536,-18.898,-28.3782,3.26662,56.3755,3.71567,41.9733,-62.347,train
875,78.9288,90.1224,12.2894,131.159,152.975,145.01,191.767,69.2382,37.3571,127.048,61.9379,541.962,496.624,7381.13,8180.88,232.759,-216.382,-86.6886,564.762,180.979,36.5921,-564.762,-16.1777,44.0792,22.7416,11.2167,-181.068,80.326,-36.7084,train
876,138.437,172.7,90.9244,132.386,63.0109,69.2181,164.909,128.532,175.941,44.3566,124.018,307.242,250.719,6619.8,8433.32,20.7935,-19.8834,-8.18943,63.9848,42.6668,3.58104,-63.9848,-18.5365,6.03518,8.93477,23.5434,-31.1848,19.7251,-19.7178,test
877,217.103,78.6464,69.8342,113.993,32.3266,33.3461,166.704,25.0849,129.376,16.9861,112.281,552.933,337.861,5632.87,5271.56,58.0806,-55.5288,-22.4214,168.949,37.6235,12.1525,-168.949,-40.1215,-59.8494,28.6614,53.1831,-148.77,49.9941,-79.5726,train
878,166.959,27.6875,83.0534,69.831,201.1,41.2349,82.321,93.6642,50.8307,33.7971,190.881,393.835,531.331,5329.9,4671.05,27.4056,-26.6491,-10.9909,94.6524,55.5054,44.3035,-94.6524,-38.8323,13.014,29.7479,67.3918,-80.4583,75.4448,-51.3283,train
879,71.1405,128.081,161.573,87.7228,98.5744,98.9958,44.942,207.784,142.419,9.54272,140.369,383.669,567.261,6690.97,7454.46,35.115,-34.0302,-16.4354,141.123,141.123,2.10556,-44.2097,-40.6622,26.74,2.72418,104.045,-42.2179,35.4202,-39.9664,train
880,160.136,116.816,17.4689,114.563,208.99,108.393,90.8978,40.7405,64.3711,55.6419,91.2767,260.879,450.799,5259.15,5204.53,84.6017,-78.7075,-37.608,295.797,44.7564,8.69628,-295.797,-13.9043,14.1891,9.372,39.8054,-158.231,34.996,-25.8195,train
881,217.34,45.2614,204.587,103.983,68.2497,179.308,202.962,121.729,193.172,151.418,204.922,506.029,436.183,7610.93,12285,14.0144,-13.4891,-5.88741,52.5721,40.4303,36.8732,-52.5721,-32.6146,4.91528,9.30764,39.6841,-43.2974,24.8282,-15.5875,train
882,42.2085,183.496,115.743,3.05899,145.882,50.4607,5.05954,125.222,10.3089,51.4634,91.3624,484.605,347.866,3881.39,2883.52,121.676,-118.904,-50.946,292.544,292.544,22.9244,-48.9794,-209.058,47.0398,83.3628,230.024,-84.722,87.7302,-115.596,train
883,211.721,224.172,125.334,205.831,127.812,212.568,120.059,46.6603,185.458,24.1963,81.7448,346.429,282.444,5839.85,8755.99,35.4238,-34.4319,-17.4373,67.355,26.8589,2.29953,-60.0853,-14.3263,-5.68415,2.42506,47.8997,-67.355,22.4862,-30.1291,train
884,130.205,5.99184,31.6409,61.2643,115.494,124.482,200.736,220.614,84.4034,104.931,171.723,259.222,303.175,5472.1,6668.5,22.3783,-20.8563,-7.06929,117.085,54.558,72.1491,-117.085,-35.2556,20.3612,3.47285,7.83742,-28.9204,36.1902,-5.8264,train
885,38.8643,84.8543,74.3516,72.0397,212.243,126.779,104.196,130.85,190.267,108.923,72.1048,568.97,311.82,6905.3,8616.72,102.515,-99.3556,-38.153,230.842,230.842,26.0593,-150.848,-48.2853,-0.926469,17.4418,75.0034,-35.4694,25.8547,-28.71,train
886,19.377,191.638,139.945,189.454,105.053,170.805,198.866,186.9,114.989,70.8391,99.459,521.122,514.372,4329.62,6431.92,73.4621,-69.6629,-23.4095,278.315,278.315,11.7511,-109.932,-15.62,-26.44,13.1843,72.3459,-1.37467,36.3952,-44.9574,train
887,83.3534,172.34,95.0552,68.006,212.831,38.3349,37.4959,66.885,215.37,138.677,154.256,563.005,496.488,5904.08,7116.74,46.4027,-45.4219,-25.1408,160.113,143.723,10.4902,-103.89,-56.2034,11.8759,47.1602,160.113,-134.259,25.0981,-18.4366,train
888,95.8846,167.362,203.497,199.365,93.3048,113.937,128.929,37.6797,187.318,30.0311,144.285,583.781,453.175,6022.95,7800.37,33.2303,-32.72,-15.3574,90.5787,86.0529,6.58916,-67.7851,-23.7506,-24.8829,9.67884,87.2711,-90.5787,35.7486,-51.9314,train
889,94.1818,40.9056,126.122,148.818,123.535,34.3437,198.233,195.544,140.205,200.715,171.115,509.742,506.869,7398.35,10870.9,24.7831,-24.0592,-9.03589,100.514,100.514,34.0536,-86.3799,-24.8924,5.38078,40.56,41.356,-31.5986,37.3658,-9.81477,train
890,26.404,73.9229,84.9813,111.449,110.084,140.947,188.263,214.351,78.7694,179.164,111.772,500.371,448.177,4149.5,5622.95,66.1393,-63.3723,-21.9939,251.936,251.936,38.1769,-151.101,-19.5745,-4.84311,20.0228,58.8712,-10.8756,39.1674,-22.2763,train
891,178.845,181.351,63.5153,165.332,196.313,108.042,111.73,93.8333,67.0925,123.643,149.543,242.267,399.856,6226.12,8277.01,20.1098,-19.3434,-9.42805,82.6408,33.647,6.71888,-82.6408,-7.28344,12.1783,11.2779,35.7735,-54.1813,25.3826,-13.9368,train
892,219.696,100.806,130.196,134.94,114.994,51.5688,20.8577,36.1693,102.33,58.4406,135.96,378.895,403.883,6941.83,6729.82,41.5592,-41.2767,-29.8667,196.367,39.6939,10.0353,-51.3465,-20.5819,18.7341,19.6171,196.367,-192.826,38.3829,-24.4805,train
893,102.289,186.295,79.7979,103.179,18.3906,109.765,164.26,116.548,119.859,152.976,205.758,583.904,513.238,5351.38,6765.9,27.5341,-26.2258,-11.698,153.228,101.89,11.688,-153.228,-35.4881,50.111,19.8372,55,-55.6133,43.2035,-20.1295,train
894,207.895,213.833,11.6413,15.8857,146.027,46.3312,121.113,30.2984,195.113,47.61,168.554,569.456,337.937,7728.7,8473.52,102.999,-91.3931,-39.5252,677.405,60.4977,11.9109,-677.405,-198.141,25.5772,54.9726,25.5878,-321.253,22.8144,-75.6547,train
895,37.8534,98.7566,213.618,124.33,183.048,166.734,24.0124,16.9914,3.79995,69.489,142.118,261.198,345.548,6072.64,5474.93,50.6384,-50.596,-31.7141,231.153,125.606,24.4582,-30.6004,-1.581,10.6315,14.4866,231.153,-178.334,73.1552,-49.1575,train
896,83.9543,181.451,3.41138,202.489,148.725,12.9288,141.6,119.901,211.072,177.429,110.798,447.999,223.613,3672.32,5212.25,101.351,-92.3716,-35.3818,485.149,167.008,2.14141,-485.149,-20.2057,36.6425,30.0539,-28.214,-112.535,27.4131,-3.09706,train
897,162.301,92.4217,66.2894,211.146,34.9299,35.531,95.1693,85.2082,4.20369,161.754,209.292,313.484,354.599,2856.28,2853.14,22.7856,-22.3225,-9.29237,115.813,37.7335,30.1941,-102.978,-1.63038,75.7257,78.5396,54.8553,-49.6145,115.813,-24.398,train
898,211.981,1.3474,81.0496,60.998,99.156,65.0897,48.9978,200.711,47.8977,204.239,194.419,466.03,418.32,6436.76,7235.6,32.6727,-28.798,-8.59398,283.591,55.2716,283.591,-79.5514,-70.1366,28.0166,5.87054,51.5866,-49.7181,126.317,-2.64586,train
899,131.103,133.802,22.5957,53.877,68.6715,74.5973,188.313,66.7738,212.214,1.29417,61.2077,223.32,346.503,5353.58,5616.59,82.8426,-75.341,-32.917,189.55,44.8624,0.167884,-189.55,-41.0331,20.9355,0.301127,15.394,-77.2702,14.7326,-24.5469,train
900,32.0057,159.067,14.9597,6.5095,98.4244,74.6838,50.6967,72.5101,17.6535,120.474,193.733,385.989,227.364,3742.48,2584.5,62.5718,-58.655,-22.1541,373.224,258.391,20.6465,-373.224,-88.4423,38.9577,43.9743,48.0759,-86.0132,46.1202,-38.5521,train
901,43.4057,109.977,99.1457,168.913,70.8923,105.542,114.096,92.7512,177.083,16.9005,126.702,373.189,586.44,4709.81,5016.11,44.3281,-42.981,-18.6854,160.894,160.894,3.62495,-101.632,-19.7335,-1.14812,3.77725,78.6393,-49.5821,26.6197,-33.3594,train
902,30.829,112.696,82.3984,210.113,93.6124,49.4549,83.0468,64.0955,54.1557,18.1341,71.4073,567.994,407.039,7143.26,5809.57,139.565,-137.796,-49.6225,276.809,276.809,12.4242,-152.63,-20.3689,-15.2324,28.3119,117.441,-62.9675,111.761,-109.194,train
903,205.716,86.4063,6.86526,73.6291,92.8095,35.7633,111.7,124.694,79.1871,74.8497,167.817,208.54,351.899,5089.54,4902.11,32.3686,-29.1327,-12.2496,236.505,39.6252,5.04706,-236.505,-22.4002,47.5901,12.194,-5.84593,-68.799,29.4552,-8.23966,train
904,49.3326,166.563,71.6654,32.3024,157.019,106.159,174.386,66.5071,31.2297,22.4648,96.7952,380.201,281.709,7310.19,6682.11,66.3959,-64.1291,-18.4643,118.908,115.573,10.5739,-118.908,-63.178,-0.899757,16.5903,38.2743,-40.3916,92.4161,-110.873,test
905,217.09,11.4827,202.922,217.444,166.938,39.7097,176.522,196.527,205.512,14.4127,105.362,272.358,321.725,6281.15,9730.48,15.3484,-14.9615,-6.39433,27.5951,26.6633,12.5492,-27.5951,-11.8627,2.90697,3.62882,23.0418,-22.0542,17.7505,-14.1393,train
906,41.1852,61.4396,219.313,172.554,221.128,213.758,85.2292,195.218,49.701,20.3883,128.972,264.889,596.147,5873.35,7653.69,37.2971,-35.7605,-14.6025,148.663,148.663,11.6465,-35.4992,-11.2043,6.96655,3.3475,85.2308,-25.1655,55.012,-49.6338,test
907,63.1459,194.128,21.5061,94.1592,43.5577,3.18374,61.6441,76.2611,177.116,82.8093,192.997,360.08,337.175,3580.53,3216.08,40.7758,-38.2562,-16.7693,261.307,135.471,0.826925,-261.307,-36.5368,34.7443,50.4216,46.3167,-91.8624,27.4695,-2.74151,train
908,36.4272,209.453,201.085,206.958,159.203,146.924,132.442,166.898,154.128,168.023,190.614,295.338,481.761,6914.23,11626.7,19.1714,-18.3747,-8.08183,134.062,134.062,6.17808,-43.7339,-8.01785,1.70067,8.80741,62.369,-16.3548,15.2256,-10.8915,train
909,48.3766,68.6161,12.2677,48.9313,40.2256,34.6462,149.066,47.9257,10.7296,144.108,186.435,366.511,364.508,6708.24,4604.35,73.4834,-68.8448,-27.1016,504.646,174.662,39.6986,-504.646,-19.2341,95.5438,78.6224,23.962,-141.182,124.047,-26.7319,train
910,152.656,104.706,134.762,165.172,53.8626,147.187,75.2498,148.242,136.405,223.597,132.267,468.91,535.721,4970.35,7196.97,28.427,-27.7959,-15.6292,79.8711,68.6872,13.4957,-66.3318,-19.834,46.7927,9.60055,79.8711,-55.297,33.965,-8.93748,test
911,95.7163,103.383,24.5045,121.6,209.708,84.6006,155.122,67.7701,46.9748,147.759,101.705,236.339,354.877,6248.93,7028.97,51.2676,-48.1377,-20.5789,187.989,63.0234,13.2138,-187.989,-8.20151,12.74,16.1474,20.4507,-76.5635,30.0247,-13.0749,train
912,147.1,97.2062,190.079,218.09,153.788,179.542,173.584,13.1204,83.4828,211.175,74.4576,500.134,342.264,4682.12,7135.07,48.1084,-47.1935,-23.5529,80.545,39.0794,30.4998,-66.699,-9.33824,-8.38377,16.5129,62.5434,-80.545,34.5,-19.8547,train
913,2.96919,214.033,47.9628,178.708,208.224,5.78929,210.849,94.0066,196.742,8.46964,188.686,452.808,571.214,5310.33,6696.25,84.6385,-80.5556,-25.9111,646.331,646.331,1.08681,-362.308,-24.0362,-33.1589,40.18,86.1827,39.2493,30.8765,-38.8406,train
914,111.219,47.0431,183.492,122.581,92.0139,209.643,173.12,155.306,58.7657,222.295,111.588,305.389,268.386,7474.35,11126.2,20.5142,-20.0168,-7.76805,46.7962,46.7962,36.4727,-36.1918,-10.9161,8.83147,8.18433,29.3023,-19.5844,32.2018,-10.9156,train
915,177.677,66.0729,154.157,138.833,61.4859,169.038,187.338,186.148,74.0897,224.079,206.191,247.74,501.778,4565.89,7169.08,10.0743,-9.7829,-4.83656,44.0169,31.8807,16.0183,-44.0169,-10.2211,28.7548,6.26116,32.5221,-24.2128,27.0862,-6.67964,train
916,50.6086,192.512,92.1874,79.8139,41.0987,47.2263,41.3358,51.6003,44.9943,166.75,84.7355,305.137,296.955,3453.62,2950.61,60.0994,-59.3731,-31.8488,113.949,113.949,8.65011,-68.9559,-17.3669,32.3441,35.261,113.09,-74.4218,43.5671,-14.123,test
917,164.595,151.746,51.9344,95.7535,131.405,72.7862,162.755,53.0717,148.89,111.788,190.711,431.425,380.987,5246.16,6438.16,27.537,-25.8464,-11.8935,169.789,48.2077,10.5442,-169.789,-28.3458,6.89672,21.9827,39.1332,-96.4755,25.7807,-20.2418,train
918,176.801,43.613,157.714,163.87,84.0149,202.514,0.854647,82.4651,181.855,77.4043,196.983,463.425,491.537,7512.51,9019.61,28.1975,-27.9903,-21.5731,217.259,79.4827,10.1612,-30.2164,-25.5757,62.2179,2.18829,217.259,-161.517,32.5926,-8.09673,train
919,83.1347,107.177,163.192,178.561,183.906,98.6641,180.556,204.354,204.73,155.787,60.3598,309.183,485.627,5360.91,9161.02,43.8589,-42.8943,-18.7536,74.9249,74.9249,8.92858,-48.427,-11.9561,5.44915,9.69892,37.683,-21.7095,14.7472,-8.68694,train
920,61.9829,11.3433,24.93,123.472,56.9259,135.994,172.443,104.637,124.722,174.854,172.806,234.486,298.072,4456.75,5013.22,28.7538,-26.9456,-10.8944,173.43,91.8269,30.0595,-173.43,-16.2295,23.5911,2.50727,16.2278,-45.2337,22.722,-2.75777,train
921,115.168,98.1541,112.457,63.72,170.398,60.8073,65.0482,184.467,6.34257,193.864,206.59,213.583,376.165,5741.73,6598.02,13.3341,-13.2085,-5.759,51.3305,51.3305,19.553,-37.8587,-3.39968,20.8875,31.5621,46.127,-28.9473,48.3018,-14.0004,train
922,11.4167,147.673,84.6681,210.855,216.33,79.7401,70.2503,187.631,208.135,81.3607,149.244,554.828,236.88,4034.22,5624.79,79.3027,-74.3485,-29.077,491.387,491.387,11.1708,-158.308,-18.4897,-17.7364,20.6876,158.137,-0.465318,26.4901,-28.6739,train
923,6.95161,78.9795,66.8283,46.6669,141.266,125.413,41.2927,32.901,140.863,118.246,70.4347,384.294,396.596,4218.31,3616.02,216.287,-200.965,-86.3349,629.025,629.025,24.8719,-166.427,-40.2548,-9.54769,15.6632,249.298,-22.7728,18.8601,-23.4937,train
924,160.53,59.1697,212.691,126.06,42.303,94.7317,55.3867,118.28,31.4131,202.489,139.298,552.127,545.603,5185.97,6031.3,36.9689,-36.7033,-19.9189,127.044,71.781,54.8963,-49.3527,-18.0316,88.1413,34.2884,127.044,-71.7591,102.333,-22.6859,train
925,206.968,16.7174,11.5573,186.607,20.9394,89.4433,143.997,98.859,20.0061,138.014,163.571,247.464,372.752,6737.91,6772.07,46.8453,-43.1516,-19.0556,317.423,36.1548,50.6436,-317.423,-8.72423,161.43,9.46556,11.7255,-71.6449,115.083,-8.6753,train
926,47.1038,9.68053,158.37,184.995,66.216,167.159,101.89,22.9352,129.446,93.8831,158.171,247.266,220.983,2995.21,3083.6,20.119,-19.0199,-8.57785,69.1833,69.1833,52.7757,-40.2162,-10.6044,-17.7544,3.05636,54.0808,-48.4744,21.4325,-7.69592,test
927,213.642,202.709,221.069,74.2597,166.535,86.3462,1.66332,96.3539,32.4405,93.7725,140.8,273.835,537.992,6318.35,7404.85,30.014,-29.9564,-21.0216,155.239,49.9624,7.86352,-13.2128,-15.4101,40.7802,18.4606,155.239,-116.474,49.8868,-24.0397,train
928,144.448,189.37,211.42,193.127,194.858,176.549,162.994,41.114,47.963,55.9683,126.663,468.293,596.866,6977.22,9859.64,33.8843,-33.4661,-14.9137,79.1026,48.3397,12.6255,-61.6539,-11.8681,0.039116,13.5422,72.4651,-79.1026,67.5823,-60.413,train
929,10.9448,147.356,67.1291,66.3796,174.941,175.182,53.8974,224.701,133.15,192.339,150.501,332.218,440.691,3208.39,4389.6,72.0135,-67.0694,-28.2901,445.402,445.402,12.8165,-141.498,-21.597,0.680428,10.7807,162.064,-9.7719,15.2265,-13.8862,train
930,94.5765,15.5501,219.255,190.377,73.4641,116.358,165.508,112.951,143.995,211.872,137.58,344.331,571.779,7618.49,11192.5,22.455,-21.52,-9.87054,68.4123,68.4123,47.108,-43.6822,-14.239,4.30298,6.2955,52.4148,-37.8983,26.6233,-4.88954,train
931,176.472,50.3883,36.6915,200.745,13.2956,91.3192,176.315,131.35,83.7621,149.835,73.8414,424.153,540.457,7270.71,8871.37,80.9124,-74.8181,-36.796,229.878,54.9356,8.88158,-229.878,-18.8996,124.783,4.90069,33.632,-58.7118,64.0568,-4.22398,train
932,48.8256,56.0654,7.73126,73.7986,85.4825,101.288,30.9108,152.442,192.503,194.098,102.494,208.365,557.823,7469.04,8053.77,87.0199,-80.7593,-34.0151,334.965,189.234,-0.105594,-334.965,-28.3145,59.2666,-0.0584484,23.1527,-66.385,15.3509,0.0431348,train
933,58.9644,21.6865,142.173,49.3107,182.327,212.674,197.64,98.5623,92.3479,187.891,73.3504,275.439,499.004,4806.97,6515.64,47.2835,-44.859,-17.6405,81.0126,81.0126,54.3994,-59.6201,-31.9333,2.45607,5.54715,40.9434,-29.0192,24.1142,-8.8796,train
934,20.253,149.916,101.531,109.837,174.404,91.9815,134.736,207.214,56.2619,34.0124,88.8558,599.651,405.258,3536.07,4071.4,113.183,-109.611,-34.9775,342.669,342.669,15.4892,-148.743,-33.4536,-15.6583,25.245,95.5736,-6.43972,92.3616,-96.5505,train
935,102.211,72.7561,202.628,8.03481,30.9997,26.9932,112.739,59.2064,180.897,13.54,160.378,387.274,461.598,4956.12,4358.6,42.7252,-37.4009,-11.0846,314.338,63.8151,18.5152,-47.9281,-314.338,4.00794,49.9049,73.2433,-63.2958,19.7449,-140.7,train
936,73.6148,155.681,176.665,199.959,100.868,161.305,96.8615,216.493,76.7724,160.028,79.0794,567.198,265.218,6173.01,9291.74,55.0766,-54.4692,-21.9982,128.505,128.505,20.041,-57.7831,-12.7625,12.2529,19.3424,66.2312,-24.7439,47.0094,-27.5725,train
937,15.2104,86.621,207.128,78.3761,162.657,12.5383,24.5327,148.731,88.2489,127.365,76.0545,469.983,275.436,6466.27,6577.86,152.266,-151.695,-67.2854,505.175,505.175,15.5232,-44.2719,-42.8089,-2.28163,107.243,257.685,-28.3741,53.7679,-14.9303,train
938,34.1436,221.342,176.475,54.7694,173.758,75.8316,112.204,189.681,137.224,128.481,139.05,511.545,456.245,7570.18,10653.3,43.1221,-42.4269,-16.7134,219.669,219.669,11.4925,-70.3132,-46.9547,-1.07525,33.5449,91.9213,-17.7808,26.5034,-27.9997,train
939,173.957,24.4371,58.3337,42.0594,7.76884,6.69438,158.375,96.9742,101.044,28.3614,195.641,444.579,507.989,5389.95,4225.64,30.6047,-28.1549,-11.7697,162.219,51.4749,19.3126,-162.219,-94.4816,68.8401,70.4984,44.7996,-65.7515,55.6177,-23.533,train
940,122.901,149.29,145.241,147.465,143.912,18.6642,147.859,157.528,95.2781,38.3474,64.2811,501.933,331.406,2883.85,3555.53,62.2154,-60.8546,-20.8436,73.6247,73.6247,7.16909,-64.1932,-26.7796,0.557302,57.3437,41.1673,-36.1729,58.6158,-39.4706,train
941,215.275,13.1203,9.64002,221.063,27.9634,192.298,73.5117,222.355,188.281,158.65,132.129,213.967,584.275,2909.13,4225.35,41.2234,-36.0194,-20.4574,275.678,44.6137,-73.2826,-275.678,-14.0284,156.039,-4.99999,9.96293,-47.4757,23.2934,8.57074,train
942,195.108,174.172,114.612,123.205,178.394,107.066,17.8128,136.739,72.718,98.8454,96.1857,534.154,325.854,3596.03,4451.43,45.8316,-45.1948,-23.2386,93.7681,65.4024,14.2754,-56.9103,-23.174,25.583,23.2227,93.7681,-76.7306,55.527,-35.5734,train
943,46.5092,185.575,119.786,111.319,201.627,135.942,86.0702,171.414,217.472,161.58,78.2943,456.924,257.068,5678.77,8832.5,60.5673,-58.7834,-24.6733,161.437,161.437,10.2273,-73.2145,-23.9969,1.32806,13.9613,69.0237,-24.2482,17.3714,-16.6115,test
944,222.781,210.216,189.172,5.07492,104.207,220.302,204.077,157.973,51.005,187.58,78.4881,535.532,310.048,7062.54,11632,43.8286,-39.2617,-14.6731,111.94,39.1032,22.773,-55.2674,-111.94,26.7546,21.7303,35.3399,-30.0447,15.7513,-36.0922,test
945,64.7436,167.453,30.49,9.64043,179.926,99.1031,119.593,164.355,23.1549,91.6992,193.353,289.957,290.849,5230.33,5334.27,28.5627,-26.7364,-9.2483,153.468,107.006,13.9174,-153.468,-59.0296,19.2264,23.5159,21.045,-34.6627,34.7567,-35.9417,train
946,37.6506,11.9583,109.808,59.9647,15.0868,6.86733,196.059,16.6413,204.196,171.332,92.7622,507.216,441.199,5340.45,5240.85,82.408,-80.3613,-23.3667,171.214,171.214,97.6352,-120.047,-65.115,-167.726,170.016,58.4991,-116.778,27.0424,-9.63727,train
947,139.245,58.6654,130.88,74.96,208.452,219.886,152.986,165.379,152.599,14.366,178.796,359.902,227.717,5847.04,8118.44,15.9132,-15.2219,-5.13788,48.8348,47.9922,7.82931,-48.8348,-41.8851,-0.268738,2.08885,25.814,-26.3696,29.0974,-45.2152,test
948,23.4408,66.1906,91.888,115.782,224.577,181.659,84.4967,208.801,205.994,149.503,185.531,390.797,515.402,7642.51,11328.6,40.6024,-38.0923,-15.8915,284.102,284.102,21.0755,-111.205,-21.7043,1.06253,7.67922,105.617,-18.6366,17.2524,-13.1959,train
949,151.216,34.7398,146.279,25.0716,171.593,220.894,135.249,174.786,3.31387,13.4377,166.67,365.607,209.169,3284.47,3639.84,48.9341,-48.7563,-5.66711,339.154,43.5274,82.3651,-44.2843,-31.6983,12.4203,12.9535,29.5059,-23.6742,339.154,-301.134,train
950,45.0807,178.117,166.706,4.9676,83.387,218.91,98.6768,33.6575,145.577,172.121,128.751,300.683,397.891,6571.78,8013.98,32.0425,-30.7605,-15.2913,95.4144,95.4144,14.8127,-52.1758,-74.1686,11.1058,12.0524,81.5652,-54.3929,3.57922,-21.678,train
951,17.9917,62.6983,54.6139,40.1258,140.513,110.469,39.4364,68.6583,138.796,127.184,89.8346,265.516,516.596,3751.3,3277.31,104.649,-99.7412,-47.5237,324.061,324.061,18.6573,-133.685,-37.0181,12.0264,10.5892,166.604,-65.403,15.1347,-13.0073,test
952,49.6759,69.2129,100.702,150.663,28.0204,137.342,69.813,118.209,97.5238,104.463,173.401,436.533,414.098,5092.38,5062.38,33.0463,-32.1474,-14.9514,163.265,163.265,21.3736,-90.6298,-19.1553,30.6571,10.7711,96.4502,-44.804,41.8504,-20.0271,train
953,221.575,186.717,176.881,16.9094,74.1369,6.51193,140.491,147.751,222.706,40.0324,166.964,327.733,336.165,4370.39,5842.31,21.3622,-18.7475,-5.69851,149.715,29.7852,3.99394,-37.2791,-149.715,10.6659,114.518,33.386,-31.8,16.076,-26.3444,train
954,187.971,204.228,37.816,204.449,164.888,64.3563,171.078,176.463,31.018,30.9383,119.543,461.599,447.424,7177.47,9469.37,52.7783,-50.8269,-15.68,173.089,62.6518,9.79444,-173.089,-12.7939,27.5641,31.0816,15.9506,-57.3873,119.258,-91.4351,train
955,197.822,159.46,83.1648,201.617,84.2552,188.066,219.922,114.039,11.4954,74.3631,155.744,551.428,201.226,5717.14,7883.97,32.9262,-32.1775,-9.67518,124.401,45.9161,28.2396,-113.893,-5.0154,30.3574,23.9442,25.4494,-44.2591,124.401,-85.6383,test
956,130.053,114.896,3.21779,99.7738,87.5227,159.693,29.2359,181.037,75.7624,85.5498,164.084,586.84,569.524,6460.33,6620.09,99.9213,-87.5371,-28.4514,822.297,158.816,14.3427,-822.297,-42.3005,120.718,10.3193,-155.877,-115.505,78.7814,-27.2415,train
957,188.416,209.048,70.6857,138.033,156.016,125.634,30.525,99.1677,96.2963,213.896,167.35,462.475,519.148,4429.53,6115.74,29.6655,-28.9845,-17.0084,107.161,64.4271,10.4572,-97.9918,-17.6675,32.533,17.4002,106.645,-107.161,35.8149,-14.4535,train
958,37.3427,168.448,143.964,84.1306,170.722,19.1329,109.457,95.7657,38.3212,181.997,173.575,205.782,562.283,2970.47,3328.83,23.2835,-23.0407,-10.0746,116.263,116.263,6.28581,-51.7816,-11.8742,7.52561,55.341,69.7293,-33.7255,36.8668,-8.22771,train
959,49.7797,20.823,95.2228,70.9993,54.2186,117.419,15.209,74.2138,124.133,167.829,182.344,376.754,431.063,5803.57,5029.88,40.7038,-39.3506,-23.6322,204.309,193.824,37.2864,-62.64,-42.1289,53.2995,6.61235,204.309,-112.067,34.0772,-6.54248,train
960,14.8489,105.167,4.01935,93.5496,212.946,21.5978,17.8735,107.937,72.063,112.525,76.5222,254.302,562.797,4819.72,3927.21,307.043,-291.163,-107.656,796.646,677.156,7.27007,-796.646,-19.0107,26.9249,35.4004,52.1409,-98.4236,34.9014,-9.6091,train
961,131.68,114.548,172.243,91.804,83.8992,200.778,41.0512,188.587,20.7902,181.741,208.097,206.375,291.045,5359.7,6891.32,10.387,-10.3199,-5.60421,53.2885,41.7003,13.3175,-20.9621,-5.86317,34.4353,7.59786,53.2885,-25.7017,36.6143,-11.8705,train
962,214.692,59.0018,109.447,170.533,51.0403,130.287,45.4322,77.807,23.4175,166.337,74.0817,254.022,401.477,5241.38,5644.11,45.6377,-45.1442,-27.3747,86.5792,29.4088,26.8434,-48.6226,-5.60837,55.1953,12.1563,86.5792,-68.5886,57.7589,-13.4656,test
963,91.9142,6.96993,56.7597,114.462,109.523,63.1922,218.173,54.2369,38.4792,86.1854,168.791,562.302,532.441,4147.09,3808.67,54.0346,-52.1213,-16.9144,241.649,104.45,241.649,-221.865,-34.411,0.353342,26.6532,45.18,-103.711,144.759,-27.6372,test
964,46.4214,148.057,220.508,48.6841,147.252,114.407,102.451,92.248,1.46312,2.28891,141.573,467.429,217.301,3373.87,3103.51,254.175,-254.12,-12.0996,1763.57,136.854,19.2476,-44.6377,-37.4774,-0.990828,24.9087,71.3474,-25.7347,1763.57,-1760.73,train
965,38.0784,66.6473,96.9724,197.647,194.755,223.46,114.875,57.6434,118.312,75.1648,97.1439,206.646,218.171,3384.43,4131.94,30.1432,-29.1495,-12.4873,82.1231,82.1231,10.6963,-54.1802,-6.84849,-1.50412,3.19019,39.2411,-26.0218,16.1797,-13.4128,train
966,14.1938,153.348,103.312,178.172,167.886,194.917,41.1804,133.736,3.9718,72.2178,103.988,292.26,255.278,6813.29,7270.16,79.4854,-75.4029,-30.3205,307.092,307.092,17.7361,-67.3859,-1.13823,7.34659,13.9536,138.713,-15.1872,72.2099,-53.2608,train
967,172.398,190.595,150.762,36.2728,55.433,174.723,158.279,118.018,74.3859,58.7095,154.884,244.559,569.749,5884.26,7313.01,17.4399,-16.643,-8.1962,49.4118,32.395,5.43489,-49.4118,-38.8647,31.2,5.92859,44.7091,-37.6175,26.8016,-24.9522,test
968,201.57,76.2574,132.39,159.254,29.2577,174.956,153.749,129.188,100.684,61.8829,168.873,299.771,421.859,4748.69,6095.24,14.5686,-14.1,-6.969,53.5152,30.3956,9.7099,-53.5152,-14.174,29.7998,4.23222,37.5946,-34.2545,31.7056,-16.9216,train
969,148.516,176.243,196.381,185.343,83.2315,199.576,198.426,118.58,8.37576,1.55056,188.899,332.309,368.862,7071.25,9386.26,55.3824,-55.3201,-4.90893,478.232,40.1819,2.97509,-39.1596,-15.1003,-1.85214,2.62727,31.1252,-31.5401,472.557,-478.232,train
970,190.641,89.8107,184.452,218.768,108.408,34.5862,119.732,189.58,86.2933,72.9539,198.883,267.678,276.794,3877.12,5279.95,9.50483,-9.35641,-3.91182,31.2097,29.856,8.60043,-27.6849,-8.70498,10.2447,22.3329,28.6988,-22.4909,31.2097,-14.9732,train
971,140.161,84.2324,82.5278,147.439,123.43,35.3489,86.8261,198.691,213.018,198.756,200.173,520.463,510.988,4523.3,6614.69,21.8427,-21.0073,-9.61676,103.044,87.1841,12.905,-103.044,-27.9276,23.4753,30.7512,53.7394,-49.9316,27.3365,-7.73451,train
972,11.5969,44.0386,213.881,72.8503,182.637,47.4732,40.7183,143.678,27.6871,3.02465,79.0379,383.879,560.111,5776.99,4631.07,186.44,-177.119,-64.2956,519.511,519.511,9.36774,-51.8644,-47.0313,-6.79128,8.69,251.943,-21.5157,175.007,-192.889,train
973,144.659,174.65,26.0221,60.0454,138.91,16.4564,12.527,62.3714,224.176,180.14,99.8336,359.649,516.741,3459.44,3917.61,73.5252,-70.3534,-41.5573,184.098,77.1902,3.69946,-184.098,-49.1358,33.2545,39.262,134.811,-171.637,18.6125,-5.07238,test
974,73.9552,26.9647,116.129,220.69,138.309,135.356,122.364,27.1672,209.452,115.758,159.615,215.636,236.327,7713.69,9753.36,15.1813,-14.8259,-7.59851,49.5294,41.6546,18.8234,-49.5294,-7.4711,-5.23887,3.74988,41.5538,-48.1107,11.1326,-6.20096,train
975,199.609,6.30367,209.409,221.808,1.81445,86.4391,63.0775,132.988,153.103,47.4798,118.668,382.504,533.691,5399.61,6351.12,23.9223,-23.4743,-20.2293,131.978,40.3986,-27.6584,-41.7754,-18.0309,131.978,-2.01702,110.377,-45.0765,36.9425,5.1931,train
976,107.764,135.599,49.0961,32.4834,83.6841,10.1597,61.0722,25.7503,52.119,77.6266,82.226,494.823,404.758,3101.78,2056.46,118.399,-113.314,-51.9674,212.744,78.3883,13.5071,-212.744,-95.9472,4.57038,180.274,127.283,-192.175,84.5695,-33.3673,train
977,21.6242,56.9177,18.4479,66.5642,162.765,102.589,108.32,150.32,15.817,97.7148,101.266,425.042,504.996,7656.1,6687.37,153.098,-147.13,-50.5707,452.878,436.851,56.0918,-452.878,-15.8915,25.4251,31.1205,53.5843,-48.8856,94.5793,-46.2063,train
978,204.902,148.026,47.4068,210.371,135.62,208.788,75.7763,157.018,170.278,122.991,164.902,297.766,271.408,4317.62,6708.02,16.8651,-15.9516,-7.43395,88.5383,36.3576,5.615,-88.5383,-10.2034,17.1479,3.9809,22.7623,-40.2787,17.8274,-9.5572,train
979,144.876,48.1146,106.861,134.213,51.4458,89.7388,78.8649,122.885,110.248,26.7688,107.465,487.145,489.92,7262.42,7001.61,43.2362,-42.1185,-19.7683,84.2293,72.5631,15.9935,-84.2293,-30.5627,29.9209,8.57514,74.0491,-64.9217,52.6179,-40.6544,train
980,123.097,62.289,124.037,106.327,60.2554,177.94,177.96,28.2383,191.582,53.9317,176.636,279.282,437.136,5887.34,6959.44,17.3291,-16.7196,-8.3449,69.1889,33.8579,12.7207,-69.1889,-18.8143,-10.3804,4.45294,46.0055,-68.8612,14.7669,-20.7775,train
981,209.31,135.492,54.2412,44.1007,74.4403,129.416,210.726,221.047,94.026,23.9523,175.474,529.027,204.669,3185.76,4149.56,28.9863,-26.7013,-7.79187,127.621,52.5305,10.1251,-127.621,-88.8514,23.9991,10.6004,10.953,-36.4987,58.9354,-80.9988,train
982,177.44,179.141,117.802,87.991,93.9363,208.718,21.3132,37.7411,204.094,68.6003,82.8361,410.788,358.85,2789.31,3402.92,67.0948,-66.3017,-47.9935,187.931,50.5638,6.09851,-58.9136,-34.2693,19.6808,5.23431,187.931,-182.266,20.8943,-22.5221,train
983,37.5562,119.874,16.575,37.8583,115.256,66.661,198.028,136.033,92.0806,4.31763,138.293,228.736,438.4,3610.03,3309.41,59.9219,-55.9852,-19.6397,266.588,181.791,1.2457,-266.588,-56.4748,20.8407,2.24009,15.2208,-47.1986,32.8369,-48.9111,test
984,114.36,77.9617,99.5816,120.21,204.057,152.044,158.017,144.018,5.72328,28.0147,107.302,509.072,535.383,7417.25,8430.92,76.4015,-75.7739,-17.4259,250.741,87.8489,52.2819,-106.24,-8.44139,19.313,26.8078,49.124,-48.6632,250.741,-205.76,train
985,59.099,39.5141,33.709,107.425,207.359,104.656,66.8571,41.0276,65.704,30.866,100.659,482.091,467.361,6497.82,4996.32,104.916,-100.865,-44.4624,285.813,160.779,34.8701,-285.813,-32.0506,5.96996,13.1656,101.82,-161.352,74.1081,-63.1306,train
986,91.632,146.964,60.2769,216.229,120.483,124.733,23.6044,8.70772,185.98,217.883,194.961,377.892,493.569,7184.63,9047.44,55.8967,-55.2889,-42.331,415.45,69.1567,10.3498,-164.831,-10.4421,2.4913,12.1944,368.859,-415.45,17.1693,-9.87262,test
987,93.8607,136.42,98.8024,150.296,165.376,108.815,118.813,27.305,159.561,94.739,128.664,321.684,578.821,3779.93,4561.88,35.0493,-34.05,-19.0776,106.304,56.1399,8.15735,-102.927,-13.9992,-0.311646,10.2267,82.7552,-106.304,18.6482,-16.6116,train
988,115.954,136.942,126.391,119.654,134.693,224.044,102.18,84.6524,225.683,204.88,83.0253,243.66,360.759,5485.56,8681.72,28.6965,-27.9535,-15.4613,47.0927,43.7953,6.69162,-46.199,-12.7053,8.32568,4.09011,47.0927,-44.1317,9.52639,-6.32533,train
989,214.212,46.2969,162.596,113.188,105.62,79.4647,119.068,121.945,166.752,175.388,125.435,344.06,287.828,6237.55,8818.26,17.9502,-17.3864,-8.29517,40.2106,31.0999,22.9265,-40.2106,-21.0197,7.97386,13.3572,36.7902,-37.3586,20.1776,-8.55863,train
990,214.268,47.9142,89.0668,201.433,185.092,194.781,201.394,133.513,94.6189,196.236,81.2875,243.29,412.264,3991.24,6633.19,27.9839,-26.8381,-12.1821,63.2926,26.9945,20.6546,-63.2926,-7.1649,10.308,5.08083,22.5015,-35.4965,21.5714,-7.13211,train
991,65.6895,53.3345,105.996,16.4994,182.949,214.474,62.7285,135.639,64.8746,137.434,145.189,453.201,496.972,7211.62,7949.99,41.9234,-40.4802,-17.4504,148.215,148.215,57.1756,-83.301,-89.8563,20.3422,14.2182,96.8883,-54.2602,32.3189,-31.379,train
992,83.4987,180.495,138.194,195.612,55.9373,158.543,26.7007,212.491,54.8829,122.003,92.5148,414.551,381.426,2710.42,3471.52,49.3459,-48.7864,-26.0267,120.283,120.283,10.2914,-44.9174,-11.6964,64.5365,11.7164,109.204,-39.2533,58.9559,-21.532,train
993,117.663,213.045,65.7607,208.082,58.6917,74.3462,178.636,100.253,134.244,53.3665,128.251,255.768,309.468,5163.38,6597.29,22.4181,-21.3974,-9.36802,84.2095,44.4496,2.64311,-84.2095,-9.58553,11.5483,7.57403,23.5918,-37.6976,21.0122,-14.9222,train
994,63.9174,183.661,139.681,118.707,27.3789,1.10624,214.686,138.445,214.952,140.205,191.845,386.48,505.637,3718.3,5222.83,21.0719,-20.5132,-6.98647,108.548,108.548,0.619193,-69.5347,-31.5995,-24.7557,102.8,38.5221,-31.3935,24.6791,-1.14709,test
995,42.3951,211.803,149.932,221.867,56.4803,164.74,153.639,204.551,42.5386,102.448,193.109,362.648,215.744,7814.6,11138.8,19.1009,-18.7897,-6.43884,116.826,116.826,11.0768,-53.918,-5.77092,0.814095,14.2412,41.0309,-9.17011,42.5667,-32.3861,train
996,7.26413,161.055,43.4281,214.353,18.7521,224.968,116.342,82.2689,202.808,220.569,63.3432,437.286,455.283,2738.58,3880.05,232.343,-217.119,-76.1312,589.859,589.859,20.7763,-308.247,-4.78998,-59.4489,14.8737,109.568,1.51352,7.15968,-21.4541,train
997,192.374,50.5437,116.471,187.526,24.9519,203.873,193.385,22.0597,165.14,52.0977,148.394,438.18,247.608,4081.35,5178.67,25.2237,-24.4725,-10.0279,94.0885,30.4067,30.0869,-83.9011,-15.2571,-55.8456,7.45907,39.4184,-94.0885,24.5017,-41.2801,train
998,172.005,207.791,24.6134,41.2666,195.464,161.747,133.242,117.669,225.632,139.505,196.249,489.781,241.763,3737.35,5721.16,31.6798,-28.628,-11.4216,229.295,66.6686,11.2844,-229.295,-61.8664,20.5486,14.4967,7.91712,-78.9562,16.0017,-23.7701,train
999,159.856,189.747,14.6514,23.4961,106.569,178.159,159.63,79.0557,1.80303,137.742,198.294,512.522,482.057,6102.51,6737.33,57.2897,-53.3718,-21.6788,445.324,85.5247,26.2413,-445.324,-6.21417,78.8257,27.9481,12.3978,-152.885,114.523,-51.1221,train
1000,163.265,70.5218,13.0714,180.137,32.5829,44.209,62.4656,135.392,208.349,69.9973,151.305,381.416,245.073,7175.92,7724.65,41.3572,-37.1015,-16.5859,280.895,62.6069,-0.740682,-280.895,-21.4636,77.9843,-1.18153,-3.22516,-66.927,26.2439,1.05533,train
1001,51.0217,39.6352,54.9299,14.7315,201.149,102.006,3.37578,221.956,25.8316,19.5834,152.406,441.199,530.295,3430.89,2655.23,70.8528,-69.3133,-25.3516,269.046,269.046,52.8719,-87.5982,-157.241,34.794,20.5437,167.473,-59.3524,126.817,-151.333,test
1002,108.164,215.041,215.849,222.619,132.648,26.9061,218.749,97.7567,78.9841,182.836,98.0895,270.062,592.966,4060.81,6457.65,25.6789,-25.273,-11.3762,47.1025,47.1025,4.91673,-41.4026,-7.38178,5.66062,39.2958,40.3163,-34.636,29.4238,-8.17805,train
1003,15.7235,169.021,207.351,26.8094,222.706,220.069,48.6971,154.724,183.52,42.8732,149.332,212.933,597.416,5937.97,7979.08,49.7962,-46.3495,-21.7669,301.779,301.779,4.87262,-36.7354,-48.7052,5.88196,3.74234,159.371,-23.9081,10.0622,-27.1663,train
1004,3.72409,172.556,218.823,125.565,174.189,156.88,63.5772,175.749,94.9716,91.6374,144.741,500.942,500.749,6870.06,9134.64,105.446,-96.3914,-39.9552,698.426,698.426,15.5172,-79.675,-18.5706,-27.2132,17.0678,276.389,19.3799,34.723,-41.3224,train
1005,14.3203,58.5065,65.4,157.354,179.177,211.504,120.452,97.0141,51.4549,171.025,113.602,519.799,382.321,6492.96,7768.42,97.9674,-92.0629,-32.8746,400.493,400.493,55.9826,-209.205,-12.2186,-7.73226,15.486,99.6092,-7.83094,52.8428,-27.084,test
1006,108.534,156.399,25.105,211.071,191.832,217.624,206.669,28.0823,83.8598,173.019,111.537,529.962,298.687,4239.95,6225.85,89.8681,-83.4701,-37.5928,395.271,82.5767,19.1224,-395.271,-10.9389,7.05776,13.7426,31.6393,-184.458,38.9373,-24.4454,train
1007,107.619,114.284,73.1288,172.131,215.376,49.368,158.709,163.903,192.088,117.798,149.573,312.396,485.003,4872.18,7245.79,22.7109,-21.7776,-9.49134,91.5777,69.9218,6.51481,-91.5777,-13.8233,9.38618,15.0814,31.8382,-37.9731,17.5181,-8.9385,test
1008,16.6165,113.099,176.316,192.932,55.7354,186.033,215.008,158.865,72.911,31.059,203.309,228.551,494.264,6980.16,9041.06,20.8498,-19.6869,-6.42331,157.451,157.451,7.16959,-52.0819,-7.6433,-20.5231,4.35877,45.3674,-2.94454,28.6027,-36.9217,train
1009,107.583,161.734,103.873,117.024,100.535,100.873,2.34044,97.3196,214.147,196.683,96.2756,230.177,291.832,7813.49,10099.4,33.459,-33.1286,-23.3132,110.768,68.2128,2.27385,-23.9242,-16.5266,30.8625,3.64576,110.768,-73.1926,12.772,-2.64429,test
1010,7.67831,73.1367,221.156,81.8053,136.898,17.0272,17.7131,142.915,43.5124,175.623,153.961,433.905,263.418,5844.8,5744.09,116.311,-112.106,-50.4761,814.75,814.75,27.876,-42.4833,-28.1192,-2.80093,119.735,403.701,-18.9682,74.7628,-16.4172,train
1011,190.064,60.0545,202.096,117.431,142.308,115.12,7.89398,54.8208,55.0237,99.542,137.336,314.264,466.815,7363.86,7638.18,38.4071,-38.3305,-28.6332,204.426,51.6266,22.5592,-21.1965,-15.2248,34.3049,11.7684,204.426,-172.058,45.9515,-19.2476,train
1012,115.442,137.933,112.721,160.049,225.787,140.035,143.115,195.995,49.3049,62.5398,166.577,436.268,478.288,4144.63,5797.38,25.0256,-24.5268,-8.871,79.8341,79.8341,15.6376,-76.7794,-13.7817,11.727,15.4027,42.412,-35.0211,63.2675,-48.7747,train
1013,97.2759,190.894,117.702,195.014,106.987,9.21011,3.51235,59.1636,182.611,192.181,128.397,250.54,480.991,7709.22,9416.16,42.1614,-42.073,-32.758,217.056,95.4156,0.387816,-25.8661,-12.4677,40.6112,8.03808,217.056,-161.975,18.8295,-0.54478,train
1014,123.916,91.9103,221.293,206.286,125.728,57.3602,105.112,52.018,42.98,101.189,137.977,452.281,479.197,4912.22,5626.33,31.4459,-31.1978,-14.7611,86.6047,59.7229,26.834,-49.5259,-9.96913,6.53275,42.9971,86.6047,-78.2398,67.6667,-34.4694,train
1015,100.02,4.85146,104.201,189.993,80.668,17.8891,4.78978,168.003,52.4143,95.6656,209.091,557.1,411.855,7791.86,6778.64,35.3804,-34.611,-15.598,161.827,147.523,161.827,-58.3128,-25.1899,54.5247,43.887,149.179,-77.3115,129.13,-11.606,train
1016,55.832,147.58,160.367,113.966,100.977,81.8753,43.5415,111.866,206.69,87.8335,76.0341,301.167,397.671,4033.26,4782.96,53.7104,-52.4681,-28.6677,123.864,123.864,4.76871,-38.0135,-20.2507,15.8059,8.5956,100.182,-49.3535,15.7911,-11.3314,train
1017,32.8692,194.62,17.585,27.8216,199.594,44.9814,162.389,34.6541,189.995,99.9124,142.183,296.019,209.723,7163.21,7900.15,64.108,-59.3812,-23.4538,318.651,163.506,7.05881,-318.651,-57.0208,4.147,30.5411,23.0199,-98.5191,11.8083,-19.4453,test
1018,214.727,80.9108,41.372,110.882,64.6547,209.511,123.314,46.1625,196.592,99.5836,103.044,392.44,564.225,6882.1,8688.04,60.6523,-56.6273,-29.7812,218.384,39.0285,12.2456,-218.384,-26.4569,23.5477,4.72909,58.61,-136.514,21.1033,-14.0706,train
1019,77.3013,122.244,200.617,2.48763,126.836,99.6945,196.229,224.759,12.5076,82.0482,148.567,584.756,469.753,4269.14,5302.28,42.4473,-39.3064,-10.7243,193.928,115.302,43.8887,-66.4313,-193.928,20.3649,53.8158,53.9058,-19.2881,54.5464,-92.4756,train
1020,203.32,140.779,121.497,139.691,204.415,48.3587,37.6465,112.763,67.7989,118.306,82.0475,200.344,495.472,3111.66,3795.53,32.2665,-31.938,-19.9242,73.1317,34.5014,5.60452,-32.513,-8.69378,18.5746,16.3155,73.1317,-62.8502,25.332,-9.43157,train
1021,216.343,91.1474,65.0447,2.35109,59.5774,83.0312,125.431,217.278,139.679,141.42,157.963,316.561,367.545,3822.19,4891.94,27.3911,-22.7602,-8.72294,173.237,33.8191,30.2621,-90.027,-173.237,62.8359,33.2202,30.3312,-27.0172,4.12377,-27.5834,train
1022,50.3075,9.10414,134.595,110.122,101.326,148.496,210.624,50.2074,60.9851,42.337,71.8603,348.224,542.309,5185.07,5068.09,69.4592,-65.6489,-22.7499,100.514,100.514,93.6068,-80.339,-23.8829,-10.4187,5.73895,49.2232,-44.3453,60.989,-28.4669,train
1023,13.5771,143.334,52.6516,169.488,224.608,101.735,201.22,60.5491,205.304,181.912,129.475,528.408,322.108,7660.92,11370.7,81.7958,-78.1281,-26.8542,391.871,391.871,15.7285,-261.205,-17.8753,-13.3266,22.1598,59.52,-0.850091,20.8694,-17.5262,train
1024,166.189,180.916,50.7421,171.161,178.204,46.9711,67.0602,126.706,157.676,111.45,96.4344,451.533,400.973,6264.14,8298.69,48.0271,-45.8319,-21.2324,131.957,65.347,6.57921,-131.957,-19.4264,16.9445,25.3407,45.9823,-70.8147,29.8228,-15.1037,train
1025,209.059,7.46805,198.836,160.93,37.8835,136.139,134.404,5.06456,210.439,116.572,137.878,309.842,401.963,3404.57,4389.58,24.4788,-23.8622,-12.6351,114.141,16.776,83.48,-49.3256,-15.3793,-54.5415,4.57938,70.5959,-114.141,16.6326,-7.56331,train
1026,113.585,215.575,104.424,73.0942,167.859,17.4793,218.891,195.155,211.845,144.175,62.9962,257.269,334.196,3576.48,5824.64,37.3234,-35.4146,-13.6252,54.1056,47.6306,2.75467,-54.1056,-27.0726,5.11477,33.9738,19.8815,-20.5616,13.2103,-5.82497,train
1027,179.171,89.0254,95.7831,3.85482,109.984,93.7719,99.0748,33.4764,28.9505,4.81488,104.396,549.851,259.934,7135.84,5264.37,170.958,-146.226,-23.44,897.488,45.7937,22.902,-113.694,-897.488,-6.84858,21.7427,76.9585,-114.333,169.002,-598.848,test
1028,61.8746,143.686,121.228,38.8727,167.401,96.4425,92.3529,224.161,128.802,128.752,203.093,248.032,249.817,4553.67,6001.64,13.4344,-13.0343,-5.32941,79.8431,79.8431,8.86434,-41.2354,-31.0408,7.48685,13.2066,38.5669,-15.5196,13.2486,-13.9901,train
1029,147.915,108.249,168.635,225.296,50.2955,144.016,17.1911,145.43,184.08,131.225,199.762,445.373,286.474,4672.18,6495.07,17.0266,-16.8702,-10.8215,101.347,71.2587,6.65057,-33.716,-16.5729,46.7772,4.99888,101.347,-59.1871,28.6854,-7.75856,train
1030,59.5011,99.466,82.1795,0.795448,25.7535,128.817,61.6701,173.526,8.33085,171.475,191.715,358.535,511.581,3432.73,3086.82,35.2651,-32.0799,-15.6311,203.871,124.217,34.4156,-103.199,-203.871,141.476,26.5739,112.263,-31.0158,27.5292,-28.2321,train
1031,117.135,65.8106,193.856,22.0477,3.86109,100.027,125.625,191.56,189.609,27.5031,184.131,500.495,468.967,5807.97,6682.84,26.6049,-24.193,-9.25947,167.132,75.9362,20.0588,-55.7617,-167.132,53.0853,13.1972,65.347,-28.7171,27.4839,-67.879,train
1032,1.65222,135.535,80.4655,63.2094,138.832,108.779,60.8036,125.957,128.434,21.2044,152.588,282.361,363.59,5213.14,4786.98,88.9711,-81.7919,-31.4262,594.194,594.194,5.31433,-138.258,-33.2755,-28.417,6.62151,193.08,20.68,23.1602,-48.0386,test
1033,141.526,56.1837,71.195,210.516,164.168,130.658,170.463,126.555,220.889,107.258,77.8996,347.25,309.741,4971.86,7539.36,39.3499,-37.4682,-16.2034,89.6973,50.3717,14.1126,-89.6973,-12.7287,5.95002,6.06852,24.1713,-40.8591,17.1558,-10.4545,train
1034,27.5421,126.377,200.223,57.8645,126.671,83.9794,156.738,143.498,186.522,162.129,161.291,568.8,271.118,6246.23,8797.62,35.5012,-34.6341,-12.0211,222.101,222.101,23.0501,-68.2145,-47.9568,-18.5195,34.6872,71.9125,-4.22903,21.04,-25.4096,train
1035,53.7037,2.00848,221.946,195.445,76.7953,172.285,78.3728,23.3382,214.623,59.16,99.2547,414.856,220.341,6419.39,7356.22,47.2054,-43.6441,-20.6286,101.392,101.392,96.5639,-41.4694,-20.2339,-34.6121,1.12573,91.2233,-78.5678,26.0581,-4.63628,train
1036,121.927,5.42626,92.5721,177.694,136.427,195.239,37.8852,160.812,172.237,117.194,151.607,492.762,454.79,7169.67,9306.84,31.9634,-30.4052,-14.8454,99.616,99.616,69.6878,-77.6138,-25.6029,19.562,1.93683,84.2609,-63.4788,37.3551,-4.5632,test
1037,119.829,12.628,75.4312,201.211,55.602,115.486,53.1923,211.646,75.318,224.005,127.863,382.988,451.687,3394.61,4277.46,33.6171,-32.5061,-15.1635,82.9551,81.3582,61.6271,-82.9551,-15.1664,51.5732,6.73874,64.5402,-39.5521,57.2995,-4.9132,test
1038,97.5738,113.063,193.256,16.7576,181.891,75.155,115.687,47.5485,13.3216,119.983,182.883,528.568,440.607,5932.42,5951.16,30.008,-29.4844,-11.9844,87.6251,80.0364,39.7567,-64.4413,-47.1831,9.52824,59.8099,87.6251,-75.0635,83.9374,-52.9815,train
1039,119.155,24.433,64.5784,55.6264,84.9941,58.8728,174.563,158.429,116.646,180.353,177.013,403.169,365.982,3582.04,4253.47,24.6289,-23.1458,-8.66577,113.9,70.4912,53.342,-113.9,-49.0485,19.2875,22.1376,26.9276,-38.9883,33.079,-10.2197,train
1040,219.597,15.4736,83.8219,45.822,54.7922,78.981,46.9258,47.156,139.978,216.387,168.511,373.714,376.109,6810.08,7071.01,28.8256,-27.7173,-16.1571,119.719,35.1967,65.3904,-86.4143,-59.4762,23.1173,12.811,105.669,-119.719,27.5341,-6.61286,train
1041,2.43515,223.327,170.531,152.319,119.636,204.56,81.8341,18.8601,91.2108,203.766,176.869,553.453,441.978,6397.28,8378.9,107.181,-93.1071,-28.7433,1042.73,1042.73,18.0751,-108.392,-9.83384,-37.5574,19.7334,223.789,224.603,23.2245,-28.0159,train
1042,60.8158,26.3807,109.631,161.887,31.9044,3.25701,153.514,87.0805,92.6983,141.025,181.84,461.089,286.346,6126.71,5964.52,29.1187,-28.5877,-8.61047,160.525,121.612,19.8187,-84.832,-25.2526,-40.8413,160.525,43.1993,-45.2299,62.3678,-5.24299,train
1043,62.2879,214.775,79.6773,32.2338,98.7382,76.0359,97.7056,203.449,204.428,151.832,81.4524,448.895,556.593,4426.96,6045.6,71.4589,-68.1836,-28.8697,155.802,155.802,9.88067,-117.075,-73.4272,28.852,27.9094,70.0444,-36.2548,16.3735,-19.7661,train
1044,184.273,35.7818,62.7231,210.687,22.1744,124.653,194.217,139.374,99.0027,47.1527,175.746,357.979,481.223,2733.39,3296.11,21.8571,-20.6542,-9.51834,122.854,42.5773,14.1549,-122.854,-14.5871,53.7894,4.0632,30.0438,-43.2872,43.9009,-15.1907,train
1045,87.9364,70.8518,149.752,42.9597,193.455,14.9106,102.397,162.896,224.395,149.339,82.3099,588.867,513.42,7782.86,10415.8,68.1264,-65.1839,-25.5282,129.167,129.167,21.3416,-76.4048,-101.876,5.65107,101.411,76.6938,-47.4873,27.5827,-14.3192,train
1046,98.5524,75.8382,156.964,32.9708,191.24,27.5187,123.384,18.5693,167.429,127.883,183.301,220.085,357.131,3422.61,3760.16,15.4877,-14.896,-7.89125,64.8025,30.9657,11.7936,-45.3743,-39.6245,-2.38215,32.5017,56.4072,-64.8025,11.0351,-9.89086,train
1047,189.944,150.868,175.143,15.3221,70.2821,46.8609,109.318,199.704,24.612,189.635,110.135,545.714,335.765,3643.65,4625.92,39.3122,-37.615,-13.6926,89.5495,52.8402,27.8148,-55.34,-82.2849,47.2205,89.5495,54.7905,-32.4302,72.4445,-31.2946,test
1048,42.4804,199.008,142.897,105.831,32.6916,49.0215,174.699,128.576,186.386,34.5596,138.46,569.854,329.84,3950.84,4744.46,42.2546,-41.4326,-12.6558,191.875,191.875,7.41057,-85.678,-39.9104,-54.1855,30.084,52.9791,-26.9736,32.0482,-60.3488,train
1049,76.362,215.927,10.4826,154.777,84.5008,205.95,50.0655,105.556,91.2698,105.523,152.846,478.251,210.422,4856.32,5534.73,67.8467,-62.4945,-24.0252,421.916,157.526,8.11498,-421.916,-19.5782,49.8953,8.50809,-10.1616,-97.0861,46.9536,-23.4835,train
1050,89.9065,1.74249,200.849,14.5299,77.7741,224.476,222.944,79.1505,170.791,74.1977,167.011,220.441,444.945,5864.7,7416.43,21.8301,-18.9598,-5.42622,156.707,43.0374,156.707,-35.8147,-132.923,-3.42555,1.21644,31.6466,-29.748,15.9923,-5.20456,test
1051,180.715,193.698,214.898,2.26014,26.728,165.38,120.202,132.686,180.717,74.5136,155.43,317.859,570.174,6192.94,8507.1,27.616,-23.109,-10.8307,214.266,33.4869,13.9099,-42.7455,-214.266,89.3716,16.2916,70.6778,-30.6213,3.78969,-51.1361,train
1052,51.1426,114.642,213.013,65.1427,144.309,2.64199,214.464,53.1943,39.4387,118.336,202.044,396.886,288.926,4106.19,4477.64,25.9714,-25.6019,-5.67899,274.96,94.8722,6.3366,-46.6818,-49.7742,-16.3487,274.96,39.4001,-23.4793,116.269,-8.68162,train
1053,147.748,31.0181,142.539,208.444,134.566,100.686,210.321,222.463,70.0929,149.443,86.7246,210.989,323.134,3887.44,5998.58,20.2822,-19.8205,-7.64407,34.5825,31.3484,26.1481,-34.5825,-6.23108,9.08813,8.05537,18.9582,-16.0311,26.2055,-7.67526,train
1054,147.465,31.1931,203.644,201.919,189.593,182.453,29.8345,59.6886,83.1843,208.644,138.652,488.38,503.405,5811.04,7946.94,40.2257,-39.8906,-25.6718,173.648,75.5321,61.5498,-41.9709,-14.6785,17.3564,10.5229,173.648,-148.19,50.3887,-13.0135,train
1055,157.309,196.35,201.575,216.102,150.211,196.155,224.086,155.026,182.501,59.3767,119.058,232.022,381.083,3055.48,5576.44,13.313,-12.9837,-5.9461,30.1066,29.8951,2.78583,-30.1066,-8.20552,4.05643,2.7886,23.657,-21.7345,13.7409,-13.0282,train
1056,155.282,45.7087,223.286,119.268,121.898,156.383,205.747,142.205,83.3207,121.858,206.411,419.337,469.555,7211.06,10576.9,13.8604,-13.5688,-5.3566,48.1595,48.1595,39.6649,-43.8781,-19.9579,7.42088,11.5935,38.5193,-32.6681,40.4018,-21.0411,train
1057,102.524,154.624,166.878,157.015,90.7878,56.7924,213.188,130.683,153.69,95.3561,72.6763,314.661,427.814,5115.94,7331.08,34.5901,-33.6916,-14.2589,55.266,55.266,6.13007,-48.25,-14.0034,3.53294,16.6899,32.5396,-27.2652,20.2323,-14.0575,train
1058,12.8667,142.626,29.9052,44.2396,102.558,87.4714,207.259,205.611,60.8303,80.5886,83.1154,260.992,370.517,5024.73,5529.85,110.082,-105.654,-35.5734,303.984,303.984,10.2268,-254.927,-26.0246,1.46296,16.6751,34.2107,-8.95089,26.7664,-25.5963,test
1059,144.248,79.559,101.169,39.6902,100.74,124.256,135.198,87.9898,192.689,23.5017,101.43,353.505,368.481,2759.22,3055.48,36.9891,-34.6314,-14.1373,74.0484,47.1314,9.46488,-74.0484,-70.0937,4.77964,6.0602,41.3844,-52.4531,20.4183,-45.3128,train
1060,68.7681,108.741,119.627,53.6867,217.996,87.0409,137.533,3.40097,23.1845,61.2133,181.14,357.426,315.013,4433.78,3950.97,26.846,-26.3126,-11.032,84.402,54.9112,22.4632,-84.402,-21.0777,-4.26483,28.0635,67.0692,-83.9471,69.0252,-56.4331,train
1061,222.28,138.563,61.1656,113.871,47.7196,42.0948,185.14,201.984,197.031,98.2123,164.397,484.088,552.137,3908.45,5685.01,25.9352,-24.0093,-10.962,140.112,51.6196,5.17283,-140.112,-36.2175,52.5779,17.0274,28.4854,-46.4425,29.6014,-10.3211,train
1062,157.22,124.764,161.52,7.47319,121.973,47.6238,152.65,1.46239,126.987,21.6114,126.9,330.864,364.578,7509.08,7200.51,44.0384,-39.0835,-13.6967,218.684,21.6401,13.4203,-62.9609,-218.684,-12.631,35.1583,63.5612,-90.5371,18.2003,-109.568,train
1063,87.0163,127.36,43.9261,44.3823,78.9626,33.4604,136.66,104.894,15.0494,159.287,158.391,566.38,525.995,7774.4,7132.13,57.7289,-55.5002,-20.0951,243.728,132.68,33.5147,-243.728,-31.4396,56.8137,127.567,52.179,-79.2963,131.125,-37.8968,train
1064,91.4238,71.0797,64.2482,181.506,145.376,51.7665,99.4,64.6278,153.907,188.663,204.703,420.68,565.315,4715.45,5699.5,28.0783,-27.0886,-13.4893,149.1,95.0968,17.5198,-149.1,-16.3162,10.4957,24.0561,76.4393,-98.1933,27.2124,-9.33476,train
1065,13.0008,54.0333,38.154,212.346,205.22,161.511,127.904,48.6502,109.028,35.556,73.3251,449.474,589.314,3859.97,4018.13,192.547,-183.657,-67.9856,464.484,464.484,20.146,-349.601,-16.0407,-9.07434,6.73982,97.7856,-44.881,44.1818,-43.2964,train
1066,127.202,92.2491,186.7,45.3253,166.106,67.2326,122.836,138.728,8.02768,137.657,164.192,249.842,371.917,5948.73,6857.88,16.0935,-15.9477,-6.23179,54.5472,41.2329,23.7269,-31.9739,-6.83134,14.6705,32.5555,39.963,-27.9983,54.5472,-22.4864,train
1067,210.534,95.0472,40.6171,29.4376,21.6324,60.3664,3.30957,117.055,147.2,195.954,123.146,253.008,343.828,7716.87,7854.72,33.5502,-31.4311,-23.6184,141.908,38.9843,-0.81604,-69.4534,-88.5818,141.908,-1.28486,124.312,-68.5929,25.0527,0.559772,test
1068,69.2921,178.414,192.534,14.4616,192.401,216.647,182.234,11.0769,166.856,62.9216,200.436,328.045,444.056,4388.51,5867.14,18.8422,-17.7048,-7.63867,86.5754,53.987,11.3692,-54.7489,-86.5754,-4.1143,9.36282,56.3452,-58.7833,10.6117,-45.5905,test
1069,49.9306,122.113,96.2674,75.6136,147.079,71.4732,67.6027,94.9083,24.017,213.6,91.8088,458.895,417.172,4079.14,4208.67,70.1417,-69.2338,-30.214,169.312,169.312,28.6523,-98.5247,-14.4173,18.8658,48.9527,102.417,-57.5904,64.1919,-23.1651,train
1070,131.812,31.0758,29.7394,28.2112,82.4279,84.8568,196.612,84.8345,193.613,215.23,120.926,225.182,258.557,6566.67,8192.26,32.4639,-29.2885,-12.2342,136.002,40.1816,27.811,-136.002,-49.1853,20.1027,10.1848,12.8955,-50.7543,10.1353,-5.67874,test
1071,8.445,147.12,214.564,141.626,168.313,212.15,37.0409,20.1711,48.4042,85.5033,173.733,439.125,340.575,4014.25,4267.11,77.452,-71.689,-32.5695,568.756,568.756,18.2337,-54.8851,-12.065,-7.70476,12.6445,281.962,-28.8785,49.923,-44.3688,train
1072,34.8911,77.3588,73.1975,53.4206,44.3014,51.9161,125.545,147.475,1.54715,224.993,117.35,326.78,568.431,4772.49,4545.38,56.7178,-55.7571,-21.386,168.234,168.234,40.8577,-131.396,-2.00475,56.3182,60.881,71.5307,-24.9526,97.8929,-19.8669,test
1073,21.2556,24.3207,7.48841,214.526,169.093,120.893,148.252,11.2834,146.648,207.843,101.352,306.381,236.609,7543.22,8860,194.078,-179.399,-78.2728,810.267,258.28,34.159,-810.267,-10.4092,1.14171,6.87194,28.6541,-304.077,21.5345,-5.65277,train
1074,190.716,213.415,112.572,160.812,54.6997,16.1327,19.4894,55.7204,137.364,115.376,192.933,564.445,344.495,5869.15,6505.25,31.6653,-31.2993,-20.5833,180.998,64.1766,4.6055,-72.2985,-28.9876,35.3472,60.9249,180.998,-167.386,47.9926,-12.0476,train
1075,102.926,112.819,198.193,176.71,30.0683,55.5526,30.3259,47.0436,16.3083,145.006,112.76,570.175,394.966,3875.57,3592.79,68.6573,-68.4711,-40.6072,223.881,102.524,35.9541,-52.9917,-9.31152,106.596,73.0176,223.881,-145.817,142.688,-39.5603,test
1076,23.6535,166.782,40.9051,24.4052,38.5739,128.306,151.297,187.12,16.1867,95.5188,83.3244,499.348,577.251,3569.8,3457.45,144.946,-139.751,-49.292,345.719,345.719,23.6451,-307.431,-43.0201,55.3248,30.7355,70.8707,-24.064,91.7295,-58.3869,train
1077,57.3532,202.491,39.5969,1.54032,170.059,108.311,53.052,98.138,192.289,85.0188,130.796,283.215,353.977,6985.69,7571.6,48.1299,-44.1496,-17.9762,142.954,119.291,12.8992,-131.185,-142.954,22.2827,24.1154,62.9739,-57.7796,1.61944,-43.4476,test
1078,195.716,101.664,164.864,222.425,5.51583,42.7914,173.666,182.092,15.189,77.0064,150.631,499.838,487.351,4267.6,5332.4,32.751,-32.3576,-11.8972,167.615,38.1094,31.4581,-75.2742,-8.09365,119.66,74.7383,60.3552,-19.1075,167.615,-58.7338,train
1079,54.6585,137.163,51.2661,146.596,94.7661,207.959,68.5284,166.974,100.607,186.176,64.3616,456.487,365.785,6886.88,9011.73,98.3079,-95.3362,-40.6287,174.677,174.677,15.5335,-152.243,-16.605,26.8919,10.2454,66.8644,-42.2018,34.2175,-16.1845,test
1080,129.659,166.864,224.695,69.0456,52.0075,54.0953,160.383,75.6446,198.519,198.848,174.927,558.908,558.792,4692.56,6831.59,22.492,-21.7908,-10.3167,69.0756,69.0756,14.0589,-59.6315,-46.9712,2.38443,43.3666,68.865,-62.9508,23.1037,-16.6843,train
1081,120.944,188.354,19.641,209.24,182.673,95.1079,222.217,194.644,88.5752,212.268,136.511,327,598.617,5734.7,9601.13,43.4722,-40.4536,-16.3262,228.285,93.5345,6.99024,-228.285,-9.33547,33.3331,13.8437,7.7245,-58.4333,31.1877,-8.772,train
1082,203.618,159.197,171.432,161.154,110.474,182.918,194.93,142.091,142.204,25.6183,122.511,252.48,599.284,6448.08,10039.6,17.8165,-17.3037,-8.56431,43.4065,30.0857,2.24191,-43.4065,-13.4523,12.974,1.95117,35.6687,-35.8421,21.5597,-19.7023,train
1083,82.7584,110.66,25.1884,41.0831,7.82149,190.922,198.327,108.681,56.9245,127.604,154.432,450.281,548.052,5612.83,5920.56,64.3102,-58.2678,-26.6247,378.067,114.382,10.4073,-378.067,-81.5696,206.111,6.03218,35.797,-64.5842,83.2544,-12.7638,test
1084,204.687,172.909,25.4143,30.5501,36.0734,96.1587,143.536,168.447,25.7777,67.1548,202.216,323.65,215.07,4160.88,4331.4,24.9251,-22.9699,-8.64435,169.872,36.8516,10.9198,-169.872,-44.1362,82.0038,19.6356,10.6475,-36.1558,73.9738,-39.7623,test
1085,60.148,170.694,197.643,74.4954,9.37924,150.874,45.1104,189.859,48.9249,24.9092,149.983,388.013,380.561,6405.56,6442.66,34.965,-34.3729,-17.0727,128.398,128.398,5.40538,-39.0761,-39.7,94.3871,6.11547,120.478,-28.6237,85.4881,-52.3841,train
1086,67.4528,216.906,39.2628,148.608,78.9158,44.323,191.08,116.098,124.3,75.7327,160.578,401.528,249.915,5565.26,6680.53,34.6806,-32.8912,-12.2639,173.796,114.47,5.2858,-173.796,-19.3042,10.6095,25.8674,20.7855,-45.1438,32.639,-21.4098,train
1087,159.768,122.853,81.7982,22.8993,62.322,135.822,134.684,165.53,211.118,132.505,149.637,352.031,336.968,6698.53,9163.12,22.7032,-20.5937,-8.85148,80.4981,45.9794,14.5083,-80.4981,-75.8941,33.5,13.123,32.1758,-32.6851,11.6418,-19.0232,train
1088,44.9628,224.227,225.443,74.5189,148.43,81.2398,53.7146,96.8138,22.803,14.6348,73.2868,241.117,531.03,6746.31,6567.61,75.7783,-75.2463,-31.1281,132.335,132.335,4.07709,-29.2477,-20.0886,13.7573,11.253,110.118,-51.6957,92.8408,-88.3415,test
1089,91.5422,53.0883,7.12965,209.772,18.1065,123.688,219.486,2.97281,2.38435,139.36,62.8417,213.302,289.76,5674.43,5284.1,309.774,-282.124,-135.597,878.647,33.1237,37.9888,-878.647,-0.554219,43.2406,16.3052,26.62,-427.761,68.9562,-20.466,train
1090,31.7279,29.2628,59.6568,132.123,200.323,167.009,3.18234,219.601,8.29827,109.176,90.345,555.085,449.945,3676.03,3701.86,163.391,-153.255,-64.447,472.792,472.792,155.97,-103.111,-7.46827,42.2475,27.3286,266.821,-60.8565,168.161,-59.1215,train
1091,218.313,99.399,41.6502,121.493,135.204,218.036,73.3714,28.6518,102.245,58.9169,162.051,295.843,569.278,4297.65,4740.46,39.8636,-38.0588,-22.0477,193.728,29.7703,9.67479,-193.728,-16.4353,11.4202,4.41057,98.5013,-174.77,27.6185,-23.0834,train
1092,52.8248,96.9332,214.683,21.7796,157.607,168.075,144.171,190.04,5.9033,92.7308,83.8829,231.281,597.152,3436.15,4160.14,41.6514,-41.073,-16.1374,93.5731,93.5731,21.632,-37.1104,-9.91525,15.318,12.4757,55.4632,-19.5729,51.7338,-31.9786,train
1093,16.3438,163.735,53.0849,211.738,109.832,56.1456,5.62289,199.918,118.166,64.3652,138.625,366.131,401.23,3378.33,3582.47,106.056,-98.75,-48.6389,615.163,615.163,4.62915,-93.0985,-13.712,31.7707,13.4998,322.14,-45.2223,34.7474,-16.6536,train
1094,113.196,182.633,111.433,131.724,27.3403,35.0648,97.1886,117.854,43.6393,152.017,145.254,545.357,289.406,7264.09,7852.56,34.5913,-33.9004,-13.823,89.1574,82.3322,15.3483,-89.1574,-20.1213,44.4638,79.9409,65.2116,-46.3923,85.8931,-26.0772,test
1095,224.614,9.74385,222.526,78.0505,172.207,64.0364,122.651,21.7952,194.119,150.442,87.1283,222.359,330.324,5168.98,6913.66,25.3056,-24.6672,-14.2191,63.099,14.229,41.0873,-30.4593,-23.3598,-4.94049,6.25189,52.5137,-63.099,13.2829,-3.76342,train
1096,152.089,46.5864,72.0827,83.7146,143.412,56.6211,105.565,44.2364,111.674,113.496,192.695,223.447,298.344,4924.31,4884.61,15.561,-14.9262,-7.64292,75.3687,27.9708,16.8054,-75.3687,-17.3394,3.96081,13.827,42.8468,-64.5654,18.3822,-9.75531,train
1097,23.964,201.883,161.956,125.659,197.224,191.117,80.7816,81.8346,185.371,142.111,85.6868,524.744,371.506,6615.97,9648.61,87.0071,-82.3311,-35.7853,286.051,286.051,11.9035,-77.8143,-22.6354,-6.27139,12.574,128.762,-27.7793,21.6998,-23.9145,test
1098,46.8741,198.576,103.45,197.397,225.011,100.222,30.1481,181.807,143.194,111.078,184.754,573.814,244.09,7426.76,10396.2,37.5826,-36.5033,-16.4912,239.649,239.649,10.3614,-81.4114,-18.6458,8.06441,20.5297,125.896,-42.7452,36.3506,-26.1957,train
1099,216.712,212.1,61.8119,0.665622,59.6965,100.55,195.026,100.6,164.189,84.9998,146.518,283.736,226.042,4853.54,6311.04,28.2963,-23.3264,-8.06172,166.843,24.0917,12.8539,-89.8134,-166.843,38.0684,27.1139,19.6816,-33.5082,0.956547,-45.3599,test
1100,176.106,74.7068,35.9012,72.621,78.4789,27.3887,136.467,51.2303,29.8186,86.0282,203.741,273.719,230.735,5376.45,4397.46,23.0729,-21.9135,-8.67576,143.364,30.5044,19.5813,-143.364,-17.5477,17.3356,53.4111,24.9722,-72.734,60.438,-24.0478,train
1101,45.4782,221.792,58.277,102.678,166.64,32.7891,192.168,175.39,53.4439,42.5361,193.075,349.818,368.746,6879.3,8071.85,29.4171,-28.5012,-9.21495,142.115,142.115,5.8929,-132.451,-21.3404,4.64342,39.8606,31.0611,-23.9073,57.9825,-43.4542,train
1102,195.214,44.4266,205.043,150.481,8.016,160.262,54.3153,6.38189,122.95,120.16,144.828,535.16,567.821,4986.47,5440.05,53.5734,-53.2868,-36.1501,317.877,34.7622,70.4974,-72.8964,-14.7504,-97.9502,19.5428,249.835,-317.877,25.5311,-36.8612,train
1103,23.4743,197.479,130.662,196.707,187.2,152.34,97.6732,8.78085,74.4786,130.802,124.447,311.714,385.505,4439.38,5393.77,41.1417,-40.3475,-19.4951,148.842,148.842,9.23185,-74.3332,-6.57852,-4.89968,11.9673,95.4946,-60.69,24.5715,-19.711,train
1104,47.0945,40.7302,71.1642,142.454,12.6947,12.3982,39.7507,9.08297,72.4805,43.3965,96.5435,271.438,254.306,7689.14,3933.62,67.847,-67.0586,-36.6764,180.676,82.277,20.5752,-95.7139,-13.1715,-56.3955,67.593,145.76,-180.676,36.6106,-27.31,train
1105,165.955,27.4677,207.909,46.3276,218.87,122.701,184.322,168.229,39.7531,216.83,151.691,217.111,516.117,2825.13,4264.18,14.2365,-13.9133,-5.72525,46.2813,31.9915,46.2813,-30.6161,-19.4242,10.226,10.3604,32.1804,-26.3798,32.013,-8.29129,train
1106,67.9056,174.314,34.819,204.168,130.693,187.179,105.747,107.985,224.46,58.3635,188.289,365.755,464.891,7723.7,10603.1,32.8589,-31.2244,-13.6206,195.876,129.611,3.56507,-195.876,-14.8706,16.127,3.32004,42.2961,-67.365,19.129,-15.0583,train
1107,56.3512,47.284,68.9765,180.526,166.253,162.782,62.4031,50.5367,129.115,64.6947,130.136,298.222,408.166,5654.02,5769.67,39.2523,-38.4325,-19.8946,107.112,107.112,16.4821,-101.374,-12.2026,5.11747,4.78762,90.8815,-85.4537,24.1285,-17.0362,test
1108,209.906,9.36192,151.511,168.592,206.798,115.466,181.033,138.553,175.588,157.314,168.363,485.903,446.473,7520.06,12270.1,19.11,-18.339,-7.53452,72.4246,44.7035,72.4246,-63.7462,-24.7996,1.66116,5.87216,37.4913,-46.182,33.6745,-6.09533,train
1109,161.658,85.6661,49.2357,143.946,153.125,39.0197,130.528,42.7522,52.8066,184.811,163.669,419.912,524.607,4403.01,4886.69,39.786,-37.9724,-17.8105,198.26,49.994,24.9914,-198.26,-14.2985,11.9158,54.8676,60.2658,-128.441,55.1209,-16.3827,train
1110,181.737,73.2387,46.3814,146.034,6.22227,160.523,64.7227,154.62,186.573,204.991,195.841,484.355,383.94,6926,9360.93,25.271,-23.4808,-13.4458,165.067,58.9535,-3.68746,-165.067,-35.0166,121.635,-1.6824,61.454,-53.6934,38.761,1.86315,train
1111,83.6961,51.5374,218.227,50.0144,64.9655,152.231,86.4627,103.629,56.58,104.552,142.203,229.473,203.589,3985.23,4071.82,15.8181,-15.5653,-6.85798,48.3609,48.3609,23.684,-22.3275,-21.4762,10.4481,8.01817,42.1623,-23.9215,26.8475,-16.5105,train
1112,121.395,177.18,38.5383,138.3,191.98,206.953,214.525,210.695,92.5299,91.4441,127.8,347.627,251.863,5192.75,8242.37,30.0888,-28.3813,-10.2356,125.249,66.8937,8.37855,-125.249,-14.4017,13.8167,7.17317,8.90367,-31.1731,30.4418,-22.9585,train
1113,140.356,142.079,35.529,144.774,122.587,196.81,139.691,91.7688,205.539,39.198,86.6608,440.291,543.109,7459.86,9928.93,73.2132,-68.3717,-30.9259,222.315,76.5283,4.68048,-222.315,-25.8189,21.2126,3.37888,35.3901,-97.677,25.7188,-23.9922,train
1114,225.68,151.452,22.1248,125.196,150.817,218.257,212.242,51.9132,90.0573,180.834,73.5425,544.212,429.446,2957.98,4463.42,129.316,-118.731,-53.9911,391.367,53.0038,18.7834,-391.367,-20.7462,26.0081,13.0341,21.4341,-177.612,40.7873,-22.2476,train
1115,64.7227,65.1951,133.8,72.3069,4.91603,103.747,136.18,208.656,169.992,199.14,143.023,254.506,200.858,6687.06,8893.08,16.027,-15.5153,-6.41756,65.173,65.173,14.319,-40.55,-22.2875,12.5251,8.99812,29.914,-11.3399,13.4069,-6.62954,train
1116,2.23994,174.34,150.908,219.313,1.1572,119.185,191.701,212.842,101.934,190.217,104.727,345.004,449.306,6369.61,9624.29,94.8588,-86.7562,-21.1734,500.219,500.219,31.6462,-90.9345,9.42568,-226.76,46.2911,75.7834,15.4787,-28.6796,-41.0191,test
1117,216.9,146.906,146.166,23.3737,127.768,197.352,69.1922,34.5813,11.71,167.749,74.7729,315.849,360.929,6434.62,7407.83,48.4962,-47.8111,-28.4606,95.8409,25.3668,19.1856,-51.8774,-14.5464,15.6812,14.2815,90.4262,-95.8409,41.0622,-23.7613,train
1118,156.18,5.07007,132.748,2.11716,147.354,2.1122,179.683,87.5518,37.9358,104.781,111.285,258.588,373.78,3543.57,3322.36,100.928,-80.771,-9.2453,686.927,31.4513,223.181,-49.5927,-686.927,5.91682,535.717,31.4626,-37.5749,54.2162,-15.2723,train
1119,153.663,63.122,121.849,18.3862,180.01,78.5325,39.228,156.122,125.698,166.941,131.188,286.768,240.716,6928.87,8272.49,21.1023,-19.9353,-9.12355,64.7785,44.2898,26.562,-34.5059,-64.7785,15.2601,21.3497,48.1941,-35.6721,13.4002,-14.2035,train
1120,161.111,10.4209,145.418,88.8835,104.744,24.2948,6.52051,88.9177,96.7676,179.661,117.224,293.96,372.652,6919.23,6711.43,33.8247,-33.5764,-22.0804,129.375,55.9193,42.1466,-24.3168,-28.1311,34.0758,18.0782,129.375,-96.5356,36.542,-3.45725,train
1121,51.4669,201.783,222.601,39.6277,61.2142,109.415,100.437,7.154,126.544,152.572,180.632,550.48,545.803,4922.63,5550.02,34.321,-33.772,-18.2757,145.014,119.861,17.5038,-70.995,-49.7845,-21.3805,32.2803,145.014,-131.271,22.0478,-32.7383,test
1122,61.0261,95.6502,40.087,4.67532,165.254,76.904,163.846,42.346,178.076,217.061,127.646,323.024,443.548,5179.68,6128.8,54.3154,-49.5691,-20.803,204.587,97.0883,28.6201,-204.587,-105.387,13.3248,35.5966,42.9067,-89.9935,3.91298,-17.8357,train
1123,36.9826,67.5136,123.684,100.707,74.021,150.057,146.044,188.434,45.7101,120.512,113.322,511.3,263.595,7580.56,8741.26,52.132,-50.3759,-16.7103,184.522,184.522,46.9734,-90.1563,-19.2801,-3.11465,21.1342,58.4676,-12.842,60.0723,-37.2159,train
1124,29.6483,59.2133,113.662,181.001,44.2112,66.703,207.799,202.369,22.489,182.176,165.548,338.858,433.827,7502.82,9357.45,29.9645,-29.5254,-9.74615,154.203,154.203,41.5059,-87.3829,-5.1429,5.70897,36.8455,44.5335,-8.26904,58.5377,-19.0789,train
1125,183.368,59.3293,10.357,41.9507,68.552,24.2473,59.9683,28.0001,219.313,74.8803,74.7267,590.028,416.958,7342.74,6232.55,256.876,-231.861,-110.509,793.682,74.442,21.7296,-793.682,-109.917,45.7891,53.1689,54.7083,-391.434,29.7339,-24.3483,test
1126,148.935,123.926,22.7406,36.703,96.5013,178.552,37.9522,176.089,61.3199,93.2866,193.477,515.78,219.562,7308.86,7543.38,35.4768,-32.5426,-11.7191,234.659,82.8057,22.5882,-234.659,-64.2599,49.91,15.6776,6.6516,-57.6234,54.3945,-42.4365,train
1127,221.708,160.496,110.488,131.861,133.956,153.796,124.515,73.431,5.58112,31.9652,176.393,477.805,200.049,5372.25,6117.59,35.4619,-35.1935,-8.53801,205.658,34.8797,24.7136,-77.8506,-6.1551,16.0009,25.7901,43.4264,-56.9114,205.658,-175.484,train
1128,131.726,191.55,181.734,122.33,26.1807,23.3194,43.4621,70.6512,137.914,213.699,79.2906,582.525,474.88,6828.95,8339.24,69.6387,-68.7671,-42.5852,155.463,88.225,6.8482,-58.3437,-36.8958,48.9986,56.2524,155.463,-116.024,46.2828,-8.68103,train
1129,11.3519,24.8708,208.173,212.103,19.2042,46.167,62.1179,140.623,7.59697,98.4494,77.4059,214.405,476.361,5400.76,4733.81,95.6704,-91.2756,-36.8318,269.759,269.759,67.4795,-39.0707,-2.19598,23.5603,36.3522,136.359,-9.23446,86.7062,-24.1082,train
1130,1.46809,51.4065,24.3239,29.1954,33.6076,53.2153,157.686,46.9625,74.8016,97.0479,179.867,506.269,216.346,6377.41,4231.73,156.99,-147.126,-42.2933,1174.82,1174.82,70.6797,-642.445,-48.956,-141.85,68.2773,94.7443,100.518,27.0225,-52.947,train
1131,114.083,57.8397,110.742,164.291,93.0551,224.855,65.977,198.406,173.983,101.728,128.07,426.899,436.429,6867.84,9600,28.7723,-28.1099,-13.7818,87.0054,87.0054,16.8373,-65.4262,-20.0566,25.3795,4.33109,63.8004,-40.321,26.7843,-13.5386,train
1132,7.24406,73.1991,32.4879,33.4002,92.2573,140.346,20.5859,162.566,12.5844,140.327,200.232,232.853,293.686,6665.07,5205.96,72.3724,-67.3895,-29.0191,585.533,585.533,26.6369,-174.859,-11.3392,16.6315,13.8928,230.295,-16.6427,42.5611,-19.65,train
1133,151.621,196.298,27.9521,93.8527,176.05,2.92914,16.3571,191.158,116.498,91.3083,141.087,569.496,387.079,6841.66,7732.79,50.5948,-47.4864,-16.8108,213.278,98.8917,2.17469,-213.278,-56.1312,22.8972,145.738,23.0514,-68.7961,63.9513,-6.6118,train
1134,157.958,215.721,212.13,156.618,210.127,180.05,9.68327,89.061,144.811,155.217,154.33,421.238,315.347,5206.64,8077.2,25.5939,-25.4816,-17.243,133.429,67.5155,7.72854,-24.1643,-16.2508,18.5939,9.25973,133.429,-102.456,24.856,-15.1903,train
1135,194.861,59.0395,22.2642,51.6091,190.122,106.291,150.037,38.8065,127.857,72.0799,167.282,361.918,332.611,5406.9,5804.36,45.5757,-41.7068,-18.8958,291.545,39.4776,22.2834,-291.545,-44.6351,9.30922,12.3773,27.0691,-148.448,25.4797,-25.8122,test
1136,184.577,87.7718,14.3467,77.7949,33.8271,119.757,83.3155,200.386,87.7208,107.471,60.7696,340.119,504.676,7764.3,8486.46,110.518,-99.1448,-46.0249,283.34,60.6,2.24773,-283.34,-41.184,135.402,1.6474,11.2674,-54.9363,51.6526,-2.59611,train
1137,99.2205,81.9026,60.1836,100.029,121.293,207.414,27.1797,8.18002,125.946,71.4336,114.991,300.078,471.255,3885.56,3550.07,80.3391,-79.2729,-58.8576,344.594,50.332,13.2598,-144.905,-19.1421,0.646524,5.23595,297.631,-344.594,21.5005,-21.5004,train
1138,24.4776,121.832,186.067,6.89173,33.1506,119.645,140.351,59.2829,119.332,59.9596,109.054,572.154,582.971,4399.9,4135.7,82.1363,-78.0541,-25.2692,272.555,272.555,34.6732,-87.7256,-217.252,-16.5094,35.3068,106.821,-22.6613,17.7439,-99.6348,train
1139,3.20258,107.459,17.9147,101.076,99.0342,217.355,221.866,10.0888,215.561,126.964,139.174,274.68,594.066,6403.08,7953.86,158.137,-148.931,-49.8451,813.774,813.774,12.4049,-646.11,-13.9874,-15.6957,6.13286,56.2719,19.7121,9.27534,-14.848,train
1140,137.418,174.06,30.2748,66.861,97.8652,36.7741,204.623,61.5668,196.257,143.244,189.214,319.905,497.933,6622.03,8476.23,32.2211,-29.5888,-13.58,229.277,55.5616,5.06273,-229.277,-34.6664,21.6449,23.963,25.8639,-101.899,16.7022,-8.70005,train
1141,61.5798,71.3046,17.4518,209.319,208.279,61.6226,214.99,177.831,140.731,59.879,97.3902,433.708,551.979,4591.61,6166.84,96.786,-90.8462,-33.7575,338.81,204.908,11.6407,-338.81,-16.7545,22.9215,13.4697,10.3655,-65.856,35.2424,-19.6037,train
1142,147.705,162.553,126.315,94.8654,66.5821,126.094,145.379,195.816,141.786,114.542,80.8176,344.158,554.063,5578.5,8004.16,36.2121,-34.8186,-16.9943,62.8076,53.7003,6.50936,-62.8076,-25.1247,31.642,8.39151,43.6966,-32.4292,23.7733,-13.0642,train
1143,141.91,142.262,44.0763,100.831,185.917,183.713,139.784,128.681,192.627,163.005,143.53,368.205,232.576,3287.12,5053.6,26.1047,-24.3969,-10.1733,123.788,55.7803,10.2982,-123.788,-21.9875,10.8474,7.97457,17.9486,-46.529,16.2768,-12.7105,test
1144,33.7248,63.7597,88.4935,112.658,25.8315,122.919,163.26,193.774,90.1756,170.836,60.8025,292.511,340.268,5740.1,6935.89,69.3532,-66.8478,-25.0051,136.37,136.37,21.8372,-85.644,-13.6055,5.46565,11.3272,40.313,-12.217,24.0383,-11.526,train
1145,7.32776,63.3766,5.87447,101.492,177.947,158.211,181.759,0.950833,69.5907,24.7938,63.7215,588.049,563.544,6848.3,5674.08,1083.36,-1001.38,-431.605,2839.64,900.081,26.7478,-2839.64,-41.2379,-19.5014,10.7147,84.0382,-1063.57,85.0532,-96.6916,train
1146,32.6997,161.535,54.401,199.82,19.7131,170.585,170.935,173.668,156.758,164.684,161.575,278.863,428.353,5919.01,8555.2,31.455,-30.3233,-12.2276,157.265,157.265,5.18817,-137.991,-9.76154,20.461,4.91294,39.0359,-19.1683,17.5972,-7.19689,train
1147,31.605,194.288,86.0206,215.423,111.04,67.8494,173.557,67.6547,66.8337,76.7941,98.8436,446.197,591.295,2804.46,3206.71,71.4814,-69.927,-26.401,204.834,204.834,10.579,-149.093,-11.1715,-3.55538,30.2933,68.1462,-42.0535,50.9239,-37.8512,train
1148,155.563,36.1152,196.932,49.3957,11.3069,16.8856,31.7511,27.9556,179.914,6.57695,209.423,393.528,419.138,4834.41,3600.01,28.9323,-28.4784,-18.8974,195.278,49.354,6.84685,-42.2458,-74.6624,4.80935,14.6442,195.278,-189.319,28.9895,-53.1705,train
1149,24.8423,85.0911,91.231,173.946,107.796,23.0809,5.50122,8.23326,216.813,31.4682,106.824,426.07,561.071,6070.85,4865.79,245.968,-245.039,-198.3,1111.27,394.863,4.62728,-94.0851,-22.2308,15.6005,17.0591,1111.27,-953.078,25.2232,-17.6951,train
1150,77.7788,9.48551,34.582,199.755,107.247,92.8105,209.04,114.079,126.042,133.419,145.127,339.226,444.494,3132.77,3854.47,39.4963,-37.3169,-14.7465,190.709,103.198,49.3464,-190.709,-14.6389,15.9461,5.04335,21.6682,-57.451,32.81,-4.96149,train
1151,65.251,87.8944,44.1042,171.184,108.215,96.8485,190.31,215.765,145.86,79.281,193.541,531.42,424.609,2777.64,3723.9,35.709,-34.0272,-12.415,206.438,169.865,16.0881,-206.438,-22.7834,17.2761,14.6006,28.1683,-37.8169,37.8145,-25.2238,train
1152,44.2804,95.7193,119.315,176.23,36.1797,146.72,215.335,109.086,159.983,129.515,176.312,211.311,397.475,5552.47,7548.02,15.1858,-14.7585,-6.13133,79.7077,79.7077,7.95543,-56.8626,-7.66961,1.79019,5.19007,30.6799,-18.3623,11.948,-8.31495,train
1153,102.138,123.799,38.4415,210.432,109.011,208.495,147.945,39.4911,100.772,194.562,78.1196,477.72,359.57,3086.58,4163.16,92.0886,-86.839,-40.2128,250.661,81.1795,19.5959,-250.661,-11.1735,10.669,11.6355,46.4436,-125.85,32.997,-17.6335,train
1154,159.559,36.1922,61.2649,92.1629,128.561,143.614,182.008,3.3061,154.445,162.281,121.928,557.75,472.802,3148.13,3832.48,64.6714,-60.9675,-30.3658,251.825,37.8072,62.8936,-251.825,-35.8197,-22.1395,15.8498,76.5395,-194.618,30.2288,-19.8366,train
1155,150.053,85.2406,169.732,54.4918,147.167,100.14,122.719,167.504,143.341,76.4708,97.8769,262.663,306.835,5745.29,7502.64,21.3271,-20.5103,-8.89836,37.0875,37.0875,11.0893,-31.7155,-30.8556,8.54193,9.43933,31.766,-24.809,16.5886,-17.4811,test
1156,108.967,198.549,37.2185,175.975,40.5695,54.3978,121.085,44.9095,40.8123,128.06,108.544,220.861,388.072,6881.74,6854.28,43.1134,-40.9176,-20.0423,154.865,43.5246,5.46859,-154.865,-6.38063,34.7867,19.96,41.5232,-79.8,38.908,-11.9907,train
1157,68.694,196.04,49.3605,62.6675,37.8537,88.686,67.9695,29.2789,110.57,181.891,167.099,394.697,545.298,5637.09,5435.14,46.8925,-45.0569,-24.9883,203.299,105.67,9.22954,-203.299,-34.1103,31.0237,20.4019,126.67,-159.973,27.3403,-14.0679,train
1158,183.059,157.197,132.563,4.72255,7.53158,55.1387,80.2345,206.889,28.4681,27.7446,98.1781,260.621,224.407,6415.49,6017.46,45.8598,-39.3737,-14.1135,209.545,23.8993,10.284,-42.9058,-209.545,103.455,29.3192,54.3148,-12.0906,49.1599,-82.4034,test
1159,174.628,212.377,144.199,79.6671,162.179,27.9431,50.9861,71.1003,16.7516,136.99,106.789,301.025,272.075,6195.11,6747.21,33.3169,-33.0555,-15.2524,78.3947,35.6277,10.3146,-38.3492,-10.2886,14.7472,78.3947,69.888,-63.8752,69.1984,-22.6145,train
1160,145.153,204.549,137.952,182.198,158.849,77.5863,225.544,63.6322,16.9433,136.294,177.221,539.881,246.778,6635.59,9295.27,23.857,-23.4368,-7.88827,85.0446,51.7895,21.4125,-80.8017,-5.59222,6.92302,56.4522,36.0411,-47.0857,85.0446,-45.4469,train
1161,189.732,129.573,152.091,108.717,126.96,145.987,40.3361,172.61,123.71,124.247,83.2671,475.461,242.916,6812.66,9374.61,37.1433,-36.3653,-17.9806,60.5582,53.8187,14.6734,-42.6183,-26.2455,20.5041,13.0235,60.5582,-44.706,32.6186,-21.6408,test
1162,200.484,209.983,127.71,143.819,58.7479,193.102,150.343,113.089,116.398,99.3516,190.253,245.989,367.453,6766.39,9970.72,10.714,-10.3514,-5.33972,46.2519,25.6747,4.01075,-46.2519,-11.2482,18.2095,4.36136,32.424,-33.6078,19.6548,-11.9881,test
1163,109.924,195.086,85.8191,40.1148,102.345,41.3394,118.534,165.108,131.333,80.8276,169.183,543.454,350.658,6667.7,7778.48,30.9888,-29.2228,-10.8207,108.236,95.7156,10.8821,-108.236,-82.5529,17.3466,51.3542,45.9842,-43.5713,35.6596,-37.1446,test
1164,189.406,190.021,44.4122,40.7461,12.4192,206.49,201.151,163.049,80.3479,8.81539,180.686,218.146,339.387,2952.33,3576.03,18.7431,-16.9237,-7.44392,109.429,26.8117,0.812232,-109.429,-49.7501,70.029,0.747451,18.8316,-25.1257,35.6796,-24.7603,test
1165,74.6965,79.8275,28.3938,137.017,159.449,118.823,96.487,163.661,124.103,76.8908,79.1461,309.437,280.741,2807.75,3210.18,61.7854,-58.4837,-22.6313,156.409,102.407,11.1766,-156.409,-16.0722,14.7566,7.50866,19.7384,-39.361,25.0947,-16.4098,train
1166,94.9569,83.7697,159.575,174.389,101.862,134.748,155.76,10.3607,57.4434,116.679,177.889,592.309,452.677,6203.91,6980.31,30.9888,-30.4525,-14.0243,109.142,70.7972,41.4004,-97.5925,-14.0777,-16.2513,25.7378,87.6191,-109.142,60.44,-42.0354,train
1167,138.324,97.253,45.6817,103.014,223.426,64.8144,159.996,111.547,21.6981,116.072,180.954,533.431,408.664,6348.19,7263.94,37.7921,-36.3172,-12.7941,192.241,81.7477,39.3232,-192.241,-14.6582,19.9769,59.0038,30.4733,-75.7313,98.4178,-46.595,train
1168,87.6677,154.185,105.884,212.055,65.4333,132.431,134.348,153.844,51.2589,19.9951,100.057,310.602,381.914,7679.22,8889.63,37.615,-36.9756,-13.1188,71.7034,71.7034,5.19891,-64.7044,-10.8671,13.3818,6.05291,39.4229,-29.2325,63.5783,-56.6951,test
1169,172.834,162.298,117.441,180.048,29.3707,156.375,134.593,140.083,192.344,132.805,164.976,451.329,311.524,5106.88,7782.79,17.9369,-17.2565,-8.26231,70.333,48.5733,7.89288,-70.333,-17.9524,22.1162,8.19185,39.3677,-39.1894,23.7654,-13.6411,train
1170,29.4974,169.849,44.9126,88.7249,209.744,57.6723,155.611,93.4017,196.441,70.6532,121.364,449.778,319.526,5145.12,6258.6,66.5979,-63.8485,-23.3578,237.354,237.354,7.85224,-215.692,-35.6618,-3.14931,23.1254,47.1628,-37.9066,22.7788,-26.6956,train
1171,61.6333,16.0096,54.065,36.9381,156.744,4.00804,138.195,188.745,93.931,196.955,94.6491,360.712,508.151,4927.47,5420.93,67.308,-63.7757,-21.1308,138.877,136.201,31.8396,-138.877,-83.8533,10.7819,127.179,39.9234,-35.8705,46.6338,-3.66013,train
1172,202.115,157.948,150.483,188.549,109.311,131.065,82.7301,139.499,206.54,166.836,194.839,516.673,506.094,4974.09,8104.11,17.6219,-17.2066,-9.49456,70.3191,55.8139,9.59334,-61.6703,-19.3663,22.5282,11.561,70.3191,-61.9832,25.0023,-12.8442,train
1173,90.2797,63.9105,72.1725,194.934,131.478,15.7553,31.8143,155.428,219.667,181.642,97.0335,249.955,205.922,6769.04,8670.81,27.5395,-26.9487,-13.286,66.7187,66.7187,4.84056,-48.9733,-11.2356,10.1432,19.6354,46.0068,-32.0625,14.1004,-2.40861,train
1174,163.888,95.3387,186.36,20.0579,86.9836,150.426,202.125,137.366,102.041,95.6577,178.719,596.109,523.204,2801.34,3746.92,25.7199,-23.8223,-8.59366,119.831,61.8134,37.3146,-69.6761,-119.831,20.3005,23.6496,49.1433,-42.9245,33.3117,-52.5948,train
1175,167.749,152.063,180.079,88.2333,155.107,59.2084,98.9484,14.3643,108.752,181.569,109.992,324.724,415.177,4703.74,5906.54,31.8666,-31.3082,-19.4472,105.82,25.7651,10.7388,-53.1512,-18.2954,-3.47787,27.5802,90.388,-105.82,20.9919,-12.719,train
1176,167.556,55.8458,135.859,107.304,154.154,112.217,166.342,72.5796,176.055,218.331,114.031,221.498,363.976,4551.43,6777.82,17.5184,-16.8999,-8.75268,44.3534,25.4178,14.3305,-44.3534,-13.1839,4.08186,7.13166,32.3989,-39.8258,11.3639,-5.18384,train
1177,36.1679,15.8195,206.687,56.6154,160.538,145.73,209.692,165.172,152.886,19.9318,133.407,370.063,594.877,4862.87,6207.89,35.6876,-33.6712,-11.3211,146.938,146.938,36.4872,-56.7826,-55.1692,-9.40343,3.9608,54.1938,-13.8176,28.8921,-40.9544,train
1178,58.9328,178.359,129.521,4.87489,59.3715,112.584,83.3961,135.735,65.2005,115.427,182.517,470.603,499.59,6102.07,6187.86,35.2058,-32.9209,-13.9512,167.802,145.801,21.7988,-81.2338,-167.802,51.6822,34.5345,98.6176,-40.4926,17.7429,-47.636,test
1179,97.0942,168.148,66.52,205.272,144.255,103.466,101.654,81.717,80.7575,92.0252,63.9617,269.984,388.449,6108.64,7196.86,57.2564,-55.4899,-26.3502,91.0037,61.0793,6.64009,-91.0037,-7.71327,11.4192,10.7911,46.6571,-55.9097,27.7269,-17.1583,train
1180,76.5942,3.86107,99.7317,46.7293,166.187,103.025,200.092,217.711,138.457,170.994,166.945,518.997,200.433,5509.13,7680.36,33.3972,-29.7889,-8.01213,177.668,110.765,177.668,-91.147,-96.3845,-7.28065,6.65847,27.5664,-21.3975,46.004,-5.6735,test
1181,34.9937,213.758,88.777,83.0817,139.923,29.2828,67.6707,9.77384,125.06,54.886,169.528,406.468,391.354,2799.29,2441.47,43.8314,-42.9882,-22.4789,146.108,144.356,5.76452,-124.537,-34.0926,-13.1902,42.0797,146.108,-142.794,32.0303,-31.7496,train
1182,149.004,36.4765,154.442,50.4622,206.045,142.521,28.2513,122.019,218.936,0.669325,103.444,305.776,204.601,3293.07,3800.22,28.6596,-27.5978,-12.6379,60.1533,47.0187,0.610938,-27.2807,-60.1533,4.42989,0.156363,57.8442,-45.7602,19.6075,-47.0856,train
1183,19.7754,165.793,133.002,196.673,188.68,44.0733,64.2709,77.1765,165.325,211.916,164.795,285.093,314.531,6016.57,8150.73,32.8188,-31.7718,-14.4442,212.947,212.947,6.17127,-56.2925,-9.29349,-2.47835,23.2148,102.012,-24.9242,15.6351,-6.82797,train
1184,10.1748,76.9254,27.7555,199.561,6.80323,208.025,167.939,89.6438,105.531,178.163,104.846,432.752,468.931,6833.56,8090.24,151.249,-143.256,-48.9433,558.145,558.145,35.1849,-432.089,-8.12236,-39.5993,13.011,64.5497,-21.3212,21.7216,-21.4844,train
1185,1.32045,225.294,212.36,111.753,153.419,213.369,128.361,69.7986,103.985,205.946,163.173,205.659,508.675,4447.57,6653.64,40.7306,-36.652,-13.6885,324.478,324.478,6.66278,-50.9893,-4.97081,-14.2331,7.03518,96.6395,32.9881,7.55487,-10.3079,train
1186,41.9862,122.634,34.1554,217.056,52.573,86.9985,107.468,98.8921,25.92,95.4932,174.732,473.999,547.484,4139.5,3856.87,59.709,-57.5881,-22.5987,293.106,230.639,23.9768,-293.106,-8.29107,59.8032,33.7978,69.3651,-70.6971,98.1888,-43.5454,train
1187,105.106,142.769,111.333,211.249,100.04,184.801,64.0962,60.7437,225.05,204.747,197.112,222.181,229.019,5752.02,8624.11,11.7574,-11.5408,-6.80606,52.6601,41.3593,5.15648,-41.3938,-7.0326,6.39407,3.98366,52.6601,-49.4804,9.33571,-5.0849,train
1188,192.553,87.3273,43.6934,158.899,58.3338,25.4638,206.911,213.609,173.441,134.183,92.9533,259.832,527.76,6313.76,9214.31,34.7893,-32.1182,-15.4126,120.327,40.5867,1.42055,-120.327,-15.5714,47.0138,4.87173,18.175,-34.538,20.1748,-1.30745,train
1189,49.5794,220.652,207.954,122.15,107.928,55.1259,111.502,168.551,183.69,63.1272,173.837,367.895,306.949,3649.95,5034.63,20.2246,-19.9661,-8.06873,119.611,119.611,4.51698,-39.317,-21.9589,-3.99343,18.0801,57.0392,-18.8891,20.6506,-22.3282,test
1190,121.063,144.332,164.488,191.998,200.845,22.1945,58.2797,69.4317,149.257,205.732,97.3133,226.632,284.766,5283.01,7379.33,24.3964,-24.1347,-14.1711,60.8899,40.2354,3.87545,-29.0331,-8.89058,4.46983,25.2023,60.8899,-53.0539,16.1735,-3.84503,train
1191,24.3651,33.7797,51.5849,132.771,137.915,211.358,22.4934,18.9232,196.644,90.1639,155.232,525.769,584.657,6011.35,5804.34,107.644,-104.887,-62.8734,418.241,398.51,37.7773,-230.88,-29.9883,3.41117,6.03765,418.241,-332.72,28.6346,-20.0156,train
1192,125.98,165.18,100.647,143.495,163.471,170.745,40.9133,28.9447,123.238,15.2763,161.673,336.247,253.629,4597.06,4893.79,28.6527,-28.2296,-16.7649,125.686,47.1097,2.7384,-66.4582,-20.2804,-2.06597,2.64915,114.979,-125.686,33.3952,-41.8746,train
1193,99.0688,52.9388,73.8986,187.222,34.0966,27.9733,127.942,106.711,132.911,160.237,122.97,312.772,456.03,4311.2,4815.84,30.579,-29.4207,-14.1217,98.3625,67.3736,10.4542,-98.3625,-13.7499,28.5251,19.7843,45.7742,-47.006,27.3912,-4.88445,test
1194,213.879,165.408,97.9641,187.873,87.4192,28.6036,149.663,101.322,111.908,219.514,116.604,486.966,252.614,5447.68,7994.06,30.2349,-29.1298,-12.0812,86.305,40.5852,10.1538,-86.305,-16.9803,7.09834,58.7171,33.8771,-53.1878,40.3148,-10.8203,test
1195,200.751,223.525,202.362,192.622,184.501,100.696,76.2095,180.87,113.518,3.05529,191.352,378.188,431.659,6675.16,9966.74,15.3153,-15.1153,-6.53348,52.0825,45.1987,0.484569,-32.558,-19.0714,8.77103,1.07565,52.0825,-41.3766,45.7654,-50.1354,train
1196,191.117,121.613,185.92,134.845,187.527,95.3111,26.2663,170.064,200.054,46.5229,116.943,468.55,468.003,3538.55,4991.64,29.7846,-29.3747,-16.6751,89.5556,64.8175,6.56178,-34.1481,-28.8295,20.3422,8.37259,89.5556,-64.0498,27.4813,-24.2578,train
1197,223.176,219.874,156.096,148.74,173.942,113.807,13.794,71.5723,43.7371,26.4188,66.6586,275.776,250.919,7739.21,8885.38,53.3182,-53.0909,-29.7779,96.6844,31.7313,4.32567,-23.7085,-12.1464,14.4718,8.35713,96.6844,-85.4371,58.417,-50.9129,train
1198,51.2046,160.333,94.705,115.348,220.395,142.41,93.7953,85.3575,168.374,69.3673,174.405,426.966,430.125,6563.92,8246.65,31.1554,-30.4469,-13.5979,147.991,147.991,8.39395,-100.654,-25.348,1.74375,9.4504,79.3501,-54.8098,24.5579,-27.4379,test
1199,161.506,141.34,46.1722,97.2493,158.446,211.081,147.638,209.497,49.626,60.9548,176.45,426.662,510.825,7607.54,10276.2,28.6507,-27.2911,-9.97405,145.502,69.285,14.5085,-145.502,-22.7867,29.7097,9.71493,23.4828,-46.7363,63.15,-47.5768,test
1200,163.748,117.965,182.952,64.6135,163.202,39.8786,57.5101,46.0803,164.268,3.78107,86.6304,482.459,308.342,7405.88,7560.97,56.6378,-55.1631,-27.8286,109.442,51.241,1.70954,-50.1038,-71.5473,-6.47604,5.05699,106.773,-109.442,39.7995,-75.4279,train
1201,205.086,107.422,171.484,118.532,4.46169,1.56059,147.421,67.5787,136.661,107.579,62.483,241.701,336.05,7056.95,8117.77,36.1041,-35.2245,-15.0252,76.3504,22.6928,1.10919,-34.7412,-19.386,-13.6481,76.3504,33.9646,-46.8128,23.7791,-1.56634,train
1202,224.803,17.0373,73.9846,107.116,121.637,25.41,65.4018,67.3393,216.886,198.224,71.2088,277.245,576.196,5124.92,6301.88,54.5695,-52.6588,-32.3689,99.8363,33.4794,18.789,-88.5733,-22.8943,18.9208,12.5979,81.7497,-99.8363,15.9906,-2.28383,train
1203,132.261,10.7976,104.614,95.0331,159.982,167.198,122.588,122.983,138.165,112.717,104.445,369.148,579.33,4373.35,5486.52,37.5274,-36.2132,-16.3714,79.7289,64.4713,61.7275,-79.7289,-31.8307,11.3173,3.98634,53.6349,-55.605,30.9626,-8.36238,train
1204,158.257,123.969,94.3433,185.53,178.86,23.4318,166.374,99.0047,22.5812,154.836,94.4669,306.178,324.439,5031.9,6398.39,36.5001,-35.7677,-12.4014,83.4315,37.2926,15.7696,-69.1932,-5.96579,9.6903,83.4315,29.4628,-40.568,69.3185,-17.8557,train
1205,139.295,82.6181,137.499,67.0638,98.8722,77.8424,205.25,208.402,178.496,94.073,111.914,361.491,322.822,5409.21,7783.58,23.1746,-22.019,-8.32485,52.4055,49.3,14.4976,-52.4055,-36.0425,8.44728,15.3871,24.7413,-22.0704,19.1509,-18.0062,train
1206,23.1111,21.2903,78.7249,22.6721,88.4257,120.242,85.4825,199.033,112.143,87.4705,113.463,315.172,272.503,4505.8,4281.31,56.5314,-52.9515,-18.71,209.104,209.104,65.6388,-93.3319,-77.3748,-0.829281,11.6221,69.4153,-11.9437,22.1226,-22.5941,test
1207,104.472,87.4043,171.745,189.604,162.883,59.8323,4.98013,66.14,184.622,10.0572,98.4796,268.967,535.562,6600.88,6952.32,54.2672,-53.645,-40.5962,208.638,95.7214,0.919801,-19.9388,-13.7617,28.863,1.34366,208.638,-156.315,19.9872,-11.3048,train
1208,134.785,68.1605,86.3899,205.494,57.5421,35.0013,168.502,74.8324,224.066,53.1629,203.671,558.779,267.821,4698.53,5686.46,22.2731,-21.3708,-8.70412,117.41,68.9881,14.5635,-117.41,-22.3614,-15.3695,28.3605,38.2315,-70.1273,29.0027,-26.4061,train
1209,109.04,96.2575,96.4356,113.281,25.0178,96.0763,67.4825,103.017,27.5665,201.432,93.3118,581.199,353.795,5719.03,5758.1,65.0302,-63.793,-30.8434,110.741,94.4108,39.0902,-110.741,-18.0902,97.264,39.1639,102.004,-61.5367,105.131,-26.4173,train
1210,210.013,48.437,126.847,76.6021,169.388,39.8201,60.0735,65.815,35.3918,157.698,147.578,300.289,502.183,3895.88,3997.75,26.8474,-26.4842,-14.4249,90.6768,34.3923,34.5423,-53.6685,-17.3593,17.0624,42.0172,89.5699,-90.6768,53.1357,-15.0044,train
1211,50.0993,168.315,219.526,72.7114,91.8071,162.445,80.3976,13.8346,190.134,125.62,68.6787,578.224,322.459,4962.57,6102,86.4947,-85.4276,-45.3873,139.247,137.186,17.362,-62.4,-39.3328,-19.2717,17.9894,139.247,-111.49,21.2722,-32.8988,train
1212,126.568,56.4899,94.0403,62.2276,28.758,3.02493,3.43011,177.859,217.767,119.358,124.531,393.673,380.529,5177.25,5227.63,34.5311,-33.5657,-24.0268,140.861,89.5735,-0.245576,-45.4952,-63.4863,119.958,-4.58609,140.861,-58.8426,25.6558,0.16437,train
1213,84.0486,32.9614,148.023,79.0065,32.1669,185.884,63.157,17.7899,158.301,170.536,98.2179,565.152,585.441,5205.97,5434.46,76.9523,-75.8394,-46.1404,209.133,98.5416,70.9536,-98.1382,-41.9306,-21.2029,12.5817,198.733,-209.133,29.5954,-19.3945,test
1214,99.8535,204.67,28.0777,19.5668,99.8643,27.8605,183.149,35.7126,103.699,34.7409,205.555,339.535,582.003,7756.98,6987.96,45.4709,-41.4156,-17.5597,311.921,72.5871,6.06837,-311.921,-110.05,17.0169,44.5799,41.4087,-152.567,29.3666,-50.5593,test
1215,61.0994,164.985,203.723,65.4322,81.4215,180.791,127.139,6.58517,181.137,73.4398,76.9414,324.158,488.432,6863.13,8199.71,49.8076,-48.8643,-26.7482,90.9748,59.9874,8.7564,-53.7193,-27.462,-16.8664,7.99086,85.6757,-90.9748,14.0292,-27.8198,train
1216,90.9709,186.439,33.9313,212.901,152.17,126.185,139.189,216.592,82.7401,122.665,186.939,506.9,451.499,7354.09,10734,35.7773,-33.9766,-12.7938,215.779,136.311,11.9485,-215.779,-13.3458,29.5064,17.654,22.888,-47.8691,48.5646,-25.683,test
1217,11.2594,216.495,25.523,186.959,161.723,78.7231,25.5821,47.4183,133.242,40.1405,181.523,258.852,359.418,7120.1,6700.21,73.2756,-69.7286,-31.677,466.192,466.192,2.61899,-239.419,-10.8127,3.95126,7.20243,194.71,-79.3485,21.4562,-19.9763,train
1218,71.5842,91.3679,111.223,118.556,175.618,141.44,186.694,47.1977,103.363,172.754,85.7406,249.009,481.907,3429.49,4487.67,36.5875,-35.4784,-16.9569,73.2671,57.8388,13.5474,-73.2671,-10.5629,2.26605,8.75138,42.8664,-49.4475,17.1339,-10.133,train
1219,178.964,193.035,7.84546,178.48,104.03,202.852,138.114,170.997,6.12501,52.4917,111.674,294.243,257.881,6384.94,8087.65,58.6974,-55.1802,-18.047,241.811,53.1335,12.8355,-241.811,-2.60385,58.6546,12.2143,-10.7034,-54.3079,107.303,-66.7532,train
1220,55.4728,36.255,42.6775,217.121,212.745,48.5587,203.46,208.348,167.034,220.984,84.3665,580.4,226.846,7191.89,11468.7,85.4176,-81.6096,-28.0047,212.811,191.053,41.0373,-212.811,-19.8792,2.24698,30.6393,22.7864,-32.5419,36.5435,-9.52137,train
1221,36.6202,192.869,128.179,101.87,215.354,114.084,208.772,85.9406,216.662,42.6551,153.535,389.544,322.546,3560.85,5120.09,27.5347,-26.7431,-9.5409,134.793,134.793,4.92385,-77.8255,-28.917,-8.84614,8.32418,41.1868,-17.126,19.228,-31.4855,train
1222,64.3274,98.8168,47.3083,173.469,167.139,220.376,34.451,14.2123,160.357,48.5241,178.988,594.533,258.839,4051.03,4206.78,62.8947,-61.3628,-36.1061,289.08,137.585,15.5583,-244.649,-25.4104,-8.99108,6.97635,231.053,-289.08,38.874,-44.8075,train
1223,75.6797,113.803,146.645,200.326,153.241,163.775,21.1973,166.637,202.498,184.926,91.1242,524.391,327.156,3923.72,5980.98,56.5017,-54.7933,-29.2351,157.732,157.732,14.1995,-48.1857,-18.1103,20.0025,9.86683,121.578,-56.8034,25.3371,-12.3578,train
1224,108.2,66.8271,3.44111,42.2537,146.176,82.5855,123.102,149.466,118.435,223.152,62.6671,318.885,337.631,4560.12,5495.89,134.816,-121.13,-45.8497,359.1,108.199,18.3067,-359.1,-46.5159,44.8283,14.8135,-22.4381,-80.5985,23.4694,-7.75311,train
1225,14.5959,160.05,89.913,3.96876,36.0207,77.448,147.117,123.483,97.1421,206.691,202.647,327.839,348.898,2954.9,3227.13,31.884,-30.6745,-10.6708,236.694,236.694,18.4251,-109.766,-83.0127,-4.25021,38.0763,63.3585,-2.01982,4.79631,-20.1771,train
1226,214.773,109.658,103.515,175.022,207.231,221.431,72.691,7.72002,103.897,48.0826,207.737,463.21,359.178,3937.14,4897.17,29.0408,-28.4546,-17.3479,188.844,26.3672,14.0605,-114.236,-17.6564,-9.9376,6.96308,139.941,-188.844,42.0637,-45.3489,train
1227,171.967,211.156,83.5654,27.5486,85.3053,209.755,33.6967,77.4728,10.2125,59.6677,195.956,241.36,474.127,3786.89,3619.73,22.2706,-21.9835,-12.269,102.419,41.4505,9.04174,-58.0857,-18.3087,49.3536,9.10215,102.419,-86.0601,69.8457,-45.2513,test
1228,148.585,33.5497,138.252,101.629,116.151,90.4894,165.712,63.7845,181.066,149.679,141.469,558.59,497.544,2757.93,3583.44,31.3307,-30.1879,-13.7237,91.5739,61.0615,50.9221,-91.5739,-38.1532,-3.36235,18.8798,60.374,-77.3114,30.2849,-16.1417,train
1229,160.902,111.558,189.177,20.2343,15.0314,67.1857,36.7477,6.48748,179.708,51.3184,164.443,575.757,221.332,5806.63,5054.47,52.8569,-51.7489,-31.7794,303.628,44.4395,28.321,-65.2065,-128.403,-80.1848,47.0254,253.152,-303.628,20.4461,-87.0666,test
1230,187.135,117.918,85.5022,145.737,121.334,4.42983,98.3027,22.5234,223.368,147.586,167.101,394.222,308.802,3968.46,4926.18,27.026,-26.0579,-13.9087,118.593,31.1592,2.8321,-106.239,-24.7587,-14.1717,75.3882,73.9669,-118.593,22.8451,-3.20007,train
1231,109.635,69.8551,75.6146,158.789,38.0632,117.611,69.5356,130.226,8.90573,35.7819,147.36,333.639,382.763,4016.73,3361.7,38.7837,-38.3395,-13.8813,154.763,65.3876,33.81,-88.1847,-6.13761,75.0796,20.0816,67.7593,-41.6181,154.763,-93.3458,train
1232,39.2161,6.80518,72.8953,135.57,48.5745,217.863,119.236,192.01,112.06,127.517,123.833,418.656,465.981,7117.66,8460.3,55.5602,-51.3364,-18.7203,198.783,198.783,96.1265,-129.281,-26.0559,1.57547,3.00261,62.1193,-26.5808,44.5792,-7.25486,test
1233,168.009,127.832,52.0831,110.158,69.2026,212.614,191.239,183.406,170.398,199.793,124.484,597.474,216.758,5768.78,9459.38,38.2096,-35.5171,-14.1399,158.652,70.4051,18.1673,-158.652,-33.1557,31.8138,10.9229,16.9224,-45.1389,30.3128,-16.4386,train
1234,117.634,32.4442,181.48,98.0221,117.116,213.18,129.877,78.1059,165.722,125.871,66.2445,549.042,447.985,3039.62,4075.7,63.7617,-62.1415,-28.2896,77.009,77.009,54.5941,-65.5293,-37.942,-1.28667,8.30875,69.7084,-64.6119,31.738,-19.9009,train
1235,93.0936,67.3007,183.566,12.3909,184.695,203.894,18.4644,195.89,72.1465,123.884,112.842,496.125,458.334,3275.18,3969.08,50.9077,-49.2694,-23.2551,138.217,138.217,51.2305,-35.9542,-122.138,34.6108,16.91,125.513,-57.0757,29.6657,-39.3593,train
1236,139.725,194.007,94.433,183.173,205.849,72.3373,8.08551,24.4771,13.7949,52.42,63.5081,454.633,228.313,6910.39,6503.47,151.927,-151.559,-97.2811,304.534,68.9547,17.0632,-66.5811,-6.74745,18.7147,45.7632,304.534,-293.99,126.706,-89.3093,train
1237,6.29115,78.1374,100.189,184.563,38.5029,32.0057,104.041,1.3118,174.851,212.386,130.982,525.321,206.881,3594.29,3734.64,109.578,-97.9983,-23.1354,805.805,805.805,31.0599,-127.349,-15.3133,-78.177,75.8282,102.025,198.114,22.8592,-16.1603,test
1238,219.215,158.771,35.3274,150.97,147.972,123.858,19.2761,72.9651,11.851,64.8694,126.082,322.128,463.562,3948.54,3881.56,48.2968,-47.2889,-24.2061,130.413,44.2137,15.6063,-130.413,-4.92442,38.7072,20.0054,101.676,-125.422,88.7165,-54.0192,train
1239,123.66,148.421,151.779,216.519,155.025,93.7034,175.629,132.268,19.3077,217.998,172.113,537.075,418.959,5853.1,8885.19,24.2322,-23.8681,-8.97731,74.1707,73.1383,29.4866,-74.1707,-4.59239,17.2823,46.7049,47.4024,-39.2775,72.8317,-28.391,train
1240,182.333,52.4054,45.9294,130.727,18.4359,47.1631,103.006,145.711,193.476,18.4048,162.021,434.32,517.449,7150.16,7377.45,30.3429,-28.0828,-15.0325,170.539,56.8812,0.375462,-170.539,-33.073,92.4622,0.417196,47.9094,-58.507,31.6028,-1.51191,train
1241,102.604,151.853,203.395,135.625,68.7335,66.3383,106.632,72.1408,63.2776,160.515,78.388,406.133,320.352,4308.81,5113.54,43.0444,-42.5258,-19.87,63.7761,63.7761,14.5792,-43.4812,-13.6217,9.23697,33.3728,63.4283,-48.6623,41.2891,-19.5055,train
1242,125.055,82.907,165.884,24.9099,3.93677,160.319,146.448,74.915,73.7665,166.554,176.137,411.464,466.484,7267.9,8080.78,21.4388,-20.1843,-10.0722,74.1356,49.7139,27.355,-65.0564,-74.1356,64.9285,14.1463,64.4797,-39.6867,35.4042,-19.257,train
1243,107.852,49.425,77.9297,109.344,92.6586,90.5612,121.963,184.596,78.2994,207.109,159.596,501.765,532.671,3990.61,4980.69,32.2895,-31.1626,-12.8595,121.403,101.238,43.5951,-121.403,-26.1831,32.7887,23.7926,51.5212,-45.2091,51.7096,-14.7129,train
1244,135.84,216.206,123.091,137.66,93.772,187.351,174.285,121.209,33.3135,135.439,122.594,200.975,243.512,4248.73,6023.62,14.5737,-14.2253,-6.07886,38.0687,27.8155,6.49799,-38.0687,-4.39378,12.4115,7.4988,21.7154,-20.6363,25.6769,-14.6696,train
1245,69.9924,124.53,10.456,112.499,34.9955,93.1596,180.118,33.1096,3.0225,202.89,162.631,480.405,528.531,5838.49,5543.64,121.343,-112.261,-49.1861,816.221,159.49,35.8728,-816.221,-2.99397,172.084,47.9525,29.2893,-271.613,157.596,-31.1382,train
1246,187.563,33.9852,5.70999,116.68,94.0469,130.464,198.696,80.7397,219.854,173.992,144.625,327.15,576.583,4880.02,6785.41,72.0444,-64.531,-29.7974,478.929,68.4872,1.07142,-478.929,-27.7261,67.4033,0.2791,-3.82084,-167.698,20.8098,-0.295962,train
1247,101.551,109.226,160.738,129.393,95.2359,155.802,28.5409,137.022,52.1483,53.0042,206.304,290.513,377.284,6850.05,7108,17.5199,-17.4129,-9.27518,89.9485,76.4917,10.3248,-29.3672,-13.7364,32.3963,7.23834,89.9485,-50.1881,48.2011,-30.0895,test
1248,37.1852,47.3325,21.1129,81.5818,217.265,128.083,81.223,203.788,168.956,76.671,182.669,255.326,237.912,6932.87,8133.45,32.6762,-31.0355,-11.3099,181.447,166.949,14.6556,-181.447,-22.7941,8.26268,5.4159,22.2452,-25.3627,15.5652,-12.7952,train
1249,42.8063,165.961,99.8124,77.321,42.7531,189.817,77.4186,18.7685,176.141,130.768,159.498,437.757,299.218,3911.88,4251.42,37.323,-36.5629,-18.5416,134.141,134.141,13.9425,-104.023,-26.6896,-16.3534,12.1902,109.698,-102.816,16.5689,-25.0241,train
1250,204.263,24.163,64.7297,48.0731,40.4285,29.4933,53.5595,209.418,218.498,182.103,81.1814,556.052,572.812,4594.95,5670.47,66.3827,-61.1882,-31.0541,128.861,68.8747,31.8048,-128.861,-99.6819,91.916,26.0568,73.4204,-57.4554,31.016,-5.96819,train
1251,107.095,146.306,179.786,27.9126,71.8659,4.38219,189.617,133.6,95.0458,124.135,66.0833,501.618,442.316,5582.31,6658.33,81.9768,-76.999,-20.5775,236.456,79.8926,7.08242,-60.7143,-142.587,-6.12303,236.456,43.9994,-37.4718,59.2193,-11.8049,test
1252,184.005,81.7839,39.705,168.841,36.4285,191.47,115.898,210.258,106.5,153.608,182.071,438.617,497.645,4690.99,6568.57,27.1974,-25.3335,-12.0099,175.816,60.6188,9.83878,-175.816,-21.2123,87.4728,4.2025,31.66,-45.5224,47.5591,-7.40818,train
1253,74.2764,131.476,127.423,214.092,197.442,143.263,161.632,159.901,112.761,34.2535,136.162,305.227,296.481,2741.12,3886.54,21.3056,-20.8768,-7.78026,73.2888,73.2888,5.42679,-52.408,-10.9242,0.266318,4.98029,31.7236,-21.15,29.3323,-29.4577,train
1254,117.742,200.901,124.839,41.6605,171.19,75.3157,222.57,141.314,197.781,40.8116,77.5058,531.966,518.202,5404.93,7826.97,61.0528,-57.163,-20.1866,92.2909,81.6995,7.92613,-92.2909,-89.4681,3.34426,21.1426,39.4069,-43.0305,26.6515,-55.1791,test
1255,38.8267,155.264,8.51384,39.1089,100.245,171.757,176.749,132.637,62.9932,193.011,189.66,436.729,427.336,3800.26,4563.65,78.7067,-73.08,-27.2287,558.551,325.029,16.1376,-558.551,-47.6031,63.7517,14.5879,3.1055,-87.9909,41.7958,-18.3587,train
1256,57.6767,214.575,143.191,211.443,11.6938,213.07,154.158,161.413,174.299,137.887,157.27,560.268,380.73,7281.73,11581.9,30.2461,-29.4019,-11.57,150.867,150.867,11.3325,-83.2023,-14.9969,-6.17123,11.4126,57.897,-27.1502,25.7286,-24.9401,train
1257,25.9843,41.4594,91.8147,118.809,2.12872,209.975,203.547,33.9975,41.183,121.715,148.033,426.437,534.479,7245.02,6999.03,49.096,-46.7892,-15.7599,209.901,209.901,71.4004,-138.145,-10.9768,-53.743,14.098,58.4968,-49.4906,44.7843,-34.395,train
1258,54.8983,96.351,170.335,7.61624,196.778,193.433,206.186,73.6964,99.5834,71.2927,119.024,345.226,300.617,7486.23,9288.41,33.4529,-30.8348,-9.63878,117.074,82.7051,26.5757,-51.7955,-117.074,0.998334,13.2376,36.8345,-20.8806,12.6627,-50.7938,train
1259,192.641,204.443,56.0909,43.2773,77.3822,156.999,210.511,172.329,194.28,28.1042,131.853,386.939,463.912,3349.44,4859.79,32.5037,-29.5253,-11.5364,124.507,48.0872,3.79401,-124.507,-71.4861,29.7286,4.94055,20.9219,-44.2673,22.52,-39.0315,train
1260,149.094,137.687,148.546,175.768,187.255,215.978,63.7721,181.914,153.206,222.177,126.336,347.468,429.264,4292.61,7428.96,21.1998,-20.8542,-11.2364,58.0902,58.0902,10.0359,-40.7671,-11.907,16.5193,6.39795,57.2392,-40.318,19.3188,-8.79563,train
1261,61.4813,85.9456,18.1104,6.62295,77.9884,207.035,129.463,63.9052,216.573,194.6,75.5389,325.459,505.328,2886.86,3463.7,132.645,-119.564,-51.0446,353.083,136.994,28.5117,-353.083,-121.417,55.9549,11.8359,34.2992,-114.366,5.25099,-17.8081,train
1262,78.2004,82.4986,80.5028,26.3587,139.633,50.6075,166.756,182.597,132.055,198.701,107.45,379.846,539.702,6084.39,7898.15,44.4814,-41.8572,-16.1338,107.385,104.189,23.8395,-107.385,-69.4927,18.0287,38.8623,41.1005,-33.6842,19.6167,-13.9978,train
1263,208.376,128.943,89.5871,173.331,197.529,189.971,151.491,201.476,81.9721,100.839,159.813,474.708,410.902,4757.29,7592.79,22.1489,-21.3519,-8.37934,87.9576,50.2475,16.7163,-87.9576,-14.9518,15.8543,11.3463,29.2456,-40.1735,44.7116,-30.2291,train
1264,194.799,98.2393,151.156,128.184,18.9137,164.976,133.679,0.785388,53.6728,117.551,157.861,339.426,218.836,5574.56,6058.63,20.7917,-20.436,-10.1912,101.666,17.7142,25.2919,-59.0147,-7.09605,-45.1069,15.0607,58.4622,-101.666,23.9668,-29.892,test
1265,53.2118,1.58416,93.1089,223.044,120.567,96.391,194.188,14.6233,193.321,136.028,158.118,306.632,544.841,4555.41,5619.14,29.4226,-28.2804,-13.0834,114.975,74.0838,70.2588,-114.975,-13.2486,-17.2452,1.15468,55.6318,-84.7002,21.617,-1.15714,train
1266,6.87984,31.9606,154.869,206.871,95.3225,5.48786,193.207,216.222,155.09,209.676,117,581.052,429.767,3256.08,4752.67,83.4718,-82.6977,-24.3002,430.053,430.053,27.0101,-121.203,-23.9148,-81.8181,157.303,94.8631,18.6526,45.1125,-5.82245,train
1267,35.1808,113.907,24.7161,219.127,182.762,24.6404,48.0724,117.048,187.606,102.671,151.354,483.426,260.689,6660.18,7578.25,66.5929,-64.0084,-25.2509,286.199,285.268,7.99703,-286.199,-17.9044,6.99465,36.9685,65.8811,-62.8489,29.5751,-12.5472,train
1268,32.3604,59.9354,120.699,175.317,25.1185,125.58,18.2025,56.4531,111.089,116.649,145.806,214.682,557.892,7466.21,6599.49,49.9241,-48.1189,-33.0868,241.998,208.828,-4.342,-43.5926,-13.7298,87.74,-2.0723,241.998,-115.51,30.6429,3.15505,train
1269,142.789,115.492,47.4824,113.333,17.327,142.258,22.1226,148.515,4.60639,76.4312,97.4172,355.537,598.971,6731.49,5752.74,83.935,-82.8167,-49.392,331.623,70.5212,24.1328,-138.708,-6.77854,331.623,19.5921,193.749,-62.0311,235.855,-51.5707,train
1270,211.479,3.73475,115.31,139.062,211.367,5.99772,49.7836,196.641,197.281,209.832,134.561,272.523,483.801,6407.31,9439.73,18.0802,-17.6482,-9.43379,49.9685,40.3324,24.9008,-38.8887,-18.9285,15.0071,15.5056,49.9685,-41.7431,18.8693,-0.626784,train
1271,12.1426,148.661,128.157,145.541,149.654,204.364,22.9845,217.46,18.4581,223.933,209.679,303.554,559.46,2735.34,3680.14,63.1489,-58.2556,-28.0708,570.538,570.538,16.9114,-60.6555,-3.58301,22.5239,12.3019,291.516,-25.3127,39.9542,-15.8772,test
1272,91.5321,73.6035,13.7099,88.8197,95.3745,51.0704,55.8601,78.2069,176.224,34.6994,102.618,411.78,270.608,3733.35,3079.22,86.3215,-79.3819,-32.8747,340.832,113.476,8.01052,-340.832,-39.7232,28.7362,11.5449,14.0505,-113.36,28.3141,-24.0299,test
1273,140.935,123.447,126.458,208.812,79.4707,213.017,133.983,71.4613,186.413,2.7414,102.79,521.795,252.115,4921.26,6525.84,39.3297,-38.2972,-15.0811,76.2169,60.5726,0.963104,-76.2169,-24.4193,-22.401,0.558135,46.6568,-65.6794,38.6839,-61.3334,train
1274,88.5187,107.675,2.36665,37.5955,186.484,213.253,197.47,17.1267,44.453,87.592,110.537,594.814,419.964,2837.41,2921.75,415.263,-374.978,-172.052,2094.07,193.045,33.3131,-2094.07,-62.8037,47.0757,16.8204,-7.10586,-919.867,75.1165,-57.9138,train
1275,21.8104,78.2887,53.7585,42.7771,223.922,172.298,27.2922,176.892,34.0754,159.871,95.5649,270.158,394.373,6716.02,7098.51,86.7355,-81.8916,-36.4908,304.354,304.354,24.4742,-100.642,-18.3631,14.0718,11.1206,140.363,-31.4715,32.601,-16.9493,train
1276,97.7522,114.436,182.121,2.77399,9.73432,206.624,153.836,33.1909,210.987,152.428,84.8654,282.015,336.778,6319.01,8042.45,37.5397,-33.0793,-15.6367,119.42,36.6089,21.7492,-45.2976,-119.42,43.8832,12.0455,49.9134,-32.3161,2.22046,-23.0917,train
1277,94.8994,93.2663,9.79212,92.7258,135.455,37.1411,195.708,192.096,175.417,137.288,197.098,461.399,479.911,4844.41,6440.59,47.745,-43.7179,-16.6831,373.436,157.897,9.46136,-373.436,-40.243,49.0109,23.7588,-6.91728,-76.3468,30.084,-9.08995,train
1278,169.918,181.087,82.9377,99.4827,91.3627,132.129,201.692,38.6892,105.582,126.305,160.892,578.776,500.02,4653.74,6063.09,35.3808,-33.6485,-15.5054,163.65,51.735,16.1618,-163.65,-28.7594,1.55305,22.1502,54.5865,-109.768,38.3224,-32.7696,test
1279,32.5684,170.733,1.47772,65.3716,42.4487,156.647,130.744,74.2837,155.364,6.21254,120.751,313.179,402.763,5296.75,4783.79,172.899,-157.633,-64.3564,889.181,371.803,-0.366047,-889.181,-48.8635,136.234,-0.398962,-19.6628,-170.909,29.0763,14.2265,train
1280,115.346,36.0092,80.6002,72.8444,10.6979,86.2218,124.734,88.6236,190.2,67.851,83.2185,301.972,323.22,5607.57,5478.25,39.2246,-37.1335,-17.726,81.2672,49.7738,15.6179,-81.2672,-33.7339,24.6921,6.52259,40.0275,-43.4281,18.2712,-11.7218,train
1281,43.1607,69.2558,96.2417,55.1938,134.358,100.307,162.863,139.262,62.0644,222.375,70.5991,349.086,506.344,7252.14,8806.74,69.174,-67.3071,-26.173,140.679,140.679,30.5569,-98.3381,-24.9053,8.97844,21.0977,51.8693,-26.2097,31.3224,-13.4584,train
1282,92.531,83.8522,1.37854,123.641,211.236,173.366,6.97204,23.1163,218.009,51.7645,122.857,552.136,339.545,4233.31,4297.02,366.198,-316.386,-116.479,2440.22,179.352,10.938,-2440.22,-37.2383,30.6295,5.2904,-437.615,-677.504,29.8672,-25.0574,train
1283,185.449,157.412,123.95,212.797,127.068,198.132,82.0939,186.175,17.2468,182.643,108.955,493.33,253.45,4326.85,6594.99,32.3104,-31.8374,-13.0298,68.5316,52.2293,26.0306,-61.7068,-3.92751,30.8245,20.6808,46.7747,-36.1012,68.5316,-31.7274,train
1284,28.0836,156.798,32.5934,115.562,113.789,20.6778,18.0972,190.089,117.564,33.4379,197.834,455.871,478.687,7522.64,6709.99,60.5062,-58.8528,-25.5037,416.656,416.656,4.45868,-207.459,-33.3984,28.8506,33.8098,172.162,-53.1382,46.4284,-29.568,train
1285,121.123,58.6209,16.7455,51.0413,208.622,219.122,165.597,134.142,204.538,83.0043,203.872,504.108,405.834,3399.28,4680.53,41.8185,-38.0443,-14.5798,319.723,114.162,27.3416,-319.723,-67.3629,25.6364,7.31459,2.67165,-92.634,23.7729,-27.3081,train
1286,13.0801,216.283,56.6528,181.336,115.697,184.711,75.9661,80.0824,223.284,162.366,64.6948,446.374,427.226,4437.91,6224.35,178.945,-168.543,-68.3556,445.226,445.226,9.1979,-208.99,-13.6453,-9.63297,10.77,137.317,-24.0148,15.6721,-17.3272,train
1287,151.986,12.685,43.037,65.5154,144.039,79.9682,22.0684,126.947,56.5575,28.8374,119.33,523.043,327.482,3699.74,2803.65,58.8269,-56.6713,-21.0704,145.081,83.7067,98.1384,-145.081,-60.8336,24.3426,15.5673,64.9443,-83.4603,99.6579,-61.0505,train
1288,124.914,25.5075,30.6279,165.835,42.9636,60.7125,60.9384,99.2855,35.0171,218.901,114.179,441.939,258.103,2804.83,2657.7,59.5335,-56.9064,-23.1551,204.105,76.7561,80.346,-204.105,-14.2911,65.1373,33.7562,42.5139,-73.6197,95.7145,-13.2403,train
1289,212.624,129.791,186.01,222.661,217.401,36.4275,147.677,166.681,151.112,47.7412,79.7338,529.268,331.262,3385.2,5357.28,37.5703,-36.7258,-14.4991,49.9272,46.5785,7.94181,-49.9272,-19.1408,1.60579,28.2967,38.2509,-39.1223,39.886,-30.5342,train
1290,127.103,26.4273,32.0207,223.487,20.3893,17.3508,113.634,49.5358,180.642,71.3485,171.492,286.916,344.822,4529.91,4282.58,29.7145,-27.7882,-13.9569,185.403,48.142,7.24091,-185.403,-11.9819,28.0545,11.0288,38.177,-92.7801,20.9641,-3.79294,train
1291,103.515,88.2822,87.1733,67.7511,155.594,136.778,181.565,165.919,123.967,208.832,193.224,571.394,372.451,6960.6,10191,25.1871,-24.0036,-9.1492,119.74,100.741,32.878,-119.74,-41.496,12.2295,21.2208,36.797,-40.182,32.0723,-19.6561,train
1292,210.391,146.814,11.7046,204.545,75.1374,211.114,166.104,37.4887,125.479,103.809,189.525,446.982,304.687,3158.35,4250.81,61.0987,-55.5307,-25.9898,512.626,49.699,8.77157,-512.626,-15.5566,37.3236,6.09996,13.0286,-225.83,35.8631,-17.5438,train
1293,136.925,112.006,216.164,196.758,202.707,146.212,204.638,49.0786,43.4823,163.486,197.346,405.909,319.886,6259.39,9514.2,14.2242,-14.0169,-5.82076,45.5715,40.3522,24.56,-45.5715,-6.64885,0.778935,18.8143,40.0262,-42.2464,42.5483,-23.7961,train
1294,20.5041,7.09061,130.008,25.1949,133.72,21.6881,73.7823,167.207,164.511,8.11543,120.087,579.049,253.332,7495.77,6327.37,90.6836,-86.3017,-27.152,357.717,357.717,84.883,-96.6871,-205.939,-27.2544,27.7512,129.948,-13.0604,44.6039,-104.884,train
1295,176.599,101.555,43.2676,28.3737,98.6585,70.5749,117.18,119.143,221.861,139.951,150.115,210.821,531.371,7367.15,9194.81,24.3216,-22.2399,-11.0195,113.381,38.1239,7.28011,-113.381,-48.2447,32.9982,10.4758,33.7621,-54.8913,8.72572,-7.47101,train
1296,115.317,36.8515,190.984,171.246,14.6828,149.495,190.906,202.038,99.7123,158.426,209.799,433.445,500.954,5923.95,8663.44,14.9391,-14.6133,-6.21493,66.7632,66.7632,37.7672,-54.0041,-17.1838,28.7303,9.30985,44.2954,-23.5507,41.7357,-12.4239,train
1297,169.713,158.141,29.0362,116.465,130.353,181.547,120.846,23.044,207.771,57.2462,103.362,212.977,412.457,5831.11,7270.34,54.5624,-50.785,-27.0284,211.581,25.7516,3.22242,-211.581,-13.9113,4.75957,2.80697,46.9713,-137.506,11.0279,-12.5891,train
1298,152.32,160.669,19.1882,95.7268,111.79,95.3694,174.092,23.2205,7.79136,86.3557,141.271,532.179,283.692,3219.27,3082.79,93.6118,-87.7088,-36.7059,498.232,60.6758,28.8238,-498.232,-7.2154,28.8902,48.5594,34.4298,-238.763,125.37,-75.8415,train
1299,182.208,62.829,221.096,99.1238,85.302,67.0518,64.9636,19.6222,184.252,167.089,86.9498,477.555,400.047,5546.45,6766.15,54.8124,-54.136,-35.7156,155.613,38.0592,28.5186,-51.5272,-30.1014,-9.66724,26.7225,144.045,-155.613,22.9016,-15.1654,train
1300,85.6669,180.352,96.7413,59.2268,177.483,183.315,218.518,161.07,175.798,82.2419,107.821,280.454,423.071,4610.19,7101.22,27.8632,-26.5292,-10.5874,71.5491,66.8003,6.06199,-71.5491,-28.8931,6.79944,5.96402,26.646,-25.6207,13.7662,-18.8,train
1301,62.7791,65.1215,129.389,29.1571,176.435,133.878,155.409,85.6158,1.63189,104.316,205.287,279.577,458.952,7124.81,7084.67,19.575,-19.3576,-7.06859,77.9554,77.9554,41.6554,-62.4694,-2.85026,11.4212,20.2622,48.112,-34.6584,72.0199,-36.7756,train
1302,29.3468,190.618,165.524,187.98,204.725,20.0982,11.4999,38.373,89.3267,25.0102,75.179,564.082,598.826,3917.11,3691.13,209.035,-207.191,-125.634,487.449,453.409,4.96544,-58.0252,-24.9724,14.5122,47.094,487.449,-282.501,74.32,-53.5204,train
1303,61.6823,207.012,125.681,214.637,205.064,185.963,60.3575,145.117,28.2363,221.878,163.874,523.819,392.683,6975.39,10488.1,34.479,-34.1625,-15.4672,163.853,163.853,20.0607,-75.863,-5.05684,18.4492,22.3313,100.667,-47.4468,54.3615,-26.4693,train
1304,153.197,3.88769,153.773,66.5164,171.741,121.721,52.7574,13.0296,90.6073,5.8556,185.647,383.143,402.021,3152.02,2594.83,33.6569,-33.1431,-19.4356,184.746,36.1205,60.9214,-64.9068,-54.0406,-11.0193,1.94579,164.844,-184.746,56.1049,-57.2013,train
1305,67.3352,56.9661,46.9776,29.8649,106.898,196.743,131.157,168.817,202.433,95.0275,183.292,475.74,560.175,3296.63,4068.53,39.8991,-37.2188,-14.4273,194.622,159.368,34.4602,-194.622,-93.566,29.7419,9.97777,47.2868,-50.0428,19.5215,-29.2145,train
1306,191.48,85.7723,121.89,5.49355,222.358,99.9314,113.113,191.408,142.691,191.509,184.442,206.062,539.126,7255.65,10815.8,13.7743,-12.5847,-5.82085,71.213,33.8734,19.4633,-41.7348,-71.213,18.143,16.7055,37.8382,-32.6974,3.8773,-12.3279,train
1307,109.31,109.757,39.4209,147.964,116.535,36.5685,202.837,1.69631,73.4623,64.6633,64.9947,384.203,511.303,6801.84,6494.18,137.398,-129.119,-61.8467,318.239,37.4517,13.9139,-318.239,-15.6449,-17.7034,41.7616,60.6807,-209.926,44.5633,-33.3996,test
1308,113.128,7.88269,51.143,85.0823,8.10041,109.208,86.3883,17.1574,146.709,118.534,166.113,241.239,530.151,4697.38,3848.96,35.4201,-33.9476,-19.2476,160.272,38.3803,54.2675,-160.272,-23.3259,-6.80424,3.91707,94.6932,-159.041,19.1309,-5.1037,train
1309,201.707,11.8023,137.892,208.599,199.847,79.1462,102.587,14.285,51.6309,54.8309,176.827,201.516,238.759,7259.6,7666.01,15.0835,-14.8741,-7.45976,67.3039,13.3609,50.2895,-41.6127,-6.81512,-3.71176,7.49919,51.3221,-67.3039,38.9395,-15.3085,train
1310,96.1331,37.1559,116.292,184.429,12.5042,154.148,17.6094,175.685,75.0045,156.071,66.1233,270.432,366.346,3585.97,3937.48,56.0128,-54.92,-40.9847,142.26,77.5811,-7.28356,-37.1333,-16.1306,142.26,-1.75563,129.62,-38.2666,56.0928,2.45225,train
1311,107.678,72.1241,159.711,222.198,161.671,16.615,180.42,23.2591,212.03,178.361,138.316,445.481,439.871,5960.72,8612.53,27.1856,-26.5045,-12.8336,77.5919,53.2229,12.0641,-75.3372,-16.1329,-14.2795,52.3692,59.395,-77.5919,23.9095,-6.89906,train
1312,186.396,194.542,184.84,69.254,135.996,203.971,215.072,210.574,206.853,170.12,145.851,590.246,277.964,5785.15,11162.2,20.0769,-19.0671,-7.32619,56.6856,53.6985,14.8198,-56.6856,-43.5986,7.99565,14.1348,30.0852,-27.581,20.6429,-23.9671,train
1313,72.3357,31.8957,31.7676,110.321,63.4418,51.3564,57.4181,55.4571,57.5679,31.6895,134.022,593.929,349.002,7326.91,4334.57,83.2822,-79.9743,-32.8011,301.508,162.157,50.9739,-301.508,-39.0991,23.2808,31.6581,89.6263,-147.662,105.964,-72.5571,train
1314,81.1668,188.97,212.602,83.0219,116.835,49.1604,61.3168,49.2233,180.054,178.052,151.17,456.367,519.546,4441.55,5663.64,33.6469,-33.2612,-19.744,138.364,102.55,9.07934,-49.6835,-34.3036,7.80646,34.9005,138.364,-108.027,22.3688,-13.6275,train
1315,224.975,127.225,142.213,172.395,88.0978,96.9817,61.4896,53.7947,31.6014,134.003,76.135,541.33,534.294,7681.86,8774.21,73.9343,-73.1516,-41.3212,132.706,46.2253,28.0484,-78.638,-10.7013,35.6578,36.7951,132.706,-131.083,82.5599,-37.6599,train
1316,115.232,179.019,166.056,110.492,183.924,91.8101,21.3876,92.6372,186.194,123.818,138.364,533.548,293.501,3670.81,4854.34,34.9364,-34.5724,-20.3175,131.658,100.795,10.0553,-44.1212,-31.9967,14.9191,19.6067,131.658,-95.8619,26.8525,-20.5603,test
1317,127.718,96.5349,110.008,190.926,71.1117,137.297,80.8275,170.157,169.078,153.434,175.212,572.768,474.348,4137.51,5843.91,25.4585,-24.7929,-12.1397,94.7651,94.7651,16.7663,-89.2956,-21.5222,31.8713,11.7885,71.6592,-52.9889,34.37,-14.9181,train
1318,91.2566,49.9579,167.575,118.149,109.034,9.41465,165.09,132.11,110.332,223.704,110.269,502.563,484.046,5623.2,7394.45,40.2298,-39.3527,-14.2832,106.979,95.7038,20.1605,-66.7385,-34.0116,-2.84747,106.979,52.7523,-39.6934,51.5075,-6.36717,train
1319,212.712,129.331,1.91539,66.1065,162.501,45.9823,30.6098,42.4946,100.537,21.0648,88.2969,556.479,316.637,4574.63,3739.23,280.575,-246.659,-95.6211,1221.38,82.3713,7.30537,-1221.38,-69.8869,45.1477,20.5472,-149.017,-397.912,64.9878,-63.4311,train
1320,222.432,55.7878,46.7875,18.2026,167.483,162.596,84.2941,209.557,213.816,157.046,99.6439,591.393,342.523,3245.35,4787.64,58.2814,-51.5654,-18.5482,155.865,62.3763,60.2902,-155.865,-140.116,32.3021,20.6859,23.1292,-53.7225,16.8693,-30.2882,train
1321,203.215,202.669,140.811,10.5896,106.271,2.46203,183.822,181.403,145.037,145.171,97.4816,447.685,546.447,4446.21,6476.27,71.4337,-60.6102,-13.2114,369.758,47.0884,4.49182,-66.2303,-336.792,14.3568,369.758,37.3062,-39.6987,34.7758,-8.86843,train
1322,39.3242,148.444,145.641,180.796,17.2229,57.2501,27.4965,32.7534,194.761,19.1491,117.739,252.263,458.529,5306.85,4738.06,51.8006,-50.6568,-35.2145,204.408,143.836,0.407173,-44.6092,-13.6185,38.9851,1.05576,204.408,-135.302,17.8786,-4.46383,test
1323,84.6035,198.928,8.60882,185.114,47.9065,210.203,111.97,25.4404,182.213,57.5664,117.629,439.469,454.256,3187.3,3697.85,157.91,-143.942,-68.4398,814.338,126.663,2.58236,-814.338,-20.9654,50.9423,2.44385,33.0384,-351.405,30.1215,-12.62,train
1324,77.9534,195.375,175.618,17.2844,110.94,175.327,214.32,20.7056,105.36,142.424,182.192,327.457,259.652,5728.23,7517.92,15.4502,-14.6464,-5.9935,49.0207,48.8921,12.4276,-49.0207,-48.9769,-2.79248,13.8486,35.1993,-36.6598,11.3627,-24.1093,train
1325,99.0371,125.914,121.084,57.6611,47.4381,98.6368,139.985,198.015,8.85558,184.491,104.207,230.953,349.957,7421.48,8830.25,25.0911,-24.6423,-10.5122,51.0343,46.2447,15.8041,-48.299,-5.54219,41.124,20.1746,35.75,-16.2152,51.0343,-15.254,train
1326,120.521,90.6026,141.075,201.807,133.045,177.091,148.193,155.208,165.964,115.929,148.135,222.525,351.73,2836.12,4387.61,12.7538,-12.4404,-5.97267,40.4392,40.4392,7.15568,-37.7053,-7.81403,8.05431,3.66096,29.5266,-24.1325,13.4373,-7.90889,test
1327,221.258,30.5028,108.411,142.989,155.41,7.87854,138.023,104.42,67.5234,116.089,76.6883,595.63,498.1,3268.77,3792.94,72.5898,-70.7357,-25.251,155.384,52.5,40.1339,-103.623,-33.0943,5.96886,155.384,54.0751,-76.6524,99.1094,-14.9133,train
1328,10.3918,14.7122,109.564,224.598,212.687,166.853,119.837,113.019,225.318,223.044,79.4007,296.426,256.316,6947.34,10813.4,76.3081,-69.2185,-25.5227,245.089,245.089,41.5958,-81.3134,-10.4734,-13.0221,3.66771,70.1548,5.22217,14.7642,-3.88018,train
1329,95.9947,178.53,213.081,217.643,191.65,48.7847,46.6806,5.50113,35.9595,172.72,207.99,502.178,334.939,3337.25,4011.6,34.2035,-34.0789,-22.5233,227.428,61.5289,18.8068,-58.7019,-7.64652,-4.06751,68.8242,226.808,-227.428,65.4499,-27.4914,train
1330,87.3704,23.9879,148.272,61.9164,169.833,98.4981,34.3013,27.4229,115.204,154.336,119.774,437.118,344.659,6800.5,6581.25,53.3128,-52.7064,-32.9738,186.002,87.8733,65.7634,-59.9074,-45.1198,3.0188,16.0158,186.002,-170.51,34.2943,-14.4552,train
1331,72.685,4.21325,170.456,72.2234,61.9891,181.37,122.509,2.57143,209.141,140.825,114.278,351.007,529.005,7155.62,8079.1,43.388,-41.4971,-21.4841,130.94,51.5671,115.289,-70.8226,-41.8747,-44.9474,2.67818,98.8383,-130.94,20.4506,-4.878,train
1332,64.102,52.8681,8.91291,189.171,167.667,143.719,64.4351,214.079,71.8928,60.2854,195.057,423.325,432.593,4339.45,4790.35,53.9196,-50.2912,-17.3268,399.235,210.092,24.3902,-399.235,-15.5616,37.5165,8.97209,-14.8127,-61.0006,57.9076,-30.249,train
1333,117.32,120.494,137.63,58.7271,85.6769,75.3753,104.23,46.2033,144.152,152.299,70.5244,244.497,518.517,3755.47,4214.25,44.8231,-43.6023,-25.7062,72.9535,41.1559,8.47417,-55.8867,-24.2457,11.1998,13.5467,71.188,-72.9535,13.9691,-9.48158,train
1334,149.642,174.562,76.7062,119.862,180.054,89.0028,46.1316,141.933,94.5402,28.1959,173.228,257.815,542.9,5079.18,5709.68,19.9982,-19.5579,-10.2346,66.0876,56.3314,2.86135,-61.715,-17.3422,20.9532,5.61198,66.0876,-58.3028,31.0946,-25.0524,train
1335,114.726,191.172,101.828,182.064,41.491,100.362,25.9848,126.453,47.2679,131.133,87.4629,378.609,398.269,4736.08,5194.72,51.8041,-51.2822,-30.4374,116.469,82.0642,8.41181,-58.1971,-11.9628,83.1696,16.0231,116.469,-62.9509,65.1636,-17.3427,train
1336,98.1855,52.1892,223.873,220.275,205.748,52.5796,36.5667,14.5606,45.3876,209.183,126.585,334.92,421.683,2779.23,3266.05,47.3982,-47.2807,-33.4716,211.962,55.3506,35.7175,-39.4412,-6.74221,2.91756,35.4523,211.962,-202.548,46.2748,-12.6023,train
1337,58.5938,125.566,18.7802,156.157,195.024,148.977,124.093,215.029,24.2248,28.8867,196.92,220.308,212.855,4874,5605.74,26.0011,-24.9611,-7.59385,149.68,101.15,8.713,-149.68,-7.10195,13.4069,7.34381,6.9284,-24.4901,64.7431,-53.5622,train
1338,152.182,77.5209,165.082,84.0075,180.408,8.98207,21.6952,52.1782,176.666,130.181,88.499,516,267.337,6631.75,7316.92,62.6042,-61.7786,-37.8517,160.104,69.2412,10.2693,-46.1354,-51.9467,5.6169,88.6305,160.104,-145.742,34.9332,-8.64821,test
1339,178.516,60.4232,72.7728,135.361,219.056,121.594,24.9803,167.061,92.4826,187.124,178.14,598.658,402.193,7278.28,9681.64,28.4493,-27.7082,-12.9817,100.732,82.0719,43.1875,-100.732,-24.9485,24.1377,21.461,76.0862,-73.3474,51.6407,-19.7219,train
1340,75.821,10.9906,90.1081,217.199,44.0096,104.066,144.718,163.097,77.9093,111.014,194.47,476.035,522.214,4629.19,5268.68,29.0754,-27.6769,-10.3382,122.546,122.546,95.8979,-113.327,-17.0645,18.7421,10.128,53.2709,-39.2901,67.2784,-13.4266,train
1341,31.6683,7.65397,103.209,91.2049,75.6738,80.601,31.4689,15.8958,126.884,4.46537,72.6493,321.894,578.287,6843.13,4021.92,133.976,-131.693,-83.0434,283.713,186.547,18.1076,-92.357,-33.7739,-5.17576,1.71952,283.713,-239.206,34.3326,-43.8939,test
1342,204.627,215.477,78.9001,78.6769,168.518,191.949,8.21019,128.807,23.3826,222.634,132.74,515.715,320.081,5393.92,7298.87,35.1986,-34.7023,-18.8801,100.653,63.1918,19.2846,-72.769,-12.7326,40.1847,21.6484,100.653,-85.3493,60.5883,-26.3958,train
1343,190.236,102.378,39.0888,82.8731,209.614,196.436,47.7407,135.917,53.1645,73.4904,175.034,233.306,541.217,3011.93,3468.73,21.7011,-20.8416,-10.2242,100.709,44.5485,10.6163,-100.709,-15.0371,23.3549,5.53302,47.5013,-63.9042,33.149,-20.9155,train
1344,60.6058,54.1084,83.7854,12.1846,191.059,46.5414,1.83656,188.309,78.4003,8.15544,148.235,585.121,372.884,7438.32,5710.63,81.8572,-77.1293,-25.7055,371.955,250.929,24.3789,-72.5033,-371.955,25.251,28.3426,172.107,-70.2682,81.7518,-228.743,train
1345,144.318,158.683,52.3411,31.7186,13.6007,137.416,21.0659,152.602,158.731,126.253,202.517,579.409,458.622,6306.84,6843.72,36.511,-33.6453,-21.0869,221.71,95.9764,4.74194,-155.086,-158.948,221.71,5.47583,155.968,-74.6673,44.9184,-8.42868,train
1346,44.2145,67.6134,202.583,98.4848,43.4272,22.8822,70.7615,15.6833,98.8314,128.111,127.211,209.53,441.636,5742.7,4843.64,30.6495,-30.4291,-18.3477,108.994,71.3193,10.9209,-37.2633,-13.7778,-6.88198,32.2695,108.994,-95.4071,19.4165,-8.15116,train
1347,22.205,122.487,96.9149,6.65627,132.501,171.043,207.612,13.6104,110.001,144.449,178.601,592.73,226.454,2874.43,3218.47,45.2987,-42.9098,-13.1844,266.504,266.504,40.9061,-145.785,-137.741,-6.99193,29.2935,55.8666,0.996724,11.7873,-49.0542,test
1348,1.88518,211.584,52.9835,196.417,106.533,127.095,145.114,43.8371,91.9653,75.6603,135.634,316.427,420.819,6394.17,7020.72,97.5134,-89.7772,-28.4154,587.225,587.225,8.06354,-237.696,-7.42376,-32.9981,13.424,91.8975,66.3681,22.423,-31.8901,train
1349,98.821,140.741,180.582,97.0033,79.5952,68.4296,190.721,140.98,5.08925,48.0336,121.261,560.603,261.68,4526.89,5006.16,52.0806,-51.8057,-11.2961,203.138,80.9367,34.6381,-63.332,-7.53604,20.8705,71.2413,43.2345,-23.997,203.138,-143.531,train
1350,166.092,86.7611,69.3699,100.126,65.6843,68.6894,74.4234,134.557,185.249,142.724,206.111,257.99,275.205,6066.84,7301.03,12.1392,-11.5609,-5.90974,63.5955,36.6071,6.82433,-63.5955,-19.853,23.0257,8.61977,34.8067,-36.7881,15.1752,-5.86682,test
1351,210.049,102.866,182.536,76.3096,10.4487,154.229,86.5792,5.52809,58.2571,172.565,162.355,376.945,475.828,5753.77,6277.34,28.3357,-28.0056,-18.0932,165.686,21.029,27.1842,-63.8204,-12.7524,-31.1495,18.1309,128.716,-165.686,23.6232,-22.9165,train
1352,82.1324,49.8447,115.693,161.947,134.18,167.905,191.987,164.959,1.01804,8.95498,100.928,371.464,473.856,3728.41,4195.45,131.309,-131.105,-14.2078,573.23,83.1923,66.2457,-78.2216,-2.54803,20.1631,19.6659,39.2991,-26.7322,573.23,-521.467,train
1353,103.091,123.003,101.681,157.111,30.3059,33.2854,36.6258,215.942,75.4039,129.445,118.876,539.406,254.456,4199.31,4590.01,41.4127,-40.7094,-19.0241,107.683,107.683,13.4415,-74.9946,-23.8093,64.8857,49.6717,86.1633,-37.3763,70.1579,-18.0631,train
1354,152.986,196.146,127.21,11.4291,180.123,97.6464,153.137,199.497,67.0004,54.5284,153.211,546.227,313.496,4752.48,6240.84,34.4783,-31.2578,-8.77156,169.793,66.0751,17.9544,-73.9973,-169.793,15.0215,36.0658,36.4868,-32.9372,40.9608,-91.3364,train
1355,20.7915,144.572,81.1831,115.691,212.557,199.491,207.916,154.922,63.9172,151.911,197.009,397.48,238.602,3852.2,5610.01,29.771,-28.5054,-9.56276,205.668,205.668,17.8541,-123.601,-12.0458,-5.13859,12.939,41.2155,-2.75087,30.8342,-24.0298,train
1356,145.867,175.144,195.596,13.5378,8.51811,42.4203,95.0201,50.8665,6.60094,164.987,107.052,309.538,533.49,7010.77,6603.35,39.7346,-39.0229,-21.6473,131.15,32.313,14.8137,-50.6537,-36.9964,131.15,61.1624,101.389,-44.9844,107.304,-22.2394,train
1357,180.693,125.518,81.9584,105.161,10.6215,205.134,89.4013,15.9741,192.847,111.883,108.202,521.364,260.247,7213.41,8502.59,52.9514,-51.2213,-27.356,166.72,39.2754,22.3868,-136.003,-22.8574,-49.0086,13.698,93.8516,-166.72,17.6272,-35.5178,train
1358,152.404,92.1318,54.5871,182.94,39.1576,22.6423,19.6771,204.326,207.269,73.1453,146.958,432.056,272.279,5894.88,6776.75,25.7209,-24.6821,-13.1022,94.0056,69.2435,2.64818,-94.0056,-22.2837,55.0552,10.7755,58.2831,-43.1366,27.8148,-4.71721,train
1359,156.622,187.843,162.456,49.8138,35.9138,44.1309,132.43,30.0109,16.6105,138.317,120.63,457.526,442.068,5479.78,5439.66,39.5065,-38.8715,-17.2235,86.4163,40.4568,18.9534,-72.6967,-20.3757,20.7765,80.6751,77.2597,-82.9914,86.4163,-36.4017,train
1360,198.28,5.15297,156.77,19.5319,72.3861,16.7213,94.2739,103.559,150.658,79.1953,189.026,418.056,502.078,5337.28,5240,27.1662,-24.7765,-9.22179,174.899,44.7598,148.353,-55.4157,-174.899,17.6594,45.7176,67.6092,-64.1075,32.0667,-13.6512,train
1361,80.3324,166.368,41.504,165.66,197.679,146.856,129.339,111.488,31.8117,115.504,205.633,362.087,214.582,4114.1,5068.51,23.7952,-22.8663,-8.46809,141.336,88.9108,15.0711,-141.336,-6.72168,12.1815,17.0736,24.5488,-44.6706,49.5021,-30.6998,train
1362,48.5848,195.52,37.0101,17.5131,221.305,177.214,32.2493,111.966,30.0107,49.2176,95.5407,219.464,426.24,3599.72,3334.85,61.1463,-59.3649,-26.1359,139.72,139.72,7.33351,-109.648,-43.4411,17.3191,8.09106,81.7163,-58.0207,35.8513,-41.2,test
1363,194.102,19.4215,199.12,142.722,133.898,196.978,54.4532,199.297,51.483,134.417,100.61,534.894,561.767,7275.13,10031.8,46.1715,-44.2553,-19.1711,109.8,67.409,109.8,-43.0911,-22.5365,33.748,10.826,83.9223,-54.8893,88.3547,-22.4361,train
1364,89.1157,16.3412,184.007,78.1427,207.807,202.239,157.279,24.7712,148.467,21.7533,166.259,496.963,292.459,5515.9,6434.99,26.4405,-25.6378,-10.1742,68.6483,68.6483,46.434,-63.6706,-53.8866,-14.7389,3.75194,60.6604,-65.541,40.1101,-49.3299,train
1365,223.477,172.869,168.606,90.8156,16.5843,198.824,49.4842,80.5677,0.91902,147.31,137.241,591.828,546.224,6653.48,7694.51,51.1907,-50.9303,-31.2149,263.471,46.6677,33.4173,-75.8446,-1.55744,263.471,29.055,196.327,-79.1804,217.652,-55.4593,train
1366,143.067,171.918,10.3234,221.453,16.8907,190.506,0.907375,5.78565,83.3756,10.5083,90.4796,238.427,224.038,5628.83,4613.75,248.828,-246.991,-213.842,987.066,44.8909,-0.0964661,-287.769,-10.8414,96.935,-0.0870538,914.094,-987.066,40.7232,2.23193,test
1367,41.804,141.368,59.3716,118.447,42.673,128.868,162.679,171.501,55.9715,176.76,128.873,361.247,590.518,5868.93,7160.4,48.4168,-46.7575,-19.0114,169.361,169.361,13.5201,-162.748,-14.3623,41.3922,14.8315,52.5957,-28.5933,42.9827,-15.2919,test
1368,101.044,101.732,135.205,7.05393,120.353,208.437,142.953,162.306,215.065,178.703,89.9915,397.79,509.425,5531.47,8408.36,45.8164,-42.0028,-17.3514,112.223,77.6899,31.3204,-67.8811,-112.223,25.5963,15.2866,51.4422,-33.7396,5.20548,-25.2156,train
1369,1.61513,207.407,184.293,195.346,182.532,70.9118,187.752,114.215,193.035,23.0563,124.659,354.836,245.744,5466.94,7872.14,54.1247,-49.578,-15.0136,312.667,312.667,3.07087,-68.3558,-14.904,-32.6233,8.98187,68.1613,37.6829,21.3297,-39.067,train
1370,140.252,122.911,119.477,50.923,52.901,166.335,74.6145,152.188,209.951,57.7986,159.852,271.766,335.566,7378.59,9123.28,16.0831,-15.3393,-7.95295,47.6263,44.7636,5.23423,-43.7779,-40.7342,28.0943,3.86777,47.6263,-33.0863,13.9724,-15.7413,train
1371,133.704,194.502,162.902,42.3442,199.513,82.7062,78.409,57.7854,92.019,198.258,192.894,574.853,226.31,4358.36,5654.3,23.3542,-22.7021,-11.1137,85.0973,67.6275,18.3756,-64.2511,-51.3516,5.60914,43.2143,85.0973,-80.6045,33.4184,-25.4947,train
1372,29.7838,149.962,15.8575,199.632,42.5741,80.7492,113.948,129.1,54.4695,219.615,142.292,210.207,530.586,7307.21,8351.44,64.2064,-60.7302,-25.0009,316.603,221.313,3.77513,-316.603,-7.69389,69.3736,7.0109,36.2212,-49.1794,39.8785,-3.64557,train
1373,156.126,44.7408,21.8048,200.374,158.244,57.5842,160.217,66.68,120.621,15.4295,72.7557,483.48,230.969,2833.65,2985.35,106.398,-98.9441,-39.7003,289.713,67.2337,11.4683,-289.713,-21.5681,8.47081,8.91041,13.0844,-120.089,50.6695,-47.0289,train
1374,112.187,168.966,99.4885,12.7672,119.351,90.2611,16.0443,139.18,201.558,210.598,175.926,268.932,544.665,3075.54,3952.42,24.0667,-23.1987,-14.1234,115.749,84.7881,9.64466,-40.2307,-83.002,48.2871,18.0545,115.749,-69.3266,7.43532,-10.9432,train
1375,172.152,15.0883,49.8637,167.742,202.406,178.237,167.483,193.892,221.485,216.91,151.51,336.267,301.713,6535.62,11453.5,20.3929,-19.1423,-7.6383,99.5336,47.2955,34.1698,-99.5336,-16.9732,9.54642,2.89258,13.514,-34.8598,18.1792,-3.36138,train
1376,37.3996,84.9367,199.184,12.3367,33.7171,122.548,82.5591,151.734,212.863,22.9318,205.911,317.227,232.97,3242.96,3424.77,24.2161,-22.7239,-7.19911,153.853,132.422,15.0022,-34.611,-153.853,-3.49284,10.3979,63.7518,-16.5927,12.6101,-78.5829,train
1377,93.7596,74.5702,10.6127,167.019,2.024,136.924,131.628,156.886,36.4166,222.674,197.204,351.369,592.751,5419.01,6240.21,71.5425,-64.4884,-32.7674,636.931,103.552,-22.6223,-636.931,-31.138,491.435,-12.3203,34.874,-55.8461,201.963,10.7139,train
1378,16.6612,173.746,209.316,24.1034,128.726,52.2644,103.026,204.424,129.203,62.6704,184.211,487.244,305.652,7531.02,9027.79,40.7662,-39.9721,-13.7682,295.177,295.177,14.1192,-60.9405,-100.371,-18.44,46.9375,108.213,-0.315213,26.4806,-55.3577,train
1379,70.9203,214.964,38.0617,22.4613,203.678,217.818,111.638,95.1891,147.872,175.583,196.07,277.388,341.59,7339.95,10187.2,24.2305,-22.6698,-9.7134,141.809,89.3971,8.55311,-141.809,-41.6394,12.917,8.44102,33.2352,-52.9824,8.94475,-14.8089,test
1380,85.3926,71.9827,37.9362,75.8909,127.119,46.6512,102.254,67.9874,21.1789,29.3267,158.491,577.761,202.501,7824.8,5417.45,64.2302,-62.2568,-18.819,237.148,121.338,41.5806,-237.148,-36.6912,14.1537,64.1587,44.5186,-95.3469,185.936,-144.335,train
1381,132.383,179.597,12.0937,197.118,189.416,94.2992,122.028,170.571,68.656,12.1662,61.803,485.547,393.914,7796.22,9502.8,142.464,-133.041,-44.5524,323.097,110.272,3.68839,-323.097,-21.2718,29.2983,7.02471,-10.9869,-80.7767,86.3707,-77.0008,train
1382,225.228,37.3502,13.274,205.19,154.4,44.8309,64.1454,134.369,141.859,158.998,132.839,526.079,279.123,4225.28,5356.84,56.5288,-51.2758,-19.5363,325.352,63.2909,29.0083,-325.352,-20.3583,31.1968,24.1678,-20.7702,-94.6619,41.6443,-9.63693,train
1383,221.988,24.7161,180.924,191.001,137.533,11.3389,76.1195,206.466,133.593,118.037,152.138,375.127,597.942,3739.55,5207.8,18.8115,-18.5081,-9.52174,59.9298,46.2019,17.166,-38.563,-17.4187,23.1071,37.4179,59.9298,-44.5568,35.2195,-5.08332,train
1384,4.9088,78.7216,0.790255,173.802,112.928,66.8698,60.5134,83.5959,19.4332,156.671,170.175,298.056,593.51,3866.91,3150.03,487.4,-460.262,-158.46,2978.34,2551.16,24.241,-2978.34,-6.16953,75.0061,28.5373,-14.6512,-161.434,78.0329,-17.2255,train
1385,210.323,171.734,112.527,11.5355,177.081,140.596,197.955,207.647,3.08044,89.9508,86.33,253.83,575.156,5791.23,8096.67,33.8717,-33.0692,-12.1629,59.6129,32.5524,14.0243,-57.9411,-11.2564,23.5959,17.1303,28.4454,-29.3418,59.6129,-37.8659,train
1386,8.04688,60.3716,98.3804,37.0796,133.337,170.176,81.925,183.044,41.7725,77.7741,188.638,520.22,488.021,7298.32,7015.12,75.7423,-70.5126,-25.8606,562.944,562.944,55.2112,-162.196,-50.4056,-19.0592,19.5867,185.65,5.19399,63.2759,-60.6093,train
1387,167.395,125.209,27.1231,152.472,22.8393,85.9718,57.6251,91.104,45.8656,34.9071,138.984,356.873,339.209,5923.75,4905.21,44.9742,-42.5116,-19.9673,205.318,50.9538,6.85541,-205.318,-17.7761,98.5279,9.98422,49.0868,-77.005,83.571,-34.7753,train
1388,143.372,187.965,62.4013,204.633,99.8489,167.264,200.691,120.307,37.0907,190.313,180.402,388.272,253.169,5939.53,8912.68,20.4221,-19.554,-7.75987,110.573,50.7767,14.5075,-110.573,-5.64818,22.4484,16.303,21.2611,-39.9348,44.0691,-20.2636,train
1389,25.6288,138.098,31.7927,208.372,40.871,144.813,15.9115,113.459,176.874,189.614,68.7703,526.152,559.552,4599.57,5429.01,220.25,-209.798,-104.807,512.783,512.783,4.41467,-259.119,-22.3248,78.9952,4.20996,264.556,-98.2263,37.1945,-4.54706,train
1390,113.87,120.199,43.8595,152.886,21.0657,135.646,178.254,51.8523,89.938,19.5079,102.834,497.238,413.983,5497,5366.88,71.617,-67.9647,-27.2934,227.51,79.7266,7.77466,-227.51,-26.411,3.23897,6.88932,39.7169,-111.989,63.4927,-67.7467,test
1391,98.3494,102.277,26.4101,34.8148,146,43.5755,133.935,211.989,37.0143,86.3415,89.7453,337.05,358.633,6478.23,6605.43,63.9568,-60.0729,-20.2555,173.316,92.7361,18.6251,-173.316,-42.0966,29.3456,43.7153,12.7424,-38.3596,55.9959,-31.2012,train
1392,178.012,2.3207,150.393,193.279,43.8884,113.3,119.816,43.7644,139.728,78.2102,60.4264,305.06,522.538,3867.69,4317.29,56.7926,-54.7897,-29.1057,83.6703,31.6825,72.3902,-58.0964,-14.9142,-6.68351,1.48276,67.1216,-83.6703,29.1754,-3.03774,test
1393,106.105,44.9448,36.6424,0.789704,214.789,222.58,185.344,191.784,220.129,73.9817,168.604,509.339,587.527,5506.59,7931.12,59.2447,-50.555,-14.7787,344.93,121.811,107.265,-224.623,-344.93,35.1923,21.6596,23.9385,-57.7483,1.74998,-92.1568,train
1394,105.983,39.7398,196.765,7.84983,161.387,83.1295,172.63,162.032,216.484,92.9867,200.575,326.283,589.577,5009.61,6897.73,19.8437,-17.8659,-6.3213,143.95,63.5445,53.6702,-45.4839,-143.95,14.5105,25.6569,46.5872,-30.3017,7.38179,-32.4379,train
1395,70.5296,117.178,67.5901,39.4079,195.089,26.2646,109.59,42.3788,67.7264,3.39884,83.7254,366.136,529.294,4513.79,3432.2,86.8418,-83.1906,-32.2047,141.877,94.8188,2.23501,-141.877,-86.2636,-1.91346,9.97135,76.4998,-100.986,70.9852,-108.971,train
1396,120.812,171.338,7.95139,219.565,85.6992,134.943,166.941,189.003,165.21,201.912,131.242,274.61,508.86,7711.52,12430.8,50.2331,-45.6754,-19.4626,287.18,91.4099,-0.506103,-287.18,-12.9019,63.7637,-0.642602,-3.91896,-62.0845,24.2492,0.607359,train
1397,33.8655,38.7462,66.1682,30.226,125.165,45.435,185.021,64.9363,198.603,41.6915,82.6758,245.655,517.262,3050.97,2881.67,63.5999,-60.3383,-23.4085,128.297,128.297,18.2347,-123.888,-57.8982,1.10457,15.5502,43.8807,-41.1239,12.4616,-23.966,train
1398,171.831,132.461,28.8451,169.521,193.728,125.714,174.965,43.9712,207.993,76.6805,139.841,350.18,450.551,7473.03,10484.5,46.805,-43.3137,-20.8043,255.592,44.4526,6.3688,-255.592,-15.6805,7.63116,6.71065,31.2868,-133.041,18.0738,-15.5588,train
1399,183.846,28.1989,129.215,152.722,121.005,42.7401,179.529,79.5538,184.738,56.9408,77.7132,404.213,270.498,4851.6,6059.59,37.1243,-35.7684,-14.912,62.7249,36.5869,25.4675,-62.7249,-21.7648,-5.28687,16.8029,32.0047,-47.7172,25.4459,-17.8365,train
1400,224.325,18.5914,131.071,150.684,172.445,107.462,137.133,218.389,26.5718,210.954,201.076,391.569,242.935,4816.54,7237.39,16.7909,-16.1608,-4.48632,121.908,34.8892,121.908,-48.4465,-10.9452,13.1145,21.0906,25.1036,-25.3251,87.7777,-15.1939,train
1401,23.2293,60.1691,118.44,137.844,141.807,19.7501,13.078,65.176,164.859,45.5901,164.826,508.573,459.722,5130.8,4267.14,82.8654,-79.9844,-43.5376,493.661,493.661,11.8904,-70.8121,-31.7047,14.1839,36.2244,356.989,-138.472,37.4899,-22.1929,train
1402,91.8055,9.97842,204.887,196.598,180.958,44.3451,213.582,45.5142,36.4631,41.5251,96.0507,336.68,253.981,6331.15,6977.62,37.9728,-37.3291,-9.97721,104.574,47.8994,104.574,-40.231,-11.8176,-7.14362,23.531,32.2859,-32.0236,90.1095,-35.5377,train
1403,131.042,33.6873,35.9301,22.3987,4.82974,3.61019,222.459,107.001,138.894,87.49,79.8321,412.766,287.531,5176.55,4816.66,86.6389,-76.1054,-27.205,199.059,61.8584,14.5365,-199.059,-162.418,70.4914,135.642,19.2276,-52.5821,37.0416,-7.91557,test
1404,176.642,93.347,153.444,185.217,190.542,185.445,20.7285,101.143,44.7003,28.6826,204.514,259.456,558.815,5955.4,6865.67,19.4437,-19.3717,-11.5354,115.05,51.4653,8.95585,-27.8988,-9.4946,24.865,4.50808,115.05,-90.8342,55.6368,-41.2197,train
1405,166.268,47.7566,76.4666,21.3693,9.05314,80.8328,40.548,48.3897,215.284,117.086,132.181,377.625,441.035,5250.48,4789.35,44.8021,-41.6364,-27.5986,147.188,46.5675,18.8679,-104.574,-134.547,120.54,11.1473,147.188,-115.921,18.8873,-10.8834,test
1406,203.465,15.9061,125.237,139.004,104.858,42.3129,80.6447,196.834,78.1108,165.589,66.7258,403.817,411.487,6788.59,8490.86,49.8556,-48.773,-20.3383,64.9726,46.6578,64.9726,-53.7873,-21.616,23.3683,24.4243,47.3128,-39.1934,54.4008,-8.82626,train
1407,36.7207,209.859,16.6568,11.3661,83.196,24.0922,170.389,108.964,138.107,40.1046,68.9811,407.567,386.855,6839.28,6435.11,189.8,-172.548,-57.9972,395.753,258.807,8.55097,-395.753,-200.699,37.8229,74.4846,20.8853,-70.4468,23.3592,-63.2796,train
1408,125.795,160.821,87.6511,167.483,30.215,53.7121,136.85,97.4003,139.283,175.161,79.7567,509.525,425.58,7580.35,9715.48,57.1496,-54.9403,-25.4788,116.498,74.1714,10.0597,-116.498,-20.763,25.0768,30.1199,52.8678,-61.4926,35.3085,-13.0618,train
1409,171.86,164.27,155.934,64.1797,90.0141,114.286,138.89,136.81,131.945,163.597,152.916,437.608,553.436,3924.7,5628.6,21.7168,-20.8867,-10.223,62.2859,52.0778,12.1209,-62.2859,-37.1608,24.3187,17.4222,54.337,-47.2818,25.5627,-17.2121,train
1410,216.484,40.3858,6.44793,30.0916,222.07,111.168,199.19,1.99792,137.652,91.8908,60.2334,203.984,415.578,4843.55,5473.25,411.468,-370.317,-185.313,1144.84,13.3657,23.1935,-1144.84,-36.6599,-1.1237,8.42584,37.9274,-604.226,11.3336,-14.4158,train
1411,53.7398,49.0867,200.449,23.2881,39.1398,52.7771,183.061,7.23332,201.832,4.62506,137.018,286.545,543.533,4982.55,4462.97,34.478,-32.708,-11.6899,109.845,61.3254,6.26189,-53.5601,-109.845,-54.3667,5.82404,60.8033,-84.104,17.9241,-93.9868,train
1412,6.81268,34.5082,91.7473,173.737,102.59,165.519,20.9454,159.95,101.382,27.2002,149.899,396.759,242.24,7836.87,7256.2,118.751,-108.531,-47.746,776.581,776.581,25.3085,-98.4724,-17.8099,-17.2652,5.27641,342.119,-11.6975,43.1627,-45.4078,test
1413,21.9896,217.955,186.811,158.014,107.595,162.928,154.468,163.471,123.757,115.594,102.909,507.643,476.853,5256.03,7898.46,62.8648,-59.6018,-21.9628,255.78,255.78,11.8473,-76.9406,-15.7849,-18.0881,15.8486,85.1168,-4.74134,28.5025,-31.5911,train
1414,157.609,61.2614,83.6465,151.018,83.5498,74.3457,88.082,142.347,125.621,112.203,144.459,307.55,579.597,7165.33,8344.86,23.6912,-22.91,-12.2469,79.2833,53.2374,10.6693,-79.2833,-16.037,34.6299,8.79158,57.0982,-52.8062,27.2651,-8.23824,train
1415,73.2625,83.2319,152.402,146.755,171.954,117.839,124.827,61.2618,173.83,54.9862,91.7079,565.67,561.245,6423.25,7824.62,59.4454,-58.2663,-26.8959,122.363,122.363,17.1862,-89.3554,-28.7981,-5.34065,12.1389,90.1957,-76.3623,34.3832,-36.79,test
1416,148.81,98.0051,135.634,94.4397,52.112,134.144,190.829,78.9549,46.5298,44.9502,171.221,445.754,343.298,2781.99,2986.61,23.7437,-23.1747,-7.9434,72.8866,47.8945,21.0138,-71.3569,-25.3927,5.21082,15.3526,38.6916,-47.8174,72.8866,-64.7943,train
1417,74.0361,74.8989,98.255,48.632,80.9302,57.8669,223.246,161.387,11.8017,112.284,198.488,554.426,550.322,3795.78,4005.56,34.3051,-33.572,-10.2972,130.861,125.321,59.5649,-130.861,-22.2675,32.7577,77.0967,46.3293,-32.7206,129.767,-56.1907,train
1418,157.424,100.332,179.917,202.704,124.245,14.356,140.445,7.67046,125.289,176.028,208.483,595.746,490.57,7374.7,9539.06,25.6727,-25.2074,-12.8419,139.687,42.6561,15.623,-89.28,-21.6571,-29.2352,109.187,101.757,-139.687,49.5522,-12.5933,train
1419,172.066,110.319,149.572,190.807,133.221,162.881,169.831,175.537,116.973,112.054,183.491,526.663,492.466,7626.09,12072,18.7628,-18.2604,-7.72755,69.5439,59.993,18.3383,-69.5439,-16.9993,13.6054,12.4205,42.7617,-40.7345,39.2152,-25.5328,test
1420,203.081,63.1919,151.422,79.5159,19.4587,118.74,143.021,67.7371,112.921,58.1539,91.402,342.247,245.433,4811.14,5170.96,28.9452,-27.956,-11.9145,46.7585,27.7794,18.6315,-46.7585,-28.2347,-1.34068,9.91543,36.1687,-46.3285,28.1174,-28.6316,test
1421,80.4696,187.506,118.109,131.36,77.6685,162.175,2.52714,225.711,200.117,8.35819,121.73,378.711,590.554,3969.73,4990.75,43.9725,-42.2214,-26.631,163.96,163.96,0.138737,-34.4857,-28.6319,72.6884,0.160407,160.02,-58.9387,26.5794,-4.40159,train
1422,23.2629,116.369,220.165,111.526,186.142,132.69,174.196,98.681,176.955,200.253,92.0205,439.613,341.953,4696.07,7340.81,51.8527,-49.1068,-18.0118,191.268,191.268,18.8695,-55.2244,-19.729,-11.5341,16.5485,63.0186,-0.764021,17.5847,-15.5072,train
1423,74.6389,128.876,59.2641,3.59301,223.842,174.048,79.4171,206.374,96.1119,79.8967,187.991,390.829,361.423,5897.44,7103.94,31.8575,-28.9242,-9.92821,164.149,117.881,25.7495,-110.364,-164.149,19.2117,19.0665,46.875,-33.5109,8.67833,-58.7391,train
1424,152.874,198.634,146.926,63.9073,6.79243,213.286,31.2103,4.71389,197.36,164.562,165.09,575.888,564.708,3956.75,4866.5,69.481,-69.0711,-54.853,493.126,48.4228,19.2013,-105.639,-30.4321,-44.3338,17.8823,442.351,-493.126,13.936,-32.7772,train
1425,128.426,201.251,39.7653,218.666,218.54,195.382,14.4783,142.723,196.361,88.9147,94.9655,270.929,591.706,6750.68,10048,44.3861,-43.3194,-25.0579,90.0412,81.4822,2.1505,-90.0412,-10.4109,25.0693,2.2151,85.0993,-76.8442,16.3957,-6.88365,train
1426,62.9315,187.992,215.239,146.461,170.237,115.252,149.118,73.0113,145.879,219.364,163.132,587.179,273.484,4686.98,7409.18,25.5719,-25.1926,-10.4977,122.397,122.397,16.0243,-58.7606,-19.5229,-6.04155,26.1379,64.2606,-35.4631,27.7198,-19.4209,train
1427,32.2746,117.583,201.932,169.241,210.989,29.5442,85.7979,145.817,211.25,87.3919,163.492,237.624,416.89,3475.59,4803.54,22.3014,-21.7278,-10.0865,138.672,138.672,4.0621,-33.7838,-11.2184,0.951431,16.1667,73.2804,-20.3606,12.7102,-7.72925,train
1428,7.4402,85.3731,108.828,140.508,206.118,34.7728,42.4251,50.2791,185.31,5.65518,80.6907,494.142,302.77,2852.99,2567.58,191.974,-177.035,-73.378,668.41,668.41,2.77253,-118.341,-33.4836,-22.6716,6.80703,264.59,-0.891218,35.9046,-59.1924,train
1429,42.5987,134.445,178.385,21.1702,92.1989,156.185,181.418,134.909,28.8758,2.77023,124.299,520.915,312.801,5664.71,5786.31,82.6807,-80.0594,-12.4388,340.351,163.076,4.95888,-66.1974,-214.568,-30.4207,4.26861,51.445,-18.2159,222.47,-340.351,train
1430,165.298,177.798,26.5789,152.67,61.1252,111.921,47.4259,95.0582,98.3233,141.585,94.3011,372.874,272.616,5610.75,6342.15,55.7554,-52.2204,-24.8511,185.16,54.3929,6.95429,-185.16,-16.3247,45.3167,11.0476,35.5633,-78.2888,35.8473,-12.3503,test
1431,182.118,75.8601,10.2229,2.41173,165.435,207.873,95.5249,38.1358,6.89252,195.856,174.686,380.485,253.512,6206.47,6354.37,64.7109,-58.3399,-25.4589,459.835,50.785,47.7698,-459.835,-75.0616,31.813,17.4328,13.2647,-201.883,37.1435,-26.1665,train
1432,43.0566,169.173,127.328,21.0638,56.6165,56.0249,109.797,66.9208,108.335,7.79197,77.0924,480.733,288.644,4568.46,3707.06,99.0189,-93.7162,-26.4515,188.489,162.341,4.94777,-81.0392,-188.489,-31.5766,14.9403,70.9858,-46.1229,51.8284,-151.917,train
1433,114.951,124.972,79.2156,0.957779,182.034,90.7059,162.119,135.504,137.107,145.904,73.2426,318.537,230.419,5434.25,7026.16,52.4501,-45.827,-15.3551,129.392,51.5177,24.497,-74.9637,-129.392,14.3528,33.7513,24.0146,-28.5612,1.27829,-29.6737,test
1434,131.911,89.4973,31.4805,125.971,31.1356,108.639,152.498,141.393,192.71,158.057,133.809,214.383,392.908,5378.46,7034.4,26.6029,-24.408,-12.1272,137.149,45.8116,-0.948562,-137.149,-17.6924,53.6529,-0.781433,20.1579,-39.0001,16.3556,0.759584,test
1435,9.27546,103.998,38.1828,144.533,101.238,155.353,75.1627,77.4217,10.4482,193.662,199.194,315.52,257.229,4975.76,4809.28,54.0353,-51.2743,-19.0795,395.129,395.129,27.2635,-219.284,-2.21304,1.87623,18.2509,98.1727,-9.31223,43.2939,-20.705,test
1436,212.014,157.29,39.4584,220.088,61.9085,184.529,72.0112,7.46657,139,39.3132,96.9033,403.475,574.258,6644.73,7533.31,104.216,-99.6968,-59.2584,310.932,26.7736,7.08745,-308.438,-13.2673,-20.649,6.04125,159.776,-310.932,29.7083,-40.1021,train
1437,212.067,181.769,57.9759,139.487,136.271,151.088,145.702,29.2086,50.4956,93.1496,90.1186,219.956,444.724,6312.61,7672.26,42.9124,-40.9499,-21.464,119.616,19.3858,6.8686,-119.616,-6.81826,7.04832,8.2634,45.9615,-92.5522,26.636,-18.955,test
1438,190.754,183.47,143.689,23.4197,217.714,146.403,95.9697,140.788,98.0277,217.296,102.282,582.086,422.757,4866.25,7503.12,40.5827,-38.5064,-17.5041,73.1675,60.8475,22.3867,-70.174,-73.1675,18.7057,28.0547,62.8105,-58.121,24.721,-26.7313,train
1439,80.9109,15.1943,110.218,4.09219,210.721,133.798,82.2344,159.344,19.4064,200.117,116.67,584.456,452.38,3829.27,4226.4,77.3543,-71.5174,-20.4807,311.317,141.156,311.317,-96.503,-272.298,21.1759,35.3538,82.4073,-49.4928,81.2029,-33.4285,test
1440,158.692,218.242,188.024,123.869,128.77,31.5319,159.821,60.9866,104.001,8.22529,122.14,522.034,251.205,3505.68,4231.74,33.4222,-32.6767,-11.0747,83.3484,48.7224,2.22124,-55.5315,-38.2304,-17.2717,15.3739,46.1984,-58.2388,64.3949,-83.3484,test
1441,219.42,170.106,148.695,140.856,14.8906,146.684,163.988,105.882,46.139,58.5876,170.694,399.853,433.055,5415.67,6786.4,19.6456,-19.1831,-8.37084,68.7387,31.5882,10.3225,-63.1833,-15.9213,46.3349,11.9708,46.5388,-39.1689,68.7387,-42.3852,test
1442,9.50443,102.547,217.579,78.2007,218.753,56.3277,163.671,82.8098,28.5876,210.653,64.7199,554.162,326.763,7539.81,9444.13,125.292,-122.536,-37.511,355.546,355.546,40.5847,-75.8953,-17.6442,-16.1925,73.8861,94.8009,36.9284,68.2574,-27.9403,test
1443,107.309,131.711,117.948,53.8356,160.31,221.139,111.382,173.481,5.66673,114.08,205.671,253.911,496.042,4688.4,5849.53,15.4563,-15.2519,-6.45009,59.5577,59.5577,17.6839,-52.4527,-3.89953,22.7187,10.5327,46.313,-31.4011,52.3919,-28.874,train
1444,76.2556,23.5202,32.1236,206.624,148.54,72.3028,125.364,48.2707,87.0447,109.067,94.568,207.587,446.938,5343.54,5288.09,55.2216,-52.3526,-24.5512,174.369,66.8228,23.941,-174.369,-7.32136,10.1453,7.78806,39.7707,-88.4713,24.5779,-7.30139,train
1445,225.737,188.724,98.4633,46.0353,100.592,191.751,208.335,196.809,185.871,109.154,160.028,490.208,495.014,3229.41,5437.87,22.8609,-21.0841,-8.71738,93.768,46.1761,11.1259,-93.768,-60.8739,27.0325,10.9503,29.397,-39.6767,21.3219,-27.2045,train
1446,164.202,197.084,224.03,97.6725,163.043,34.9055,119.37,7.87059,107.787,188.82,172.783,581.741,209.467,6573.93,8898.66,24.8322,-24.3622,-12.2977,104.551,38.9721,13.5762,-58.687,-32.1663,-15.7007,76.6541,86.8435,-104.551,41.2215,-20.0399,train
1447,175.302,139.768,110.312,207.435,35.307,110.091,119.397,34.9115,34.1387,72.7707,140.897,278.042,596.383,6539.92,6862.97,28.7884,-28.1864,-15.4536,90.8951,28.6606,10.8287,-84.132,-6.10753,27.6699,13.7477,76.9944,-90.8951,52.4826,-29.4132,train
1448,55.2339,27.4359,194.637,151.266,171.381,199.974,74.0159,92.2062,134.098,121.685,105.179,213.854,473.97,3380.78,4317.84,31.1672,-29.884,-16.1196,90.4006,90.4006,20.432,-31.6597,-10.4317,7.44936,2.80322,76.8783,-43.7831,16.6414,-6.51495,train
1449,9.09219,119.787,97.4535,92.3205,175.251,30.8082,186.097,161.867,101.618,103.402,144.192,254.765,352.067,6183.79,7388.97,37.3275,-36.5996,-12.3809,217.16,217.16,8.62867,-94.2927,-16.3998,-11.9099,33.5497,50.471,5.00786,21.0708,-14.1364,train
1450,216.1,119.704,216.445,154.899,111.515,93.3471,140.158,52.3627,84.1346,14.0209,101.521,552.686,240.506,5111.37,6183.89,41.0824,-40.4451,-14.2652,92.6829,37.4931,7.6763,-50.2825,-29.7483,-18.227,9.84374,54.0481,-69.5563,77.4553,-92.6829,train
1451,99.3996,28.306,52.1443,13.7328,184.548,213.698,126.496,15.8779,12.9754,66.7448,84.6784,491.434,357.566,4864.28,4029.42,110.923,-105.96,-40.5639,224.165,66.698,134.969,-224.165,-79.6569,3.36772,17.8777,75.7393,-152.789,119.227,-80.9487,train
1452,20.0656,61.6259,144.304,79.8657,76.6189,223.161,38.022,70.3496,84.7551,168.271,97.9699,498.899,476.229,6949.43,7096.35,114.343,-107.225,-52.1293,413.503,413.503,42.2064,-79.2222,-29.9,12.01,11.6553,239.649,-66.5033,39.8457,-21.8599,train
1453,175.933,69.8021,121.725,130.375,167.959,139.964,166.465,113.966,184.829,98.991,177.156,396.294,469.387,2992.39,4388.19,17.4139,-16.7451,-7.77446,71.0364,45.1068,16.5053,-71.0364,-21.5597,6.91825,8.23143,39.7932,-49.2989,21.507,-16.4593,test
1454,131.844,104.598,75.7199,118.079,207.586,145.695,24.6781,161.981,199.008,127.273,150.405,304.064,411.912,4396.56,6066.21,21.5863,-21.1062,-11.611,68.4174,68.4174,7.92165,-55.7401,-18.7338,18.1501,5.68714,67.6214,-52.2077,15.7196,-9.20701,test
1455,78.8141,135.228,119.557,140.552,213.284,127.453,95.4899,131.9,4.34375,110.82,199.898,342.801,344.301,5891.45,6999.68,20.3967,-20.2063,-7.65784,84.3323,84.3323,23.7229,-59.2225,-1.56537,14.0589,25.1701,54.0934,-34.509,71.6316,-40.9383,train
1456,174.925,68.6898,84.3359,11.8459,111.709,19.463,49.1786,97.5745,167.77,217.684,184.955,547.238,248.537,4344.14,4860.58,34.8225,-31.2759,-12.0403,214.268,62.0542,42.7164,-95.4241,-214.268,25.4613,150.757,74.0571,-78.0114,21.3957,-19.0623,train
1457,66.1051,59.5308,34.6749,92.224,68.8722,208.941,101.437,180.176,124.797,133.602,181.227,257.172,512.9,3869.45,4578.61,27.9417,-26.4875,-11.732,154.677,113.165,9.66536,-154.677,-21.6466,42.2915,2.75382,38.921,-38.5314,22.6226,-6.0906,train
1458,58.8574,151.919,85.2801,102.781,193.052,148.783,76.2579,65.7509,12.2084,80.7811,139.339,246.908,318.333,2726.61,2675.24,29.1657,-28.7773,-12.5544,81.4794,81.4794,13.3208,-67.9514,-4.33347,9.74444,13.6016,61.6779,-50.0417,51.5947,-35.428,train
1459,159.979,91.7041,185.689,14.0713,175.925,139.65,193.345,222.2,69.5372,209.08,179.223,248.316,434.977,5103.2,8160.13,11.675,-10.9514,-4.49941,45.8025,34.8668,20.0499,-33.504,-45.8025,13.928,13.1662,27.3425,-19.6971,13.1075,-12.4367,test
1460,69.5954,110.593,122.316,87.3606,141.924,148.306,171.611,115.753,185.085,104.055,198.234,279.776,438.238,3416.46,4671.63,15.2309,-14.7526,-6.44158,75.3205,75.3205,9.10456,-61.5919,-20.4996,4.60342,6.78938,39.0279,-29.8619,13.6837,-13.6849,train
1461,161.399,166.268,130.848,19.927,106.228,33.2005,93.3547,199.864,123.477,147.714,84.4012,508.5,382.205,4094.69,5302.02,52.6646,-48.6383,-18.4797,121.02,65.1833,16.0791,-65.3931,-121.02,28.4666,80.524,52.5896,-38.4611,27.6202,-25.5954,test
1462,118.691,131.952,134.002,160.342,195.15,174.309,71.8573,177.056,69.9438,42.1385,171.969,470.243,304.267,3344.28,4357.58,23.6662,-23.3243,-8.96084,80.8644,80.8644,12.5221,-56.358,-19.0225,9.45609,9.47928,56.0832,-39.102,61.671,-55.4535,train
1463,155.223,77.0698,36.2649,11.6596,64.1441,218.687,182.308,55.1492,82.9138,188.041,200.484,478.478,533.952,5660.74,6636.13,41.2578,-37.0827,-16.4814,278.754,61.7492,44.267,-278.754,-117.769,53.426,15.6006,41.3014,-123.091,23.4208,-25.6583,train
1464,179.582,153.163,14.5314,58.8816,189.226,10.2278,74.2301,31.4907,158.798,205.852,69.549,286.956,588.309,4419.51,5135.63,155.492,-142.98,-72.5087,425.333,46.28,3.56151,-425.333,-39.4701,16.4746,53.3339,63.0832,-244.372,20.6975,-3.74754,train
1465,153.297,130.069,83.3256,65.6637,90.1633,37.8302,139.888,68.8281,151.511,89.587,192.827,402.456,361.326,4055.07,4436.5,21.1503,-20.0501,-8.94819,100.594,47.652,10.0495,-100.594,-41.3841,6.24327,34.5524,44.0523,-67.4015,25.3647,-20.6342,test
1466,67.5522,196.814,50.5683,48.5275,122.725,4.69269,2.99018,58.8338,134.666,82.5063,96.9922,533.262,597.002,7510.51,6080.86,124.013,-122.311,-74.7196,336.521,235.725,3.0101,-119.525,-97.6804,47.6752,126.245,336.521,-254.583,49.7796,-10.1546,test
1467,118.096,57.2151,33.5729,172.22,160.646,185.245,127.855,32.1039,173.872,61.1249,113.113,428.055,561.695,4407.07,5180.53,75.1034,-70.4778,-34.872,301.87,70.4848,17.2118,-301.87,-19.137,4.65401,5.31609,64.7522,-178.118,26.8067,-22.7842,test
1468,43.2223,177.073,91.659,44.9874,44.4728,137.758,203.885,155.714,3.6202,115.657,159.289,559.7,387.928,3158.91,3513.6,44.6624,-43.8283,-14.2079,174.687,174.687,29.9533,-143.138,-6.51475,37.3326,38.5018,52.1814,-17.7408,114.491,-64.8544,train
1469,154.318,49.3037,101.774,157.656,29.0072,139.93,103.362,42.8711,202.932,190.099,135.515,234.599,378.797,4351.64,5549.4,20.2914,-19.6635,-11.7871,67.8446,28.5299,12.0264,-63.1133,-11.1195,10.4671,4.23744,55.7864,-67.8446,12.2168,-4.41112,train
1470,165.684,96.0302,75.3276,40.845,90.6044,142.684,15.0873,179.644,80.1203,15.8657,168.164,250.04,589.126,7488.49,7000.25,22.9503,-22.3111,-12.7245,93.7688,59.7023,3.73162,-46.4739,-52.4435,57.936,2.51149,93.7688,-58.1866,37.8097,-31.9419,train
1471,56.5894,182.047,34.9991,128.602,155.272,79.2256,217.387,11.6604,57.2198,206.099,124.132,513.976,232.212,3180.4,3876.71,74.3113,-69.9898,-29.9196,325.03,112.488,18.3649,-325.03,-13.9694,-3.67499,42.1994,40.5684,-148.677,44.4009,-22.9409,train
1472,196.84,22.8605,57.8276,15.9798,187.96,222.257,222.01,63.1723,53.9281,141.896,161.781,324.979,308.528,4647.32,5881.2,27.6164,-25.2927,-9.21612,117.727,30.6177,87.3207,-117.727,-78.4487,8.10489,8.98146,22.6651,-62.1674,32.8743,-19.8952,train
1473,80.4076,163.184,28.456,51.2586,79.3259,12.5924,76.7389,128.733,75.8719,69.2891,70.7546,252.673,215.614,2714.09,2261.12,63.5452,-59.806,-22.3725,129.949,75.0983,4.10309,-129.949,-36.2313,20.8581,53.1716,21.5823,-38.5788,34.6167,-13.6659,test
1474,79.9986,16.5805,186.617,138.801,76.8282,49.6129,56.0552,87.6777,46.6475,34.6265,89.7746,403.984,434.276,7776.08,6162.24,59.8179,-59.4492,-25.9856,105.531,102.996,67.5019,-44.0622,-21.0419,16.6483,22.559,105.531,-67.7396,88.5446,-45.711,train
1475,213.984,213.145,32.3201,68.0562,216.485,119.484,169.985,4.69566,162.612,219.228,120.721,410.956,441.778,5998.06,9052.45,77.5463,-71.6248,-37.5104,366.501,22.9042,11.0193,-366.501,-25.8735,-4.47745,19.657,64.3589,-238.396,15.3139,-15.1513,train
1476,71.6994,203.89,31.4937,139.907,157.187,217.128,179.798,120.664,215.971,11.8268,165.229,553.161,281.564,5530.36,7931.23,47.7913,-44.941,-16.4618,257.102,157.789,1.96687,-257.102,-36.6713,4.14277,1.84695,20.1789,-67.7637,33.5959,-47.9532,train
1477,156.276,121.127,68.6586,183.758,133.812,190.625,146.249,111.174,85.9953,203.863,122.195,521.58,500.254,3181.92,4737.41,40.6571,-38.9142,-17.4765,143.66,69.0215,22.256,-143.66,-13.7137,22.7979,14.1419,44.9427,-70.8629,41.442,-18.701,train
1478,21.9044,179.819,101.368,182.858,86.4273,126.354,206.761,61.4972,69.1557,17.6995,80.1187,509.658,258.157,7731.58,8490.34,96.0818,-92.7032,-25.4641,248.078,248.078,7.00827,-122.695,-20.9799,-40.4841,9.97371,50.2094,-7.75965,78.4523,-100.693,train
1479,209.42,190.093,203.819,180.907,88.9206,35.9124,24.8818,162.41,61.2635,128.293,112.967,232.756,238.378,4788.45,6313.95,17.5158,-17.408,-9.8238,52.6985,29.184,4.63025,-15.9688,-8.00066,26.2793,24.5091,52.6985,-32.9512,33.4114,-9.70246,test
1480,193.318,72.9566,216.934,23.1882,51.6002,128.45,202.295,168.882,147.567,223.508,77.2088,488.155,339.678,5746.48,9122.74,39.2922,-36.1012,-13.9332,84.8744,41.6009,39.9342,-46.0933,-84.8744,23.1118,22.6817,35.7769,-26.4672,18.8612,-18.4345,train
1481,183.829,92.3044,4.63001,183.329,197.185,36.4644,46.3417,13.3391,160.801,38.2319,71.4936,413.114,581.765,3222.39,3134.01,453.385,-411.679,-208.179,1465.64,62.151,6.11016,-1465.64,-19.4577,18.9004,15.467,81.0161,-773.311,31.3723,-20.8624,test
1482,185.942,70.9092,184.93,176.055,62.4868,164.876,79.4586,31.382,101.862,104.639,103.714,339.867,306.728,5760.23,6815.64,30.5351,-30.1606,-17.9567,87.7417,28.7492,19.977,-42.814,-11.2585,-0.561671,8.59163,80.4285,-87.7417,27.5191,-19.1449,train
1483,212.394,210.059,190.542,27.6113,68.3472,151.442,55.5244,104.549,154.57,9.7702,137.423,493.56,432.814,4596.53,5544.63,37.6604,-35.2783,-15.0297,153.517,50.0971,3.31708,-44.5813,-153.517,21.448,4.60099,90.6485,-77.1666,38.7823,-100.858,train
1484,46.2733,81.4012,35.2069,115.183,204.881,82.7688,2.05728,53.386,9.67939,75.4619,173.187,476.231,259.247,5755.49,4023.59,68.726,-68.2463,-34.5141,253.967,253.875,47.5221,-145.76,-7.76112,29.7313,46.737,253.967,-185.044,130.611,-72.4961,train
1485,171.611,9.59035,149.224,65.2071,139.002,22.5419,170.602,104.246,176.46,168.434,78.5121,338.495,350.371,4503.97,5904.28,35.5365,-33.8421,-13.4629,56.0617,36.6099,56.0617,-49.4284,-43.6656,0.362716,23.8512,33.0831,-39.311,22.8193,-4.51426,train
1486,193.478,100.089,89.267,197.832,79.6872,40.3251,106.862,208.076,133.022,80.0789,111.717,453.657,271.232,4562.17,6038.2,28.4247,-27.3688,-11.1217,76.115,49.2432,10.4232,-76.115,-17.658,18.7934,25.871,29.8822,-33.9214,37.1389,-18.4241,test
1487,160.628,5.78232,182.613,222.135,19.843,35.2848,58.4124,110.795,116.081,163.163,94.7712,233.124,272.677,2816.38,3246.15,21.8806,-21.5716,-12.9728,54.6624,31.9464,25.3488,-25.1297,-9.83485,31.0224,4.15405,54.6624,-35.7428,26.6157,-1.27044,train
1488,88.8206,210.957,17.6968,178.244,203.743,196.237,216.911,31.2607,70.8034,60.074,134.134,273.878,404.802,5824.48,7625.39,63.8186,-59.0901,-26.479,344.612,69.4189,5.35875,-344.612,-9.02306,8.92667,5.76071,21.9048,-155.038,32.1241,-26.6125,train
1489,84.2979,75.3167,23.6219,191.242,54.9095,170.076,2.17657,38.3022,186.316,25.5203,158.057,415.984,579.044,6042.66,5283.9,76.3042,-75.2108,-54.7769,373.21,160.57,-0.79473,-200.417,-22.0646,93.9034,-0.35194,373.21,-346.181,32.0291,3.31696,train
1490,130.803,83.5631,136.724,209.489,125.154,215.114,65.2608,120.741,182.654,120.834,97.6807,561.826,343.359,7492.9,10915.1,42.3087,-41.5308,-20.9729,84.542,84.542,20.2001,-67.5083,-18.7613,12.0637,7.84691,78.2674,-63.7187,30.4305,-19.7558,train
1491,96.0798,89.4083,107.419,1.80578,103.388,182.046,172.131,4.40278,178.3,201.006,130.498,536.405,359.993,3253.16,4064.1,47.639,-43.3179,-19.0709,152.625,59.2697,56.9124,-130.307,-152.625,0.531672,27.9514,70.9312,-106.184,2.18602,-35.8006,train
1492,64.6416,31.1319,107.047,169.97,29.9077,48.6157,37.3976,60.6638,186.954,200.784,81.6111,570.028,285.876,2936.18,3056.25,81.7202,-80.6846,-43.1338,160.198,160.198,40.9965,-89.7187,-26.0281,7.7299,26.2528,147.627,-108.523,33.4652,-8.98958,train
1493,17.0848,82.4213,52.0064,152.925,41.8698,70.8477,216.429,76.5958,96.3425,215.215,129.337,225.988,430.565,5914.59,6880.25,44.46,-43.0327,-15.7995,190.316,190.316,13.6307,-150.631,-7.43124,-3.45842,15.8574,36.4217,-18.3086,16.6816,-7.3824,train
1494,41.2977,83.9693,189.734,171.571,102.006,110.051,81.5387,2.62883,181.405,199.279,123.753,582.908,313.206,2943.89,3650.28,52.0482,-51.5739,-28.0133,151.225,147.008,32.2117,-76.6771,-18.2099,-28.256,24.5776,151.225,-130.188,24.3566,-19.1949,test
1495,212.506,18.1024,94.9087,161.366,40.7695,93.0003,30.2289,3.22101,85.4124,177.864,122.217,425.926,284.876,5538.93,5268.85,73.6598,-73.0459,-52.3529,358.94,23.89,95.4673,-111.157,-15.6853,-42.0302,18.5826,294.291,-358.94,41.9081,-13.7409,train
1496,135.291,224.035,107.098,74.3124,160.503,21.1333,42.0956,57.4917,216.05,20.7153,196.154,312.805,460.457,7096.95,7774.67,22.056,-21.5805,-13.1969,111.455,55.7545,1.51464,-60.1845,-37.5269,10.1327,16.0567,111.455,-108.604,18.2543,-23.1658,test
1497,45.3253,145.522,43.9999,156.404,198.757,14.0991,97.8963,87.3473,36.3684,165.832,155.66,241.978,574.783,4169.56,4392.31,40.4502,-39.3248,-16.2599,152.651,138.787,7.33146,-152.651,-8.65001,12.6681,75.6705,62.0724,-62.6705,52.6085,-9.09842,train
1498,80.5428,159.079,12.9975,57.7541,148.151,123.984,77.1653,12.3299,16.821,67.0581,86.2514,263.356,282.672,5733.33,4339.25,136.364,-127.129,-60.8136,453.91,59.9393,12.4184,-453.91,-11.394,10.3683,15.9336,59.8591,-251.66,55.3253,-41.6622,train
1499,25.9029,9.5662,188.173,89.1511,86.304,36.9957,197.189,220.179,30.8706,82.3936,76.5686,225.33,381.547,3823.09,4147.87,53.4156,-50.1575,-13.9714,115.039,115.039,93.011,-40.3645,-15.2947,-7.38073,24.0504,38.3137,-4.66667,62.465,-15.272,train
1500,36.2388,161.328,29.96,225.105,38.1263,115.013,42.5378,200.587,153.787,93.199,141.927,203.218,323.737,6257.78,7432.41,35.2919,-33.9235,-15.682,152.976,152.976,0.499715,-126.509,-8.66956,40.915,0.700949,58.4481,-24.7574,17.9464,-1.22331,train
1501,203.541,97.4012,205.225,23.1599,152.034,124.559,222.61,86.3136,56.6842,190.922,139.655,346.787,467.542,3535.6,5150.01,18.797,-17.9066,-7.69677,44.7987,28.914,25.4951,-44.7987,-42.5136,9.42362,19.9365,36.3763,-39.6068,24.565,-18.3942,train
1502,79.3375,111.715,180.218,116.357,128.283,206.35,145.884,96.0951,197.164,140.673,65.108,470.466,502.996,4477.67,6723.97,59.7037,-58.4299,-26.9062,98.3594,98.3594,16.679,-62.926,-24.4194,2.00771,9.02978,64.3269,-45.6063,20.3806,-18.732,train
1503,209.196,76.1407,220.01,112.928,186.84,172.41,67.5706,14.9532,130.859,94.4563,193.759,218.549,578.13,7665.67,9903.54,19.3083,-19.1565,-14.5601,144.91,17.7714,10.8678,-39.1803,-12.0255,0.932362,4.79949,134.672,-144.91,14.6762,-12.3892,train
1504,8.82021,70.4364,41.9621,53.4984,36.9769,167.378,190.669,95.7126,45.0813,119.225,86.8736,279.368,538.946,5440.13,5056.24,118.571,-112.331,-38.5538,365.687,365.687,27.1485,-251.299,-16.4758,-12.1609,11.4247,57.4928,-6.37951,27.6508,-22.6825,train
1505,120.986,12.5518,29.1144,213.908,183.293,94.8603,88.5995,177.265,165.429,99.2479,142.973,200.813,545.445,3309.72,4252.14,26.2632,-24.8136,-11.4348,125.891,64.5827,12.5585,-125.891,-8.65091,21.5774,1.66172,26.4505,-46.3158,15.8195,-2.24614,test
1506,24.1037,55.0816,17.8255,66.9256,98.2752,152.589,148.833,163.786,162.21,199.355,203.566,234.913,540.843,4932.85,6171.58,47.9562,-45.3826,-17.2419,320.064,280.061,12.2991,-320.064,-24.9781,27.7762,4.43973,31.8905,-38.0039,14.5743,-4.80584,train
1507,150.838,141.739,98.3322,162.638,194.273,10.0036,121.387,53.2581,165.022,57.2264,103.461,272.879,223.36,7844.42,9461.95,25.3056,-24.4621,-11.4805,58.7868,30.7571,2.58582,-58.7868,-14.5248,-2.32522,36.638,35.5553,-50.7327,20.2444,-9.05746,test
1508,187.868,199.324,20.8203,215.26,139.39,92.2056,97.8351,176.653,186.724,208.115,81.5576,301.764,305.016,4183.09,6890.53,47.6385,-43.7462,-18.5004,157.468,46.9721,3.53177,-157.468,-10.7483,25.0611,7.63477,3.77092,-46.4881,17.5234,-4.78372,train
1509,197.975,220.862,163.427,19.3178,76.6974,124.228,124.262,136.338,202.134,176.104,134.53,503.308,459.326,7293.51,11377.4,27.8707,-25.6645,-12.059,98.0329,48.4035,14.2138,-61.8612,-98.0329,34.6275,25.2704,57.7775,-47.1926,13.2497,-25.2103,test
1510,217.836,54.9312,89.9962,175.572,172.091,104.905,176.187,13.6338,30.8131,99.4871,167.786,460.125,287.73,6323.85,7332.54,30.3905,-29.5181,-12.391,123.215,25.6712,53.6034,-123.215,-9.43633,-3.86933,28.0684,52.075,-102.782,76.0392,-41.8562,test
1511,40.6591,184.946,116.399,135.106,122.133,130.524,3.20058,139.771,99.9192,124.829,134.471,519.243,487.626,3909.27,4467.58,76.6367,-73.369,-40.8965,359.996,359.996,10.2267,-49.97,-24.433,50.3029,14.4908,275.726,-95.5618,46.7216,-21.4279,train
1512,182.137,109.794,211.095,23.8642,80.4577,3.76452,52.5722,72.2377,125.454,118.735,104.495,464.728,524.987,3656.29,3787.82,56.7188,-53.7874,-24.9758,205.317,55.1496,7.03975,-43.331,-162.35,18.9309,205.317,121.043,-105.668,43.6748,-9.20605,train
1513,142.039,148.624,176.265,129.699,188.521,223.628,130.457,202.661,4.67124,190.813,118.543,379.042,311.32,4023.51,6461.71,23.5407,-23.3108,-8.96509,54.9056,50.9108,24.2833,-41.1491,-1.39829,17.2902,16.1387,37.5374,-24.0115,54.9056,-26.7486,train
1514,216.743,90.0177,165.144,200.605,180.701,197.424,169.287,123.753,163.768,144.398,81.0099,271.095,403.556,5686.67,9884.3,23.2344,-22.5938,-11.476,39.0945,26.3547,10.2657,-39.0945,-8.90731,6.72049,4.68078,31.2877,-34.2974,15.4303,-9.05047,train
1515,162.078,99.272,74.1957,70.8972,116.404,73.1774,175.847,44.666,175.245,37.9078,170.996,416.885,443.325,6954.11,7689.88,28.3614,-26.7207,-12.0213,133.061,43.6037,10.0596,-133.061,-44.7156,-2.3354,13.6468,45.8712,-91.7677,25.5834,-37.2557,train
1516,19.5501,27.8393,158.652,29.9842,169.906,149.158,11.4136,204.873,18.5939,171.849,95.8994,553.568,314.056,3409.93,3524.3,164.694,-151.458,-67.0323,592.462,592.462,146.828,-51.4642,-48.2956,27.0675,27.4043,325.775,-41.742,110.14,-33.6383,train
1517,183.174,131.325,197.756,31.529,94.4292,202.582,204.443,164.532,64.2146,38.6239,172.025,360.929,295.138,5040.79,6951.01,16.9746,-16.122,-4.79741,62.4119,34.7135,12.4995,-37.5241,-62.4119,8.27651,8.10291,26.3645,-23.6315,43.337,-60.1035,train
1518,13.4636,90.8616,202.514,149.552,216.814,151.339,99.6066,121.673,78.6661,72.473,151.077,302.544,366.924,4336.45,5357.94,38.5306,-35.9488,-14.0979,236.241,236.241,15.0686,-47.2309,-11.075,-6.92333,9.04694,92.8472,-1.80406,29.7758,-26.7172,test
1519,35.3738,98.6733,214.984,56.3616,189.486,168.53,207.684,132,39.6133,18.4675,174.54,265.226,362.865,4125.82,5002.28,21.7303,-21.2701,-5.85865,98.5935,98.5935,9.45695,-37.667,-30.5015,-4.66392,5.53699,37.0812,-8.9499,61.3731,-71.4589,train
1520,45.403,6.14711,19.1334,23.6686,62.0405,210.45,126.715,84.5733,53.0877,64.0759,68.197,570.839,378.378,6860.6,5215.29,230.072,-214.125,-70.2066,456.195,268.273,268.265,-456.195,-171.508,38.8888,7.83587,33.7067,-108.223,108.138,-36.3962,test
1521,12.2431,163.956,55.4506,126.661,204.228,18.6062,43.0776,212.217,91.6509,193.783,104.916,562.224,410.722,7602.31,9355.76,154.87,-152.232,-60.9606,670.242,670.242,12.0221,-230.261,-28.8259,-5.22716,105.938,234.594,-17.2171,56.3386,-14.385,test
1522,119.39,180.965,160.134,210.264,164.738,191.608,95.2263,180.981,114.592,6.72304,204.269,402.031,286.922,4603.26,6689.64,15.9077,-15.6695,-5.82554,66.9065,66.9065,1.40433,-43.3523,-17.9117,1.22318,1.32633,43.3927,-31.004,46.4794,-53.4583,train
1523,18.9625,117.439,28.5832,109.846,186.678,159.5,189.995,113.672,189.117,222.472,200.758,576.865,477.123,4854.5,7246.74,74.7858,-71.4777,-25.6132,478.821,478.821,22.7343,-454.727,-28.2098,1.13685,16.7392,53.8079,-41.1924,23.1724,-16.9721,train
1524,5.45678,196.932,162.688,215.153,124.28,50.4995,199.598,24.1891,75.3311,169.3,103.896,296.882,358.764,6795.21,8807.39,61.3681,-56.6153,-15.4124,330.653,330.653,8.76622,-65.7075,-5.77483,-19.3675,34.1854,54.7055,68.0837,23.3253,-14.4207,train
1525,125.498,47.002,81.3899,70.4245,131.006,7.73715,63.6372,62.8431,15.1138,38.4943,167.922,536.26,472.229,6522.82,4280.95,61.031,-60.3588,-18.4943,322.538,84.6411,53.0941,-125.172,-40.7112,18.2636,322.538,107.23,-118.364,268.274,-91.6813,train
1526,220.745,81.3553,81.7331,194.612,49.8014,224.362,186.146,170.756,107.935,59.8051,170.903,464.298,242.306,4205.25,6131.54,19.4587,-18.5893,-7.06904,90.4007,40.6047,16.1815,-90.4007,-17.0931,19.9546,5.86754,20.8603,-35.781,43.5855,-31.1302,train
1527,170.531,82.5601,200.402,60.5096,31.3905,205.236,87.9951,175.317,206.421,76.1827,165.593,378.277,409.489,3778.83,5261.37,16.5141,-15.827,-8.58651,59.1309,46.802,10.5393,-37.2352,-48.1352,40.9608,4.23963,59.1309,-33.8671,19.9548,-16.1525,train
1528,216.592,200.347,210.541,8.1831,149.105,157.571,169.562,21.5038,93.9521,165.249,201.677,388.163,486.425,4821.16,6961.47,16.9963,-15.9157,-8.19728,77.1099,23.3221,16.225,-54.4205,-77.1099,3.61332,20.6297,63.1878,-76.9304,9.49811,-27.8191,train
1529,197.045,115.384,174.242,28.3007,49.0737,14.5072,156.457,116.338,193.708,110.412,87.7632,514.62,402.545,5609.64,7152.69,48.2855,-44.3174,-15.9288,124.726,46.3797,14.0086,-59.2577,-124.726,9.43197,111.419,46.8125,-48.5356,25.7703,-20.7035,train
1530,215.856,9.81224,29.3871,92.8448,11.1838,111.058,51.7566,22.4493,174.838,130.433,156.527,284.186,598.204,6916.09,6367.1,53.5958,-50.5663,-32.6064,273.779,29.9368,2.8605,-273.779,-30.3064,72.1042,0.252733,142.188,-228.057,22.7599,-0.304326,train
1531,0.707787,221.69,136.639,151.724,173.198,87.6485,76.2982,17.0149,26.8626,224.799,193.296,251.805,545.104,3618.32,4167.08,75.7531,-66.571,-21.7083,797.333,797.333,9.49156,-91.049,-2.72771,-13.6697,24.0071,183.923,162.384,21.7881,-13.2375,train
1532,33.208,221.236,32.7767,131.268,65.1422,61.308,32.9813,56.6367,55.2949,215.711,73.1972,286.008,492.544,6471.47,6242.61,119.676,-116.975,-60.1869,218.39,218.39,6.04686,-190.787,-11.5969,44.0561,21.8207,145.502,-109.673,38.934,-8.77058,train
1533,111.336,135.945,121.313,94.3424,191.385,73.9523,100.862,15.2847,87.2788,138.898,135.918,442.731,559.187,6852.38,7596.62,41.1175,-40.1956,-23.0642,145.902,53.9289,16.8782,-106.086,-22.607,-2.90461,31.0269,118.372,-145.902,34.5586,-23.3619,train
1534,8.94188,160.12,60.7407,12.4695,194.012,168.287,213.06,79.1301,135.561,13.1872,65.9031,368.993,397.858,4132.32,4640.69,164.588,-155.06,-42.5798,344.655,344.655,7.41176,-197.01,-200.742,-16.0363,7.05204,54.9369,10.8675,26.1137,-127.271,train
1535,182.709,222.226,111.921,30.7131,110.41,98.1079,4.8587,184.19,61.5262,6.93121,162.418,595.936,237.854,4069.22,4168.36,43.0288,-41.1864,-12.7808,179.552,76.6423,3.95994,-55.8727,-165.381,26.8505,8.96974,85.5714,-61.7613,116.752,-179.552,train
1536,97.5041,184.642,129.679,103.082,144.958,190.367,109.623,152.972,66.6543,126.56,189.088,374.557,294.365,6431.6,8791.27,16.8958,-16.5461,-6.95079,71.8704,71.8704,11.6854,-55.3109,-15.4047,11.5492,11.334,44.2121,-30.1577,33.6917,-24.1097,train
1537,90.224,203.343,140.905,201.508,69.8374,208.911,118.16,34.3061,46.2536,132.858,155.371,204.653,243.334,4740.73,5998.02,14.1635,-13.94,-7.18425,41.8187,33.9264,6.62385,-39.1182,-3.4719,4.50793,6.44731,41.4767,-41.8187,21.3909,-14.3373,train
1538,218.567,29.7078,120.424,82.5342,31.7918,10.0995,91.0602,141,166.223,52.169,140.166,581.694,208.896,4619.5,4773.87,28.8466,-27.5243,-10.2263,76.1818,50.1806,25.8989,-71.1818,-61.1569,3.25036,76.1818,42.787,-51.6625,42.9442,-20.8571,train
1539,198.228,92.4526,148.984,76.6918,90.7053,148.189,28.6162,190.602,37.7485,168.378,87.6156,260.178,559.242,4258.54,5283.31,33.9843,-33.6615,-20.8456,85.3416,45.7509,15.1071,-29.0544,-15.7134,58.0148,9.42505,85.3416,-47.9859,45.1476,-11.7309,test
1540,74.8072,3.14107,140.355,133.708,70.41,189.154,183.271,53.4301,44.7469,39.8968,141.246,430.687,360.244,3336.78,3252.6,43.4224,-38.8115,-10.6648,224.234,83.8626,224.234,-73.0255,-26.9433,-23.2335,3.7236,45.8564,-52.0546,113.857,-24.9664,train
1541,94.6514,182.894,28.9668,115.742,17.7777,62.9614,76.0299,135.537,154.265,47.3683,152.764,387.695,208.553,6288.04,6252,35.236,-32.8079,-14.3675,184.952,88.3125,2.34793,-184.952,-29.7863,58.1866,6.8204,27.5389,-46.7654,31.605,-12.8207,train
1542,221.425,43.8128,24.0979,35.7234,49.9154,148.565,188.644,61.6703,82.8287,191.226,151.124,380.081,414.187,4906.56,5675.99,48.1871,-43.5719,-19.6769,280.751,39.6467,38.3533,-280.751,-59.3572,57.2476,11.3106,22.2256,-114.154,36.2043,-12.4271,train
1543,86.187,17.6477,110.665,84.9972,52.5966,150.616,9.00253,87.153,87.6983,116.403,164.474,373.561,365.351,5631.35,4775.14,34.8813,-34.0117,-21.3762,170.467,116.486,43.4857,-43.5617,-34.921,63.4221,5.09523,170.467,-102.293,47.8647,-9.32367,train
1544,138.261,61.8234,125.165,126.84,83.6302,121.481,91.4064,65.3429,83.9941,48.9183,70.3348,262.359,369.798,5865.88,5722.3,42.1419,-41.2971,-21.2502,57.6047,38.226,12.9381,-50.2021,-14.378,10.0189,6.58436,56.6261,-57.6047,30.7059,-23.1242,train
1545,187.381,35.3736,4.60217,40.3567,186.358,33.9394,174.447,26.9217,83.2689,51.8416,130.077,324.812,470.027,3927.38,3461.42,145.142,-130.661,-59.9255,842.276,56.4003,27.0772,-842.276,-56.7513,26.9906,28.2215,5.09255,-384.535,38.8977,-26.1288,train
1546,182.995,218.435,108.683,127.008,129.574,38.8732,31.146,71.3713,80.5836,117.215,186.066,227.616,495.81,6296.03,7082.83,18.8533,-18.6598,-12.6618,107.464,39.0376,3.38872,-42.7198,-12.0933,25.7118,19.0419,107.464,-96.4494,26.9553,-8.93081,train
1547,19.8776,96.5638,145.425,84.5429,209.836,17.9495,108.77,122.544,64.3313,131.036,120.444,464.5,291.897,4859.97,5233.26,58.9952,-58.369,-19.9543,260.928,260.928,19.4747,-80.2292,-32.6988,-10.5932,104.769,91.3036,-6.25067,60.7717,-20.2958,train
1548,72.8005,179.888,54.7624,138.217,150.606,45.7055,144.359,41.7045,44.3371,156.147,149.908,319.558,207.884,6512.03,7077.86,29.7228,-28.6173,-11.6605,122.422,68.1515,10.6682,-122.422,-9.23546,3.24947,41.9881,34.3713,-59.8818,40.7162,-17.3811,test
1549,12.7454,133.181,149.373,96.392,32.1351,190.981,5.16152,128.93,40.6971,15.7574,114.386,341.691,220.875,7767.74,6280.87,132.668,-123.65,-60.2378,606.122,606.122,6.07104,-31.6938,-27.0599,52.9023,4.23366,360.923,-47.2582,90.6399,-72.5664,train
1550,43.0032,223.235,1.24897,82.1582,177.912,161.683,192.793,140.125,138.065,105.731,86.1128,319.185,435.324,3619.35,4980.31,170.164,-157.081,-58.605,587.961,306.825,3.90337,-587.961,-28.2441,43.1793,5.38936,-18.0268,-100.951,23.769,-11.655,train
1551,85.2807,81.0181,89.3806,104.391,212.191,80.957,216.837,115.908,82.3368,90.8623,148.803,542.364,280.119,5318.09,6655.95,33.9167,-32.7147,-11.154,116.469,101.571,29.3682,-116.469,-29.1624,0.914938,29.3903,32.5214,-39.5127,52.2886,-37.0331,train
1552,127.874,84.5995,214.399,88.4636,50.2069,200.546,78.5923,62.7681,143.052,110.124,201.012,239.536,414.924,7628.44,9235.82,12.6446,-12.4529,-7.8666,71.5999,38.7954,8.98353,-29.7315,-18.4862,18.5275,3.78966,71.5999,-57.8042,16.1672,-9.75992,train
1553,16.8487,45.7671,213.779,13.5944,53.7501,6.46902,93.668,224.525,213.107,75.1829,175.812,372.956,227.747,5783.76,6388.21,41.3041,-39.5467,-11.0434,246.209,246.209,26.3602,-43.5864,-185.6,-39.1516,186.493,84.373,-2.63747,16.7439,-22.6933,train
1554,111.374,200.079,47.6089,217.918,131.063,109.938,32.4514,80.3295,221.534,211.726,129.805,232.597,310.295,6529.88,9494.95,26.262,-25.5106,-14.8575,80.326,56.1767,2.68077,-80.326,-8.21228,16.3361,4.87881,65.2933,-69.1998,11.4244,-3.58264,train
1555,16.5218,205.337,166.457,26.6806,174.016,117.657,196.701,196.341,81.5794,139.93,121.563,469.379,240.567,7302.66,10522.3,46.9319,-45.5002,-14.5761,222.208,222.208,16.2296,-76.9916,-51.0204,-13.6985,28.3242,58.3942,7.36496,23.5979,-33.6805,test
1556,129.224,70.3569,146.613,164.056,153.89,194.693,9.87069,185.654,22.9145,54.1815,77.1809,317.639,514.427,5450.23,6201.59,57.3723,-57.0102,-28.3493,106.28,83.2297,26.2127,-26.7247,-8.12007,40.5922,9.47258,106.28,-57.7318,82.2162,-48.1374,train
1557,104.349,100.695,43.5364,187.38,112.238,30.7007,211.563,96.6092,131.647,38.55,107.769,539.185,301.455,6196.87,7113.71,59.603,-56.4164,-21.142,203.066,99.1795,9.72682,-203.066,-23.5479,4.85634,31.9031,23.0547,-72.5699,47.4003,-35.9311,train
1558,61.2961,197.344,29.3977,96.7012,58.3932,25.5957,203.223,179.454,218.119,179.631,63.9257,477.212,542.998,4416.12,6349.58,130.57,-121.97,-47.8818,284.681,185.613,4.0329,-284.681,-41.1189,45.0221,31.0938,25.0304,-52.0534,25.7807,-6.26579,train
1559,221.787,106.458,114.695,149.866,195.296,164.269,2.41167,96.3043,166.138,35.2737,107.113,200.152,516.237,2866.29,3608.54,29.7786,-29.6539,-23.1098,125.695,40.3588,1.66722,-19.3197,-12.1711,26.2448,1.08047,125.695,-102.053,15.5266,-7.11594,test
1560,187.05,8.62142,113.345,70.2181,162.949,172.453,157.005,69.8548,108.702,96.2302,151.799,449.329,566.86,7229.2,8760.63,30.6368,-29.3603,-12.4531,108.21,45.0637,108.21,-94.572,-50.7044,2.30455,5.40972,56.0804,-79.6822,46.3202,-13.7104,test
1561,131.25,193.899,151.213,223.22,74.3482,31.3299,195.114,117.264,162.319,69.8617,155.184,249.707,503.902,6960.89,10027.4,14.5452,-14.15,-6.89304,47.9885,40.1808,2.3265,-47.9885,-9.16568,9.82812,14.3986,34.4969,-33.4867,17.8255,-9.13177,train
1562,4.36767,206.178,170.831,66.2584,142.183,188.647,81.5927,184.624,154.412,194.659,84.2742,331.861,537.15,3550.91,5352.97,120.603,-110.454,-46.0443,461.354,461.354,10.6785,-77.9265,-16.8572,-17.0238,11.6709,173.217,9.98529,10.2296,-15.9954,test
1563,205.021,158.477,62.6246,207.947,214.66,194.404,12.2319,178.884,82.5539,179.196,68.404,553.235,369.039,4990.53,7682.77,65.5327,-63.8418,-31.1942,97.7087,69.1075,17.9336,-97.7087,-12.9374,27.6988,14.6194,67.8236,-68.2748,46.0867,-22.4295,train
1564,8.68793,212.162,123.411,14.9145,35.1952,62.5594,186.435,43.262,100.421,112.817,154.962,530.732,447.121,5396.19,5345.47,66.2366,-63.7772,-17.7762,459.264,459.264,19.2979,-132.915,-81.3326,-71.8932,65.4464,84.1678,43.0606,17.0829,-51.3236,test
1565,203.726,123.266,173.476,55.3961,218.152,118.179,96.7764,172.018,153.853,208.873,67.2876,248.835,201.072,7027.02,11471.5,23.311,-22.4259,-10.4504,26.1256,25.5226,10.2232,-24.6499,-22.1707,6.79841,10.6633,26.1256,-22.2901,11.2893,-8.53226,train
1566,48.7249,194.754,122.071,76.0565,189.104,193.762,181.473,100.762,131.586,8.43965,148.518,458.678,572.96,5220.74,6786.68,39.3002,-38.133,-13.4446,149.813,149.813,2.24927,-99.8621,-54.5479,-7.59312,2.26078,59.2541,-38.0753,44.5883,-73.4038,train
1567,103.644,155.412,120.55,12.5559,96.0615,154.388,12.5886,220.962,34.3597,221.495,184.487,542.649,586.913,4978.87,6076.62,34.4584,-33.6024,-18.1187,154.565,148.068,27.0342,-56.4275,-97.5677,90.512,27.2135,154.565,-63.489,50.4217,-26.8257,test
1568,168.955,152.685,115.118,161.484,86.0278,65.945,40.763,193.458,111.296,93.6305,198.044,411.509,581.172,7687.06,9638.68,18.9493,-18.6157,-10.5183,85.3461,68.5504,6.27057,-57.1159,-19.554,50.0901,14.5185,85.3461,-54.5838,40.1237,-14.4611,train
1569,94.3364,163.991,6.72609,220.504,104.981,123.564,64.7841,40.0858,83.0166,149.599,202.693,351.896,554.758,6807.14,7415.68,78.1108,-71.4678,-33.2216,688.012,121.658,7.02428,-688.012,-10.7347,53.2554,9.32242,24.2019,-280.751,40.3232,-10.8895,test
1570,200.638,69.6016,155.561,168.18,46.3076,187.929,4.70136,26.6921,17.1938,212.62,169.005,306.044,202.118,6569.26,7194.02,37.2774,-37.2412,-29.9704,264.306,36.2015,31.7297,-25.3218,-5.066,72.3633,11.7515,264.306,-222.684,70.0784,-14.6892,train
1571,68.1586,87.851,104.577,122.505,66.0916,53.0264,157.512,198.233,49.1736,3.33794,130.01,522.186,494.692,6395.39,6313.27,55.3974,-54.4746,-14.3639,156.034,143.546,4.19213,-103.547,-39.6195,-4.41123,6.94527,50.34,-32.546,139.587,-156.034,train
1572,163.979,74.3487,4.38036,215.023,203.342,30.1687,222.307,195.323,203.612,138.067,96.8406,441.488,589.667,4898.47,7906.03,88.71,-80.5079,-32.1818,376.038,106.685,5.83068,-376.038,-18.516,44.7417,14.3693,-17.6068,-94.6989,27.6532,-4.44035,train
1573,20.9687,169.221,224.863,61.6916,171.843,86.9099,188.031,166.064,184.914,33.5918,69.4913,239.853,250.145,3996.75,5647.42,43.8907,-41.9643,-13.9129,115.441,115.441,3.8022,-32.3592,-28.4498,-10.0847,7.40321,36.6872,-0.188412,13.423,-27.0876,train
1574,211.114,13.7839,108.772,4.37267,38.0054,148.651,85.865,131.035,214.803,4.96346,134.299,340.217,446.143,3872.92,4045.12,72.21,-57.4416,-12.1825,579.185,36.7645,63.0868,-63.4949,-579.185,48.0654,5.84983,57.716,-47.0485,16.6739,-247.765,train
1575,26.2868,44.3827,144.685,194.183,102.119,175.237,209.762,57.2222,51.9119,114.03,203.169,531.601,383.763,3773.22,4482.35,32.7848,-30.9626,-9.71249,216.471,216.471,67.2265,-97.4207,-12.0109,-19.1735,17.0266,59.1899,-9.25143,63.5384,-37.0041,train
1576,192.091,93.4215,157.043,197.2,174.151,154.28,164.992,220.848,174.5,65.2304,106.505,474.064,535.812,6268.75,10621,27.8877,-27.0839,-11.7078,58.9454,53.7406,11.7404,-58.9454,-18.4778,11.1318,7.10919,38.7112,-35.7477,29.531,-23.7791,train
1577,82.3608,52.6529,98.0899,71.3923,93.8498,87.9722,185.979,115.169,62.8455,147.241,113.759,386.105,411.043,3274.25,3620.65,36.4995,-35.2736,-13.41,90.5186,82.7409,37.8329,-90.5186,-26.1798,11.5559,22.6436,38.157,-36.268,42.059,-19.1327,test
1578,104.869,37.6011,161.242,51.7004,42.2639,87.6247,61.1417,122.3,101.172,202.242,61.4749,296.253,588.463,6938.67,7447.56,60.6188,-59.2549,-35.5431,97.2528,72.5201,21.711,-44.4495,-41.5117,59.0667,9.31651,97.2528,-53.6842,29.9997,-5.70851,train
1579,205.432,216.66,105.681,110.292,56.8236,60.5325,107.551,81.4114,154.813,174.05,130.188,594.271,283.997,5148.71,7004.24,32.8574,-31.5427,-15.0601,98.0892,50.1477,10.6708,-98.0892,-32.9198,12.82,38.1932,58.1649,-75.7256,33.1672,-18.7851,train
1580,216.514,32.7763,159.287,69.348,88.5367,30.3005,216.562,216.048,25.2984,140.161,112.877,251.94,221.706,6329.3,8348.83,19.7559,-19.3866,-5.20715,59.6509,21.9379,44.3103,-31.5493,-15.3873,13.1403,47.9308,16.3648,-14.6003,59.6509,-14.6539,train
1581,142.517,124.09,100.897,48.6017,142.43,184.258,122.907,15.4494,65.7317,98.8967,203.235,433.123,320.89,7246.55,7761.18,23.7116,-22.8509,-11.345,108.499,38.7076,21.2762,-105.911,-34.7946,-3.55122,14.3286,73.1215,-108.499,36.3834,-37.754,train
1582,62.9693,40.4987,138.666,82.0924,119.378,199.135,1.21066,223.63,7.53607,196.553,191.291,509.045,209.204,7588.82,8669.42,38.2202,-36.4434,-16.0519,192.877,192.877,109.778,-37.6306,-7.85198,53.6975,22.3258,149.086,-44.6142,120.963,-31.9884,train
1583,22.6841,10.2164,185.498,49.4713,59.1954,3.86059,101.789,54.7096,96.9844,225.531,115.697,531.121,409.134,3766.63,3472.98,75.532,-74.4039,-23.6218,289.556,289.556,74.2988,-72.5433,-92.0158,-55.6638,196.619,113.17,-32.4954,66.3788,-4.75979,train
1584,197.417,17.5468,166.562,59.5101,113.254,197.658,33.5969,182.244,41.169,168.582,108.671,324.508,450.858,7048.12,8725.14,32.366,-31.0791,-14.9184,83.3039,46.8498,83.3039,-29.9879,-29.9674,37.266,7.39518,73.6541,-46.5901,61.261,-12.2622,train
1585,179.695,126.607,173.698,26.7289,9.18928,102.921,195.696,1.79226,20.7093,130.378,94.276,201.746,325.003,6039.1,6139.53,23.6395,-23.1015,-11.2957,62.9177,11.6709,13.7775,-41.4813,-10.2185,-21.0454,16.9483,37.4898,-62.9177,18.6517,-18.9208,test
1586,124.11,72.5852,18.6092,43.4259,86.1656,40.2282,158.057,112.824,131.87,115.08,138.246,412.429,375.907,7710.81,7878.85,54.8799,-49.8287,-20.0034,282.241,87.6619,17.6576,-282.241,-65.4589,45.4099,31.8603,10.0926,-84.677,30.485,-15.7505,train
1587,162.219,71.8678,118.338,129.215,57.1973,202.176,73.3623,211.264,48.0345,127.985,190.005,249.078,597.829,5483.12,6981.48,15.3883,-15.104,-8.58149,64.4974,46.937,13.3416,-49.3215,-11.8559,62.7883,4.74254,64.4974,-34.2955,45.1032,-10.5949,train
1588,88.6695,35.6402,207.541,199.43,180.492,38.0791,32.8639,24.656,88.8815,20.2759,85.579,572.659,445.642,6531.02,5885.78,99.4679,-99.0918,-61.8819,261.16,110.982,26.1206,-56.8346,-24.0468,-3.77606,24.4476,261.16,-235.975,76.3046,-64.9319,train
1589,206.934,124.693,112.809,179.036,88.2997,2.3733,168.659,218.202,105.133,145.725,60.1323,577.519,384.401,5650.73,8349.99,70.694,-68.5725,-21.7147,157.871,57.1242,3.00479,-82.8716,-30.1645,7.30731,157.871,29.9636,-39.1837,72.6456,-3.63612,train
1590,135.251,126.205,75.1059,155.122,200.627,48.8999,130.803,167.317,121.802,184.736,143.495,544.098,568.219,4829.36,7049.32,35.0914,-33.7269,-14.192,129.71,90.6694,15.6314,-129.71,-22.3581,16.7173,40.3428,46.5015,-57.6631,40.2687,-15.1021,train
1591,46.6237,128.309,142.433,181.101,132.342,167.428,94.8218,185.883,98.7237,54.9198,147.499,467.802,525.268,6276.05,8106.06,39.4047,-38.024,-15.645,185.561,185.561,12.0319,-74.6681,-17.3064,6.34185,9.22068,88.8481,-30.2309,44.8976,-39.7536,train
1592,181.16,170.561,215.952,65.2955,8.21786,60.2667,34.7569,62.5686,143.695,43.6308,145.33,297.555,238.262,5015.06,5062.75,20.1614,-19.7573,-13.7769,97.0691,32.8331,2.51156,-24.8259,-39.01,51.7578,7.10797,97.0691,-67.1866,25.0686,-13.885,test
1593,135.774,44.5033,220.991,186.873,61.2044,190.877,73.8827,56.8176,87.5483,113.169,70.1864,488.86,435.685,4954.95,5930.46,61.8304,-61.2804,-33.7936,106.094,63.2771,42.8497,-47.202,-15.9554,11.7828,9.99051,106.094,-92.1645,48.1641,-23.8303,train
1594,32.5317,88.9266,66.008,164.732,159.762,183.778,204.712,183.566,6.20747,209.798,87.3245,493.872,513.911,5099.39,7228.98,91.3453,-88.936,-30.3133,233.789,233.789,51.7969,-187.095,-2.01905,14.6106,25.0635,51.1977,-20.5454,75.7751,-31.0491,train
1595,57.8956,79.4535,70.8454,131.57,103.236,144.736,11.5426,101.265,106.67,85.6579,174.054,250.149,235.314,3396.24,3165.35,24.0264,-23.4196,-13.0065,112.911,112.911,9.20992,-46.8705,-13.4509,21.948,5.05584,100.353,-56.3584,23.4628,-12.0814,train
1596,26.6425,124.859,6.14483,190.687,32.5329,73.5124,177.596,121.85,143.588,186.569,135.413,472.693,281.123,6155.96,7569.73,142.582,-132.782,-50.2262,746.066,465.706,2.34841,-746.066,-23.2512,99.8048,3.98872,-1.13462,-89.1427,43.668,-2.22264,train
1597,9.89823,84.4781,56.9189,27.7264,143.961,1.95036,44.376,19.7274,203.983,192.889,62.32,538.191,581,7183.36,6416.41,316.32,-309.623,-129.649,693.979,693.979,5.87368,-265.054,-176.212,-23.6068,254.414,309.277,-106.618,33.8726,-3.638,test
1598,52.5227,32.1824,128.955,214.56,225.129,223.009,134.922,140.507,64.8096,16.5036,130.811,335.13,262.105,7009.17,8850.23,31.2035,-30.2132,-9.76176,102.163,102.163,20.0801,-56.6794,-12.6076,-3.06724,2.89776,41.4847,-20.2767,59.0276,-55.376,train
1599,62.4238,51.7753,166.97,15.3848,169.465,21.9076,38.4902,42.5425,191.33,57.7438,167.186,218.678,550.138,3106.65,2712.22,31.7264,-30.9713,-18.6754,151.807,92.0041,16.0979,-37.8418,-87.9635,13.0008,38.045,151.807,-118.226,10.0029,-20.4128,train
1600,37.079,95.9469,144.928,184.361,13.0083,166.109,28.3898,172.925,148.833,89.6589,158.754,445.996,256.224,5442.29,6287.28,40.5386,-38.4129,-19.6545,231.07,231.07,9.49556,-50.8826,-19.2497,42.9716,5.48478,145.175,-33.5951,33.7217,-14.3705,train
1601,142.151,206.128,208.914,185.842,7.32221,159.341,134.894,200.2,219.726,103.11,132.95,316.09,466.959,4011.14,6749.28,15.9383,-15.5188,-9.19976,48.2909,44.9182,1.23032,-37.1785,-15.6439,43.2896,1.59158,48.2909,-22.7763,18.7121,-3.47832,test
1602,109.216,34.1534,119.915,19.0869,213.263,176.314,183.495,29.8129,126.824,77.674,183.168,372.532,388.768,5722.96,6608.4,23.9263,-22.2246,-8.91109,94.6896,46.984,56.1581,-82.8273,-94.6896,-1.88143,10.8783,47.8373,-66.6997,20.1536,-34.9209,train
1603,154.87,6.78624,138.781,106.308,124.019,50.7419,167.837,26.2534,189.291,113.395,71.0039,565.041,404.561,4482.48,5263.05,69.1697,-66.6712,-29.4176,110.229,48.7104,110.229,-96.9375,-46.1148,-24.2626,14.7421,65.7462,-101.991,36.6262,-9.32927,train
1604,13.969,86.0422,50.4786,142.924,149.894,144.367,208.611,158.827,60.3477,106.09,79.2402,389.091,346.592,5697.61,6995.26,112.542,-107.466,-35.5778,309.128,309.128,25.5744,-214.357,-11.8275,-8.42685,15.2422,46.9767,-3.80465,39.6143,-29.3331,test
1605,187.347,104.76,162.463,70.45,80.3188,93.979,187.475,166.564,225.47,33.3105,66.8401,321.189,350.096,7344.19,10516.3,33.7063,-31.9428,-12.9897,41.5547,34.084,5.71328,-41.5547,-37.0954,6.97547,6.36872,26.6981,-26.9457,16.3918,-25.4107,train
1606,69.2241,204.897,45.6378,70.6065,192.519,31.9153,105.026,219.53,88.3305,39.9059,199.229,436.588,526.756,3545.46,4069.14,33.8115,-32.3869,-11.6727,166.842,155.306,5.88686,-166.842,-44.7505,16.7534,37.7939,43.7411,-41.1324,50.588,-42.7462,train
1607,192.112,209.603,153.84,187.804,137.594,164.044,88.3674,138.298,121.993,119.042,94.3957,224.782,486.582,7321.41,11424,22.2637,-21.8751,-12.9166,49.344,32.6799,3.4648,-34.6535,-8.10204,18.2333,4.42707,49.344,-41.2141,17.6392,-8.6276,train
1608,45.59,78.8484,170.922,173.914,58.248,78.4064,216.156,185.024,163.6,217.413,67.0763,528.18,490.047,3295,5158.52,70.6267,-69.4224,-24.8508,163.83,163.83,28.1883,-77.6779,-17.5903,-14.9706,28.3472,52.3082,-16.7177,26.4447,-14.4574,test
1609,71.2681,176.668,81.6446,56.5428,11.1365,7.51844,189.328,175.092,186.172,15.9461,196.579,459.157,514.231,7468.81,8236.25,28.4632,-26.9497,-9.49112,124.726,124.726,2.28848,-122.825,-74.0548,9.89408,53.7746,40.6082,-34.7105,31.8076,-35.8564,train
1610,34.2845,126.703,139.565,1.42121,168.193,13.4783,112.428,201.186,205.059,104.832,179.127,238.243,322.25,3651.86,4559.47,30.578,-27.2063,-7.47388,227.695,116.258,16.2492,-45.7416,-227.695,7.60932,152.751,50.3342,-11.2712,2.23175,-27.7742,train
1611,200.879,116.699,171.19,87.0367,79.0888,113.867,27.9114,13.4485,194.692,20.1279,68.7228,260.764,542.607,5143.28,5319.36,95.9954,-95.5075,-78.6367,279.885,26.2308,2.92827,-46.6135,-26.034,5.0027,3.00111,272.195,-279.885,16.4593,-24.0102,train
1612,197.206,224.926,14.8989,210.913,1.24018,90.9364,129.917,49.9016,105.237,203.978,96.3886,575.437,265.129,2875.83,3764.93,125.332,-113.075,-56.2218,542.089,60.0278,-0.427751,-542.089,-27.7392,187.804,-1.05802,25.2779,-172.406,78.6224,0.667058,train
1613,54.3898,15.3303,13.6215,192.114,176.886,98.8226,208.753,141.811,205.893,107.646,173.882,490.991,278.718,6713.21,9148.59,59.9317,-55.9694,-20.4975,385.21,225.59,40.9074,-385.21,-22.2929,17.3959,6.34596,2.28453,-73.3968,29.4171,-8.2389,train
1614,166.519,130.812,7.04379,60.7311,167.032,102.843,147.303,148.86,158.469,218.891,194.211,401.912,534.04,7442.26,10803.2,44.1758,-39.6669,-16.1171,369.51,88.8486,10.5545,-369.51,-43.445,48.7177,13.425,-13.5981,-102.374,23.5463,-8.92018,train
1615,164.962,81.9498,138.462,198.088,90.0963,147.594,5.746,70.9675,94.4739,107.36,148.71,216.481,334.098,3049.89,3388.64,22.4003,-22.3345,-17.1198,129.493,43.3098,5.94015,-19.4345,-8.47105,36.6456,3.29819,129.493,-99.2326,25.1188,-6.41236,train
1616,200.168,61.1495,68.207,154.856,115.774,171.606,103.194,36.4841,154.661,78.5077,206.976,414.484,465.6,5933.26,7047.81,24.9902,-23.9586,-12.9634,141.849,37.0458,19.6613,-141.849,-19.002,2.83304,7.00604,75.7894,-126.775,26.9067,-21.6575,train
1617,184.92,41.8207,164.168,102.455,41.561,215.506,82.766,178.676,19.0379,216.242,131.542,423.828,407.63,3251.74,4320.04,28.722,-28.3917,-13.0373,92.7993,46.1614,71.4725,-50.2837,-12.1932,73.3531,13.8698,68.633,-34.0176,92.7993,-19.5482,train
1618,183.55,4.5697,187.38,169.61,45.9123,70.0174,65.6729,12.9784,104.904,74.0987,205.501,482.203,499.299,3003.04,2815.77,31.6646,-31.0017,-18.1414,209.636,36.7524,148.764,-67.8472,-24.422,-48.3175,9.70912,169.93,-209.636,55.8414,-12.9745,train
1619,196.27,132.816,210.588,87.6988,3.44284,44.5008,61.427,138.373,156.968,2.45938,201.642,569.243,422.351,6702.08,7251.96,20.8882,-20.2789,-10.6963,94.6592,58.5765,0.677483,-46.5554,-63.8829,58.6519,2.022,94.6592,-59.3226,50.4756,-51.7413,train
1620,62.7075,142.866,199.586,156.73,169.595,169.903,193.1,95.9842,123.358,170.677,172.064,275.719,578.793,6283.03,9916.46,16.375,-16.1071,-7.50692,76.8521,76.8521,9.19123,-46.2973,-9.21377,3.64364,7.72862,47.4806,-30.3813,16.5552,-10.8804,train
1621,72.4863,21.9889,150.586,117.791,150.734,138.941,123.693,48.8134,217.381,14.9303,107.198,420.118,395.862,3213.24,3599.36,39.5456,-38.6153,-17.4106,88.1428,88.1428,17.448,-67.556,-32.4091,-10.8108,2.76134,68.2774,-63.3894,24.8356,-36.3409,train
1622,198.121,39.7804,167.984,155.78,28.1245,215.143,175.014,124.866,163.355,135.202,109.45,512.215,400.557,5253.01,7931.54,28.3088,-27.4093,-12.1475,61.4247,45.6977,37.4574,-61.4247,-23.3154,10.6475,6.92596,41.9882,-44.528,31.4439,-15.5862,test
1623,24.3399,51.2048,96.7097,144.12,80.1098,49.8741,50.5851,99.8246,184.326,125.955,60.9402,459.397,595.433,6817.63,6844.19,159.674,-152.686,-71.671,355.38,355.38,22.0076,-114.635,-24.0569,7.35054,22.5948,181.508,-57.4603,26.6007,-12.6527,train
1624,198.778,199.798,149.857,192.839,220.224,39.5932,56.8569,184.865,117.17,97.0071,188.22,362.774,331.073,5004.23,7531.09,13.6278,-13.4079,-6.40257,47.4289,43.5632,5.36585,-36.9324,-13.2528,11.2431,27.0776,47.4289,-38.492,30.8462,-15.6294,train
1625,32.9739,174.487,30.9832,61.8263,45.8035,95.6508,197.723,53.1178,140.135,205.506,100.376,430.474,478.803,6897.07,8105.83,99.8981,-94.1502,-37.8123,330.272,226.523,11.7954,-330.272,-36.3373,20.0424,21.5172,42.4012,-84.2548,22.6722,-14.1633,train
1626,81.7278,32.3051,186.662,209.93,78.677,19.5334,151.737,54.0962,203.539,58.8217,77.2758,466.495,525.555,4467.35,5191.81,53.799,-52.8854,-23.9383,88.058,88.058,21.8669,-64.5747,-18.8564,-18.1336,36.1644,68.8637,-66.1888,27.5044,-16.9838,test
1627,202.82,209.803,208.618,169.857,88.6353,10.8152,83.9952,49.3915,188.192,214.934,172.968,565.585,553.203,4544.29,6853.32,27.0506,-26.6489,-15.4134,123.499,49.1521,4.46094,-60.0644,-27.7876,-4.58889,86.5373,115.748,-123.499,35.469,-6.15811,train
1628,122.483,73.8527,176.57,87.4403,60.6565,94.1137,168.162,193.702,150.763,26.7091,123.303,399.178,362.507,6661.88,8393.36,24.3398,-23.5423,-8.5683,61.0307,61.0307,9.87658,-46.017,-37.3097,3.64429,7.75033,34.7614,-25.4324,30.6022,-38.6214,train
1629,197.727,45.3673,109.174,152.173,15.3635,140.755,76.9009,40.4695,106.834,208.961,161.171,589.003,239.066,3905.28,4546.4,31.18,-30.4139,-15.9365,116.74,46.6839,56.4419,-99.2003,-21.8791,0.731792,18.192,90.8475,-116.74,44.0731,-17.3298,train
1630,56.7186,87.0209,182.42,206.17,20.3082,127.994,163.476,174.303,146.407,150.478,72.719,444.698,558.129,3902.06,5631.03,57.0149,-55.4286,-23.3078,130.638,130.638,18.6083,-63.1106,-13.7152,6.6458,12.6515,61.124,-24.0374,27.3137,-15.2185,train
1631,59.261,207.422,114.373,103.59,130.256,8.66068,189.125,14.0608,49.8747,12.7043,125.026,437.059,511.136,6196.47,5662.71,52.6841,-51.5545,-17.7221,113.514,88.4259,3.66445,-113.514,-34.8537,-21.0423,87.7629,64.4001,-87.4653,102.377,-84.6112,train
1632,24.6705,20.6064,95.8931,218.918,27.7779,210.654,51.3484,208.149,171.332,1.6644,86.8438,301.401,394.65,6895.43,7630.28,74.8588,-70.2166,-30.3799,245.233,245.233,1.68219,-72.3564,-13.6094,2.04061,0.164553,108.086,-20.6275,24.5921,-29.4531,train
1633,154.769,190.466,134.252,203.795,82.0641,187.399,148.984,101.576,161.406,1.90381,179.339,571.522,527.477,3077.64,4328.35,25.715,-25.0402,-10.2424,87.181,69.24,0.469509,-87.181,-27.6052,-7.61373,0.477195,56.8499,-69.6273,49.2924,-66.4285,train
1634,38.4678,67.7705,140.269,86.8645,105.553,154.677,34.4134,113.724,109.245,78.1448,116.734,471.915,230.391,6962.85,6800.47,57.5166,-55.058,-25.3063,221.014,221.014,26.2285,-56.7441,-33.8647,7.96872,11.4918,133.16,-47.0406,38.0805,-32.1683,test
1635,93.3666,134.952,183.394,52.1604,173.416,197.865,89.8697,185.318,136.004,214.047,90.6767,351.535,219.311,5370.46,8443.42,28.6452,-27.9295,-12.2915,68.9965,68.9965,14.9313,-34.3369,-28.764,8.22459,10.1838,43.7759,-22.3338,15.6011,-13.3132,train
1636,169.216,203.366,63.4202,74.5768,118.693,184.913,108.346,135.123,148.189,86.9827,179.542,289.59,425.603,5168.52,7047.01,17.8371,-16.8667,-8.05971,88.0591,43.4887,4.74918,-88.0591,-25.8804,21.341,5.22311,35.0966,-46.7112,18.4193,-15.7029,train
1637,116.855,212.348,32.2097,124.803,176.831,84.8146,201.907,52.0773,65.1593,92.1251,200.689,599.533,235.164,5210.72,6334.56,43.0814,-40.4597,-16.0787,301.042,91.0629,14.2669,-301.042,-23.7637,9.50099,35.7198,25.9238,-126.163,64.3689,-46.5068,train
1638,25.1219,47.9362,135.711,172.495,119.132,213.443,184.118,21.1057,36.181,4.75475,171.02,206.967,482.299,5541.57,5381.17,26.6599,-26.0905,-8.57141,102.723,102.723,5.46942,-62.2749,-10.4785,-10.8834,1.22835,49.0182,-34.2358,70.6496,-77.9816,train
1639,198.369,137.222,122.821,115.906,176.748,215.234,138.337,214.762,85.7274,64.4553,115.516,427.623,450.034,5380.79,8256.32,27.6157,-26.774,-10.5849,62.9844,48.3605,12.1648,-62.9844,-22.4919,15.3328,7.7556,35.367,-35.0125,43.006,-36.6254,train
1640,142.967,4.37856,113.146,212.611,78.7254,50.663,108.996,6.24762,158.641,97.8254,83.668,372.667,416.359,7447.94,7683.28,58.3726,-57.0582,-31.1716,144.456,30.5304,90.1064,-97.0319,-15.6725,-34.2198,7.78748,94.095,-144.456,29.7044,-5.70363,train
1641,16.1289,120.26,174.879,189.364,198.922,180.519,31.9817,219.788,48.5227,225.596,98.049,280.899,401.778,4666.79,6929.22,83.7427,-77.5204,-36.7557,348.478,348.478,15.6307,-39.0223,-4.90721,9.46265,10.413,177.55,-18.091,27.0833,-11.7837,test
1642,28.2189,223.462,206.466,153.754,201.545,126.531,191.813,179.025,79.6863,149.299,156.367,596.236,303.719,3067.05,5015.18,36.1281,-35.1829,-11.9112,213.975,213.975,15.9842,-72.0997,-15.5474,-11.4848,28.2292,65.7939,-0.598626,42.4246,-33.834,train
1643,14.2441,150.091,140.417,176.876,3.59617,126.21,97.3386,4.9075,23.5117,184.599,69.0858,247.495,437.054,3211.45,3084.39,78.5367,-76.1997,-34.2627,186.219,186.219,14.5949,-65.1122,-1.60775,-29.698,17.3566,96.8768,-51.1723,17.1049,-16.7819,test
1644,148.025,106.06,15.134,62.3489,24.5037,88.4394,35.8165,142.569,164.414,50.3321,192.611,343.726,475.195,6335.11,5795.62,37.1263,-33.2522,-17.1507,288.232,72.2959,-2.6181,-288.232,-59.583,144.853,-3.13972,36.5172,-72.0588,31.9541,7.80202,test
1645,71.5389,155.395,165.806,20.4363,116.461,4.07611,133.774,205.19,222.735,107.004,114.1,276.475,440.884,5170.34,6994.26,33.2961,-30.9456,-10.3572,118.369,81.0202,3.10488,-41.657,-111.677,6.43201,118.369,43.7903,-20.8927,14.4908,-6.37673,train
1646,33.479,90.2668,202.421,109.741,91.0333,89.5671,89.1238,78.2672,80.4205,108.011,131.368,459.977,412.32,3856.42,3948.46,44.8985,-43.8697,-18.6575,198.152,198.152,24.7717,-55.7679,-21.539,-3.61998,24.9652,106.138,-36.7555,41.5664,-29.2774,train
1647,198.984,31.8117,63.9718,82.7662,103.477,150.334,69.921,225.328,162.032,70.1576,87.893,597.957,248.12,6178.1,7780.48,51.98,-48.8164,-18.3369,116.546,65.1521,44.6147,-116.546,-55.0986,23.4291,9.44078,29.8552,-43.8376,39.8022,-28.6092,train
1648,206.573,71.7438,100.009,28.1543,39.3905,152.506,157.069,103.099,47.0992,93.3733,101.03,379.923,221.43,5398.22,5750.44,33.7623,-31.7952,-11.9809,71.6872,31.1882,31.8496,-71.6872,-53.7829,28.6666,14.9831,30.3436,-36.2599,45.4665,-34.6083,train
1649,54.9131,94.5225,102.326,50.3821,135.293,7.3072,59.6716,99.7274,204.892,22.0429,167.529,224.083,501.721,5095.24,4617.63,24.9393,-24.3696,-12.3011,108.171,108.171,2.15843,-56.6793,-40.4273,12.2869,27.9204,84.3459,-52.4568,14.0586,-13.0894,train
1650,63.4535,93.5193,212.241,98.9939,141.831,222.331,60.6659,221.158,214.867,91.8203,86.422,275.975,249.629,4508.2,6862.18,31.5145,-30.1464,-14.1201,89.348,89.348,8.84873,-24.0581,-19.5186,6.89179,3.72206,54.6971,-18.6062,12.7175,-12.7455,test
1651,85.179,147.604,80.0284,200.092,166.811,161.411,20.2679,12.8421,23.7449,31.135,191.494,251.257,285.242,6110.97,5395.43,37.9745,-37.7921,-25.1004,232.835,54.3196,9.10087,-72.0151,-5.84357,5.66549,8.32235,226.82,-232.835,69.639,-61.0164,train
1652,164.694,89.2068,51.7752,9.67752,122.877,202.771,210.153,103.693,208.691,45.853,168.404,266.337,249.04,7451.67,9844.77,23.3706,-20.309,-6.84992,117.504,33.6227,17.1088,-95.4718,-117.504,14.1355,7.52682,15.3411,-39.1979,7.70598,-47.0723,train
1653,219.316,170.185,213.373,107.803,200.225,56.9794,48.9136,17.7463,147.478,201.356,126.353,227.499,286.032,5155.76,7333.19,23.6653,-23.4861,-17.5958,112.869,16.8311,5.71859,-28.0915,-12.0754,0.572167,17.0802,107.525,-112.869,12.4831,-6.83533,train
1654,197.292,168.222,113.397,142.699,117.551,73.3609,80.6901,186.69,149.579,142.677,135.092,391.326,346.119,7136.19,10466.4,20.2671,-19.6322,-9.47465,55.7092,45.0282,7.4425,-55.7092,-18.6496,19.644,17.0662,42.1337,-37.6522,25.1614,-12.4098,test
1655,136.469,101.851,222.803,51.4735,4.10621,70.1358,20.1635,220.833,94.8078,43.4891,139.709,420.561,264.05,5428.18,5575.23,28.4443,-27.5739,-20.5077,185.62,66.0786,1.52915,-28.0053,-78.6785,185.62,2.22062,142.663,-30.8164,60.4103,-5.06464,train
1656,99.6693,164.454,20.9814,44.321,31.5835,135.419,197.84,93.4512,107.285,188.75,158.909,505.904,307.134,2873.14,3486.38,56.7522,-51.4607,-21.826,347.417,109.955,12.3183,-347.417,-68.4382,90.7714,14.9595,15.9424,-89.2876,39.9838,-15.1783,test
1657,158.233,217.77,184.623,194.785,127.375,133.175,27.214,173.84,7.64817,53.0423,124.767,382.157,432.277,4765.46,6040.08,37.7633,-37.6825,-15.6266,123.819,64.4953,14.4737,-30.2356,-3.43776,44.8606,23.6676,91.4926,-51.9325,123.819,-84.037,train
1658,92.7434,156.626,114.294,48.4406,121.772,113.633,165.198,114.973,13.9447,104.109,118.199,285.051,266.931,5591.84,6190.44,25.4839,-24.9701,-8.91073,55.4601,52.6406,14.9981,-55.4601,-10.3513,12.5655,20.6725,29.862,-24.989,50.8523,-31.9099,train
1659,22.4563,33.0243,177.92,171.684,78.1307,132.775,129.57,2.9041,149.393,210.772,132.953,362.487,221.126,4191.17,5030.75,34.9164,-32.5929,-12.3372,163.354,163.354,46.2393,-52.9314,-12.2192,-26.2943,11.5008,63.2253,-21.1614,19.8591,-10.2458,train
1660,219.731,87.9433,14.4419,190.292,1.36696,208.631,176.43,187.25,17.0628,135.303,103.925,287.222,393.692,4045.33,5371.77,96.6842,-87.6558,-44.7146,450.048,27.552,3.20347,-450.048,-13.6133,432.585,1.35035,29.0756,-24.0309,214.708,-2.94463,train
1661,87.3005,52.2539,163.953,193.753,30.8369,210.335,164.149,36.2436,78.3815,174.652,118.734,529.563,377.544,6386.79,8057.39,37.368,-36.7346,-15.5651,81.1911,81.1911,55.8554,-76.6944,-12.268,-18.9567,13.8763,62.709,-69.9389,42.8869,-23.6334,train
1662,34.6495,124.43,1.69689,163.708,193.559,131.91,130.109,124.711,137.952,38.1105,72.0914,335.871,217.496,3044.21,3505.46,203.298,-188.548,-67.3033,582.16,325.062,4.35462,-582.16,-17.2066,26.2848,4.10768,-25.7699,-89.6366,28.8771,-20.1069,train
1663,158.979,26.7151,94.5721,13.997,208.844,7.64696,85.9104,184.231,159.032,139.719,127.329,400.644,332.208,6365.8,7656.15,40.7966,-36.121,-10.3384,197.01,56.6063,46.7487,-67.0619,-197.01,10.7029,163.319,38.4498,-38.3261,24.5218,-12.6411,test
1664,144.548,178.708,7.46026,85.7567,52.1555,85.3145,223.824,60.7781,13.163,170.362,129.13,432.656,321.133,5789.2,6436.94,102.366,-93.8167,-39.9942,566.098,82.7942,18.3417,-566.098,-12.2294,126.4,38.4203,-0.652802,-177.799,112.676,-27.2098,train
1665,223.78,189.295,25.1124,42.7373,209.141,212.406,83.2303,129.36,22.6744,180.528,128.546,314.5,363.309,3280.56,4471.1,35.0813,-32.7652,-13.7527,161.979,40.2199,13.3989,-161.979,-14.2417,25.0872,11.941,15.6777,-64.0136,37.9619,-19.8692,train
1666,112.328,197.94,177.814,89.6448,203.096,59.8875,177.425,146.02,5.2442,112.679,71.7971,313.781,555.187,5905.86,7910.92,48.1061,-47.6619,-17.1644,73.0092,56.9431,14.4846,-48.1907,-3.02007,14.7111,47.8744,43.2906,-31.5589,73.0092,-35.9842,train
1667,169.382,164.506,124.387,200.044,95.8181,17.641,188.132,159.804,220.241,216.154,143.437,395.706,252.755,5195.54,8936.2,17.2252,-16.5837,-6.6301,56.9655,43.1744,4.4877,-56.9655,-16.0905,1.43096,41.8488,23.5188,-29.6988,20.6686,-4.83014,train
1668,186.255,170.931,57.8571,205.4,160.087,138.024,111.197,175.235,184.533,34.9711,151.214,364.883,493.149,2969.38,4436.78,23.7173,-22.5532,-10.2253,105.964,52.3326,2.83684,-105.964,-15.4038,18.3303,3.5132,31.5657,-49.2163,24.2476,-19.6093,train
1669,152.82,25.3091,82.7435,60.2356,22.9292,72.4938,10.113,22.1343,156.71,196.107,168.27,521.307,391.149,3944.17,3466.23,64.6406,-63.9788,-51.0006,419.629,74.1845,38.1377,-99.2686,-70.5205,81.8149,13.3147,419.629,-391.263,38.3341,-6.96072,train
1670,193.592,47.5716,155.085,110.613,107.106,198.705,101.127,177.144,209.755,188.614,119.102,236.806,426.023,4104.89,6642.17,15.7842,-15.3136,-8.57979,39.2036,31.9899,11.457,-33.3457,-16.4812,18.6908,2.7429,39.2036,-30.5361,12.2913,-4.08658,test
1671,195.975,191.795,90.4889,211.869,211.876,65.8592,135.803,204.734,181.63,56.0899,177.548,312.527,569.098,3609.58,5893.68,15.4825,-14.8939,-7.03088,69.8904,44.6101,2.81039,-69.8904,-12.2069,14.3054,8.18441,33.3138,-38.8012,20.1371,-13.5905,train
1672,39.2409,187.143,32.9551,5.85342,154.09,217.448,150.425,211.769,209.135,136.231,63.2205,294.821,297.189,4284.26,6414.45,97.4678,-90.1524,-31.8061,169.999,158.36,13.0594,-169.999,-86.144,17.9228,11.2393,24.9525,-21.8105,3.40974,-25.3709,train
1673,213.464,149.049,118.291,59.0986,214.542,96.6195,24.6494,224.24,121.29,74.317,101.571,525.655,370.894,4756.47,6435.59,37.9313,-36.6384,-16.3674,63.9719,61.4014,13.3779,-53.8633,-55.2058,21.3846,20.6373,63.9719,-49.5106,38.0411,-37.9441,test
1674,52.4281,70.4949,85.3986,219.863,213.843,43.369,120.659,105.125,182.071,32.4424,80.7933,408.095,321.998,4776.67,5713.37,59.2071,-57.7328,-23.1914,131.836,131.836,8.34882,-100.129,-15.8844,-3.09307,13.5708,52.3911,-38.0842,27.1268,-25.6558,train
1675,212.195,222.169,99.3075,165.55,170.58,192.647,127.678,77.5624,182.193,141.198,209.31,310.501,419.578,7258.44,12013.5,13.3996,-12.898,-6.96622,71.3277,30.2902,5.17317,-71.3277,-11.8133,8.01225,5.96594,44.0658,-60.5785,15.1804,-11.5113,train
1676,214.344,56.3353,77.4401,47.797,35.9641,119.422,176.665,95.3938,120.006,94.661,92.1057,354.287,298.498,4273.91,4844.58,36.5219,-33.9078,-14.4701,90.3983,30.853,23.6262,-90.3983,-46.2767,23.8679,11.1453,27.6781,-45.5168,26.066,-19.8847,train
1677,167.635,145.366,93.5462,170.119,201.723,150.708,117.644,26.4568,155.157,159.403,175.98,541.832,224.546,6411.06,9249.16,26.5932,-25.6394,-13.2146,118.369,44.3073,16.8234,-118.369,-17.4747,-4.77713,16.227,67.9755,-107.395,27.096,-21.6967,train
1678,122.633,50.5607,42.3625,99.0585,15.1692,57.0395,39.8665,131.445,207.588,99.8592,152.694,533.964,549.898,6290.8,6119.82,45.2163,-42.559,-25.0587,199.047,106.707,-4.07411,-199.047,-55.9834,145.064,-3.61135,109.702,-83.3407,37.7801,2.91724,test
1679,190.924,134.129,53.2504,129.566,91.9149,213.9,173.818,142.321,12.9111,182.253,166.895,537.839,375.417,6759.28,9498.33,32.8338,-31.4446,-12.2172,166.356,57.7758,34.1917,-166.356,-6.11496,52.8763,21.4404,28.3151,-56.167,86.7831,-35.5864,train
1680,39.4873,133.232,134.447,222.4,204.514,139.52,34.1783,206.551,114.252,153.736,70.8421,521.033,408.029,5982.19,8714.08,105.695,-100.809,-47.2435,275.342,275.342,16.7735,-65.7415,-13.3793,13.1365,16.0174,150.136,-38.7677,36.8316,-20.5575,train
1681,138.661,89.3359,49.1471,184.894,46.4496,18.0353,192.885,38.7141,41.5687,31.8044,159.658,591.239,396.784,5945.3,5207.07,56.5073,-54.3966,-19.2339,245.559,69.4967,21.5062,-245.559,-21.586,-5.74798,106.529,45.136,-136.041,135.782,-85.4315,train
1682,24.6003,25.8648,45.2,33.5515,82.1159,11.4334,203.595,104.147,10.1475,182.319,190.91,217.391,497.124,4720.76,4015.23,38.0296,-36.9888,-11.2716,167.496,167.496,56.3189,-163.109,-21.3771,14.9703,127.405,36.1106,-26.432,99.958,-11.2992,train
1683,170.356,186.533,11.1812,48.2414,213.744,159.924,28.9745,195.68,33.5983,22.2364,63.4465,584.832,506.481,4050.55,4395.15,183.889,-169.331,-45.8625,425.116,104.819,12.6198,-425.116,-72.4338,39.8321,14.7196,-53.4474,-86.7853,147.082,-149.713,train
1684,183.101,93.7769,115.988,105.446,126.37,5.31051,12.3859,21.671,62.8733,175.067,200.522,375.75,510.161,7747.77,7188.39,48.5967,-48.4248,-36.6191,371.301,51.1452,7.30225,-60.4322,-29.1404,20.056,128.948,371.301,-365.917,69.1149,-5.53175,train
1685,210.242,212.517,88.3854,50.0847,45.4131,147.758,195.245,148.17,132.078,30.6018,158.269,508.762,535.25,3627.76,4876.75,29.7506,-27.6112,-10.818,114.429,49.9495,5.71932,-114.429,-77.3125,33.9482,8.226,36.4067,-51.6726,41.4607,-56.1702,train
1686,192.241,156.01,122.556,164.218,181.533,184.077,135.419,69.0704,152.517,213.742,161.123,226.378,208.213,7126.49,11780.4,10.6552,-10.314,-5.36205,39.8243,20.7696,6.81553,-39.8243,-7.31035,2.91127,5.77633,27.3291,-35.4009,11.1316,-7.03519,train
1687,63.4953,111.058,168.091,209.82,136.668,113.13,176.63,33.4223,69.3955,16.419,181.479,348.856,338.902,3757.85,4194.48,21.1313,-20.8472,-7.48656,71.5916,71.5916,6.54535,-55.3805,-13.162,-12.4717,6.42547,46.6021,-44.7323,56.2798,-62.6112,train
1688,168.492,221.108,183.298,225.228,22.7648,82.2616,161.61,144.786,107.991,113.622,196.413,334.721,454.849,4803.47,7246.72,12.0495,-11.7735,-6.01087,44.6042,38.0684,4.47227,-44.6042,-10.4709,31.1302,12.0209,42.2546,-29.9575,30.8841,-12.3079,train
1689,117.232,68.2025,216.831,153.363,156.844,106.861,172.571,112.032,19.1273,23.0935,148.07,324.078,370.687,5701.82,6681.58,27.1225,-26.9696,-6.89309,117.839,47.6433,24.1488,-36.1752,-10.3921,4.78652,15.4127,37.7227,-29.5954,117.839,-100.861,test
1690,35.6866,146.161,198.122,8.52184,214.233,102.531,7.12756,69.5459,1.54044,167.418,99.9362,336.056,454.471,6517.19,6272.97,91.2563,-89.9805,-52.3712,276.961,276.961,22.5009,-23.9378,-8.42506,30.114,32.0759,274.218,-132.649,65.9137,-27.7809,train
1691,2.18098,166.173,132.676,225.031,26.6054,148.639,43.8444,153.048,75.9344,148.944,125.58,220.783,424.033,6114.01,7255.43,102.893,-93.4423,-39.6771,606.951,606.951,11.2895,-71.9048,-1.47457,-45.7013,12.6212,236.503,8.16914,6.17993,-17.8125,train
1692,142.861,76.7168,90.2233,174.672,132.553,172.979,206.577,27.8839,148.585,157.127,170.225,513.301,342.581,3131.71,4449.87,27.2641,-26.0719,-12.0344,131.665,48.6177,28.6918,-131.665,-16.785,-8.44407,12.7249,46.1844,-91.9301,27.905,-19.8112,test
1693,38.9739,151.562,92.9808,224.764,158.335,210.806,113.504,143.74,97.7272,201.321,174.997,268.28,250.064,2938.13,4470.92,19.9434,-19.2367,-7.91222,113.676,113.676,9.67813,-65.8051,-5.40993,3.35783,6.95823,42.8089,-17.1944,17.5962,-10.3041,test
1694,80.7033,7.82574,167.813,111.986,115.174,93.799,52.0318,125.818,49.0073,201.841,205.883,596.513,583.349,3568.29,3861.81,39.338,-36.3988,-14.8692,218.765,158.639,218.765,-65.1092,-37.9791,22.4395,18.2517,134.84,-76.8554,122.734,-11.9952,train
1695,173.298,223.603,93.3864,155.708,176.273,204.586,161,88.1127,33.563,4.05504,128.11,558.945,438.013,2744.88,3595.09,60.5318,-59.6019,-14.9061,222.292,59.3775,2.85054,-116.274,-31.8035,-1.4267,3.11552,46.2825,-75.4444,208.66,-222.292,train
1696,43.609,41.5236,3.62789,185.614,161.97,136.857,71.8779,33.7102,140.464,25.9389,161.82,376.141,421.941,4782.61,4188.91,142.317,-130.367,-55.701,992.114,272.98,9.64742,-992.114,-18.1064,29.5249,2.9271,-3.19005,-341.615,33.8373,-21.8408,train
1697,184.197,140.201,63.1388,108.76,18.3126,192.533,90.2481,115.277,43.1803,215.793,150.331,471.141,356.987,3077.8,3838.88,32.5829,-31.1158,-16.0055,137.906,48.8439,17.2942,-137.906,-21.0255,109.145,12.5935,62.6155,-52.5741,74.8938,-15.8902,train
1698,59.4607,97.6385,190.243,80.3187,113.025,219.755,84.9212,104.671,113.302,106.923,106.314,428.903,248.812,2974.29,3644.41,37.9023,-36.8539,-15.9875,114.876,114.876,20.591,-44.809,-28.3689,2.32707,9.14873,70.5362,-34.3393,28.4405,-26.5915,test
1699,173.931,206.292,97.1917,46.4627,85.143,164.446,10.2935,138.63,46.4585,204.617,172.299,434.989,513.605,3733.65,4571.93,28.0199,-27.5867,-17.3298,135.809,73.8647,12.6277,-54.9263,-37.5548,79.3082,15.841,135.809,-86.6855,53.1154,-18.0044,train
1700,51.6527,84.7226,103.074,110.763,134.13,218.51,36.3399,204.693,170.606,153.274,95.4752,253.72,436.649,4150.94,5700.1,43.6366,-41.6112,-21.4266,138.74,138.74,8.58338,-46.6831,-16.3411,21.0175,3.32802,88.5191,-31.9821,15.0036,-6.70973,test
1701,69.7009,35.3013,4.82243,177.064,131.734,214.666,55.6561,168.155,27.4309,190.65,194.28,311.584,344.693,6333.44,7286.71,49.7884,-46.0105,-15.8144,397.045,156.091,52.3841,-397.045,-7.15337,49.3213,8.61444,-30.5201,-65.2957,65.3006,-13.7173,train
1702,110.898,169.315,11.2747,84.2514,189.362,215.028,54.4942,65.2415,42.7101,162.475,131.463,537.998,397.448,5678.03,6436.18,98.0505,-90.4698,-38.1864,522.488,128.258,21.3166,-522.488,-21.0174,37.3506,16.7849,13.2587,-191.698,58.6328,-31.4155,train
1703,129.979,222.087,119.106,53.9939,37.4896,106.05,19.9028,101.448,55.6488,177.72,187.535,294.078,246.829,4213.78,4509.47,18.0053,-17.7242,-11.3191,97.9405,53.6356,6.25536,-36.2628,-28.7355,66.1296,13.0998,97.9405,-56.1893,39.4295,-11.0549,test
1704,34.5879,8.11898,157.169,36.9748,189.984,180.603,107.216,181.152,127.3,11.1294,184.326,401.264,362.075,6791.43,7520.54,33.0419,-31.0132,-10.1607,178.397,178.397,58.4176,-60.3698,-95.6962,-7.26694,2.62615,72.2254,-16.8451,39.3086,-60.2683,train
1705,72.4161,69.3541,67.5921,153.74,7.07498,93.2639,208.977,208.2,128.117,177.637,194.649,589.863,445.916,4997.76,6790.13,31.5831,-30.1397,-11.8849,173.816,143.703,24.9557,-173.816,-27.1098,48.0508,18.5579,39.5886,-30.6197,46.0065,-13.7792,train
1706,26.9667,225.371,91.3865,215.763,72.8655,122.451,65.7922,48.3217,175.061,158.81,158.664,585.229,570.63,6399.61,8124.35,64.3171,-62.3097,-29.7711,334.491,334.491,10.8329,-155.855,-15.8084,-3.33571,19.9379,180.361,-92.7112,27.5543,-21.741,train
1707,200.1,171.404,151.298,30.3394,176.405,128.689,94.1925,162.207,37.6602,150.958,174.838,287.435,555.471,3553.32,4833.39,15.8579,-15.4359,-7.72877,52.7741,38.9227,11.944,-42.23,-27.2614,23.1682,15.9086,52.7741,-42.8437,31.059,-19.1793,train
1708,174.712,117.673,106.156,224.941,96.0061,154.028,192.184,93.9333,104.444,99.2809,185.123,204.085,416.593,5362.58,7680.21,11.3376,-10.9338,-5.44862,54.7725,25.6082,5.99428,-54.7725,-5.93703,11.4341,4.57945,27.7683,-36.6334,18.083,-10.0476,train
1709,29.1543,130.418,39.1575,140.024,173.847,123.733,94.8385,166.45,169.539,199.172,76.4184,337.108,572.032,2814.98,3931.26,106.771,-102.846,-41.8891,263.909,263.909,9.63999,-207.865,-15.0964,12.7074,10.1608,71.1054,-36.7297,17.6328,-8.92689,train
1710,110.048,176.447,94.0935,172.668,199.327,52.8095,20.3429,105.208,86.5701,169.217,118.407,385.579,367.858,4466.1,5491.44,37.7516,-37.3606,-20.8463,106.353,89.5998,9.19148,-57.2371,-12.938,18.9164,30.7106,106.353,-80.7133,36.4944,-13.5541,test
1711,135.736,3.4005,61.8979,105.415,184.04,58.4986,73.6704,162.136,45.9895,169.492,150.066,532.97,350.695,6695.76,7268.79,48.4014,-44.1711,-12.948,270.507,87.2973,270.507,-123.538,-41.8333,11.4638,15.7245,44.4786,-56.8668,135.606,-7.67513,train
1712,213.337,92.0341,46.3388,11.72,15.8912,50.2957,86.1858,63.4117,162.838,213.155,130.927,266.132,538.747,4719.29,5061.5,42.6074,-37.374,-21.2693,155.463,28.9096,11.4097,-155.463,-137.478,119.243,20.8781,74.5397,-78.1948,13.9933,-6.96693,train
1713,199.479,107.88,58.519,129.009,180.604,195.869,188.119,169.868,2.96986,91.1153,69.2949,298.736,566.756,6578.51,9087.37,59.3929,-57.6092,-20.9159,108.211,41.5945,26.1781,-108.211,-1.26556,28.4967,14.4183,25.1468,-44.2068,77.7469,-43.8332,test
1714,111.755,65.7389,84.8937,67.354,91.5307,168.758,85.4282,38.1842,168.577,73.647,85.1478,471.307,388.153,5028.87,5092.27,65.6669,-63.207,-32.3647,120.035,70.069,24.8058,-120.035,-45.7636,0.383786,9.663,90.6704,-115.461,25.8583,-31.3139,train
1715,143.668,99.0747,82.2473,188.35,67.3662,160.382,193.497,205.114,193.553,193.68,108.052,387.355,597.54,3130.63,5302.88,32.3023,-30.6982,-14.3648,102.789,63.6325,8.67482,-102.789,-16.0026,33.4634,5.35879,33.478,-36.3244,22.0228,-6.27557,train
1716,25.5087,11.2531,64.7689,111.171,154.751,47.8957,125.779,43.7133,33.1706,225.083,110.481,262.459,526.032,6655.14,6208.83,61.8009,-59.6146,-22.8913,167.998,167.998,101.055,-136.619,-13.3795,1.12069,23.743,69.9812,-53.7313,63.4149,-7.14503,train
1717,164.068,205.777,225.333,40.6926,72.5339,223.594,176.825,72.0404,64.0331,196.835,129.063,493.466,242.592,5534.74,8365.11,22.2271,-21.5091,-9.27801,45.5847,42.4102,17.3543,-45.5847,-33.5088,9.09837,15.9714,42.6849,-39.723,30.1152,-25.6576,train
1718,138.92,101.109,78.9861,216.58,200.008,72.7651,16.0229,169.622,36.763,117.893,93.6547,228.837,284.254,2826.88,3333.55,28.6275,-28.3449,-13.9034,52.9193,49.0909,12.9296,-36.5627,-4.52982,17.7506,17.966,52.9193,-37.7798,37.7402,-15.682,train
1719,26.4679,144.442,134.831,155.19,139.492,143.399,139.396,203.677,44.8817,207.872,183.609,231.991,243.819,2786.29,4041.93,17.4038,-16.7693,-6.36755,116.532,116.532,11.4549,-46.8256,-4.28725,0.71059,11.5382,40.5167,-5.30798,20.9647,-11.2565,test
1720,168.745,82.7639,190.949,172.17,89.176,173.637,132.199,4.2703,1.16348,125.051,126.817,388.869,324.336,3150.71,3598.18,31.9087,-31.6458,-14.6528,88.166,24.6225,46.2069,-56.3213,-0.374197,2.26291,22.0245,73.448,-88.166,78.3091,-43.249,train
1721,187.264,219.72,133.086,57.9417,197.796,185.629,178.827,124.334,158.394,158.615,134.243,200.692,439.714,4767.72,8102.27,13.8119,-13.1971,-6.73074,42.0476,25.7496,4.44723,-42.0476,-17.7726,9.02577,5.26396,28.383,-32.0191,9.19435,-8.7122,train
1722,176.363,104.353,6.25228,23.0028,182.227,168.604,49.0742,78.3352,56.3654,219.462,120.176,370.823,367.251,4754.76,5352.36,85.1521,-75.9626,-30.7692,454.377,67.7938,24.2213,-454.377,-51.3264,38.7837,14.9912,-24.9946,-148.905,29.6226,-16.2877,train
1723,106.459,222.693,116.224,210.962,44.0939,118.069,66.8199,151.564,91.885,29.8875,204.601,452.175,495.67,4809.41,5715.08,22.5431,-22.1788,-10.7108,94.4847,94.4847,3.7268,-72.8183,-17.4999,41.8454,7.02919,83.4202,-51.6643,56.8213,-39.2706,train
1724,127.651,40.5943,208.394,100.987,86.5766,101.603,111.912,138.271,56.4102,43.1296,201.991,224.26,532.031,6029.02,6397.15,12.901,-12.7325,-6.14121,52.4842,44.2791,17.3897,-30.6912,-15.2166,21.6338,6.94786,52.4842,-34.8733,38.5246,-23.1472,test
1725,138.449,172.221,161.087,171.707,208.563,158.712,194.359,26.4652,18.9407,195.162,101.94,411.199,383.491,4949.5,7358.16,33.3476,-32.7309,-14.9048,67.58,38.1705,20.2967,-67.58,-3.59021,2.66678,22.0244,49.2915,-62.6629,46.0287,-25.3298,train
1726,202.478,166.058,39.3604,202.238,181.659,174.563,78.3012,189.977,37.442,148.301,115.741,597.804,278.989,7730.31,11369.4,48.5382,-46.2217,-16.9833,177.93,67.7636,24.3035,-177.93,-9.60377,31.9298,23.1194,18.5187,-57.6368,73.3603,-38.4858,train
1727,100.558,31.5722,223.637,36.6581,119.842,71.6493,129.397,102.678,145.343,84.9212,190.246,562.89,519.609,6889.8,7797.95,26.0989,-25.04,-9.93007,97.1226,95.1018,65.5189,-55.9815,-97.1226,3.1209,28.8709,75.3094,-54.1888,34.6426,-34.4486,test
1728,146.826,112.062,175.549,150.025,9.68637,88.1488,152.474,88.0558,52.9481,209.298,132.401,211.092,587.334,6790.24,8651.17,17.9222,-17.5086,-10.7931,62.6869,28.2353,6.09826,-45.9155,-9.51532,62.6869,7.75259,55.1823,-32.6789,38.1288,-4.61758,train
1729,167.089,10.6206,162.947,97.953,27.605,115.731,31.2829,37.2591,57.8089,40.1974,141.333,202.058,583.262,4231.67,3163.19,32.9629,-32.766,-25.8667,181.39,35.0792,18.7778,-37.0243,-18.592,73.162,1.72323,181.39,-145.782,44.5518,-7.0163,train
1730,22.8758,208.984,105.349,112.379,165.138,207.098,146.993,113.386,125.841,147.653,133.995,435.656,515.498,4723.97,6811.29,50.9449,-48.5452,-18.8871,248.087,248.087,11.2096,-119.123,-17.9208,-4.21036,11.3117,78.8238,-16.4468,22.6327,-22.4376,test
1731,173.035,56.2951,19.7216,15.6882,94.366,193.331,206.87,71.5685,15.4778,17.4885,186.768,208.138,353.721,3305.68,3001.04,34.3449,-31.984,-10.6794,194.217,34.3924,19.8677,-194.217,-61.3791,30.8033,5.7852,11.9558,-76.4665,87.9831,-90.4446,train
1732,66.0249,168.673,76.6467,149.83,133.639,106.187,182.551,38.6009,207.487,73.5226,181.622,417.556,426.491,7286.95,9402.85,28.1113,-26.9685,-11.9365,137.955,94.1733,7.3197,-137.955,-19.6284,-6.72484,11.627,49.567,-74.8204,20.0451,-23.7483,train
1733,0.828847,24.9571,113.46,31.0725,63.8832,174.216,2.24456,16.4054,182.888,134.345,172.941,445.173,508.511,5315.17,4293.63,1032.52,-929.367,-470.376,8455.98,8455.98,74.4267,-100.754,-83.4902,-0.583395,10.6619,4397.74,-220.423,20.0605,-19.553,train
1734,33.3824,165.072,173.045,31.2778,35.066,125.081,12.7854,109.506,139.203,48.8813,120.3,263.15,229.773,3016.57,2763.49,46.4031,-44.5399,-24.7038,185.607,185.607,4.40273,-23.0937,-60.8972,47.3325,5.8104,150.956,-46.0336,19.3508,-21.0266,train
1735,136.224,126.793,161.707,70.3259,123.383,82.1138,57.7061,75.1169,183.62,46.3058,207.024,501.288,437.446,3046.48,3380.59,22.8642,-22.3268,-12.0347,107.209,73.5969,9.85233,-58.0523,-53.5177,10.1237,15.2131,107.209,-94.3745,28.9873,-38.1516,train
1736,57.1321,31.656,62.276,117.577,20.6797,143.109,216.406,225.404,35.8242,193.119,182.735,574.552,234.624,4586.78,5792.21,38.1406,-36.9189,-11.73,170.626,156.775,104.448,-170.626,-20.7448,37.3423,23.1041,31.8936,-20.1483,96.2876,-24.2129,train
1737,113.054,73.4491,6.58792,82.7196,137.675,59.6472,33.7852,146.536,173.358,170.314,94.4279,555.788,390.003,3126.39,3471.03,130.96,-116.416,-40.4717,569.269,148.809,19.1752,-569.269,-50.1632,51.6872,23.6122,-75.6635,-108.723,33.8504,-11.6947,train
1738,103.453,56.4801,140.645,140.385,12.2966,129.137,151.167,172.773,223.83,126.931,109.158,526.506,574.324,3756.37,5277.84,37.406,-36.1898,-16.9988,95.349,95.349,18.8219,-83.0055,-29.9321,32.2882,8.23203,59.9607,-37.6448,26.5493,-11.8442,test
1739,8.11916,1.99055,121.378,187.356,157.56,34.1548,25.1705,223.589,222.506,140.078,202.728,389.7,403.141,5779.7,7267.5,81.8717,-73.655,-33.5613,729.426,729.426,71.6775,-80.7399,-20.0384,-10.9736,4.17737,331.667,-12.8103,23.8619,-1.44046,train
1740,209.228,193.105,149.077,78.5283,58.9335,203.265,163.905,31.1799,164.673,44.1192,85.3191,266.583,444.398,3808.58,5096.06,32.0186,-30.8813,-16.2829,68.7706,19.988,4.24435,-55.4038,-23.5103,-5.59952,4.03222,48.2629,-68.7706,15.8554,-26.272,train
1741,59.6515,103.059,220.622,51.5419,64.961,6.77248,177.232,213.995,94.2405,158.715,83.638,210.367,271.818,3637.31,4714.93,27.5315,-26.835,-8.5053,69.7634,60.2559,4.5845,-24.6342,-31.648,-2.1629,69.7634,26.5809,-9.85143,24.4784,-4.2099,train
1742,53.3545,64.779,147.589,204.031,2.35153,86.6503,184.78,125.711,137.796,161.806,144.901,385.635,330.929,3480,4523.55,24.7563,-24.3477,-8.70449,111.684,111.684,26.3103,-60.4348,-10.5474,-21.0524,19.6693,38.7507,-23.6524,22.0862,-14.8963,train
1743,50.7899,154.247,145.671,70.1293,7.1852,125.366,118.9,10.2089,42.4452,60.8926,118.353,243.086,545.931,6676.97,5385.7,35.9729,-35.4578,-18.2837,98.9468,61.9244,10.0496,-65.9481,-12.5588,-23.1676,12.3647,85.3511,-98.9468,29.345,-36.001,train
1744,133.138,119.434,151.933,188.687,29.9734,131.184,150.671,206.652,187.116,88.1197,125.355,275.043,576.019,3781.51,5701.66,18.7417,-18.1699,-10.1831,49.643,48.5894,1.96022,-49.643,-13.3359,40.113,1.78464,44.978,-25.4483,19.0182,-3.75728,test
1745,105.528,193.779,51.7069,1.86133,29.5263,184.896,60.6937,75.0291,206.097,86.6433,105.493,466.165,405.731,4824.54,5175.8,81.7211,-70.6914,-32.7725,298.417,85.4185,21.1902,-174.603,-298.417,128.596,22.2082,101.744,-82.0382,3.81144,-67.0224,train
1746,4.51373,85.4645,24.4339,198.721,110.744,218.866,160.173,121.016,109.188,31.5693,75.9822,338.106,310.139,3815.51,4324.38,216.006,-203.588,-67.0739,600.821,600.821,11.3269,-431.065,-12.1427,-27.831,4.423,63.1431,7.81934,31.2537,-43.3656,train
1747,139.165,152.007,124.736,92.6547,91.1838,69.8391,41.0174,193.268,178.839,54.7545,87.0061,326.19,594.37,3231.24,3933.42,39.0704,-38.2409,-22.5125,84.2359,72.0319,2.89142,-45.7368,-30.4613,43.2101,6.29325,84.2359,-49.4833,22.3187,-11.3519,train
1748,208.589,109.167,57.1447,82.0032,119.968,60.0109,49.5393,139.854,43.9788,164.882,75.3008,280.974,415.831,3772.66,4140.01,45.3394,-43.8468,-21.5773,79.3192,38.6161,13.9508,-79.3192,-15.6918,32.9949,25.3781,49.1849,-53.039,41.3786,-13.0626,train
1749,203.87,199.964,126.96,3.19185,208.366,161.222,41.5989,102.829,157.175,124.255,91.8844,574.934,463.289,3701.92,5097.28,65.2145,-59.6378,-28.9619,194.356,63.239,25.6496,-70.7966,-194.356,31.3049,31.8131,110.115,-98.2412,5.58174,-58.3757,test
1750,90.0388,50.7331,208.131,192.73,176.219,103.963,121.809,30.6454,221.02,53.2701,120.028,487.46,299.552,7014.54,9142.16,31.6326,-31.1276,-15.2887,73.437,71.2966,19.8006,-53.8117,-20.0801,-13.1949,9.66254,73.437,-71.292,24.7628,-26.6687,test
1751,125.134,12.4634,224.556,110.011,178.06,124.369,211.057,223.991,27.0454,119.087,143.133,252.307,409.921,5082.55,7419.75,20.0799,-18.5964,-5.25653,99.2469,41.2851,99.2469,-28.956,-11.6907,7.621,9.94584,26.6629,-16.6878,67.251,-14.6894,train
1752,134.146,119.207,95.6288,206.567,52.8422,161.121,172.769,158.774,179.013,6.1303,179.827,224.983,465.064,4676.6,6415.35,13.1204,-12.6,-6.12522,61.3089,41.2775,0.436141,-61.3089,-10.6398,20.6191,0.322684,29.5751,-29.2812,17.363,-11.994,train
1753,181.936,10.1031,168.754,65.738,68.113,61.0173,216.039,171.094,219.893,5.20449,104.02,371.292,545.511,6031.08,7839.25,28.4753,-26.8958,-10.4093,54.3432,42.9351,13.9073,-52.0427,-54.3432,7.72408,2.30275,33.1855,-33.8773,22.9755,-38.1801,train
1754,204.105,162.104,136.461,37.7453,188.165,11.8009,175.968,21.5133,1.88459,100.385,196.841,500.632,431.214,5304.07,5646.86,42.1152,-41.8353,-10.3055,393.263,31.4183,28.6289,-94.6681,-9.68245,5.53162,393.263,63.5879,-92.447,274.25,-65.3801,train
1755,140.485,208.039,193.367,224.327,199.198,195.64,69.1543,125.069,74.3255,156.894,155.329,355.785,435.968,7743.08,12480.6,19.1395,-18.9702,-10.2763,69.3168,57.5566,9.3223,-35.9287,-7.21471,14.6062,9.91308,69.3168,-51.1998,30.7948,-17.4814,train
1756,117.038,171.509,73.8544,81.9013,221.176,70.6077,30.8187,25.0217,177.216,215.842,110.826,499.683,595.876,3625.78,4545.18,82.4369,-81.0685,-56.0329,291.055,86.6938,12.4139,-146.271,-35.0147,10.3171,30.1538,266.425,-291.055,22.8851,-13.95,train
1757,168.426,8.98194,135.214,200.696,185.452,62.4295,128.411,11.7773,172.187,80.2451,196.868,588.229,308.06,4497.82,5414.3,26.1928,-25.5177,-12.8112,128.102,41.2591,89.291,-101.901,-25.3133,-21.6416,12.8466,86.9608,-128.102,41.7257,-14.1343,train
1758,173.853,210.297,134.913,60.7997,125.941,38.9351,139.43,191.596,111.454,222.249,207.902,420.448,278.521,6612.08,10186.5,13.8135,-13.2116,-5.14034,54.1008,46.5896,9.12383,-54.1008,-37.595,12.7798,49.2799,31.3862,-28.7519,29.0034,-12.2092,test
1759,138.677,11.736,37.3745,155.299,63.8032,38.6043,93.5752,207.327,167.053,113.272,154.249,458.996,355.582,5858.66,6790.06,32.4282,-30.4004,-12.433,163.624,80.838,36.7088,-163.624,-26.7816,38.5754,11.1597,23.0535,-45.1587,35.2099,-5.37875,train
1760,174.771,204.975,17.2234,162.903,225.245,45.5948,57.2221,147.742,89.1237,173.169,203.44,216.24,560.387,7004.4,9552.88,22.4001,-20.8827,-9.45614,171.374,52.2939,3.45523,-171.374,-8.92653,24.5194,15.5333,19.5054,-66.7856,23.0746,-5.78395,train
1761,150.546,155.174,211.344,112.187,10.784,129.339,153.984,189.38,189.646,214.252,81.875,417.428,213.591,2863.87,4782.22,26.4991,-25.6542,-11.4627,45.809,45.809,10.4825,-36.7287,-22.709,16.1729,12.5764,32.9538,-20.3273,18.9983,-10.7369,train
1762,40.2976,65.9033,47.0555,158.147,137.005,72.6133,84.0654,55.8473,91.7014,169.948,165.389,221.076,402.928,4361.07,4342.34,30.563,-29.6405,-13.9449,126.435,116.933,13.4875,-126.435,-8.35861,8.6089,12.2411,62.895,-63.3414,20.3861,-7.39666,train
1763,164.455,139.926,162.131,224.845,221.611,105.393,193.812,123.69,33.6756,205.677,108.632,390.126,587.748,4837.4,7987.94,29.1587,-28.6315,-12.4,60.6778,47.0857,20.0072,-60.6778,-4.89996,12.3663,26.5628,43.3177,-43.9306,46.2675,-19.2493,test
1764,2.01208,90.742,68.6274,58.2961,119.527,33.5509,49.9059,24.3346,198.742,64.9933,99.8935,395.918,454.103,2716.38,2113.08,217.664,-198.515,-72.7932,1047.41,1047.41,15.3521,-208.533,-44.0183,-36.9606,41.5215,293.348,107.612,18.2599,-30.3125,train
1765,143.783,67.0809,178.778,8.29031,111.175,35.2024,223.074,64.01,10.9218,214.412,145.61,333.742,219.125,4443.79,5156.36,21.8348,-20.9742,-6.04531,82.0347,32.128,43.0498,-42.4217,-54.2326,7.48773,82.0347,26.9222,-28.3251,58.2172,-19.0474,train
1766,59.1441,42.3727,52.4141,208.276,71.8944,185.777,48.5451,25.6501,32.1785,109.414,150.038,469.63,276.441,2841.42,2403.45,56.7233,-55.5636,-27.4041,178.418,126.837,67.4846,-178.418,-8.81905,13.4723,15.3922,135.619,-154.674,80.7252,-36.9602,test
1767,207.373,23.1907,68.1006,198.011,199.039,111.657,126.582,166.776,123.332,147.373,112.937,574.042,584.91,6154.39,9032.69,44.4323,-42.5141,-17.7406,137.758,66.0114,61.84,-137.758,-21.7479,18.2992,12.8438,40.6779,-67.4015,49.3795,-13.7619,test
1768,199.298,193.319,220.707,126.383,126.198,175.566,187.13,130.96,170.514,157.919,69.6473,564.888,553.541,6544.12,11703.4,45.0877,-43.7969,-20.6589,55.9821,50.8104,12.4816,-55.9821,-25.6043,9.83848,13.7438,50.6855,-48.3521,26.8383,-21.6085,test
1769,48.4479,153.435,169.837,142.531,222.875,214.949,116.657,4.61244,66.1161,173.081,114.686,555.476,464.258,3175.73,4245.04,51.9248,-51.2593,-26.2674,121.874,121.874,23.9009,-90.689,-13.243,-6.89969,17.0609,119.381,-107.239,40.3739,-29.9643,train
1770,212.88,66.015,211.999,71.7275,82.8252,66.9621,181.839,139.339,68.7252,27.1334,189.827,391.159,328.398,3194.58,3803.85,15.9167,-15.4833,-4.85512,58.1777,33.0952,16.9084,-37.6107,-38.9723,4.08489,16.6693,31.5902,-31.8055,57.5229,-58.1777,train
1771,84.1706,146.729,8.55918,129.179,39.0195,2.80728,215.945,145.608,171.278,69.9726,134.851,516.496,471.866,4980.88,5752.16,92.3027,-83.7152,-35.6207,533.19,185.93,-0.166349,-533.19,-40.172,135.715,-8.69461,-3.93781,-101.835,42.8477,0.493313,test
1772,92.4829,203.515,164.694,101.396,220.168,223.9,174.512,73.5912,59.1706,129,101.169,271.062,255.999,5411.58,8031.86,22.2167,-21.7635,-9.21515,44.8053,44.8053,8.51808,-39.7594,-9.63621,2.07127,7.74253,31.0986,-27.54,23.3526,-19.0047,train
1773,95.1912,151.201,56.1456,124.747,59.2857,12.1876,21.9156,82.9019,59.3491,9.8877,94.9456,209.301,218.083,4108.67,2798.6,37.4746,-36.8496,-18.2448,66.856,56.001,1.43754,-55.731,-15.0357,22.9759,17.8344,66.856,-55.2331,44.6943,-31.0882,test
1774,225.185,115.047,21.0472,128.135,207.111,178.429,225.656,139.112,76.8403,174.479,109.617,235.247,591.567,4509.44,7200.47,41.6962,-38.4056,-16.9853,184.445,40.3714,9.10797,-184.445,-10.1817,26.2369,5.87264,9.58606,-68.5044,24.0111,-8.49319,train
1775,214.853,207.891,61.6471,9.85723,147.557,57.2263,114.754,45.5617,210.626,42.7258,135.263,221.698,559.78,3552.86,4171.53,35.1223,-31.8941,-15.5188,112.804,24.6433,5.69629,-112.804,-104.773,13.8585,20.6934,58.379,-95.5303,6.9344,-39.197,train
1776,21.7489,74.8668,204.81,68.2711,163.936,185.545,183.375,224.425,157.442,136.847,104.335,223.858,294.682,3370.01,5275.84,28.3989,-26.5864,-9.76121,113.913,113.913,14.5668,-35.0817,-16.8155,-5.54555,5.87766,38.1481,-1.50539,10.3119,-11.2702,train
1777,89.3078,45.5826,152.128,28.7268,93.3773,17.1613,11.1286,16.4967,80.149,58.0833,62.2875,598.245,452.918,4209.49,2543.69,245.355,-243.46,-175.831,564.601,134.939,43.7738,-68.5301,-138.795,22.2921,116.269,564.601,-520.25,70.3521,-48.5822,train
1778,150.7,217.157,220.904,83.2239,57.8456,80.394,51.2485,130.915,96.9037,142.498,87.8479,556.768,440.196,7283.75,9367.04,48.9305,-48.1816,-26.8009,107.335,77.2908,10.6479,-42.8118,-39.1164,48.8303,28.7616,107.335,-65.6798,47.5097,-22.948,train
1779,112.143,159.919,23.9954,85.4223,1.87532,13.0436,151.81,67.3678,38.4555,213.211,80.9943,432.872,352.33,7794.32,7570.95,115.084,-106.293,-48.2591,351.132,72.0858,5.90497,-351.132,-39.6197,197.716,72.397,38.165,-78.8304,124.463,-6.26361,train
1780,207.608,30.2973,86.7688,48.2223,142.891,123.45,200.605,206.059,82.1307,41.2756,177.092,331.315,426.54,4073.07,5172.72,18.5383,-17.4568,-5.98618,73.1531,37.8474,33.464,-73.1531,-47.6808,15.7113,8.2128,21.3908,-31.1881,39.5914,-34.7378,test
1781,147.555,132.943,196.145,67.849,52.7123,151.627,143.584,173.985,119.742,143.105,125.176,405.173,424.209,4958.43,7116.83,22.2058,-21.4668,-9.97879,51.9787,51.9787,13.4959,-44.4955,-33.2731,25.8087,11.8329,46.0542,-29.4083,26.6629,-17.7307,train
1782,130.934,24.2606,41.5954,21.5052,194.502,26.8058,115.194,103.437,2.62263,12.3937,82.6095,283.549,212.748,4685.21,3298.92,110.18,-109.125,-16.6063,332.737,46.6951,91.4419,-108.666,-28.6933,13.6832,82.7594,20.6803,-44.824,332.737,-253.141,train
1783,117.417,99.5697,52.8498,111.624,135.732,216.391,171.944,208.246,207.851,215.327,153.582,417.752,459.898,3227.04,5517.16,28.2085,-26.5397,-11.0366,135.923,84.7244,14.3577,-135.923,-24.6177,22.269,6.60649,24.7235,-39.1881,18.6969,-9.38917,train
1784,126.152,164.559,5.95025,36.1777,162.332,174.511,21.0037,127.105,107.587,11.3794,172.694,318.256,273.137,5826.67,5580.37,50.4973,-44.3629,-13.5964,380.482,79.3887,2.82844,-380.482,-75.1046,25.3517,2.66715,-61.8503,-76.0206,35.7161,-57.8447,test
1785,218.433,114.767,204.531,137.421,23.3482,38.0978,134.991,99.9384,211.392,113.351,204.348,480.179,460.679,5320.12,7433.75,14.7074,-14.2975,-7.33492,56.9355,40.1757,9.50742,-50.0483,-27.0021,11.2754,28.6406,56.9355,-56.2341,24.8242,-13.6136,train
1786,76.9666,219.071,2.51142,29.0473,58.4801,122.006,192.548,69.9684,107.691,222.938,100.718,253.502,330.209,5266.51,6486.33,118.026,-105.599,-45.4597,518.822,124.784,3.37451,-518.822,-61.8222,90.1741,6.05919,-9.04904,-142.883,23.5823,-4.6895,train
1787,119.971,115.695,112.049,103.646,15.2978,26.1417,44.8477,170.446,149.15,221.727,108.038,207.086,466.105,6819.43,8242.16,25.6151,-23.892,-18.1868,97.8044,50.6349,-3.77538,-42.8289,-24.1943,97.8044,-16.7087,86.0257,-33.2204,23.7771,2.78595,train
1788,220.93,194.135,219.681,212.516,193.974,205.784,96.3863,70.8775,79.8269,165.65,81.911,307.401,262.691,6442.68,10785.1,25.6721,-25.3688,-14.0632,48.4726,24.7647,9.0293,-29.0316,-6.21649,5.54788,8.51821,48.4726,-47.8321,23.4047,-14.9652,train
1789,172.589,72.521,110.386,101.779,190.79,43.7916,118.942,171.279,160.503,11.7215,65.2822,432.161,225.306,6798.16,8366.14,49.0796,-47.0472,-16.6335,61.1095,49.0893,5.30552,-61.1095,-38.6802,1.12065,8.78619,28.8213,-34.2711,34.6881,-46.422,train
1790,218.195,47.1687,221.566,218.584,181.51,209.875,84.5999,70.9987,65.0898,126.865,132.698,469.774,576.5,7462.44,10838.8,30.4751,-30.2055,-16.6087,96.8393,42.9315,47.0215,-47.3483,-11.3448,12.0649,10.5679,96.8393,-93.0152,53.8789,-24.7242,train
1791,132.725,35.8608,9.91699,17.3875,18.8598,125.484,82.9171,110.973,113.991,150,141.121,429.594,303.874,7039.16,6357.93,81.2807,-69.7085,-30.4527,460.682,85.5749,30.371,-460.682,-184.432,204.414,8.67938,4.65019,-89.9968,39.7847,-10.2684,train
1792,44.0396,185.768,141.684,180.379,102.771,68.8309,43.1749,202.412,99.0907,55.9034,136.134,575.5,524.227,5967.28,7038.75,58.4693,-56.938,-25.6997,273.382,273.382,8.99442,-73.8804,-22.6419,21.4115,24.275,154.366,-43.9092,58.2883,-42.2688,train
1793,216.205,143.038,154.519,198.366,23.4036,81.7125,84.7606,90.312,122.647,78.8027,147.408,454.145,206.707,2983.47,3682.17,20.242,-19.8255,-9.68299,53.6838,36.8617,9.72422,-49.9726,-15.8823,11.8674,17.0222,53.062,-53.6838,36.3277,-24.962,train
1794,111.978,84.806,146.485,82.6348,145.16,145.516,108.46,180.776,21.1129,172.835,163.401,473.5,262.429,7006.51,8968.84,23.5499,-23.2263,-8.51713,75.4718,75.4718,43.8237,-57.1942,-12.3252,18.5843,25.5403,47.5026,-29.0717,68.2217,-30.4102,train
1795,90.485,30.2389,22.8005,202.886,123.031,139.197,45.6356,30.5582,98.1389,7.12481,208.367,329.505,276.654,6191.21,4898.43,38.6607,-36.8094,-17.9606,254.232,75.7593,7.52716,-254.232,-15.119,4.00386,1.63518,77.5216,-164.756,44.2028,-45.1792,train
1796,123.991,181.822,79.5394,44.6325,45.5627,67.7421,51.9255,5.6785,14.7299,75.0621,193.024,421.139,304.42,6325.19,4347.87,40.7544,-40.1036,-22.75,219.718,41.0805,18.2404,-133.076,-20.0505,-0.278047,48.9576,173.581,-219.718,85.9194,-62.4846,train
1797,185.553,38.5916,69.6956,25.5716,25.2774,209.903,137.655,132.826,160.229,187.276,204.575,363.488,340.785,5995.02,7831.13,18.9057,-16.9679,-7.69748,101.519,39.0027,37.8573,-101.519,-85.0123,56.5042,6.96024,35.3469,-38.3529,19.1873,-11.0325,train
1798,23.6876,200.24,21.2811,61.3536,189.277,113.682,109.109,146.264,22.008,171.31,173.663,239.35,266.022,3904.55,4441.72,42.6676,-40.9252,-14.8174,221.348,216.578,9.54521,-221.348,-7.85889,11.9113,16.8129,30.0319,-26.4611,30.9838,-15.7786,train
1799,217.661,49.8994,172.539,183.953,110.794,168.155,124.464,0.892207,103.588,47.1829,146.786,595.435,337.235,5875.73,6949.69,36.794,-36.1524,-18.5494,152.663,27.7986,38.8916,-88.0077,-21.8191,-35.3573,11.5409,104.88,-152.663,54.7957,-58.1677,train
1800,48.271,139.541,47.9067,188.28,179.857,148.061,25.861,27.2743,197.588,20.606,184.839,464.253,451.414,7440.17,7726.05,57.4729,-56.5043,-33.6769,245.136,193.004,3.69515,-190.479,-21.919,3.04169,3.48251,245.136,-242.353,29.5379,-35.3878,train
1801,214.594,215.77,33.8806,71.8558,178.566,200.384,212.875,156.585,31.7324,146.208,100.009,539.743,378.413,4530.29,6997.47,59.8251,-56.0663,-21.0484,208.2,60.2184,18.3298,-208.2,-20.0738,34.0639,19.7371,11.0048,-67.9636,64.2839,-38.2554,test
1802,12.3469,107.567,72.4186,212.88,75.4392,137.845,201.973,213.532,162.45,127.664,169.304,363.303,459.862,4366.67,6454.07,46.1766,-43.5735,-14.9612,300.357,300.357,15.9997,-162.793,-8.98149,-24.3445,12.4854,57.1095,-0.499674,16.6448,-19.0652,train
1803,171.282,139.606,174.726,24.7219,75.7976,83.5311,28.1487,156.341,73.5317,152.358,200.829,599.146,227.517,7771.86,8883.44,23.3207,-22.4096,-10.8768,96.7858,71.9963,25.8372,-45.3161,-96.4505,52.1883,43.1818,96.7858,-57.3515,45.8593,-33.4809,train
1804,133.569,202.769,30.7785,80.9719,175.493,154.813,28.8661,168.464,183.726,105.258,141.685,537.7,469.157,4618.11,6191.24,46.4578,-43.5934,-18.9822,204.439,108.784,8.78054,-204.439,-44.4177,31.6632,11.5004,44.8438,-76.8394,27.6843,-23.9211,train
1805,176.761,115.402,184.737,53.5776,163.353,89.7252,99.3255,178.582,132.813,161.663,66.9584,291.902,406.642,7105.2,10349.9,33.5058,-32.4244,-15.9908,42.5574,39.1234,11.4359,-31.9805,-29.85,14.6748,14.7085,42.5574,-31.6485,17.0295,-11.5449,train
1806,46.3269,208.369,190.331,81.3199,125.887,92.7397,98.991,69.3048,200.142,98.5844,202.925,253.38,442.423,5999.65,7710.37,16.3811,-16.1607,-8.17808,97.57,97.57,4.35187,-39.434,-20.0074,2.85427,9.77786,71.0273,-40.5322,11.4965,-13.0082,train
1807,108.612,66.6099,157.87,159.15,183.189,176.452,156.603,107.801,6.35598,76.3549,186.639,450.729,561.456,7359.11,9035.78,27.6836,-27.451,-9.15944,121.09,74.9088,59.4967,-69.6804,-3.41955,16.8377,22.4597,58.6368,-47.6038,121.09,-73.4024,train
1808,161.187,105.929,192.841,84.6608,209.362,101.57,203.857,178.638,31.0729,132.402,176.957,477.946,503.267,5002.23,7445.02,19.8972,-19.5527,-6.88593,65.6805,55.2184,31.4961,-54.2965,-17.0459,12.7908,32.8478,39.481,-32.6246,65.6805,-35.6361,train
1809,173.148,95.4893,185.321,53.4034,82.3564,76.4796,46.437,83.8692,72.2215,135.796,200.005,301.576,570.98,7365.03,7708.81,18.5182,-18.2556,-11.8215,111.289,46.706,13.6955,-35.9918,-31.9826,40.8384,17.0997,111.289,-85.5126,33.445,-13.6195,test
1810,20.89,177.403,48.7525,3.50953,163.613,42.1865,146.6,152.329,51.7375,47.8896,76.9755,244.074,260.536,5280.54,4925.09,86.7429,-80.3547,-24.0322,175.306,175.306,10.8596,-128.515,-146.52,4.3223,45.6669,36.8958,-11.3394,14.0558,-56.8916,train
1811,77.5506,86.0897,178.714,74.1462,126.522,105.434,169.453,64.2132,57.5124,96.3847,124.644,405.312,380.39,3920.73,4289.79,30.1089,-29.5199,-11.511,75.9168,75.9168,26.0632,-56.3798,-24.4025,0.197003,21.2812,50.2645,-40.3975,44.4914,-32.9219,train
1812,63.764,125.838,172.828,18.9479,32.0521,99.244,140.019,219.694,40.7724,156.302,155.791,276.802,345.171,6536.99,7771.19,19.0283,-18.3581,-7.57509,72.7306,72.7306,15.3569,-41.1866,-44.0969,32.2607,19.472,43.9372,-12.0348,28.9814,-17.485,train
1813,155.527,203.835,147.123,193.919,180.172,81.4102,38.9283,116.376,13.7605,69.7313,199.087,228.061,311.195,3121.81,3710.09,14.4016,-14.3372,-6.75764,60.1843,38.6846,8.45909,-26.7618,-2.86899,17.6473,21.1799,60.1843,-45.3992,57.1782,-34.9695,train
1814,196.698,70.6689,174.37,119.526,142.965,188.725,7.4967,75.8595,45.792,91.9513,109.535,216.638,418.69,3678.88,4055.72,32.4868,-32.413,-23.5228,132.66,39.7383,14.1761,-16.457,-9.7432,31.3748,5.30831,132.66,-105.331,35.9659,-15.4079,train
1815,106.278,110.246,80.231,13.6656,37.1669,216.268,167.375,78.0343,119.579,85.198,118.316,324.638,335.912,2914.18,3199.04,34.4604,-31.3217,-12.823,93.717,52.4966,18.0172,-93.717,-92.2056,28.8652,9.1846,36.101,-42.2787,14.9021,-32.9714,train
1816,159.356,21.0666,186.282,59.6615,103.454,77.5366,106.922,70.4163,77.1097,158.314,183.23,304.201,595.05,3744.16,4077.89,18.7717,-18.3602,-9.64219,73.5216,40.6378,53.3267,-46.1701,-32.158,14.6467,14.4888,73.5216,-68.9644,35.1875,-10.0354,train
1817,104.219,118.498,179.57,198.537,171.269,154.464,42.5999,158.357,10.068,219.86,101.993,388.669,544.451,7762.26,10901.7,42.6945,-42.5356,-21.7812,102.089,97.3212,28.9843,-38.7697,-2.27726,33.8875,22.2354,102.089,-55.8696,63.5072,-22.0923,train
1818,106.519,129.241,141.954,119.413,135.553,75.2256,204.3,36.5257,143.691,70.6832,140.704,579.238,244.135,5492.19,6788.09,30.7713,-29.7815,-11.631,87.3998,69.5812,15.5027,-87.3998,-31.7284,-16.0045,26.6344,45.7865,-62.698,37.2895,-40.0874,train
1819,173.447,225.581,215.513,70.8404,12.4474,222.085,69.2641,12.6877,38.613,29.8225,169.641,511.655,544.97,5641.25,5842.33,42.9788,-42.6429,-22.4968,212.956,40.5145,11.505,-63.9045,-35.5905,-49.062,11.6861,176.73,-212.956,92.3415,-123.072,train
1820,165.104,54.2822,195.886,92.5026,195.872,28.6593,123.048,157.433,197.96,109.742,125.859,548.202,499.781,6748.13,9651.41,29.2012,-28.2943,-12.3387,66.0942,66.0942,23.2365,-53.7633,-45.6278,6.17591,44.0112,58.0342,-48.7808,30.1523,-16.2544,train
1821,166.605,127.133,3.28512,60.2839,190.928,99.7671,97.516,176.784,99.327,11.4782,148.403,236.664,443.669,4260.78,4646.53,43.0279,-38.6582,-14.0835,271.357,63.8945,1.8923,-271.357,-35.2676,32.2239,2.41136,-21.3939,-66.2255,30.2708,-29.6408,train
1822,78.4611,2.67266,187.49,75.4849,53.1716,166.949,209.127,170.547,21.3868,14.5268,80.8575,483.069,524.713,2709.04,2853.57,113.059,-100.198,-17.1954,369.583,104.662,369.583,-61.4822,-50.9098,-8.68368,5.9166,45.2856,-28.0376,254.115,-96.1618,train
1823,192.326,66.4492,75.0225,193.76,194.07,189.587,95.3144,190.965,116.866,18.6046,132.464,299.662,405.166,5859.45,8077.86,21.5428,-20.8092,-8.83187,67.2187,41.5888,5.64936,-67.2187,-13.5282,12.2676,1.98007,30.3616,-37.0428,31.7198,-28.5354,train
1824,62.2132,128.209,73.7781,47.4488,73.3717,171.668,126.565,164.767,84.1877,34.3446,185.383,488.989,547.937,4285.44,4452.8,36.8472,-35.3707,-12.9793,157.135,157.135,12.6954,-140.6,-68.7525,22.1303,9.48149,61.2695,-41.9368,54.8,-67.0227,test
1825,65.0274,14.0373,170.575,209.011,85.8335,32.5019,195.338,93.1581,176.292,189.268,144.665,262.7,468.72,4202.99,5772.36,18.7677,-18.4117,-7.90522,69.9724,69.9724,29.9948,-47.0061,-10.5542,-3.29499,12.9545,39.0303,-29.1946,17.6961,-3.14607,train
1826,35.7071,45.637,162.207,28.6337,151.117,210.089,156.325,76.8529,39.987,88.572,97.0565,577.19,292.049,4436.25,4644.56,70.4968,-67.3348,-20.8737,190.376,190.376,82.2278,-82.8473,-70.5209,-6.57358,17.862,69.3557,-18.878,71.4152,-59.9175,train
1827,87.5902,167.264,198.326,85.4657,96.9632,85.0903,159.197,181.566,9.72811,17.798,133.154,498.126,472.762,7600.07,8628.07,59.9708,-59.7284,-11.4869,272.025,96.5602,18.5936,-56.5415,-21.8942,16.5554,36.55,55.3652,-27.0781,272.025,-247.122,train
1828,27.8593,197.674,102.124,159.313,198.699,116.143,116.12,58.6276,12.1921,117.616,201.338,492.088,510.446,5513.05,6213.3,39.4736,-39.0057,-15.0031,239.911,239.911,21.393,-129.092,-4.34384,5.38923,36.4107,100.628,-42.5238,80.272,-50.8474,train
1829,11.1099,46.1517,121.02,204.883,45.2514,218.324,144.42,65.1076,217.806,200.883,60.33,367.283,223.851,4471.62,6277.08,109.693,-99.3641,-31.8085,282.439,282.439,42.8014,-83.6156,-8.28508,-49.3339,9.04784,63.1247,11.6199,11.0217,-13.9065,test
1830,174.228,90.407,150.661,36.5853,188.632,145.435,147.469,197.34,90.7731,66.9467,132.017,425.85,536.318,2729.36,3735.18,27.2052,-25.8957,-9.92869,62.5415,54.0824,21.7948,-57.8518,-62.5415,15.2469,13.5483,42.7471,-37.0083,35.6478,-41.6236,train
1831,110.553,39.5953,38.0023,163.064,98.1939,175.634,63.1853,97.1428,145.049,17.0413,178.169,487.949,456.364,5619.3,5554.54,38.6837,-36.8776,-16.5855,200.505,104.769,11.557,-200.505,-27.1176,23.2305,2.60544,61.33,-97.5826,43.1131,-37.9754,train
1832,184.107,39.9057,185.727,77.4085,182.868,133.466,104.797,198.92,85.0761,196.219,158.571,204.984,447.688,3541.44,5281.05,11.6499,-11.406,-5.75233,36.9813,31.6998,21.6368,-25.7918,-15.3266,14.2174,6.46931,36.9813,-26.9187,19.7215,-6.22305,train
1833,153.867,44.2889,47.747,182.148,163.404,163.179,77.7027,157.644,39.3237,2.56181,189.29,450.002,218.536,3810.17,3995.12,33.2619,-32.5217,-8.12934,155.63,64.3041,6.36548,-121.288,-23.1576,7.1979,1.72768,23.4986,-48.3916,151.697,-155.63,test
1834,23.5458,135.138,91.0033,52.9758,191.012,130.219,10.8263,154.96,60.5493,194.186,99.7127,514.188,211.821,3844.79,4284.21,115.072,-108.969,-51.7851,447.436,447.436,24.7426,-77.0145,-33.9441,18.8217,25.6773,243.844,-49.2218,41.9998,-24.3511,test
1835,104.643,164.651,204.738,101.583,224.218,115.813,98.5791,124.077,97.8993,121.388,170.403,346.324,520.163,7506.17,10574.5,18.803,-18.546,-9.27637,71.5133,71.5133,9.84763,-39.6019,-18.1312,9.71505,14.0004,66.6337,-45.8205,26.6061,-18.8902,train
1836,61.9536,111.779,176.552,57.472,84.4246,16.6757,221.414,99.2086,139.894,56.1422,110.851,501.466,250.644,5888.5,6674.15,39.8086,-38.45,-11.1525,108.851,108.851,12.0635,-61.2098,-63.7911,-22.9455,80.8634,36.995,-24.6474,37.0623,-33.9672,train
1837,2.97226,148.952,134.619,68.6066,81.4955,61.1926,41.68,174.861,81.5329,121.225,175.361,398.899,500.401,3805.04,3795.31,107.605,-99.2225,-42.3467,871.026,871.026,16.3385,-106.835,-22.6704,-36.2648,39.7703,352.64,11.3233,26.9779,-28.3911,train
1838,30.1975,223.155,167.136,100.244,36.2407,202.143,220.376,216.808,166.732,151.295,149.136,460.769,314.544,3961.43,6618.52,31.1466,-29.7169,-9.74795,178.064,178.064,12.4716,-69.3533,-18.2015,-29.1158,13.768,44.8165,-5.01877,15.476,-26.0149,train
1839,7.56363,16.8134,13.702,130.802,159.709,93.6069,100.68,207.029,1.71402,1.80412,125.997,491.881,538.261,4018.62,3168.77,519.628,-514.233,-79.4501,2017.87,1049.86,147.094,-890.255,-18.6974,3.60856,26.4206,102.252,-20.643,2017.87,-1938.66,train
1840,151.882,193.403,26.2195,205.005,151.03,64.806,8.42348,112.678,201.151,90.9614,138.188,500.056,291.483,4793.52,6034.43,44.5082,-42.0318,-19.7588,201.723,83.1395,5.17461,-201.723,-19.5106,24.0157,15.4428,48.44,-95.7239,28.1209,-15.5596,train
1841,105.026,24.745,74.5308,206.783,209.108,150.183,159.374,90.1166,195.354,36.0126,208.863,476.709,448.645,5877.71,7795.35,23.5439,-22.5958,-9.62515,131.078,85.8678,25.5204,-131.078,-19.9997,0.553319,4.20488,44.3878,-66.7161,29.9385,-24.7991,train
1842,87.4579,38.3469,18.0029,19.8544,184.157,168.843,210.042,187.751,18.2056,11.2399,120.653,277.608,378.007,7279.06,7460.47,65.709,-62.1775,-15.7222,197.061,97.883,29.2388,-197.061,-83.3498,22.4249,6.64061,5.19512,-43.5717,128.55,-141.073,train
1843,220.622,150.252,61.6854,8.82292,212.38,171.82,147.292,124.796,54.6734,172.264,90.8324,364.167,300.216,6837.16,9573.6,40.8435,-37.0685,-14.7599,99.1278,35.4109,20.0543,-99.1278,-71.2316,16.679,17.537,23.745,-47.264,16.2564,-24.7371,test
1844,191.357,158.313,163.257,158.371,187.036,13.8861,48.5266,24.4193,21.5795,128.391,175.531,564.744,529.082,6752.27,7331.77,49.5918,-49.3512,-25.7985,232.795,49.3011,20.419,-78.3978,-15.248,7.33461,232.795,208.419,-219.3,158.257,-35.6068,train
1845,179.288,17.1086,164.347,146.233,64.2287,35.4547,16.6572,151.04,128.871,85.1299,209.565,407.652,245.872,7151.73,7497.34,15.1963,-15.0089,-8.33622,80.2485,53.9164,33.3767,-30.5556,-23.972,32.455,16.1058,80.2485,-52.3406,38.4689,-9.48616,train
1846,31.143,218.152,135.51,163.218,77.4968,206.857,151.611,113.303,175.345,119.276,64.3142,527.935,231.851,3725.51,5531.24,86.7848,-82.927,-29.6958,203.938,203.938,11.5314,-87.1176,-16.9329,-21.8313,12.161,60.8737,-13.3791,22.2905,-29.8264,train
1847,80.231,134.307,210.485,207.706,155.242,18.3477,143.774,51.0653,132.226,48.275,153.729,475.546,465.784,7577.45,9264.74,27.3246,-26.9552,-11.8119,86.7877,86.7877,6.85484,-56.8265,-18.4627,-10.4817,50.1782,70.8776,-61.1379,41.0148,-26.9705,test
1848,136.955,135.721,193.48,90.0122,207.311,201.139,54.0565,132.203,22.1202,207.445,119.446,589.121,324.173,4279.14,6075.41,37.5449,-37.2622,-17.4951,90.1386,84.5441,35.5753,-48.2565,-11.8086,22.3075,24.0048,90.1386,-60.841,67.9554,-32.9159,train
1849,23.8598,157.708,103.658,89.4585,92.8952,13.694,141.139,72.8773,51.5956,61.6399,177.578,481.373,261.087,4198.54,3624.45,42.4895,-41.8364,-12.5086,235.54,235.54,11.3259,-110.287,-33.843,-23.9121,130.435,66.316,-15.6451,82.9838,-40.9807,train
1850,181.004,165.143,17.0523,173.681,33.4278,83.6812,52.1715,9.80427,116.332,145.25,189.14,512.939,473.361,4825.92,4905.16,95.1559,-88.964,-49.9233,681.084,47.0028,12.8377,-681.084,-17.3268,11.0378,25.3349,175.781,-487.303,36.5835,-20.6417,train
1851,208.416,220.824,76.5824,162.499,216.948,186.572,177.648,6.90296,13.2225,131.946,176.699,328.438,520.1,3067.69,4314.61,28.2469,-27.1856,-14.0245,145.676,18.7024,13.0033,-145.676,-2.54114,0.924563,15.3905,62.6662,-125.691,44.1651,-30.7764,test
1852,224.045,202.573,141.652,87.8391,103.16,134.803,223.171,195.33,94.7213,90.6946,129.982,274.315,518.933,7612.18,12168.1,16.7625,-16.0679,-7.21973,49.1526,28.8166,5.42028,-49.1526,-18.7291,20.0458,8.14525,26.738,-26.8831,24.5625,-17.1213,train
1853,105.184,201.151,129.466,223.323,65.7642,10.6219,219.235,53.4894,54.1881,2.40114,75.0173,294.552,590.945,7190.48,7898.06,55.9105,-54.9089,-19.3994,77.5597,49.3157,0.65466,-73.8322,-12.5998,-8.69991,12.3976,42.66,-59.2682,73.436,-77.5597,train
1854,50.7182,16.9747,53.4861,98.3593,96.8448,5.82981,101.844,164.15,15.7042,79.0475,157.565,264.985,331.779,2989.98,2275.77,40.2947,-39.6969,-10.5993,183.543,113.435,63.0362,-103.094,-16.0618,15.7319,183.543,39.7733,-26.7369,142.268,-19.1434,test
1855,101.701,115.201,189.503,7.19233,18.0026,62.5798,199.344,37.3298,168.52,188.47,148.196,273.286,278.334,7431.84,9063.72,18.024,-16.3193,-6.55226,84.7057,34.7546,18.4341,-39.2993,-84.7057,10.692,33.9348,33.4461,-30.3724,5.11264,-15.935,train
1856,114.551,14.255,130.138,52.6955,118.444,147.125,6.86647,80.9614,204.264,52.5932,124.084,454.491,436.394,3465.88,3374.14,50.1023,-49.0739,-31.1869,190.586,109.37,49.0055,-42.0343,-72.9917,34.9293,4.74816,190.586,-139.454,26.63,-18.7844,train
1857,41.0788,176.899,53.8499,120.662,181.287,116.754,212.954,169.444,141.076,188.916,180.802,212.252,512.388,6629.19,10292.8,23.5479,-22.5991,-9.03626,121.643,121.643,5.02121,-120.604,-10.2292,9.04732,7.60784,29.034,-23.9906,12.3729,-6.64936,train
1858,181.242,54.3158,77.2122,90.5056,106.636,214.733,56.9171,217.489,163.467,27.8501,165.475,563.935,550.447,3279.66,4148.34,29.6527,-28.3314,-12.5884,105.034,78.9696,14.9044,-105.034,-53.3647,36.0427,3.77,61.3863,-56.3973,41.7844,-41.1082,train
1859,49.1874,118.347,132.194,15.2011,1.29004,191.192,142.321,65.8951,65.5161,50.7913,84.3199,310.339,528.68,4381.81,3871.93,56.6692,-53.4724,-22.8948,97.823,94.6336,13.658,-75.2092,-97.823,49.8963,8.45418,67.9556,-33.2952,32.0984,-45.0057,train
1860,220.575,75.4835,114.535,41.4608,85.8271,176.08,137.906,203.122,224.295,207.159,124.223,592.01,273.312,3104.05,5127.24,29.7171,-27.3833,-11.0236,80.9705,50.8646,36.7642,-80.9705,-75.8553,25.1008,15.7604,34.3936,-36.8961,19.8298,-18.9447,train
1861,6.17596,193.272,79.6204,195.165,140.899,221.484,122.778,214.439,24.4756,44.2924,91.2405,279.186,306.343,6633.72,8557.53,88.234,-83.3414,-27.7037,302.213,302.213,9.33706,-120.227,-5.05862,-13.5747,8.14772,78.1028,6.10294,57.0446,-57.6189,train
1862,170.24,5.2483,187.16,223.991,73.1788,82.3043,99.4617,116.252,35.1413,178.585,197.919,439.737,525.794,6432.42,7937.16,27.7171,-25.2794,-8.75748,221.627,53.6704,221.627,-49.7605,-14.439,20.5701,14.1325,69.8963,-57.6562,130.156,-9.21107,train
1863,59.9801,184.502,188.755,30.7465,47.5128,44.6942,6.01364,86.0053,73.8774,218.541,82.3929,252.541,290.11,6986.82,7026.77,58.4858,-58.0152,-38.1803,163.482,120.986,5.41189,-17.0622,-49.661,67.4436,22.3408,163.482,-77.7989,29.2291,-6.46149,test
1864,112.862,201.492,180.78,200.449,135.896,66.2306,106.743,150.607,166.638,71.7645,79.6387,481.897,314.166,7725.74,11294.6,41.6575,-40.9507,-17.7917,77.7403,77.7403,6.27077,-48.8144,-17.7375,2.93973,19.0774,53.0702,-37.1374,30.1743,-24.8991,train
1865,190.208,19.7664,25.9843,157.649,59.7788,16.3715,222.845,122.461,225.205,38.4438,63.0263,381.911,226.242,6107.24,7432.63,73.5614,-67.3053,-28.0447,181.813,47.293,11.3347,-181.813,-22.8043,26.4525,13.6851,5.74439,-59.7782,22.5758,-8.24185,train
1866,128.129,161.106,106.409,214.004,0.713133,146.055,10.2082,124.461,224.956,42.5088,167.95,542.88,270.816,4729.72,5730.96,29.1688,-28.3439,-24.6915,205.619,94.9105,-7.17858,-64.2219,-30.7718,205.619,-7.91835,194.647,-76.4932,41.3993,38.4757,train
1867,133.975,105.853,174.485,187.489,27.1023,127.327,18.2329,1.22867,143.538,120.766,123.903,526.783,564.526,5017.7,5310.99,141.898,-141.702,-123.102,841.546,44.7769,27.5424,-88.5451,-12.5468,-59.8201,22.8972,789.752,-841.546,23.1772,-34.1408,train
1868,146.474,13.4455,210.183,107.844,159.138,211.419,160.886,104.851,165.628,84.1575,124.331,490.053,205.36,5104.52,7363.39,25.2344,-23.8388,-8.67024,73.0849,52.0292,73.0849,-43.4587,-36.3291,-7.52468,4.64793,37.2152,-36.6923,33.4525,-16.513,train
1869,166.724,166.131,55.6374,37.9499,6.58659,30.8896,110.023,35.1634,116.187,182.993,105.078,315.001,407.959,7174.85,7166.56,47.2064,-43.9361,-23.4214,144.067,33.0734,6.55085,-144.067,-54.327,45.9123,35.2319,62.5401,-95.0805,25.0947,-8.41064,train
1870,4.94635,176.53,188.568,209.725,176.5,189.769,48.1895,186.458,174.192,104.161,71.5045,458.057,347.173,6725.47,10279.5,201.799,-183.725,-79.6083,664.137,664.137,11.3286,-73.8641,-12.3053,-21.9618,10.5383,274.33,9.82598,20.9522,-27.1523,train
1871,214.446,220.617,136.892,40.596,72.4374,201.346,114.203,58.1813,117.283,47.4433,208.684,278.565,243.105,6356.06,7922.21,12.2742,-11.6946,-5.42012,48.4748,22.2896,5.05092,-43.8891,-41.1698,4.45828,5.53434,39.9042,-48.4748,20.153,-33.2162,train
1872,41.1493,20.3206,159.307,37.2736,97.5035,186.371,179.345,4.37345,162.276,33.0984,148.484,421.416,587.882,7179.13,7076.92,38.6214,-37.1761,-14.9898,108.556,108.556,57.4557,-88.2218,-81.737,-28.6534,6.26457,77.5942,-81.754,26.5509,-49.886,test
1873,204.121,19.186,209.579,122.073,202.779,58.6087,51.5935,32.1834,150.573,190.597,191.346,234.701,393.573,4875.77,6318.95,16.3414,-16.2035,-11.4935,106.989,23.4262,28.2705,-29.5593,-14.7831,3.10751,9.25456,105.476,-106.989,16.9493,-4.02455,train
1874,173.787,4.48524,71.8845,15.4751,206.48,30.9858,205.097,134.733,66.5327,146.733,151.897,413.542,458.73,6234.6,7327.36,42.5921,-38.4424,-9.85598,253.475,51.9292,253.475,-110.858,-193.765,9.15669,36.6909,26.4334,-51.3193,63.7364,-10.9574,train
1875,47.9494,1.27485,36.003,203.717,55.9797,181.758,178.415,155.827,60.6643,60.0926,131.264,580.51,583.673,4633.29,4957.54,91.5807,-84.6937,-27.0748,306.026,255.148,249.252,-306.026,-26.9361,16.8226,1.74825,41.3193,-58.3473,127.922,-7.47813,test
1876,134.327,102.24,175.229,170.614,44.6861,171.951,9.07273,208.564,103.234,117.967,71.1496,344.467,551.05,4379.14,5684.72,54.5615,-53.4948,-38.71,138.242,85.7082,1.14012,-24.7193,-19.5067,106.078,0.677907,138.242,-54.7087,45.5919,-1.39743,train
1877,218.251,179.79,29.649,102.178,99.3044,120.664,82.8814,215.973,87.8975,65.1088,184.629,589.233,404.516,7316.12,9291.3,34.5363,-32.0459,-12.1037,221.428,69.4476,10.8525,-221.428,-38.5714,53.6082,16.1703,11.4801,-60.6663,63.4107,-42.3809,train
1878,97.2087,199.546,43.635,217.269,213.376,54.188,45.3629,110.481,163.898,130.961,147.007,205.467,435.083,3563.58,4765.98,24.2614,-23.5203,-12.474,88.3316,68.5174,2.30651,-88.3316,-7.33845,14.1131,8.49369,56.1061,-58.9566,13.7576,-4.97018,train
1879,49.5647,22.0932,128.598,151.809,196.599,67.4033,127.268,184.761,222.273,184.404,80.4923,334.303,201.756,5820.02,8687.71,40.9031,-38.9937,-14.8138,105.387,105.387,32.6432,-53.0584,-17.2706,-3.77116,10.6997,38.6719,-14.3934,16.6814,-5.5309,train
1880,61.1809,184.027,42.3953,162.147,45.1328,22.272,48.8483,139.458,91.0886,20.6741,157.208,495.165,346.297,4122.08,3548.79,48.4521,-46.9709,-19.0896,177.988,176.069,3.63806,-177.988,-26.409,34.0829,30.0602,75.1053,-59.0235,66.4834,-45.7974,train
1881,188.088,201.473,86.8334,181.716,19.5596,124.108,167.508,210.517,157.998,174.237,92.6176,391.033,573.214,7220.1,11924.9,35.6008,-33.591,-17.8863,100.232,46.5718,2.08108,-100.232,-19.2116,69.4415,3.37835,40.4672,-32.5766,31.2478,-3.40313,test
1882,107.226,7.37169,3.76446,34.1317,200.466,20.2174,116.596,81.6321,106.272,53.8065,143.238,386.827,424.686,4571.18,3677.88,94.4108,-84.9839,-32.2649,549.113,128.556,84.5578,-549.113,-95.0711,33.2792,30.8316,-21.8466,-171.792,43.182,-16.3833,train
1883,125.852,189.171,104.056,77.6677,161.587,183.503,161.375,131.182,109.612,114.932,61.5156,480.607,483.725,3938.13,5664.86,67.6417,-64.9519,-27.4705,95.277,74.2248,12.3614,-95.277,-31.772,12.7957,12.7432,44.7644,-48.8927,31.8379,-28.7737,train
1884,137.728,208.557,42.4854,19.7644,94.5455,131.096,106.814,38.9923,189.72,134.866,207.847,304.517,592.536,7063.89,8393.2,30.5241,-28.2672,-14.8709,197.014,48.5788,8.45841,-197.014,-64.8191,25.0076,13.4563,70.5037,-132.218,9.54964,-18.498,test
1885,48.6124,69.7362,30.8801,225.715,13.2001,215.397,96.9488,170.21,93.5426,165.928,185.653,498.617,385.7,4745.64,5850.86,47.5592,-45.2304,-19.1656,281.229,208.406,15.7473,-281.229,-17.2253,95.2216,5.09828,53.9467,-42.7476,58.7805,-9.35961,train
1886,64.9287,31.4313,216.328,10.4793,111.573,139.294,57.7931,152.775,30.1218,17.1787,78.2359,212.705,502.522,3556.91,3053.11,60.6137,-58.4877,-21.8679,111.017,91.9437,30.6596,-25.1311,-111.017,24.0144,6.91825,80.985,-35.5715,54.6204,-79.3329,train
1887,172.781,96.6995,82.3155,202.543,44.5208,27.6357,4.45931,127.782,145.653,54.3356,170.032,429.323,329.871,4836.17,4848.23,24.4223,-24.0719,-16.0155,120.517,66.588,2.77442,-56.7724,-19.872,71.5842,9.70794,120.517,-79.8171,39.08,-6.98277,train
1888,93.3228,195.189,48.8191,166.666,124.044,193.035,184.879,40.3176,35.5255,65.3533,115.459,326.562,591.432,3629.55,4255.5,54.0799,-51.6581,-22.876,193.951,66.893,9.80798,-193.951,-8.10726,13.1067,9.91742,47.4487,-104.424,53.7893,-41.4269,test
1889,62.8563,18.6784,32.6528,60.9772,144.107,139.811,168.294,40.826,7.06254,148.739,75.1455,275.467,311.009,5605.66,4998.49,89.7015,-86.3028,-30.8001,193.321,80.527,122.431,-193.321,-7.67246,12.7621,16.3566,29.8971,-79.9131,93.682,-21.7432,train
1890,125.719,103.484,13.9687,52.8479,134.797,207.545,175.434,133.943,70.9927,35.0685,93.1352,556.547,233.477,3497.91,3920.95,103.54,-95.2137,-32.6566,344.716,113.077,18.2199,-344.716,-69.6339,36.8738,9.08461,-6.04776,-91.3347,73.3077,-76.0355,train
1891,117.497,142.429,192.472,144.689,103.818,225.682,86.0409,62.4922,139.164,61.5193,131.323,202.447,214.073,5172.98,6718.99,13.9636,-13.7689,-7.45429,41.681,31.0969,4.38882,-23.6935,-9.67156,2.21491,2.76981,41.681,-36.8719,14.2207,-14.3698,test
1892,20.6994,225.753,99.4514,193.531,164.81,57.5332,220.198,86.1992,199.802,101.097,153.949,394.122,401.194,3004.32,4452.1,36.8023,-35.811,-12.5859,211.204,211.204,5.74235,-115.27,-13.6664,-13.4354,22.5322,48.3134,-7.06417,18.7206,-18.1342,train
1893,22.9486,179.28,144.523,139.219,110.894,55.8541,133.496,5.3715,77.2865,25.4149,156.828,367.526,428.918,5057.9,4598.81,37.1645,-36.72,-14.2297,168.262,168.262,5.7205,-79.2511,-19.0325,-22.2156,18.3616,82.4009,-49.0031,48.4849,-57.0678,train
1894,104.168,130.186,86.6521,116.247,9.84413,4.98611,65.8815,44.6057,149.782,183.675,93.7893,426.305,524.532,4183.82,4131.42,63.2017,-61.5812,-34.0087,127.068,79.3994,3.11644,-112.676,-33.1822,15.2892,81.3693,118.074,-127.068,36.4202,-3.12384,train
1895,141.82,100.064,58.7766,122.282,103.025,176.969,105.194,200,52.6118,12.4906,145.416,528.321,391.964,4369.79,4901.23,42.891,-41.5671,-12.6702,133.139,84.218,9.99778,-133.139,-35.0239,23.08,5.65304,34.1773,-47.0976,115.122,-113.269,train
1896,37.9425,201.04,164.208,159.389,189.845,50.9275,209.327,91.8867,170.711,37.5604,95.7408,381.121,470.62,7256.44,10111.3,43.2785,-42.4877,-15.7501,134.406,134.406,3.89878,-67.2323,-18.9938,-9.15956,15.3907,48.8384,-19.8312,25.0798,-29.5117,test
1897,58.6692,213.705,15.6124,74.7113,70.0412,106.502,38.6391,37.9243,195.732,170.731,183.35,296.999,523.683,5875.93,6263.65,59.3631,-55.8298,-29.0997,373.754,141.669,3.13961,-373.754,-30.7723,43.4398,6.29989,104.868,-199.191,16.6112,-5.55765,train
1898,82.4719,103.9,12.8019,194.475,24.3807,31.248,164.854,131.809,147.675,14.533,122.608,468.79,468.198,3365.74,3379.91,86.8666,-79.1603,-35.386,454.974,156.673,-1.0061,-454.974,-24.6429,141.129,-3.34531,9.75069,-88.3368,45.8949,10.1723,train
1899,220.017,13.6853,31.8722,93.6332,75.2661,52.0486,71.5205,36.0255,64.9152,146.414,181.759,296.56,263.798,7002.93,6003.13,30.6997,-29.0671,-13.9128,174.227,27.188,65.352,-174.227,-22.1208,12.5549,17.1831,51.1617,-118.404,45.1232,-8.63859,train
1900,207.431,162.387,116.94,123.536,186.764,165.079,92.762,211.44,143.402,20.3763,146.315,308.209,575.236,3972.42,5898.85,18.8375,-18.2753,-8.74628,51.2364,43.4218,2.35754,-51.2364,-21.8499,17.2714,2.3191,44.3572,-39.6288,26.6197,-26.5706,train
1901,201.212,32.5541,207.695,100.909,173.7,63.5405,136.512,192.75,155.212,207.747,74.818,298,461.789,7084.43,11391.9,27.7899,-27.0304,-12.8468,36.826,34.9041,25.4071,-31.4633,-21.335,10.8821,13.017,36.826,-29.6645,19.616,-5.63043,train
1902,81.685,162.67,106.315,31.874,213.934,39.2441,29.6278,32.0505,186.843,156.217,92.9366,392.831,378.947,3745.83,4138,70.3857,-69.0309,-43.5701,184.739,95.1926,11.1526,-73.3539,-66.3273,8.10238,46.2284,184.739,-169.769,16.0017,-16.4237,train
1903,42.6983,196.628,119.009,45.2472,185.871,203.53,13.9076,16.1017,150.383,224.211,159.732,440.155,269.423,4787.16,5975.9,64.2083,-63.9245,-46.0298,368.325,184.438,13.659,-67.4212,-37.921,9.45713,13.1958,368.325,-305.088,16.1357,-16.9403,test
1904,205.571,141.934,200.528,104.334,207.871,97.5053,205.889,73.8671,17.718,117.301,195.156,479.409,212.476,4417.34,6237.86,16.879,-16.6619,-5.4171,77.1579,33.1524,26.9661,-48.3315,-9.26515,5.07254,39.2534,33.6416,-38.6949,77.1579,-46.1444,train
1905,84.7769,88.0619,44.6963,121.227,169.73,36.2033,91.5679,107.109,201.445,197.987,144.249,450.662,344.144,7129.47,9065.25,39.8356,-37.9053,-16.2157,165.928,112.589,13.5689,-165.928,-27.3182,10.1726,33.0053,44.9395,-66.5229,23.2494,-8.53511,train
1906,188.863,64.4847,128.705,43.3557,142.089,132.651,202.17,185.21,88.7751,223.431,66.5426,319.313,349.498,4795.33,7408.27,35.914,-34.0322,-13.5144,51.0671,34.426,27.718,-51.0671,-32.4236,13.3925,13.4743,23.6398,-25.2641,22.3939,-11.3133,train
1907,134.458,143.504,182.742,133.514,198.534,75.7532,39.6721,176.991,58.005,114.786,81.849,313.01,565.532,5060.18,6567.04,41.2134,-40.9427,-22.1224,83.9988,71.0938,10.473,-30.023,-12.1874,24.1866,19.8396,83.9988,-51.3701,39.6723,-18.5165,train
1908,151.281,11.0685,51.6139,92.042,15.7117,33.8316,187.191,146.813,200.225,49.2875,129.175,229.103,333.872,4705.14,5080.1,21.4641,-19.6928,-9.69005,96.3581,34.6269,5.25948,-96.3581,-24.2587,45.4791,1.72072,20.2652,-28.3912,15.7707,-1.67037,train
1909,163.629,173.252,93.3083,185.745,114.032,181.999,178.325,59.444,101.976,188.183,162.114,234.314,232.012,2922.18,4431.77,12.9307,-12.4217,-5.9746,57.6977,24.237,7.10401,-57.6977,-5.98862,4.4756,6.76258,24.1131,-38.6057,15.4262,-9.24946,test
1910,221.488,173.346,69.5098,64.225,209.544,23.1213,153.919,65.5308,134.457,134.532,69.0121,275.215,429.062,6380.06,8470.82,49.5353,-46.6894,-22.2267,95.8691,26.5623,5.12244,-95.8691,-29.0259,6.04586,38.4042,35.9407,-67.5712,19.6075,-9.33423,train
1911,150.994,145.714,217.915,36.3612,111.919,68.5579,52.5992,153.561,39.9481,133.851,61.0928,328.672,275.849,6157.37,7143.75,46.498,-45.7051,-21.3362,58.7229,47.3384,14.565,-25.1053,-32.0229,24.0953,30.9568,58.7229,-35.5587,41.2209,-22.4237,test
1912,217.27,52.4852,111.949,12.8297,159.301,22.4711,61.7586,60.4419,184.513,123.376,130.586,524.508,457.631,6129.85,6639.53,51.0503,-46.7676,-21.2603,203.542,47.7515,50.1798,-88.7595,-203.542,15.8099,117.204,107.43,-120.029,20.0151,-30.1892,train
1913,140.668,186.795,181.373,16.9714,94.6999,43.49,110.784,140.865,85.2264,150.078,127.193,478.052,492.382,3190.45,3946.16,34.1862,-32.1316,-13.4011,107.59,66.3213,15.8172,-54.7825,-107.59,28.7522,67.9366,65.8132,-45.6677,30.2992,-27.8413,train
1914,212.347,160.908,5.81336,167.618,172.285,99.9939,71.3748,5.65898,177.319,88.6167,165.121,390.392,296.198,6068.83,7236.32,179.444,-162.794,-83.2117,1347.01,32.2258,7.46892,-1347.01,-16.1207,1.3758,12.0188,77.8044,-734.51,21.5508,-19.1794,test
1915,93.5401,45.4671,57.3023,48.8133,35.8137,115.859,162.958,102.344,217.253,101.045,90.2324,439.95,262.956,5070.22,5666.06,54.9598,-51.1426,-20.101,137.731,84.8377,31.4233,-137.731,-60.8598,15.7889,12.3316,30.3121,-48.8644,19.3383,-19.9963,train
1916,107.458,61.5345,85.1514,225.641,187.661,23.918,38.3877,200.578,197.812,47.9479,207.767,227.909,256.034,7109.8,8951.29,10.9062,-10.6962,-5.21808,56.2441,56.2441,4.00447,-39.3852,-9.00844,9.23015,10.3024,39.5891,-26.5446,14.5322,-7.2679,train
1917,200.317,110.72,19.9397,117.083,120.793,34.4405,10.6759,122.698,81.3932,53.2146,187.872,307.838,467.904,7095.02,6372.7,28.4108,-26.8233,-12.8783,171.926,52.3472,6.16249,-171.926,-20.4648,41.489,19.8113,46.335,-85.3801,41.6319,-18.1329,test
1918,123.785,107.125,176.167,153.965,37.3031,24.4849,180.756,25.5773,219.423,65.4831,189.352,244.15,485.984,4882.85,5882.69,13.6406,-13.3229,-6.9545,66.2286,29.4002,5.39572,-48.5052,-12.1033,-17.8452,23.6072,47.7535,-66.2286,12.0104,-12.4832,train
1919,119.774,79.6594,156.264,3.27711,184.26,76.9992,15.4676,120.049,65.4148,218.143,134.798,229.995,201.567,7036.93,7804.45,21.4159,-20.2348,-10.2971,84.0445,49.1867,25.4148,-19.3533,-84.0445,17.9958,26.2928,66.2216,-42.3071,5.95442,-13.125,train
1920,123.605,186.581,107.342,214.956,157.404,177.532,143.694,59.7859,54.3166,9.05456,133.036,341.199,239.965,6118.26,7523.56,29.3241,-28.8072,-9.57211,81.5788,44.6379,2.79939,-66.3129,-13.4431,-4.9821,2.94208,36.4756,-49.8042,75.237,-81.5788,train
1921,207.717,142.315,12.5998,145.941,213.064,19.5949,143.267,91.4115,61.4091,86.8709,62.758,404.854,480.122,6713.77,7875.31,138.341,-127.727,-51.2923,345.916,60.6034,9.15559,-345.916,-18.8127,27.1949,66.4956,3.05948,-132.118,63.2285,-21.2118,train
1922,125.641,189.938,52.737,59.582,60.3436,185.387,207.512,49.6364,167.624,52.5349,207.628,587.408,464.647,7744.43,9550.43,35.9019,-33.4194,-14.067,232.414,79.6868,10.3932,-232.414,-65.4563,3.94066,10.6483,43.499,-117.892,32.9037,-53.1408,test
1923,142.273,46.7679,65.1364,146.318,132.04,133.403,11.7204,124.277,192.9,142.998,78.613,330.313,432.032,3202.55,3904.45,49.6865,-48.7683,-29.9258,97.1065,71.1435,12.2092,-63.0662,-18.6725,30.9493,4.28027,97.1065,-77.5932,20.0302,-5.64705,train
1924,141.302,14.0987,112.881,169.791,96.7272,14.6224,72.3358,54.9761,15.3975,216.976,94.2193,555.894,597.329,6776.06,6555.98,97.7878,-97.0714,-34.9744,234.412,75.0446,213.263,-106.716,-15.0315,25.7716,205.625,126.829,-129.779,234.412,-19.5975,train
1925,143.273,160.365,144.13,204.767,114.503,104.244,95.0617,94.9521,158.055,158.873,63.8168,322.786,317.405,5339.6,7754.46,39.8495,-39.0446,-20.6885,49.4617,44.0069,7.1642,-45.4633,-10.1529,8.71755,11.0211,49.4617,-45.8311,18.6018,-10.2268,train
1926,56.8543,201.703,37.4297,170.412,34.3125,77.0887,39.4719,185.728,158.988,110.648,68.2034,311.305,521.396,5188.65,6061.6,87.3164,-84.3746,-43.6291,157.904,157.904,-0.336555,-148.962,-18.6661,78.2081,-0.880597,88.2294,-44.6546,28.2948,0.867639,train
1927,44.5296,145.338,91.4613,9.99833,14.3569,127.029,131.005,136.957,105.091,155.653,130.352,431.677,399.302,3620.24,3907.59,45.9091,-42.6765,-17.4243,144.634,144.634,21.006,-114.833,-126.4,59.8977,24.0337,66.7789,-21.9297,17.0069,-27.7383,test
1928,169.514,27.2902,128.885,42.1481,30.2554,177.606,85.146,22.372,24.2078,32.9408,175.074,460.281,392.415,4368.39,3229.81,39.052,-38.3861,-15.6539,131.76,39.449,88.6751,-85.6999,-51.79,-3.2553,13.6254,107.007,-131.76,127.521,-103.894,train
1929,63.6275,151.627,56.2232,37.1219,54.054,220.134,163.126,67.0489,86.4495,174.118,143.995,267.068,504.126,7807.31,9115.1,32.7237,-30.9262,-14.2602,137.16,83.9531,9.95567,-137.16,-31.2788,27.9335,6.85742,43.7017,-56.3384,18.9947,-12.2608,train
1930,140.427,125.028,8.85934,157.828,193.141,167.783,214.612,52.5113,17.9949,170.599,166.091,434.487,463.683,6768.25,8896.81,80.1481,-73.6913,-31.7007,566.882,90.0772,27.6985,-566.882,-5.58702,38.431,20.6403,4.46333,-223.65,69.2994,-28.708,test
1931,224.884,87.5564,186.851,63.6126,206.992,10.632,36.6988,64.6999,11.6066,143.065,166.808,555.41,505.123,4410.77,4608.61,51.1856,-50.9939,-19.9126,346.759,53.8629,42.1068,-51.3812,-29.3554,22.6647,346.759,155.936,-143.362,227.531,-36.4437,train
1932,122.198,39.0638,174.767,194.531,20.0007,19.0636,81.01,39.9,164.571,128.214,165.257,484.196,492.91,3093.17,3265.88,29.3456,-28.9776,-15.8875,120.049,67.3409,26.8479,-64.2342,-19.4991,-20.308,55.0149,111.448,-120.049,32.596,-11.5681,train
1933,189.23,62.206,146.014,42.4431,141.649,64.9142,123.174,43.1207,107.599,17.5324,70.1061,576.345,383.6,4759.04,4606.65,82.478,-78.6138,-30.6663,106.87,46.5056,19.7342,-84.4174,-106.87,-10.5831,18.9108,75.3489,-99.5964,59.6167,-99.0204,train
1934,83.6167,206.82,141.821,176.492,150.068,180.207,224.816,203.323,167.636,32.3534,151.476,462.278,206.601,3970.56,6634.46,21.8387,-21.2608,-6.86768,85.8315,85.8315,4.49119,-61.7498,-20.9297,-7.59486,5.15444,26.009,-17.7655,31.1626,-40.6021,train
1935,156.861,32.4859,49.6335,156.351,165.54,163.893,120.752,18.4625,176.863,205.1,106.629,291.392,325.424,6362.17,8504.24,44.1854,-41.8653,-22.3503,152.078,28.3551,28.6306,-152.078,-12.6883,-2.71794,5.67498,54.2749,-117.496,15.8629,-6.4132,train
1936,5.0504,53.8508,44.2749,121.267,207.134,188.703,117.387,188.885,196.896,218.598,127.025,587.79,571.439,5044.66,7569.71,162.285,-151.085,-54.5379,808.739,808.739,49.1197,-435.091,-26.6582,-24.2655,14.0174,161.264,13.4277,23.2194,-17.1127,train
1937,122.286,167.506,167.387,34.3325,70.6354,7.44184,18.5546,26.3566,224.104,115.912,204.879,332.411,346.896,4469.14,4552.28,30.8468,-30.402,-21.7341,224.748,58.6205,3.5554,-37.4749,-79.4745,15.7967,80.0273,224.748,-206.277,17.2186,-7.26614,train
1938,92.9721,94.9711,213.65,141.847,48.825,44.913,100.23,212.102,52.6892,21.4578,148.775,459.553,261.878,7396.24,8005.79,28.9992,-28.7457,-8.6385,90.6386,88.1079,12.8315,-38.4451,-23.8068,4.4882,27.133,51.0526,-23.9771,90.6386,-80.3156,train
1939,164.305,212.973,197.136,22.2019,6.6918,23.5505,110.595,18.6985,142.897,92.79,171.948,323.808,233.683,6013.6,6285.28,19.7961,-19.0091,-8.10889,85.8753,26.6182,8.43107,-38.9455,-64.9712,-45.8857,76.2443,56.7688,-85.8753,14.2759,-27.3666,train
1940,22.7941,15.7475,165.296,153.155,77.0963,52.3284,204.387,125.445,202.252,7.53686,186.883,422.748,283.572,3730.14,4262.04,28.8554,-27.0872,-7.81306,199.513,199.513,17.7569,-66.3685,-25.7768,-47.0528,5.3437,46.6565,-3.6104,27.6047,-52.4691,train
1941,101.216,180.562,143.138,66.7191,202.907,43.2834,22.9333,165.663,99.8326,13.1001,62.4001,363.404,548.22,5994.21,6381.39,76.8177,-75.8003,-37.344,108.576,108.576,2.63079,-37.689,-47.3481,20.6819,10.9746,108.576,-62.7918,44.7502,-51.2806,test
1942,174.336,25.6729,76.0873,187.263,127.571,37.4991,103.611,196.261,59.0925,113.546,101.888,331.94,415,7249.18,8595.11,33.5398,-32.6042,-12.7664,75.6777,47.8965,41.9379,-75.6777,-11.9764,21.8543,28.7118,33.2866,-36.2501,53.6737,-13.4099,train
1943,82.1819,205.515,102.669,12.2437,94.2788,143.045,78.6844,221.457,77.7393,128.348,145.692,225.511,351.542,6966.39,8636.86,20.0777,-19.0263,-8.55652,67.1966,67.1966,7.64775,-46.3473,-55.8147,27.4066,10.9877,44.9923,-20.8644,12.4319,-17.3182,train
1944,10.8567,74.221,216.102,6.24238,38.8009,143.979,196.111,47.9814,108.175,159.153,171.346,378.125,338.952,3277.73,3636.92,35.6262,-32.8513,-9.16717,262.809,262.809,44.4601,-54.9743,-77.1137,-36.3237,22.9192,58.4028,27.3526,6.29317,-29.3222,train
1945,145.774,75.3767,16.5506,64.995,96.2626,107.742,63.3116,108.845,220.834,179.018,162.154,421.479,292.175,2924.94,3518.77,42.8429,-38.8035,-16.4159,275.616,75.4903,15.8797,-275.616,-46.4317,39.1832,11.1094,7.74717,-88.2184,19.3261,-9.4558,train
1946,9.60798,0.673902,10.8882,135.04,221.707,96.2516,116.512,59.7805,90.2938,174.341,78.9739,339.738,520.351,6402.79,6426.92,308.094,-292.036,-103.719,773.748,725.538,124.906,-773.748,-24.5349,1.1744,0.874522,61.0213,-84.5392,51.8926,-0.682799,test
1947,165.822,52.0769,136.305,73.0085,67.8565,159.015,141.982,82.3294,78.223,214.737,115.981,598.668,498.651,6596.42,8357.71,41.0838,-39.7368,-17.9435,93.3573,61.6413,60.3076,-93.3573,-38.9824,20.4658,19.7505,67.118,-72.7431,51.4544,-20.6836,test
1948,80.1994,208.713,44.5357,215.452,100.673,177.137,51.8592,10.7653,59.0256,125.739,147.523,438.925,520.939,3897.38,4193.02,70.3217,-68.2622,-41.3716,290.282,82.2818,12.6705,-264.467,-8.09811,4.61834,14.9291,201.499,-290.282,41.8032,-29.7432,train
1949,162.559,6.06941,9.18913,8.74333,71.558,57.9628,58.1581,29.6097,109.019,174.595,200.11,516.607,553.744,7479.81,5754.06,115.867,-102.172,-43.1368,826.084,82.7065,318.483,-826.084,-369.776,70.5095,33.349,58.9662,-395.4,41.94,-15.6573,train
1950,13.7569,138.939,101.896,20.6764,168.898,107.121,172.22,167.735,156.4,33.4447,163.536,343.298,328.126,2784.56,3311.43,40.5252,-38.9262,-12.0701,232.888,232.888,10.3642,-101.833,-96.389,-13.1567,13.4427,57.0168,1.93212,18.021,-60.8905,test
1951,211.29,100.512,159.795,124.375,213.181,160.493,81.4085,207.992,120.311,95.8934,144.896,328.86,310.664,3613.23,5566.08,14.8641,-14.5217,-6.65187,36.0407,36.0407,12.0101,-33.5269,-16.7353,10.5309,7.52163,35.9392,-29.4169,24.4667,-17.803,train
1952,180.955,50.0907,98.6226,45.6124,138.755,169.674,183.998,219.969,218.676,187.394,163.26,315.714,302.327,6462,10808.9,14.7932,-13.7172,-5.43073,57.8267,37.5324,25.6381,-57.8267,-41.0615,12.6959,7.56883,19.5677,-23.3669,12.1124,-9.69173,train
1953,215.189,57.9389,40.8623,4.15753,26.5214,169.824,26.3511,54.1883,196.213,24.5613,79.9189,313.606,415.949,4271.47,3673.89,109.11,-94.21,-47.0211,342.25,36.6932,29.5682,-138.8,-342.25,125.823,10.0878,136.083,-124.225,10.2557,-98.6414,train
1954,122.317,109.268,142.309,12.9946,78.6077,172.006,6.49055,180.579,188.444,71.6415,155.98,517.717,520.7,4047.06,4699.34,41.6048,-39.2119,-21.2616,195.663,121.197,24.1115,-41.5581,-195.663,90.3818,15.3169,160.563,-75.553,19.0811,-52.0076,train
1955,73.1762,222.977,21.9292,219.366,87.166,141.459,171.843,99.9313,51.8475,36.4641,118.284,240.084,489.09,3768.32,4394.41,53.7184,-50.6056,-20.6641,225.447,97.7032,3.22886,-225.447,-7.66244,35.1951,5.08953,20.9284,-67.203,45.8483,-27.9228,train
1956,57.4532,60.5908,34.5397,27.3567,177.805,180.682,172.292,3.73892,102.35,65.954,201.384,255.905,407.21,6500.66,6095.12,36.5605,-33.9294,-16.1816,254.233,51.6614,21.602,-254.233,-45.6986,-4.73049,7.24414,51.0723,-154.724,17.2742,-28.0656,train
1957,35.4782,204.298,24.5555,63.6793,191.561,29.3666,157.469,12.2431,216.395,177.582,69.16,278.728,478.417,4880.85,6007.78,142.363,-132.765,-62.0193,360.251,121.197,4.78396,-360.251,-28.4225,-1.5523,33.2811,54.414,-174.717,11.8284,-7.78334,train
1958,148.099,61.7351,147.207,208.095,51.0934,144.588,201.465,92.6776,210.655,46.1243,72.8562,302.459,334.385,5174.78,7286.72,30.592,-29.6566,-13.1377,47.9801,36.1555,9.10877,-47.9801,-11.8324,-2.58842,3.8892,28.3483,-35.5548,16.5302,-17.2416,train
1959,161.409,153.585,92.6588,192.418,199.289,192.982,204.973,137.483,80.6776,212.568,90.949,330.021,426.72,4992.3,8633.99,31.1573,-29.9667,-13.1479,77.3775,43.3564,12.1244,-77.3775,-7.47372,11.3395,9.64923,26.6976,-38.0384,25.2084,-12.3887,train
1960,210.741,22.144,15.9098,177.953,192.237,62.6985,171.508,61.9952,172.071,18.6789,82.9401,297.127,229.522,3018.45,3537.5,68.8345,-63.0083,-27.4494,236.046,35.3684,10.8621,-236.046,-15.3453,9.11151,3.83632,6.46616,-102.249,22.4434,-18.2111,train
1961,111.535,35.6013,179.155,30.5128,200.537,3.36221,17.029,215.169,30.2774,62.1862,72.2786,471.404,376.77,6988.67,6517.26,102.189,-100.429,-28.2472,344.584,108.024,32.5428,-32.7166,-116.524,18.8442,344.584,95.2815,-48.206,166.071,-26.3476,train
1962,181.978,177.291,118.66,105.618,207.751,39.3156,128.162,44.2576,206.438,176.628,81.3952,261.239,447.85,6232.72,9210.98,34.8047,-33.6265,-19.1605,70.9435,26.5556,4.68946,-63.0637,-16.8625,2.11398,21.1469,53.7465,-70.9435,12.2007,-6.65683,test
1963,114.808,19.3749,160.686,146.694,187.995,125.762,33.5579,102.93,111.987,19.3876,112.633,242.742,458.151,7584.27,7865.3,29.541,-29.0418,-17.1156,91.1305,63.357,13.8122,-28.5641,-14.7232,14.2912,2.12792,91.1305,-66.5885,27.2748,-19.5207,train
1964,209.617,216.457,84.6068,120.9,203.213,170.328,152.166,78.62,30.6918,37.8185,198.395,580.538,451.749,2747.76,3588.91,32.2663,-31.4557,-10.8465,133.42,50.7852,14.2445,-133.42,-22.515,10.4225,18.1023,50.9567,-87.0627,125.427,-115.3,test
1965,134.853,42.5118,203.264,90.1873,27.0548,187.257,7.66696,111.054,181.674,126.035,130.71,542.782,357.871,4332.25,5103.05,40.2105,-39.6354,-28.8799,190.522,99.378,10.3547,-31.7847,-55.3029,110.369,2.35076,190.522,-101.54,38.8254,-4.93936,train
1966,110.871,155.976,21.4049,11.0649,100.387,112.768,130.579,201.689,120.095,143.464,205.378,250.962,515.132,3952.26,4897.26,26.7734,-23.9031,-9.69027,185.842,78.4899,10.0568,-185.842,-85.0442,52.3137,13.9101,15.9023,-43.4217,11.081,-15.4628,train
1967,117.093,7.30283,6.29405,140.254,154.855,125.912,204.905,21.8905,115.484,21.5582,145.395,292.363,414.272,5274.64,5142.7,114.689,-104.097,-48.4799,746.369,70.166,33.63,-746.369,-19.0943,16.882,1.95052,12.2441,-341.904,32.7951,-16.1109,train
1968,90.1614,201.316,30.5864,171.781,11.8133,12.2375,118.561,31.5631,155.758,84.7336,197.993,309.934,573.936,7286.37,7131.11,39.0926,-36.5969,-19.0256,280.917,71.4843,1.16119,-280.917,-16.6816,40.6509,19.1024,65.5201,-149.911,26.018,-3.90158,test
1969,195.022,9.2399,161.782,224.125,56.0588,156.471,42.7306,110.571,45.6663,153.758,63.0686,479.02,259.137,3959.79,4712.62,76.2773,-71.4715,-29.7818,157.006,49.9566,157.006,-44.6238,-14.9001,28.7726,9.27152,80.3947,-63.342,103.418,-13.3432,train
1970,38.2085,67.4104,182.653,149.307,148.06,18.1786,108.925,35.6751,125.575,194.402,187.268,308.761,270.785,5244.62,6046.53,19.356,-19.1448,-8.29838,105.093,105.093,12.9171,-43.5538,-14.8477,-8.70601,47.8997,63.1978,-36.7812,24.966,-6.33444,train
1971,110.277,58.8552,223.103,128.772,16.6769,134.536,55.3465,54.6444,34.454,25.7296,201.714,302.726,359.778,7314.6,6105.79,20.6727,-20.5638,-10.5341,100.583,51.8323,17.4784,-31.2127,-15.5202,41.3798,7.64626,100.583,-69.5831,82.0339,-56.5417,train
1972,62.6155,115.121,96.54,44.4833,36.5912,187.775,187.868,157.367,26.1678,180.302,136.058,384.766,598.067,5964.79,7217.83,35.9329,-34.7793,-14.4091,110.998,108.726,24.3855,-110.998,-23.3883,52.4679,14.9502,51.7009,-26.603,56.2268,-22.0191,test
1973,196.395,12.9543,38.7747,141.468,151.25,183.161,150.74,211.721,81.6862,210.493,159.354,341.795,274.148,5443.91,8212.59,22.7821,-21.5115,-7.51914,112.975,43.8645,69.8978,-112.975,-17.76,17.7476,4.94359,9.03116,-34.7126,43.498,-6.0835,train
1974,72.1806,120.872,4.99284,170.884,43.1237,216.811,131.529,218.829,10.4924,87.0716,106.006,209.993,515.638,5154.76,5949.97,89.4205,-82.8321,-32.9749,385.99,132.016,10.9383,-385.99,-4.5516,154.237,6.09812,-1.85737,-48.0114,104.835,-21.4742,train
1975,144.036,5.52666,149.399,140.399,74.0728,221.006,219.585,153.51,33.9055,28.7491,155.105,238.545,558.184,6254.61,7724.84,21.9281,-20.5902,-6.57373,96.3376,37.9894,96.3376,-48.6373,-13.1982,16.6507,2.4091,31.4349,-28.4335,77.2904,-26.1908,train
1976,57.7591,207.777,8.97574,126.579,162.422,80.8972,31.5212,87.4359,69.2611,30.3139,137.257,393.295,519.04,7827.11,6824.02,96.2384,-89.9419,-35.5016,490.642,217.894,4.73288,-490.642,-23.3022,35.1114,12.1559,21.1284,-139.947,60.226,-45.8771,train
1977,156.492,139.686,196.258,117.235,34.4487,48.714,20.5134,10.1555,45.0134,44.8534,199.312,591.187,507.696,4135.63,3264.66,66.2933,-66.1461,-49.6174,506.959,61.0075,18.2769,-67.5916,-28.6505,8.02586,52.4086,506.959,-506.238,105.527,-80.4963,train
1978,48.8956,213.425,224.993,41.1111,19.5316,81.6077,72.5112,209.671,157.736,1.33995,93.6128,585.747,493.765,2847.71,3264.31,82.5345,-79.6588,-26.289,226.151,226.151,0.593072,-50.9006,-139.4,-27.1656,1.55104,109.118,-35.0756,51.3815,-133.592,train
1979,159.482,216.395,3.50273,219.019,56.2398,72.1853,189.739,151.157,91.4896,100.252,75.2681,362.987,371.425,7090.27,9595.91,117.222,-105.555,-45.0863,404.133,82.6944,1.08082,-404.133,-15.5055,109.574,3.24004,-16.5042,-89.428,52.494,-3.29927,test
1980,178.075,148.53,85.033,50.9958,221.397,190.378,29.7402,56.2871,76.5518,71.0182,143.768,486.736,345.795,5036.79,5548.71,40.7346,-39.7795,-22.4038,139.814,58.5825,16.2304,-89.7055,-48.1737,14.0385,12.6627,131.272,-139.814,45.3841,-48.0052,train
1981,147.329,209.337,165.166,171.462,4.47815,198.735,127.75,204.856,95.1819,56.4787,191.05,433.549,227.269,7527.88,10885.3,14.6895,-14.3584,-5.91434,50.8515,50.8515,6.25573,-47.1481,-17.6479,29.1393,6.58946,38.2116,-21.7903,44.9594,-32.791,train
1982,160.018,144.838,187.836,177.435,22.2231,221.805,213.784,182.963,178.641,152.807,150.475,282.701,484.472,3930.39,6986.56,12.6458,-12.2236,-6.41959,41.044,35.0972,4.46925,-41.044,-12.2845,27.4262,2.9184,32.2987,-21.559,17.2556,-5.99086,train
1983,172.528,67.9257,71.625,214.717,96.9137,181.008,37.0775,104.797,200.802,124.989,151.82,384.071,302.224,4739.06,6353.18,23.3461,-22.6772,-12.738,78.0457,51.9008,12.044,-78.0457,-14.0772,21.576,4.51965,66.7228,-69.0073,21.2877,-9.25647,train
1984,18.5276,130.649,168.995,115.516,221.512,138.083,140.233,218.476,179.143,64.2323,126.855,390.536,466.364,5576.66,8387.12,47.2502,-44.4291,-16.8573,237.239,237.239,9.65671,-70.9148,-22.8863,-9.72234,9.13688,81.4735,-3.17247,20.8703,-27.7778,train
1985,98.0514,209.153,127.374,148.068,76.3507,32.0654,188.86,211.522,60.4717,158.14,78.9023,407.047,572.555,3888.23,5569.36,49.7481,-48.5921,-18.7812,83.2928,83.2928,8.63305,-76.7031,-15.2959,23.9903,56.3106,42.6789,-27.3889,52.9663,-16.1473,train
1986,198.529,119.957,212.932,148.901,21.3863,103.841,45.2574,149.635,148.57,131.659,184.034,533.666,400.863,3665.1,4951.54,19.322,-19.0049,-12.3048,103.514,57.2678,7.81007,-40.6201,-29.5484,76.3508,9.02225,103.514,-57.015,41.8808,-10.0635,train
1987,157.792,100.392,107.844,202.917,175.551,103.428,98.6254,85.8531,138.526,46.8541,209.543,464.041,222.331,5648.28,7080.84,17.2131,-16.7472,-7.36984,73.7796,51.8899,11.1096,-73.7796,-17.3721,0.127113,10.7834,47.5533,-58.4346,35.9878,-33.6637,test
1988,153.511,128.247,221.379,2.04892,106.112,169.528,34.0764,1.63496,44.204,167.665,135.812,489.203,306.623,7630.65,7891.21,63.0173,-61.8073,-46.1675,325.142,34.3162,36.1294,-56.3485,-126.188,1.10585,27.3317,314.678,-325.142,8.27174,-39.0824,train
1989,45.8647,124.782,125.079,159.801,144.587,217.483,71.2189,28.1302,130.76,183.926,85.3597,314.818,420.119,7035.42,9026.61,55.4632,-54.7087,-31.0672,110.231,107.847,12.3965,-69.5508,-10.0207,1.36164,7.11254,110.231,-90.4022,17.3188,-11.8938,test
1990,165.511,60.8106,200.764,85.0596,41.034,55.3338,65.521,74.413,177.895,69.214,133.099,481.654,534.964,5642.95,5964.22,32.3365,-31.6765,-18.9062,112.61,59.0018,16.7765,-49.978,-44.6317,28.0881,18.437,112.61,-94.0539,30.1799,-20.845,train
1991,211.88,175.793,180.633,217.928,57.4064,19.6341,212.183,117.402,37.214,192.603,94.6617,290.62,470.891,6997.99,10586.4,27.5066,-27.071,-10.6141,71.8298,26.1936,8.02257,-43.611,-6.86414,19.9948,71.8298,33.1346,-31.8459,56.8469,-10.3554,test
1992,88.7115,58.8056,181.225,210.72,75.7088,127.77,34.6447,156.178,28.3357,156.409,186.167,497.187,540.183,4917.68,5729.16,31.5717,-31.3943,-16.042,140.115,134.29,52.2647,-46.3753,-9.0092,66.608,24.0545,140.115,-62.8538,94.7485,-27.7895,train
1993,128.937,185.073,139.437,216.328,101.942,15.2731,187.606,162.313,2.74509,193.48,162.565,352.296,392.015,3388.25,4831.22,28.8851,-28.6929,-7.09762,211.564,49.8696,17.4593,-57.7965,-1.34847,25.6555,211.564,34.1935,-25.3292,150.284,-23.6184,train
1994,100.929,83.0095,117.266,165.425,48.2454,22.8465,3.94493,56.8804,193.998,124.086,170.58,592.871,475.718,3640.91,3574.21,52.186,-51.9515,-38.9754,334.285,155.377,4.31833,-58.5096,-33.6724,86.7058,15.69,334.285,-242.498,40.6063,-4.08541,train
1995,160.087,215.094,163.99,186.368,220.316,115.942,105.886,20.1129,140.245,183.401,84.6238,241.797,236.212,6057.15,9402.93,25.8997,-25.4344,-15.4196,61.886,20.602,5.43632,-38.5263,-6.69991,-1.67264,10.0854,52.0875,-61.886,12.5913,-9.01668,train
1996,78.3072,26.0576,220.452,139.633,1.41636,24.8494,42.2441,79.7845,161.352,214.618,140.497,593.794,551.464,3053.72,3336.8,44.9476,-44.5407,-28.8272,194.798,147.773,16.8613,-53.3305,-39.3789,95.4333,17.6812,194.798,-99.8605,48.1936,-2.89518,train
1997,185.708,100.637,158.03,62.4608,90.7617,203.779,225.761,58.3775,185.15,146.571,153.382,543.572,404.346,5075.13,7760.79,23.5883,-22.4209,-9.82339,78.1512,43.0805,26.2175,-78.1512,-44.7846,-2.5627,12.9476,43.3137,-62.1304,21.3662,-25.4574,train
1998,141.411,181.661,49.3519,160.131,99.4673,56.521,138.74,1.87092,107.32,20.0681,112.454,541.489,414.559,7340.36,7165.43,85.7486,-81.6042,-39.462,296.941,40.5599,6.06238,-296.941,-26.9379,-40.1423,19.4848,94.1828,-242.445,56.8427,-77.6092,train
1999,127.962,176.291,16.9709,182.427,204.314,145.374,179.598,170.282,140.978,190.245,160.839,261.554,579.706,3547.53,5892.67,33.2477,-30.7312,-13.0009,212.956,78.3798,4.24781,-212.956,-10.2326,27.1514,5.15119,7.86255,-61.5749,18.7256,-5.56668,train
2000,74.779,149.631,64.934,173.109,132.802,166.584,93.7571,41.5088,214.547,163.244,161.958,368.821,355.08,4192.47,5702.13,30.4302,-29.3698,-15.0509,127.698,84.5627,9.2089,-127.698,-13.3458,2.44745,8.2717,69.4415,-89.7853,15.2285,-11.9373,train
2001,44.6661,199.849,70.7583,52.4479,107.983,66.543,183.011,211.057,110.899,32.788,92.4063,522.283,363.146,3270.2,3895.57,76.9163,-73.7442,-23.312,192.754,192.754,7.80562,-151.083,-69.8385,-2.55722,23.4427,42.2503,-22.6933,46.7099,-67.2837,train
2002,7.79271,153.881,223.771,214.455,103.582,90.2288,104.9,64.2614,188.783,133.347,159.098,310.978,307.312,3463.07,4713.53,39.3315,-36.1814,-13.4482,293.936,293.936,9.45065,-45.1886,-7.71962,-23.8915,16.1176,94.3993,18.0288,12.4018,-15.4233,test
2003,90.9151,145.01,138.35,150.541,15.5498,105.148,203.98,89.2399,139.624,114.269,86.2423,579.581,474.437,6859.13,8901.5,53.2612,-51.7969,-20.7097,99.6793,99.6793,16.5964,-94.4669,-22.5132,-7.88612,22.8882,50.429,-51.7658,34.3278,-29.7852,train
2004,135.889,214.641,124.909,199.157,155.357,165.601,132.226,114.873,89.6363,204.521,111.12,215.013,395.397,3477.39,5599.52,18.7585,-18.3167,-9.49228,43.9405,36.1752,5.15151,-43.9405,-5.24411,11.0796,6.67704,35.7058,-34.0487,16.4778,-7.64583,train
2005,179.201,37.4953,93.0739,135.257,45.6801,197.919,206.424,223.117,163.173,160.686,189.467,241.476,384.308,4030.15,6464.14,10.7941,-10.2016,-4.82206,58.4547,31.5108,11.625,-58.4547,-14.6305,27.4324,2.20233,20.7301,-20.4858,17.1509,-3.83625,train
2006,14.4422,213.242,188.82,145.855,169.742,19.9423,125.112,216.729,45.2384,127.109,186.526,451.455,203.633,7842.78,10608.1,35.6724,-35.4654,-11.2243,257.35,257.35,10.604,-62.8285,-15.4491,-17.9754,113.388,83.0669,5.20619,70.442,-25.1582,train
2007,116.472,36.9454,77.0893,61.7773,153.656,219.4,79.8913,21.2422,190.833,123.548,64.1826,470.096,528.355,3307.7,3789.67,107.817,-103.821,-59.1696,177.078,63.1976,46.7771,-155.997,-48.1206,-2.03676,7.87691,129.66,-177.078,22.0304,-19.7821,train
2008,180.818,103.096,29.5803,45.3831,183.493,18.5089,150.534,130.145,63.1397,213.463,137.094,440.708,442.22,7419.46,9152.07,47.31,-43.9013,-16.123,208.598,63.4508,18.1986,-208.598,-55.767,24.7153,101.367,16.5656,-76.7817,56.6871,-12.43,train
2009,163.666,185.992,194.975,19.9436,28.8188,91.585,2.74006,180.333,25.5261,148.545,164.525,295.707,561.035,4253.32,4628.42,31.1891,-30.6753,-23.4333,225.375,68.0205,6.86318,-17.176,-84.2661,225.375,13.9379,202.225,-64.1151,93.1079,-12.1528,train
2010,77.8433,94.6964,81.2959,79.5669,137.311,76.1315,95.7576,13.1858,57.2457,12.8918,196.021,492.381,403.716,5942.38,4347.53,41.519,-40.4403,-17.4879,155.319,81.8565,11.1727,-152.98,-48.5855,-17.607,13.8972,110.954,-155.319,95.5019,-116.063,train
2011,25.2258,81.4942,112.94,186.804,159.871,223.21,42.9834,225.076,89.3665,19.6528,124.976,202.76,539.941,7203.99,8713.81,48.4797,-45.4602,-21.2523,230.098,230.098,3.85618,-50.273,-9.17187,12.907,1.4079,120.097,-23.7307,27.1135,-22.6139,train
2012,11.9299,27.0319,2.65209,5.95898,70.3539,25.824,209.18,217.018,210.317,44.175,68.8529,401.693,468.489,5223.71,5284.75,581.091,-536.55,-176.257,1333.68,1106.35,72.2501,-1333.68,-346.346,101.172,75.6295,-3.24449,-59.8333,13.8778,-62.5249,test
2013,135.389,85.3851,200.936,171.859,74.2611,65.2547,204.497,160.171,49.5136,46.0043,96.2324,272.742,549.804,6411.65,8113.46,27.417,-27.0091,-10.6542,48.7727,42.1966,11.9438,-39.6514,-9.93607,17.2084,15.6284,36.2372,-26.3604,48.7727,-31.3504,train
2014,215.606,115.916,159.062,201.397,84.636,120.835,113.897,21.979,13.5514,125.376,73.7162,571.618,475.047,4769.43,5608.82,77.0585,-76.1703,-37.2785,126.395,35.6231,41.213,-89.3894,-4.66212,12.1157,39.5351,105.569,-126.395,97.9873,-53.8864,train
2015,66.5916,74.9867,102.097,184.606,95.0543,171.438,47.6132,150.717,222.91,50.2394,153.88,242.565,389.93,5277.49,6570.46,21.6127,-20.8856,-11.2003,95.6593,95.6593,3.57939,-47.0741,-11.6857,18.8021,1.56562,70.7055,-37.0119,13.6862,-7.5555,test
2016,159.444,150.784,61.3953,9.34222,3.66957,89.2135,6.09465,160.952,141.67,16.3063,88.6604,542.426,419.852,7325.53,6253.03,135.036,-114.437,-93.5285,684.01,83.6853,0.10214,-116.103,-578.969,684.01,0.172632,395.376,-69.5795,53.9935,-1.33571,train
2017,213.796,181.424,93.787,96.0871,139.066,114.213,182.397,49.9709,127.578,29.6509,131.96,436.196,448.377,4111.08,5222.79,33.0766,-31.5378,-13.8669,109.095,34.3221,5.60938,-109.095,-34.8047,-2.6485,8.91031,45.5112,-84.222,37.0717,-48.5385,train
2018,201.33,185.652,23.1368,139.806,190.403,178.76,73.1747,158.683,38.718,29.1783,120.136,411.227,416.735,5725.98,7031.75,52.8044,-50.081,-17.0276,202.008,58.7609,8.65972,-202.008,-17.9146,27.3815,8.9936,10.8526,-68.7852,91.482,-77.9219,train
2019,3.55488,73.779,56.4311,156.932,39.819,46.7541,182.073,7.83904,39.1727,43.7457,112.378,539.521,491.315,7594.05,5299.04,196.853,-178.343,-39.6031,1109.12,1109.12,39.7311,-304.016,-15.7004,-98.3527,62.6966,91.3495,262.026,88.9513,-94.764,train
2020,5.72584,214.101,194.304,57.7971,126.12,25.716,17.2977,10.453,63.4085,173.262,66.3424,288.542,229.66,6605.81,6026.53,219.584,-210.264,-107.714,615.093,615.093,7.07388,-38.2438,-23.719,-5.82288,58.8943,371.628,-86.1144,30.5752,-12.362,train
2021,138.794,94.8708,54.1105,149.753,154.332,201.757,192.293,80.6182,168.407,100.461,115.605,570.687,383.263,3035.16,4329.02,50.9702,-48.0275,-20.3898,190.279,76.7837,19.8857,-190.279,-25.5106,7.3217,9.35071,33.7514,-86.8384,32.0814,-26.5577,train
2022,144.725,155.053,59.0139,92.796,129.831,142.893,220.459,179.92,108.519,87.9817,203.614,233.859,217.025,6625.61,9502.25,11.2514,-10.6032,-4.05622,68.4781,35.5492,5.90663,-68.4781,-15.3321,10.6564,6.40926,10.9217,-22.058,18.5412,-14.7211,train
2023,180.415,60.9725,215.743,98.9167,23.4906,1.00851,223.354,190.861,212.682,212.191,120.545,455.387,280.654,4643.94,7504.25,23.0101,-22.1535,-6.16047,123.15,46.7795,2.03696,-37.2131,-44.7818,-23.1515,123.15,22,-28.7926,29.4547,-0.827762,test
2024,46.1561,167.224,175.139,222.095,97.7331,171.521,19.5716,212.612,27.2765,143.802,62.9093,231.866,309.245,6922.94,9180.04,64.9304,-62.6631,-32.517,137.116,137.116,9.31722,-21.2385,-3.42467,33.2485,9.08377,101.237,-26.6736,39.4351,-15.3227,train
2025,64.2121,180.785,139.08,125,215.223,36.3268,213.665,182.477,101.297,105.044,107.266,434.259,225.15,5231.12,7713.93,33.8815,-33.0807,-10.7095,98.3491,98.3491,9.18694,-64.4525,-21.4538,-3.29477,45.72,30.5888,-15.2879,37.4396,-22.3604,test
2026,141.14,190.941,173.194,145.462,130.9,147.419,93.0078,206.709,151.373,46.1995,127.973,586.338,228.52,3953.19,5900.53,28.1919,-27.5699,-10.6498,76.7218,76.7218,7.7115,-52.2353,-30.1862,4.38637,9.98815,48.4057,-33.9692,41.0228,-45.0729,test
2027,31.3786,158.566,224.15,165.812,218.696,128.95,96.5811,101.132,146.772,68.3304,121.199,320.802,589.039,3353.19,4634.07,40.9704,-39.1591,-18.2991,176.659,176.659,6.29399,-44.4841,-13.3284,0.572914,7.73951,99.0306,-32.6565,21.2945,-20.6555,train
2028,57.7807,90.6877,217.958,56.9225,148.399,86.0994,24.3928,56.9725,62.4013,102.837,114.348,374.052,505.848,7830.51,7207.46,58.2058,-57.9657,-35.2892,203.997,156.123,20.7026,-33.3052,-32.7295,23.0281,21.8059,203.997,-131.074,42.2226,-25.8191,train
2029,61.2572,57.5611,30.4386,1.59205,100.16,26.9862,2.12829,49.464,189.063,133.907,205.028,334.504,242.711,5579.24,4120.64,47.4625,-44.2559,-22.6522,265.03,144.064,50.7826,-119.497,-265.03,50.4988,108.318,194.207,-156.674,3.15616,-30.8714,train
2030,67.9674,46.0706,161.873,105.049,126.051,100.983,15.0328,77.2663,104.699,90.5281,125.795,291.07,381.3,3226.49,2993.43,39.0384,-38.3595,-23.9628,150.885,118.153,17.9631,-27.8897,-19.8301,24.091,8.19512,150.885,-93.7085,28.1377,-12.9282,train
2031,70.1799,145.461,122.742,102.054,87.6158,132.153,11.9405,15.1957,182.023,201.134,105.805,454.341,502.338,5113.54,5800.11,119.533,-119.212,-96.8824,523.982,138.018,11.4074,-73.06,-28.2605,25.7785,12.5561,523.982,-478.614,22.4077,-11.667,train
2032,144.911,99.9671,9.99369,69.0169,183.666,195.005,149.51,32.4433,28.1663,1.73417,154.555,341.005,491.813,5449.72,4994.01,101.081,-94.3362,-36.0952,567.342,65.4089,2.13697,-567.342,-46.3136,15.6369,1.09549,21.3752,-264.523,160.491,-174.213,train
2033,171.341,116.233,197.722,54.5574,106.002,215.892,149.968,196.537,169.818,187.346,187.575,493.637,574.648,2962.61,5030.32,17.0721,-16.3552,-7.66435,58.8863,58.8863,20.181,-52.933,-47.4853,24.1745,10.8652,52.1448,-37.0809,21.5747,-17.7069,train
2034,215.437,138.002,225.648,144.199,118.864,21.7507,168.405,180.282,23.2549,69.4329,138.413,400.415,522.283,5365.27,7300.61,27.3889,-27.1695,-8.21791,108.385,38.0943,16.1005,-40.0108,-12.3596,20.3636,102.153,42.192,-32.9684,108.385,-45.2559,test
2035,67.8251,58.561,113.96,56.0448,34.5218,189.429,112.951,97.839,64.5708,195.243,195.671,352.431,382.073,3406.12,3693.48,20.4543,-19.8977,-8.98743,89.8877,89.8877,32.8027,-72.8066,-28.6083,28.0689,10.1408,59.7569,-37.1819,35.1162,-13.9142,train
2036,155.008,82.1784,208.764,171.321,33.7506,103.601,73.0898,118.504,184.442,77.1834,90.5537,277.884,427.143,5672.28,7238.46,25.7582,-25.3698,-16.3761,66.2329,41.327,3.75273,-29.7078,-14.42,34.2736,2.97673,66.2329,-43.2865,18.9421,-5.65062,train
2037,96.9121,0.933221,214.188,68.7692,222.762,149.621,54.2833,21.1433,45.5922,117.035,142.559,402.993,386.287,5270.11,5251.95,52.9706,-48.0672,-22.1071,287.051,63.8041,287.051,-45.6108,-54.7054,-7.22116,1.7904,149.524,-144.038,116.694,-3.23701,train
2038,34.4066,113.375,130.597,213.841,223.156,207.245,146.202,172.531,212.503,212.93,69.9649,550.604,277.76,7034.39,12703.9,80.7499,-76.6358,-29.2448,205.32,205.32,20.8425,-93.6571,-14.698,-7.10131,11.402,65.0541,-12.7734,20.917,-15.6944,train
2039,222.644,16.4839,75.678,134.721,163.545,47.3119,141.254,124.971,31.9623,111.146,95.7567,253.235,373.204,4408.75,4995.94,33.304,-32.4346,-11.6728,68.7559,27.5138,68.528,-68.7559,-10.4123,13.3951,23.8758,26.7411,-40.6646,62.0663,-14.373,train
2040,124.687,208.511,32.8714,77.479,64.77,179.995,73.5249,137.895,165.552,7.33453,198.301,201.958,582.267,4484.26,5050.9,20.9767,-19.6415,-10.3951,133.858,60.0007,0.0806819,-133.858,-25.8491,53.4042,0.0934642,45.7878,-56.0142,17.1084,-3.24375,train
2041,34.2627,108.615,70.4268,8.08709,124.675,153.147,111.864,122.378,118.643,127.415,133.114,457.956,428.462,4181.15,4505.54,58.3583,-55.2018,-20.6407,218.328,218.328,32.7876,-149.699,-125.92,15.1003,23.2537,75.3889,-33.5238,12.1383,-39.5273,train
2042,29.2902,49.4476,114.841,169.119,135.096,93.5215,152.769,81.2268,204.371,112.974,121.315,202.942,235.939,5921.87,7424.06,23.1571,-22.1819,-8.78278,95.1497,95.1497,12.0457,-49.2914,-8.47799,-5.00574,6.36891,33.6154,-13.1892,9.92156,-7.45612,train
2043,33.7873,101.196,39.9342,23.6041,6.49287,74.1888,155.031,215.676,203.226,136.402,153.182,488.797,274.792,7114.81,8351.91,57.3281,-53.3544,-19.3125,238.754,233.146,22.0449,-238.754,-112.57,51.1767,30.07,42.3861,-19.6019,18.4904,-23.1296,test
2044,156.394,135.978,40.3141,95.2294,173.074,131.93,202.5,180.468,209.994,155.608,105.504,254.218,466.184,3602.88,5902.23,31.393,-29.1178,-12.6974,116.443,48.5573,5.43271,-116.443,-18.938,18.7691,5.59941,15.03,-39.5885,12.1454,-6.7138,train
2045,168.874,188.275,217.347,128.318,187.405,79.009,7.36851,68.7254,141.941,71.7007,132.774,536.565,588.541,3528.19,4448.82,50.5913,-50.412,-36.6215,250.532,90.6675,7.29713,-30.6928,-31.1084,31.7703,17.3887,250.532,-204.66,39.7718,-27.0979,train
2046,32.1279,191.442,45.5212,154.122,151.187,111.481,136.065,11.7048,171.192,146.855,132.229,400.669,501.323,6114.91,7518.56,65.4663,-62.6241,-29.4164,261.358,159.861,9.21073,-261.358,-14.5558,-7.3688,15.8172,82.0127,-136.446,18.5324,-16.9808,train
2047,99.6054,221.635,147.485,6.46825,112.71,91.3959,58.578,223.53,63.0655,103.952,185.922,303.301,411.44,6692.33,8043.79,20.0209,-18.7484,-8.18631,104.287,75.6094,10.6411,-38.5281,-104.287,33.9236,25.8048,63.9606,-28.4582,15.1266,-32.0856,train
2048,219.119,210.116,192.08,157.558,203.584,110.389,132.944,36.1407,154.633,52.2253,165.632,387.97,431.799,6705.23,9960.29,18.9139,-18.5142,-10.1127,79.9505,27.0304,5.10493,-52.24,-17.8162,-3.75232,9.7168,65.4696,-79.9505,25.6724,-29.0458,train
2049,81.0524,106.661,101.064,225.522,104.35,21.4964,59.3762,20.6238,142.114,144.335,149.197,293.406,522.418,5688.99,6025.92,35.761,-35.2581,-22.6746,153.056,63.738,6.69522,-87.6693,-9.84357,0.116126,33.2205,141.149,-153.056,22.0912,-6.99704,train
2050,54.5867,89.0591,57.3735,207.203,72.7823,104.847,165.797,209.017,55.6952,202.338,147.085,474.462,529.785,6964.81,9430.86,45.4086,-43.8903,-16.7045,176.696,172.094,28.6021,-176.696,-10.6048,33.6903,24.2951,46.0018,-31.458,55.7951,-17.8038,test
2051,35.9537,147.189,201.817,104.113,216.716,54.6357,18.8723,67.1381,182.426,68.716,71.3783,342.436,579.335,7686.11,8695.47,114.828,-111.491,-67.3091,260.282,260.282,5.26668,-33.2397,-25.4452,15.1561,14.1884,246.088,-124.989,20.5369,-15.9539,train
2052,194.007,38.8606,108.592,216.417,202.282,103.015,53.4523,79.6388,220.317,93.0555,204.775,412.344,214.404,6873.74,9393.87,15.5146,-15.1507,-8.2066,69.6177,41.4615,21.2874,-59.5858,-15.2308,3.08572,8.03032,62.0984,-69.6177,21.1583,-12.572,train
2053,195.889,70.9828,222.686,3.77426,81.1072,135.71,97.2911,55.3116,183.016,5.13937,165.721,552.976,552.446,5311.61,5789.73,96.3745,-77.4028,-14.3452,984.322,48.8929,25.565,-56.2954,-984.322,4.10221,13.3717,101.845,-103.495,28.7074,-499.349,train
2054,49.0103,25.2419,16.0572,29.7394,123.152,126.045,75.3948,59.8858,54.244,85.4203,110.971,347.808,548.875,4908.46,3402.47,108.611,-101.661,-42.1269,400.484,193.68,63.0311,-400.484,-63.4529,33.513,12.6227,55.3827,-142.028,49.1979,-26.341,train
2055,77.0891,52.9813,195.345,220.948,173.354,153.531,113.026,86.5818,74.8819,162.694,71.5823,210.635,526.154,7357.47,10034.4,37.7929,-37.2105,-19.7274,61.0817,61.0817,17.9174,-35.1781,-5.23681,8.33741,6.18305,59.6274,-42.5069,21.8522,-8.25169,test
2056,126.75,163.639,74.424,15.8114,178.351,90.4298,125.946,115.334,9.34046,184.309,102.382,540.651,588.702,5997.43,6934.51,60.8943,-58.7962,-23.6846,144.721,89.4345,29.8787,-144.721,-32.71,30.3452,54.0675,60.2337,-72.7045,78.3067,-37.516,train
2057,80.5853,56.7905,198.609,71.578,5.57674,48.0016,93.4174,134.037,62.5695,146.155,182.832,533.816,500.382,7787.71,7676.47,28.2412,-27.7387,-13.1254,111.799,111.799,36.5385,-60.4653,-45.5883,73.172,43.2286,100.987,-38.7341,73.7538,-20.0784,test
2058,66.8967,211.739,190.176,51.7581,88.2008,173.705,192.331,200.505,116.553,47.0445,116.485,415.729,267.131,3684.98,5288.15,30.1627,-29.2124,-9.18063,93.0214,93.0214,7.70996,-46.9058,-48.7808,-5.20705,9.39811,35.023,-14.5687,30.6349,-49.0748,train
2059,198.603,34.9736,191.465,215.335,35.3293,165.623,205.538,189.293,35.0541,70.9421,198.543,453.141,393.137,7067.46,10014.3,17.5681,-17.3423,-5.54322,92.8438,39.7819,63.7651,-50.2692,-10.6872,30.2321,13.4649,35.0453,-25.1728,92.8438,-44.4564,train
2060,174.074,175.084,213.271,44.851,47.3632,176.807,187.712,137.123,107.844,109.953,170.113,588.314,319.816,6213.79,9084.49,20.5162,-19.5662,-7.48329,60.719,53.5065,18.0475,-54.0789,-60.719,14.941,17.8717,42.5693,-35.385,35.7122,-40.6416,train
2061,32.6771,179.237,55.9179,173.121,106.373,220.396,58.0265,158.157,71.1509,208.295,156.471,366.535,549.455,5909.41,7935.94,49.5385,-47.5732,-21.381,254.544,254.544,11.1832,-146.158,-9.5939,28.1228,9.09473,109.856,-41.6011,33.0125,-13.6091,test
2062,179.738,14.6702,220.315,33.6436,25.6949,112.03,51.0358,8.47213,129.242,50.75,129.585,427.776,515.064,3783.41,3199.38,55.5928,-54.7232,-34.7906,255.292,32.3089,100.021,-55.2699,-83.5355,-49.8563,13.0976,218.884,-255.292,30.7526,-40.8891,train
2063,47.6628,17.9068,72.3269,135.147,15.8128,219.458,146.532,214.802,36.8623,45.2412,125.803,317.975,228.18,3530.98,3665.99,38.6762,-36.7873,-11.1522,111.973,111.973,68.631,-89.6498,-14.4345,13.0535,5.59999,31.891,-14.2026,74.8416,-38.4166,train
2064,216.951,12.8879,92.3071,120.769,203.365,29.6746,134.19,129.024,65.3894,176.698,190.369,258.358,348.006,6584.82,8372.78,14.1008,-13.672,-5.34467,56.2619,27.8285,54.4161,-56.2619,-15.5857,7.72788,23.6334,27.5044,-37.8571,40.7089,-5.61299,train
2065,223.76,110.512,213.475,188.178,167.753,90.8811,149.439,197.003,80.2735,209.241,101.459,392.713,384.032,6451.3,11172.5,22.3955,-22.0054,-9.57565,35.8258,35.6356,17.9132,-35.8258,-10.3492,12.5135,21.7826,35.2114,-29.0497,34.31,-13.3799,train
2066,68.518,175.342,207.071,2.53196,63.693,53.2852,107.351,142.152,141.245,154.949,198.846,315.951,493.442,4994.32,6129.45,21.4958,-19.6385,-8.29869,149.227,86.9033,15.8643,-40.8483,-149.227,37.949,52.2036,69.8076,-27.8056,3.78309,-25.3882,train
2067,126.506,124.596,137.438,166.633,148.927,182.411,177.297,32.7968,188.076,106.222,174.858,495.228,571.642,3457.58,5058.03,24.871,-24.1078,-12.242,98.0734,56.0779,14.5488,-98.0734,-18.8411,-6.69877,9.9376,68.0139,-92.361,23.6075,-24.1342,train
2068,45.8094,142.657,57.7173,35.5853,163.717,207.661,19.0224,0.815371,48.5846,148.712,91.5251,296.356,492.164,7091.39,6226.42,163.486,-162.221,-130.026,615.749,72.4431,15.4527,-181.813,-21.3328,-2.46842,10.6155,559.83,-615.749,22.097,-20.9635,train
2069,20.4542,187.29,118.765,52.2124,64.5171,113.24,93.1893,28.6372,32.8566,20.4637,108.894,480.081,349.404,4841.47,3560.11,87.8622,-86.0345,-27.6659,275.766,275.766,11.0768,-103.195,-52.2141,-29.2397,18.3202,113.136,-41.4706,117.342,-143.371,train
2070,225.436,72.217,47.3581,164.159,11.901,63.4568,182.923,2.07629,208.525,130.885,60.1685,282.913,528.899,3978.6,4824.59,108.255,-102.372,-52.5765,224.967,13.8502,24.0197,-224.967,-6.66727,-67.328,27.3357,60.4959,-199.718,7.42282,-18.7427,test
2071,96.2552,72.0828,109.084,197.724,172.545,95.2594,201.827,194.054,91.381,163.557,168.973,338.281,209.368,2985.87,4541.4,15.7683,-15.334,-5.44117,60.8758,60.8758,21.1187,-58.5099,-9.40968,3.57171,15.9806,21.0191,-18.0503,28.7934,-13.1627,test
2072,86.3764,121.023,166.787,162.415,224.269,84.1862,85.3548,61.3439,185.664,144.25,194.894,453.561,488.736,3207.53,4455.43,22.6297,-22.3086,-12.1092,97.7616,93.2916,12.7899,-62.5709,-18.3957,2.38479,18.3863,97.7616,-81.2089,22.7578,-15.1752,test
2073,180.571,91.604,154.068,124.456,50.1764,101.18,154.577,2.80569,45.4947,138.255,146.414,506.264,421.239,5573.13,6036.24,33.0685,-32.4181,-16.0202,127.247,29.4349,37.4946,-91.4222,-13.0808,-27.4139,33.9461,82.5469,-127.247,50.6062,-35.1332,test
2074,1.09886,112.373,49.7743,69.4523,167.201,183.92,103.264,154.785,110.174,95.8057,199.834,410.574,427.056,2769.5,3140.36,88.0062,-81.6426,-29.1552,728.002,728.002,20.6708,-317.188,-25.6709,-30.4344,12.6296,159.987,30.2035,22.8856,-34.288,train
2075,132.096,49.2724,68.2811,203.199,184.928,53.9275,143.375,154.826,175.731,24.651,147.169,472.903,268.763,7159.89,9144.9,27.6674,-26.4804,-10.0215,108.471,71.6766,11.1998,-108.471,-20.5571,3.03876,10.233,26.4103,-43.2883,33.6162,-31.659,train
2076,117.932,26.1826,183.947,160.604,61.8362,211.862,46.5413,44.4225,66.3619,27.9556,174.011,571.043,309.922,5899.32,5525.91,36.7516,-36.3808,-17.9924,142.894,83.2469,55.684,-56.6088,-26.478,-2.35159,6.88161,142.894,-130.75,90.6228,-73.7548,train
2077,199.158,28.3935,145.338,163.54,34.7901,159.416,196.327,99.537,172.447,138.889,159.335,258.241,356.768,6495.78,9440.31,12.155,-11.7163,-5.70495,44.1566,24.59,20.4983,-44.1566,-12.2318,9.03976,3.65094,27.6263,-32.8897,16.4049,-5.92632,train
2078,167.164,194.827,202.734,83.2992,81.2532,189.097,50.003,122.416,199.724,50.1235,116.393,570.292,451.044,5279.93,7317.02,36.9294,-36.1051,-19.8071,103.013,73.4248,6.75156,-46.096,-52.672,26.8731,6.95613,103.013,-75.9125,31.0674,-37.113,train
2079,81.6127,190.792,6.90752,201.648,2.89392,178.467,155.937,153.291,97.7635,134.941,183.654,377.094,276.021,6754.29,8824.02,61.4235,-54.9243,-25.8955,522.977,128.173,-11.2251,-522.977,-29.3214,268.497,-12.0004,-1.43715,-61.7162,85.5298,22.4452,train
2080,74.4743,221.161,63.7036,222.555,57.6387,203.334,121.295,59.5117,215.171,191.477,118.002,543.782,377.952,5624.54,8607.73,52.3382,-50.2824,-23.4228,172.63,122.134,9.68442,-172.63,-14.8099,6.28003,10.5335,64.8184,-86.9269,21.663,-15.819,train
2081,87.2284,142.951,55.0754,217.525,32.7727,12.4844,61.5453,54.8748,23.6854,121.421,191.442,572.101,384.643,5597.97,4698.49,50.461,-49.4953,-19.8658,223.934,119.473,19.557,-192.245,-13.4482,54.1653,223.934,111.835,-121.139,174.666,-32.5619,test
2082,208.676,219.004,197.883,196.986,117.852,120.615,19.048,74.1212,189.832,96.4208,192.348,347.905,335.153,6053.3,8842.94,17.353,-17.2517,-12.497,118.612,41.7492,3.52968,-25.6547,-13.7372,21.4417,6.40894,118.612,-99.8441,20.1594,-11.3379,test
2083,158.501,33.1318,158.309,99.3314,125.83,157.378,5.57038,74.0985,195.971,137.191,71.684,489.559,349.743,7222.28,8693,74.5784,-73.9822,-51.3769,183.637,79.2758,32.9769,-35.4932,-38.286,30.7295,6.94242,183.637,-146.381,27.4441,-11.2627,test
2084,15.8549,128.812,11.3845,97.7502,10.2863,37.7587,24.7381,189.097,95.8782,191.942,62.5773,576.012,318.97,4621.18,4273.34,390.237,-373.341,-148.407,768.785,768.785,6.84066,-727.398,-49.9125,150.681,23.3367,144.114,-48.0802,71.9651,-6.49232,train
2085,41.662,192.334,136.249,174.311,224.055,55.6082,64.3305,140.544,194.172,108.307,136.314,222.752,413.258,2896.4,4083.21,26.5108,-25.772,-12.7671,124.735,124.735,2.94252,-41.2366,-9.5322,5.83612,10.1774,74.5443,-29.8772,12.1017,-7.38981,train
2086,13.1612,112.485,125.931,32.0366,73.829,95.9381,120.533,75.999,194.622,33.2659,141.728,550.114,519.749,5570.83,5367.01,77.3518,-73.2885,-24.378,422.445,422.445,17.6778,-128.173,-109.645,-46.7823,20.7269,124.838,-1.0934,25.5244,-84.5356,train
2087,134.994,31.3588,16.3705,136.41,69.5657,108.925,198.105,60.1008,133.328,211.279,73.0468,412.021,371.052,4613.35,5695.45,121.262,-110.984,-49.3132,366.989,74.547,29.9338,-366.989,-23.3232,39.6982,8.61775,13.4749,-139.847,33.7464,-6.2832,train
2088,23.9934,110.151,157.513,204.379,12.2148,99.8192,143.428,177.545,164.149,190.828,146.737,392.319,447.203,3009.99,4304.67,37.359,-35.5829,-12.9781,220.264,220.264,19.5182,-69.5609,-8.6762,-33.6928,21.5386,69.3512,-10.8463,15.2771,-15.9332,test
2089,30.7591,77.7264,108.07,27.2167,136.184,176.661,40.187,98.4288,152.326,151.251,78.1988,580.836,480.597,6720.23,7263.19,132.793,-126.851,-59.3432,348.671,348.671,42.2259,-106.47,-92.8213,17.5507,18.5783,200.514,-70.6385,23.4545,-30.6877,train
2090,141.152,149.42,129.005,188.105,18.2764,38.308,176.896,118.766,103.624,67.477,122.281,597.098,438.568,2772.53,3357.55,37.1058,-36.0963,-14.0239,92.406,73.5223,11.577,-92.406,-22.5467,9.06665,45.1559,47.5663,-52.4748,57.881,-36.2546,train
2091,147.165,6.58928,100.246,147.349,46.4131,176.372,108.11,92.8665,211.376,64.1547,187.052,516.998,279.602,3000.91,3561.8,22.4836,-21.5366,-9.06228,88.5086,64.1004,77.2437,-88.5086,-31.6324,-8.56805,2.88584,48.4358,-64.9239,31.1844,-11.2199,train
2092,121.573,151.1,130.392,99.9157,111.459,116.829,199.615,207.043,180.476,59.0557,75.4443,481.072,333.607,5316.58,7997.71,44.8763,-43.069,-15.6722,71.7752,71.7752,8.9107,-69.3469,-34.6724,4.04527,11.5246,29.9796,-26.7428,27.1465,-32.2425,train
2093,179.529,34.3436,179.652,202.062,23.0187,55.7938,155.518,158.093,169.045,22.717,159.024,585.386,560.641,5126.83,6512.08,23.8833,-23.2945,-9.98514,65.6419,63.3621,17.3911,-65.6419,-26.0148,11.5063,10.705,54.0052,-49.3919,43.9761,-37.1823,train
2094,199.535,181.204,199.397,189.775,74.2948,220.525,134.525,201.809,17.4544,203.659,176.004,525.166,413.487,2751.36,4662.06,18.9524,-18.7263,-8.13595,73.1176,48.2915,24.0019,-51.4252,-4.75526,46.8639,19.7222,52.588,-30.7228,73.1176,-30.2012,test
2095,200.73,177.503,53.9542,111.109,84.1506,220.726,219.549,218.124,184.176,73.2844,189.174,563.094,274.604,4521.16,7570.63,23.1371,-21.4557,-8.13569,142.091,59.6444,8.53079,-142.091,-37.0511,26.4385,6.86026,13.1113,-41.1154,31.6105,-29.2212,train
2096,197.795,62.3728,198.542,205.053,41.1836,84.4919,9.35772,193.96,179.087,169.568,103.664,514.769,315.091,3724.49,5347.06,32.456,-32.1293,-21.7683,108.618,64.3473,8.48158,-29.5474,-22.5243,71.9027,6.26118,108.618,-55.2669,36.4727,-4.41206,train
2097,92.386,14.7945,72.5163,150.441,81.6576,182.557,25.7268,66.5988,3.36476,55.2622,98.6802,247.188,284.571,5272.08,3894.39,61.4116,-59.3809,-23.5619,149.734,65.0521,143.001,-58.6275,-2.36807,38.9647,11.5888,97.8238,-75.1292,149.734,-54.1409,test
2098,121.441,189.64,192.313,151.476,127.645,189.015,15.7388,31.0008,145.962,35.1999,135.712,337.464,321.414,7789.14,9215.16,41.1887,-41.062,-30.8533,213.991,62.4331,3.43066,-29.9311,-17.9834,11.6199,3.442,213.991,-191.93,26.3931,-26.1385,train
2099,208.745,117.039,20.1758,169.91,198.63,44.0125,195.035,147.862,190.747,37.413,149.698,371.532,445.326,5000.86,7161.47,35.5802,-32.6351,-13.5049,212.728,54.1677,3.70089,-212.728,-19.3171,21.6975,9.84145,4.18127,-72.6126,24.3344,-16.373,test
2100,191.26,106.369,49.5562,179.07,128.509,73.2382,207.174,136.259,87.7829,76.0167,180.278,264.559,539.449,6273.08,8290.6,19.7197,-18.608,-8.22804,118.301,39.0501,7.37819,-118.301,-10.3913,23.0518,10.7158,21.9595,-50.0589,29.9778,-14.6006,train
2101,204.382,60.2724,15.8009,116.044,47.25,153.646,199.807,3.65116,5.01314,41.1056,205.191,561.672,389.819,5160.44,4484.42,112.083,-104.89,-44.4276,879.697,33.5077,80.0712,-879.697,-6.81323,9.33345,31.4105,58.6282,-477.056,223.04,-166.039,train
2102,220.426,69.0716,67.8248,85.629,83.0312,126.944,38.8706,167.935,205.39,186.7,199.35,428.974,446.667,3023.26,4146.41,18.9467,-18.0288,-9.8533,88.7839,51.3284,14.7166,-88.7839,-38.2257,45.1777,8.00751,63.0151,-59.1539,22.5379,-7.69979,test
2103,202.605,4.69944,178.325,56.1792,165.231,167.97,33.8264,87.8744,29.1089,88.3183,115.39,464.993,473.73,3964.05,4035.01,64.0147,-58.182,-22.4955,299.568,55.0222,299.568,-42.2783,-57.7104,19.7042,8.38128,120.798,-104.574,157.514,-22.5427,train
2104,101.646,162.744,118.99,178.108,3.77722,189.298,94.5502,96.763,18.3749,194.942,170.355,294.949,251.598,7671.93,9307.76,18.3725,-18.04,-9.81206,101.362,42.2177,12.2313,-59.4434,-5.38394,101.362,10.5155,61.6789,-19.6106,73.8032,-14.4406,train
2105,35.0571,192.035,165.613,183.145,143.251,157.143,92.3606,26.8292,53.2006,109.788,187.65,454.106,593.255,4341.41,5062.68,35.0915,-34.6937,-17.0882,176.78,176.78,14.486,-80.6601,-9.60579,-0.71843,17.7025,135.009,-87.3082,46.7656,-35.8334,train
2106,164.483,106.808,69.8942,4.18641,176.123,40.5362,130.92,194.57,34.6326,31.5628,95.3947,586.075,224.996,5640.5,5755.75,98.0174,-84.3234,-16.6423,401.693,69.7441,39.1271,-119.616,-401.693,22.3102,103.095,27.0022,-40.7831,68.6699,-187.25,train
2107,170.303,149.358,224.452,217.76,20.1114,31.6975,220.253,169.662,80.9252,139.001,103.756,450.147,226.954,6027.67,9238.32,24.695,-24.2916,-7.9154,56.6898,42.5091,12.031,-38.0237,-12.4198,1.66153,56.6898,25.8956,-22.8222,47.2634,-18.2821,train
2108,185.997,172.416,102.221,81.1076,219.433,43.5463,156.233,39.1657,24.6834,195.588,198.404,452.459,367.05,5423.85,6906.54,23.2852,-22.6587,-9.60763,101.865,36.729,19.4003,-101.865,-14.5446,5.13703,76.8129,53.2994,-83.2989,67.5884,-24.1856,train
2109,121.193,126.003,204.393,68.4234,219.529,158.44,78.9539,8.07673,14.8317,225.261,88.0282,277.761,416.215,5837.87,7263.11,42.5683,-42.2629,-27.8848,119.152,28.5338,19.4435,-44.2132,-4.78885,1.60716,15.4629,112.115,-119.152,31.2434,-15.3811,train
2110,179.418,55.9892,122.838,67.1015,11.6625,108.452,11.3368,183.516,158.875,220.495,119.849,540.874,534.83,4904.14,6087.66,44.7172,-43.2024,-35.3801,242.015,81.0217,-16.0169,-57.2931,-93.9698,242.015,-8.26881,203.214,-70.3422,56.128,5.75173,train
2111,202.727,37.0158,40.0361,224.682,116.7,135.216,99.1826,175.153,225.044,97.9707,114.404,402.659,433.569,6427.46,9410.44,35.5457,-33.2448,-15.0897,141.764,52.9765,13.8339,-141.764,-15.6421,27.4092,3.78706,23.514,-54.2031,22.0858,-7.39179,train
2112,201.065,55.6508,70.0896,1.25096,71.365,58.7259,50.2933,3.45948,88.634,50.879,194.153,215.256,230.116,3164.08,2116.3,30.6087,-28.0536,-15.0017,171.002,12.5537,34.836,-88.9539,-171.002,2.20871,33.0118,114.788,-151.884,3.41318,-53.8859,train
2113,224.177,98.4125,168.352,143.12,206.525,112.51,154.575,99.3502,208.294,90.4108,179.958,415.074,307.805,4293.99,6810.91,13.9087,-13.4525,-6.26914,48.8491,32.5922,12.0987,-48.8491,-20.6824,0.947105,10.5827,37.265,-44.9199,20.0974,-18.6244,test
2114,169.018,224.56,82.8423,193.222,143.098,8.89081,126.352,96.6719,151.663,208.335,61.6467,371.969,258.779,2888.47,4347.84,52.3525,-50.3763,-21.4007,79.7159,42.2617,2.50353,-79.7159,-16.3413,1.8576,63.233,32.2814,-50.0797,29.4427,-3.81625,train
2115,218.91,36.6657,212.446,87.1125,41.6621,84.7518,184.582,175.497,164.795,185.811,206.064,284.086,354.208,7204.58,11111.1,8.542,-8.19739,-3.82684,30.4957,25.5171,21.3384,-30.4957,-23.63,16.4808,9.23151,27.872,-22.1209,17.6651,-5.95478,train
2116,79.2142,162.039,50.8141,82.496,94.6255,16.8174,110.6,3.49708,176.57,155.917,208.227,203.843,437.679,6023.75,6155.71,25.5656,-24.3628,-13.7858,159.191,30.3347,3.78156,-159.191,-17.2817,-11.2144,36.4361,77.3691,-147.404,11.4187,-5.5579,test
2117,89.379,179.669,174.656,133.901,146.942,188.912,82.4883,93.5954,152.712,18.8197,113.93,436.018,264.258,6227.89,8001.53,33.4008,-32.8588,-14.2352,84.5198,84.5198,3.47973,-46.7708,-27.8936,-3.68076,3.30947,65.2969,-48.2628,34.5883,-46.9809,train
2118,42.6213,183.751,151.958,198.792,224.738,170.402,192.991,203.87,181.922,44.6328,67.5044,597.634,269.908,6305.57,10689.3,78.8276,-75.8018,-25.5552,178.784,178.784,7.76453,-85.6029,-22.8863,-12.9302,8.37278,51.5276,-11.402,35.3675,-45.2071,train
2119,21.1021,215.191,197.1,56.9766,36.4556,175.67,225.359,76.6749,32.2536,96.8902,161.047,360.533,503.091,4357.75,5229.05,30.4605,-29.3292,-9.50173,179.328,179.328,12.7756,-61.201,-15.0259,-18.5779,15.6498,53.0733,-3.2989,37.5383,-40.1274,train
2120,85.7889,51.9779,165.733,77.9806,65.3148,24.0116,160.536,129.707,70.043,223.664,77.6234,595.097,255.367,4174.37,4949.32,63.3576,-61.9535,-19.4674,105.916,104.754,48.9285,-68.9048,-43.7002,-5.69506,105.916,48.1769,-33.0997,68.805,-16.0805,train
2121,135.563,187.587,155.473,131.076,14.435,41.6176,59.8191,36.8297,225.573,87.8667,130.622,503.742,525.339,6262.48,7133.42,41.6303,-41.0046,-26.1646,151.129,66.1923,6.28119,-73.276,-29.4421,5.3097,28.3119,150.242,-151.129,24.1946,-18.9643,train
2122,18.0788,161.023,51.0317,127.217,198.99,59.5296,38.1804,135.841,163.381,18.5669,116.537,289.377,388.888,3571.51,3655.35,76.5538,-72.3713,-31.3997,332.424,332.424,2.16714,-128.554,-20.0037,2.87079,5.86193,135.811,-32.4408,22.0277,-26.5796,train
2123,1.53141,66.3399,191.87,183.916,148.687,127.827,132.517,205.39,143.803,195.543,169.685,254.575,408.957,6380.68,9790,38.4871,-35.0801,-13.2052,295.819,295.819,20.72,-58.7575,-6.36807,-21.9517,10.7533,93.1456,14.4095,11.5179,-9.94116,train
2124,111.67,19.7839,89.4829,102.886,36.8085,42.8304,178.474,67.218,154.068,19.4365,110.596,538.418,486.087,5257.62,4789.77,51.3791,-49.2739,-19.0256,130.449,83.6429,34.9601,-130.449,-45.6089,-20.0029,16.1485,49.8319,-83.2364,43.0734,-50.3249,train
2125,136.498,76.6462,147.242,165.474,104.486,156.243,191.524,27.717,64.6294,42.2589,75.6646,498.797,470.934,7249.14,8271.21,62.9656,-61.6269,-24.9881,88.3403,48.8349,25.0739,-88.3403,-18.5296,-13.2867,12.3002,59.2153,-85.6114,67.0933,-64.3144,train
2126,2.12629,164.739,132.934,187.719,125.367,58.9357,153.317,221.622,199.506,142.595,142.911,519.487,224.743,5758.12,8876.48,69.7927,-65.8026,-21.9042,451.584,451.584,15.2318,-126.919,-14.3065,-55.2003,42.5765,107.71,27.0223,19.037,-24.8863,test
2127,186.535,99.795,212.842,50.2254,73.3335,57.735,221.515,114.405,109.73,143.179,98.4117,510.509,380.929,3648.21,5047.9,32.7396,-31.2743,-11.696,52.8428,43.8848,24.5608,-51.3926,-52.8428,5.82149,42.4533,37.2422,-38.0853,34.2059,-24.2095,train
2128,103.74,187.301,173.852,137.925,179.29,201.261,224.329,40.5892,116.233,96.6275,175.859,395.404,544.199,5331.2,8087.62,19.0843,-18.5898,-8.58858,67.3659,53.9081,9.5871,-67.3659,-15.6489,-2.90025,8.9221,48.9058,-57.0848,26.261,-26.281,test
2129,191.716,101.34,171.666,123.941,107.467,136.075,109.187,135.798,77.9516,57.1134,147.205,265.988,345.362,7148.87,8953.48,14.8997,-14.6159,-6.79496,38.3282,30.3272,9.29198,-32.7325,-13.8634,13.363,6.92006,38.3282,-32.8493,31.1725,-23.3167,test
2130,89.2602,127.968,195.642,161.245,211.141,140.903,87.5973,51.155,223.448,129.653,180.046,592.639,357.387,6390.43,9476.51,26.2631,-25.89,-13.6832,103.225,101.197,16.2094,-62.9733,-23.8899,-3.53165,14.7214,103.225,-85.8793,24.3802,-22.6256,train
2131,70.9692,75.9268,102.851,8.31309,208.102,117.085,86.9737,164.198,124.865,11.6233,146.2,597.268,251.085,5008.77,5182.2,73.1531,-64.0657,-14.2135,467.586,147.265,27.4685,-97.0107,-467.586,2.84237,17.8127,65.1214,-38.5733,44.025,-253.756,train
2132,184.76,123.728,223.336,119.81,133.623,95.8817,139.24,4.93535,114.497,110.167,209.745,427.292,376.926,3840,4925.5,16.7559,-16.4556,-9.15028,99.5937,25.0081,16.2748,-53.5854,-18.8571,-14.3067,21.0014,78.1517,-99.5937,27.9054,-25.8492,train
2133,71.3327,200.855,104.36,126.584,114.062,101.105,40.8286,192.505,137.471,24.0594,153.342,270.699,399.581,7753.36,9051.54,23.6477,-23.0224,-11.3531,102.68,102.68,1.77033,-45.9214,-18.5759,19.8664,3.51694,72.2334,-33.9212,24.1899,-20.901,train
2134,15.1287,44.1609,60.098,202.129,162.042,122.471,24.4991,58.9581,163.532,52.9538,66.8609,510.182,537.268,4801.66,4523.29,257.883,-242.543,-118.047,640.132,640.132,23.4583,-182.931,-20.1153,3.18839,8.45868,340.115,-109.92,35.1614,-27.6664,train
2135,105.306,63.2391,117.283,71.0773,209.433,107.254,125.226,125.285,114.346,181.501,134.441,357.631,369.638,7357.22,9729.62,24.4387,-23.6522,-10.2407,66.3758,66.3758,26.1779,-63.3983,-27.0247,7.12703,15.435,43.5834,-38.5311,23.7566,-12.899,train
2136,9.01376,219.792,91.5725,164.702,23.2083,19.0009,12.0367,75.2968,136.891,56.3184,75.2345,347.071,225.879,7330.58,6193.89,209.165,-196.29,-95.1895,684.441,684.441,3.23602,-70.9987,-16.7543,-2.61888,37.4324,356.098,-50.6862,28.5079,-17.8602,train
2137,110.169,149.787,193.673,102.282,79.2206,104.97,160.438,212.896,118.478,161.969,202.189,487.623,493.05,7840.39,11934.6,16.859,-16.4568,-6.99081,81.7441,81.7441,14.491,-54.4913,-26.4529,17.9724,20.6779,50.0435,-27.4309,32.2962,-18.952,test
2138,77.4713,133.078,7.85749,77.1575,149.394,0.64873,24.2269,63.3856,183.206,191.411,72.9186,346.089,389.345,6176.19,6208.3,158.138,-144.801,-60.5627,462.622,137.355,0.344921,-462.622,-44.2599,25.2031,70.7559,10.1666,-160.199,26.3611,-0.339137,train
2139,12.9098,120.656,157.451,3.94249,83.8587,63.2513,220.731,34.2049,76.0431,4.19924,77.9181,249.536,216.196,6247.2,5233.07,115.56,-100.372,-13.1283,440.321,165.958,6.29394,-47.6692,-440.321,-24.909,12.0061,32.1001,14.5899,32.2845,-255.75,test
2140,104.58,16.6921,117.046,46.8677,24.3377,102.749,158.62,198.171,201.061,124.52,75.4692,504.303,425.195,7000.07,8815.87,59.5207,-55.9852,-21.0344,89.782,89.782,73.5047,-85.3653,-81.4225,21.7894,11.9413,44.1203,-31.0172,26.8413,-13.9349,train
2141,29.417,122.764,137.334,77.0566,196.842,151.69,225.143,90.4217,180.346,112.141,116.576,306.782,422.867,6148.16,8854.56,33.1066,-31.8674,-11.8744,131.262,131.262,10.9948,-69.6901,-22.2958,-4.69685,8.89823,40.8479,-12.4106,13.4723,-17.0221,train
2142,175.736,105.309,208.293,19.417,148.975,118.692,23.4166,71.7389,19.1862,114.328,107.235,294.46,420.499,4679.83,4706.34,38.1024,-37.7886,-23.4703,125.562,45.6089,21.8556,-24.1183,-33.1156,29.7199,19.3914,125.562,-99.9572,47.396,-28.4704,train
2143,192.76,192.783,92.6437,149.237,69.3643,145.61,180.812,192.349,193.263,111.968,164.673,507.11,442.711,6420.65,10578.4,21.4549,-20.3428,-8.9491,98.1907,54.6983,7.27009,-98.1907,-24.5888,25.9933,9.62534,31.4864,-40.236,26.8522,-17.7022,train
2144,48.1672,178.624,107.693,3.24139,225.551,176.631,93.2722,65.5866,31.32,67.6018,159.534,225.787,265.791,6564.57,6629.7,23.7056,-22.352,-8.78536,85.773,79.5834,11.0839,-51.983,-85.773,5.75222,11.2089,50.6468,-33.9705,12.5538,-41.4178,train
2145,200.944,54.8683,27.9748,117.526,7.696,174.993,15.3269,123.312,223.761,90.0054,183.414,393.939,584.975,6297.83,7047.54,34.1764,-31.7817,-25.0371,255.14,60.1561,-40.9284,-199.462,-52.627,255.14,-12.8329,151.37,-93.4531,39.0908,35.2852,train
2146,114.711,145.791,71.1096,60.4549,224.877,42.0538,218.123,36.7849,130.897,151.197,162.955,495.73,213.078,6558.97,8507.08,30.954,-29.1149,-11.6788,141.726,60.3655,15.1007,-141.726,-45.5835,-3.50609,52.3508,33.2008,-75.6341,29.7731,-20.5921,test
2147,148.359,222.88,66.9489,211.195,203.885,133.01,23.8738,49.3504,180.926,140.909,79.5813,331.035,266.662,6853.82,9682.55,53.6691,-52.7189,-34.0276,118.289,50.1361,4.96123,-77.0665,-10.4386,9.43283,8.31339,109.54,-118.289,17.2323,-11.0978,train
2148,24.2488,39.3959,5.26923,120.351,60.1882,137.946,220.139,45.0257,207.115,81.7704,182.209,477.046,541.675,7016.32,7512.46,159.329,-147.415,-59.5051,1167.95,559.777,9.06353,-1167.95,-36.6712,72.939,2.58845,8.88948,-276.508,30.1353,-6.17542,train
2149,86.6485,159.754,83.0406,200.915,188.385,124.036,196.795,160.388,170.467,156.784,65.1736,362.83,305.774,6203.51,10271.3,50.5038,-48.6037,-19.3197,86.5505,77.9635,8.55059,-86.5505,-11.26,4.59066,11.0128,25.5751,-27.5733,18.7684,-12.3214,train
2150,67.7461,29.8525,131.792,217.344,70.2112,28.9206,128.011,132.491,219.23,47.262,125.94,472.403,213.463,4223.06,4985.86,31.1758,-30.5599,-11.2658,111.637,111.637,22.9799,-66.3456,-18.579,-17.0787,23.7203,44.4087,-30.3025,26.0485,-20.5273,train
2151,142.404,121.086,23.0085,24.3331,11.5794,217.596,44.6566,119.951,82.4987,101.274,137.194,553.632,231.439,3320.84,3135.85,67.8808,-60.222,-28.6454,317.602,81.5693,15.1054,-317.602,-152.355,204.864,8.40571,56.0924,-71.6766,63.5511,-25.5411,test
2152,164.181,172.767,143.605,108.949,54.4892,54.8915,88.2642,30.9514,16.3432,85.3674,174.164,557.459,570.361,5543.58,5126.44,39.4902,-39.0696,-18.8999,139.13,52.5005,23.8581,-96.1508,-13.3335,29.2227,75.0919,131.916,-139.13,125.704,-68.2843,train
2153,52.313,103.624,211.007,168.331,10.4888,130.85,35.4587,145.369,199.186,192.786,144.113,574.776,445.434,4899.63,6660.63,46.2337,-44.3173,-25.7071,219.407,219.407,7.68724,-48.4336,-29.4134,74.2581,6.08772,178.36,-55.7445,35.1532,-5.84344,train
2154,219.841,148.26,23.8128,80.0179,189.025,220.651,6.31972,149.018,188.52,55.2878,114.494,312.605,294.562,7334.65,9698.6,34.321,-31.6998,-13.9029,134.948,41.4404,5.01816,-134.948,-29.7691,19.0566,3.37181,19.5663,-56.7918,17.8694,-19.0307,train
2155,121.842,148.879,116.547,134.065,25.8991,65.5128,114.032,222.831,211.509,213.3,143.617,345.585,460.927,5517.6,8526.09,20.0338,-19.2807,-10.209,63.2417,62.4264,3.20483,-63.2417,-22.2185,45.237,7.28304,48.5511,-26.3403,19.9167,-3.16347,test
2156,169.847,42.8932,213.517,221.147,201.884,85.2931,101.512,112.275,164.044,157.733,114.866,515.513,262.61,3635.11,5624.07,26.3698,-25.9473,-12.0629,54.5286,53.1202,34.691,-42.4753,-16.5823,0.99084,17.4458,54.5286,-48.7108,31.614,-13.3413,train
2157,119.039,220.946,131.28,184.774,206.614,16.2632,220.061,176.54,69.733,154.06,184.053,549.884,290.746,3838.14,6163.85,23.1595,-22.6539,-6.8464,118.898,77.448,8.75171,-77.5796,-19.2948,0.751492,118.898,30.1135,-29.8035,72.3034,-17.7502,train
2158,87.5527,97.1497,126.654,3.64755,80.967,129.501,136.292,33.803,40.6238,45.6691,201.821,591.698,419.327,7658.89,6219.33,43.4313,-38.959,-12.5414,313.541,91.3243,49.1336,-110.131,-313.541,11.5486,36.8594,83.3379,-86.967,39.8135,-147.813,train
2159,129.116,2.67053,156.375,196.234,144.165,78.5703,72.4681,120.092,26.7264,36.5863,200.929,449.093,282.203,2817.36,2753.92,35.4172,-31.175,-7.74327,321.617,67.3071,321.617,-48.6296,-18.5088,3.9359,10.9315,60.7599,-49.4532,192.187,-33.1996,train
2160,4.61714,152.73,49.7085,222.343,95.9363,133.71,166.252,148.615,172.981,81.8771,204.844,419.146,312.445,3750.49,5023.3,61.4369,-57.5767,-18.9791,504.113,504.113,12.3421,-268.994,-10.3734,-43.4702,14.0977,78.0876,17.7369,18.8566,-32.5585,train
2161,121.288,52.5269,44.8408,16.8034,39.6567,203.703,137.963,134.418,105.005,10.3096,135.325,513.649,552.907,6134.25,5761.18,67.73,-60.3997,-19.7711,246.235,95.9883,19.017,-207.318,-246.235,59.7169,4.90371,42.6409,-68.4471,55.7254,-137.024,train
2162,5.94892,55.0558,110.546,124.087,117.75,176.875,116.734,98.7387,213.881,194.472,76.7447,334.999,508.332,7681.05,10342.1,119.383,-109.194,-40.9901,395.929,395.929,28.8418,-115.589,-14.2003,-23.4116,8.97757,114.218,14.246,11.6512,-11.5474,train
2163,9.82931,58.2692,223.484,31.006,206.23,119.015,141.42,122.122,213.218,42.9534,117.942,593.517,532.348,4614.55,5834.87,87.2235,-81.2174,-26.9102,416.829,416.829,37.2632,-85.1596,-121.392,-27.1634,18.2439,130.968,21.2849,24.9646,-71.4886,test
2164,106.582,141.256,210.754,24.5626,218.122,71.0625,47.3621,130.008,88.7288,196.036,113.38,246.645,351.267,2713.71,3538.24,23.812,-23.3136,-12.3996,65.7944,58.5664,10.8642,-22.158,-37.9361,13.0379,21.5956,65.7944,-41.0712,14.8517,-11.0709,train
2165,203.922,124.32,206.069,54.2248,69.0193,52.0844,55.0715,108.586,30.5927,43.0135,69.5599,223.041,368.383,3676.85,3514.02,39.6852,-39.2504,-19.7263,63.6085,27.7933,8.46638,-22.8438,-21.722,32.7352,20.2083,63.6085,-44.7661,54.4497,-34.6057,train
2166,157.055,50.649,102.437,17.5957,170.68,54.5029,185.838,23.4308,43.6912,97.2421,96.301,406.811,309.024,3163.02,3031.61,49.9206,-46.9329,-17.7306,97.1632,34.0103,51.8364,-97.1632,-81.9888,-0.991796,48.1711,44.7844,-76.8567,46.6961,-38.1827,test
2167,42.3017,47.6277,70.0214,99.2502,145.472,4.51466,92.2161,68.9322,108.368,43.6822,121.772,557.55,201.425,4230.4,3296.23,64.4992,-62.7578,-22.2402,197.345,197.345,13.2443,-148.422,-49.8205,-14.9319,139.722,73.8764,-56.881,64.5291,-20.4221,test
2168,27.0045,130.962,116.058,134.285,156.518,84.3381,158.121,122.944,58.9542,206.439,108.922,520.666,588.246,6217.52,8084.35,66.8506,-65.8074,-24.6493,255.894,255.894,24.9917,-125.732,-14.3999,-1.46988,38.8076,83.9427,-19.5968,46.3863,-22.4215,train
2169,148.139,99.6916,113.033,130.442,176.597,29.8918,115.102,215.519,57.7435,224.58,103.82,591.593,357.249,4870.98,6968.9,44.6603,-43.6383,-15.2159,94.748,79.6618,28.4095,-84.2164,-23.6407,15.8632,94.748,44.2719,-38.6176,75.5248,-17.8347,test
2170,40.7465,75.0419,126.204,174.515,95.1209,7.57531,165.369,153.79,113.947,30.3671,118.102,352.858,548.605,2741.68,2944.84,40.877,-40.1808,-14.7033,149.029,149.029,5.63273,-79.2316,-17.7972,-5.90868,55.7984,55.3372,-23.3926,38.5475,-19.6849,test
2171,108.014,11.5604,68.4588,85.345,210.065,112.634,20.7723,151.687,116.741,45.1553,92.7337,467.626,264.648,7561.54,7390.86,55.3696,-53.4439,-22.6017,101.207,101.207,69.8949,-83.8971,-45.3248,11.3644,7.17384,72.6589,-58.3216,46.8603,-25.3061,train
2172,218.667,44.8713,105.235,26.426,132.236,216.951,190.787,78.4203,154.025,172.488,192.703,342.552,226.546,4087.91,5931.68,14.8314,-13.6282,-5.45557,64.7453,26.1975,41.8448,-64.7453,-58.5744,5.71043,8.65463,25.1133,-41.532,14.2123,-15.3945,train
2173,223.082,155.2,78.8117,56.6996,165.806,75.6142,15.3875,198.802,26.3014,85.8137,109.89,356.634,544.021,5293.4,5889.06,37.0806,-36.4986,-17.4966,77.1811,52.5956,14.6742,-55.9069,-22.7321,41.4816,30.1192,77.1811,-58.096,69.3037,-37.5323,train
2174,215.558,106.174,21.8192,97.1777,59.069,63.9693,1.96286,192.849,12.3883,124.635,103.516,455.624,297.868,6200.08,5856.74,65.1677,-62.1334,-24.1478,210.808,55.8911,32.2186,-210.808,-11.6844,107.604,53.4753,31.2804,-54.9372,129.622,-38.8151,train
2175,126.006,8.74297,127.882,162.972,211.659,214.374,166.972,120.567,20.0642,162.944,125.502,559.738,297.6,3508.36,4866.89,58.9433,-52.0486,-12.0051,330.332,73.6766,330.332,-81.9858,-16.6244,4.61584,13.4722,41.3924,-43.2391,190.964,-25.066,train
2176,11.496,133.497,81.8906,154.703,136.728,195.734,12.4764,32.3595,27.8243,177.492,131.806,349.58,569.988,4344.57,4242.1,147.645,-139.724,-78.837,705.779,705.779,19.2387,-98.5907,-5.99528,26.9903,13.1214,518.903,-201.814,47.1412,-20.4636,train
2177,52.0637,61.9309,199.612,223.608,89.4055,157.284,177.328,30.3873,44.5744,57.3702,167.231,596.268,232.894,6543.5,7310.67,33.4379,-33.0189,-10.1714,130.693,130.693,49.4626,-67.1933,-12.9665,-23.0156,19.476,59.414,-39.1719,91.9897,-75.5115,train
2178,102.374,148.776,13.8639,134.506,114.154,188.367,19.7654,223.783,35.744,109.554,95.9143,447.762,433.88,7093.25,8120.25,87.0942,-81.187,-29.0646,316.903,130.679,17.6077,-316.903,-13.8137,61.693,13.9069,-6.01758,-56.2475,73.5129,-33.816,train
2179,86.6653,68.9567,40.1722,78.4375,65.8602,115.683,190.55,176.605,150.825,100.145,205.487,581.938,404.99,7634.66,9284.45,35.3932,-33.098,-12.5059,230.168,141.483,25.7084,-230.168,-51.5904,36.3754,15.3244,25.4341,-51.5885,37.9432,-25.0343,train
2180,147.655,154.95,192.2,127.672,150.844,169.322,4.12356,219.223,96.517,40.4351,122.001,363.767,266.38,7361.26,9774.85,24.9541,-24.7628,-12.5086,73.426,65.8632,6.084,-20.0404,-21.1084,22.4896,5.56758,73.426,-39.2698,39.4878,-32.9714,train
2181,203.39,170.017,38.2996,89.8281,222.211,118.498,215.449,134.966,20.1542,100.527,73.1114,231.701,580.217,5183.33,7149.63,54.6223,-51.7229,-21.2943,133.536,37.5576,10.0023,-133.536,-6.86261,21.1752,14.3509,18.3619,-55.7636,43.2564,-23.9235,train
2182,139.42,30.2142,59.5521,35.3142,209.896,159.835,89.4611,180.653,113.891,38.9525,164.292,571.076,351.853,6442.22,7259.68,37.8639,-35.2609,-11.7497,135.861,90.0878,58.0795,-135.861,-112.021,13.7845,10.979,37.6239,-53.6182,49.1219,-63.711,train
2183,153.797,26.2801,180.419,35.0358,29.7876,14.5938,205.795,15.6425,43.2536,140.464,194.664,546.733,420.79,5302.11,4910.74,31.1334,-30.2166,-9.14024,177.429,43.0743,98.5297,-77.515,-82.1432,-57.7619,177.429,58.5344,-104.636,94.0971,-26.0702,test
2184,130.556,209.231,55.7763,10.4759,125.496,19.8406,16.6188,70.1089,203.73,41.0174,127.382,404.132,374.571,5589.17,5213.73,59.1015,-54.512,-26.0112,218.019,78.7964,8.39917,-100.084,-218.019,31.5713,88.5742,131.135,-125.993,15.8543,-60.5913,train
2185,42.1007,40.4522,138.956,104.885,131.157,131.416,157.95,150.795,220.364,113.089,140.946,538.344,459.435,5694.18,7795.41,40.8587,-38.8886,-14.651,187.848,187.848,40.2556,-92.3758,-35.8012,-9.37753,12.3914,66.7282,-23.6811,24.0982,-20.3641,train
2186,198.669,57.0206,152.378,23.0553,87.9756,2.29256,202.383,23.5794,171.542,141.344,126.549,460.894,254.242,5757.24,6756.55,41.641,-37.7327,-10.9088,251.179,29.6082,10.0988,-68.8225,-174.931,-31.3703,251.179,41.0748,-76.3671,33.2494,-5.76157,train
2187,183.93,169.71,206.329,212.289,103.643,73.7168,85.1737,68.6402,72.2704,61.0101,194.113,507.506,498.456,2930.51,3632.62,22.4618,-22.2382,-11.3973,94.8343,51.2319,11.3361,-52.2788,-14.8439,11.5477,26.0979,94.8343,-89.5839,61.6639,-44.5949,train
2188,27.7043,4.82797,174.012,74.1054,202.624,91.0311,159.592,224.465,50.9189,138.502,153.02,573.205,483.48,7224.89,9152.05,62.0831,-54.3209,-15.0468,276.986,251.717,276.986,-86.5304,-59.3043,-15.5617,14.6904,82.6351,-7.82254,122.06,-13.6547,train
2189,76.1574,138.664,80.1479,16.2941,105.241,144.226,217.765,109.697,143.96,75.9959,181.926,456.052,352.442,4489.74,5480.3,29.8405,-27.4221,-9.38848,120.541,99.0696,19.5416,-120.541,-113.588,10.771,18.788,33.1243,-38.4745,18.1817,-50.4253,train
2190,48.4688,5.10725,120.349,9.40244,117.919,6.93177,70.7024,161.541,102.712,169.068,148.994,342.333,302.086,5549.35,5180.76,47.9755,-43.7069,-11.7848,265.769,133.73,181.007,-56.5779,-265.769,4.74502,133.364,67.7235,-26.7749,34.4062,-7.73279,train
2191,10.0954,33.6221,44.6083,39.1697,137.383,32.6453,110.903,3.99023,160.587,84.803,83.369,356.53,415.327,6728.91,4965.65,133.369,-128.981,-48.6435,366.193,366.193,36.8941,-250.004,-59.3529,-15.9645,37.9981,96.7477,-46.6358,20.4738,-20.6864,train
2192,29.1937,131.208,202.171,130.534,68.1376,105.964,30.6688,8.95585,214.433,23.771,92.3872,343.986,203.975,5881.03,5700.9,73.0498,-71.9472,-44.5368,205.464,152.902,4.76118,-39.0539,-21.5665,-26.2888,5.89546,205.464,-161.684,18.5663,-37.1656,train
2193,83.8591,13.5599,26.635,145.632,99.6975,182.318,27.8253,20.4022,140.632,225.414,193.83,560.856,562.184,4305.95,4479.04,79.0561,-76.2383,-45.312,412.849,136.554,85.2994,-412.849,-30.5696,13.9504,6.34413,273.827,-404.999,44.7688,-7.25667,train
2194,39.6733,132.712,185.424,15.0637,98.0812,194.216,19.4122,141.276,25.2189,33.1924,156.149,276.987,258.384,7289.98,6499.47,37.0704,-36.12,-15.4677,163.191,163.191,12.75,-23.8325,-71.5492,26.7804,8.71236,120.152,-37.0825,60.4402,-72.0934,train
2195,206.853,99.7484,215.978,130.26,23.8394,172.734,23.1944,21.6514,218.353,125.418,99.7547,289.07,234.719,5893.6,7539.36,40.9657,-40.7799,-33.3137,168.62,25.9269,7.66551,-26.1888,-16.3218,14.5259,4.42659,168.62,-161.488,13.77,-8.6219,train
2196,10.4468,78.8527,36.3596,5.59796,141.346,173.951,110.718,164.47,202,50.6656,142.084,273.465,255.054,6487.61,7077.5,67.5782,-63.9408,-20.9277,316.625,316.625,25.0931,-204.809,-135.048,-1.29414,11.3748,60.1883,-4.92761,5.29275,-55.2297,test
2197,71.4318,40.7104,62.0653,217.009,153.906,73.8492,144.922,201.603,42.602,186.952,133.683,414.326,477.213,5237.07,6865.53,41.3964,-40.2499,-14.52,132.564,125.634,54.4336,-132.564,-8.88092,18.8672,30.0073,39.8573,-33.8887,63.9767,-16.7632,train
2198,166.782,47.4738,222.426,112.152,136.227,134.573,217.665,5.84543,57.6179,91.4834,107.728,560.115,252.347,6357.76,7828.42,37.2829,-36.5897,-13.7567,72.1106,35.3708,61.4285,-60.3693,-23.9399,-17.5211,21.6703,50.8508,-72.1106,65.9002,-45.0813,train
2199,56.1789,183.554,122.654,214.812,111.27,100.784,179.431,41.0195,51.3519,53.4632,134.683,544.646,411.3,5708,6520.32,44.7174,-43.9466,-15.803,126.919,126.919,14.2828,-108.616,-13.1501,-10.2548,26.0128,62.0737,-58.0495,77.7938,-69.3485,train
2200,160.292,136.182,57.6104,24.1678,181.307,142.821,178.709,211.325,174.452,110.471,126.488,384.495,475.497,3727.01,5646.72,33.1237,-30.1446,-11.5501,115.402,60.1495,15.0111,-115.402,-74.5082,22.0391,14.3134,22.1845,-38.7911,14.5976,-26.1699,test
2201,202.425,137.598,150.001,107.571,122.072,118.435,224.727,186.931,3.45232,53.9773,184.188,216.704,575.455,6501.25,8925.98,15.5491,-15.3738,-5.11371,79.1374,27.1154,14.3451,-45.1121,-1.79591,25.629,16.6661,28.9468,-25.1307,79.1374,-51.7153,train
2202,218.892,95.8712,128.278,26.2459,164.513,17.791,42.8944,194.291,58.6174,145.497,100.985,364.081,550.925,3007.35,3508.03,39.361,-37.8127,-16.5212,92.4501,48.8885,17.1561,-44.6716,-76.0513,30.7844,92.4501,68.8928,-51.3922,48.1567,-15.987,train
2203,149.18,130.728,164.558,99.406,109.724,58.1415,180.856,45.9935,161.019,132.511,186.05,456.953,462.084,7848.64,10389.6,19.1172,-18.4996,-8.7793,69.9846,45.6688,13.599,-69.9846,-28.0844,-4.99796,30.5766,54.3224,-68.9793,24.5197,-18.9731,test
2204,148.249,76.7682,59.9877,126.916,29.1476,137.198,220.631,118.644,57.0091,219.159,72.0387,478.642,354.474,3125.46,4140.08,67.1793,-63.5684,-26.4746,152.589,59.0257,31.6114,-152.589,-18.5924,55.0452,17.6879,27.9922,-47.2514,58.5357,-15.6596,train
2205,141.514,204.816,175.436,41.5264,3.38197,222.661,26.0743,85.0506,170.896,110.954,99.0794,491.153,428.071,7346.22,9035.46,55.2599,-53.105,-41.5528,200.583,73.5304,0.359478,-49.0763,-116.502,194.005,0.330668,200.583,-91.354,40.035,-0.938442,train
2206,102.743,74.6042,122.105,20.3156,167.579,97.8811,145.277,174.654,66.2264,135.398,123.598,463.467,373.138,6316.27,7640.06,35.3812,-33.5038,-11.8915,83.3308,83.3308,40.501,-74.3103,-79.4033,13.8078,30.8695,43.2123,-31.7981,34.4471,-31.5596,train
2207,191.632,79.0419,26.7138,151.512,45.3202,30.5676,66.5079,66.1922,19.6901,217.754,147.762,218.13,203.071,6739.32,6459.78,27.9798,-26.6323,-11.8652,133.189,26.1785,17.1838,-133.189,-5.43227,44.4015,44.4341,29.2733,-60.5777,59.1148,-8.82117,train
2208,65.2709,51.6608,124.2,197.47,32.0091,201.543,167.103,7.96505,90.8041,17.6195,103.341,479.808,417.21,5006.55,4912.51,59.0164,-57.9975,-21.6804,125.57,84.3455,23.1359,-105.161,-18.2451,-90.463,5.93034,69.9304,-125.57,56.1122,-95.9331,train
2209,222.199,218.573,14.274,133.628,90.4815,131.756,153.279,4.83362,123.879,51.7304,154.038,347.42,379.943,4939.07,5793.78,99.6466,-91.1341,-45.829,661.814,21.491,5.46857,-661.814,-17.0542,-10.807,9.07191,55.1052,-380.67,26.0163,-32.6767,train
2210,195.046,126.552,101.025,32.5485,107.714,106.84,11.2322,101.636,29.8858,101.552,83.1586,357.545,495.391,6692.97,6213.24,58.6863,-57.9274,-35.2603,137.244,56.4726,18.1265,-46.1817,-39.3723,57.168,21.4708,137.244,-103.514,60.642,-31.9455,train
2211,206.229,203.473,2.9367,62.6266,81.7823,87.2786,166.528,13.5346,221.2,12.8319,99.3385,496.852,211.107,5392.81,6065.08,349.075,-312.368,-148.792,1620.03,59.4442,2.02537,-1620.03,-72.7553,33.4322,4.72175,-1.79179,-761.783,29.1308,-45.4188,test
2212,84.9218,76.5161,191.225,20.5783,8.76927,13.0205,217.411,213.304,114.39,78.3166,89.5442,213.447,517.604,2934.6,3425.84,30.1235,-27.7634,-11.2621,74.8778,47.2227,7.75793,-39.5826,-74.8778,38.191,45.5902,35.3519,-12.4364,19.0498,-10.7191,train
2213,225.42,42.0007,62.9446,205.107,18.693,12.8152,63.9094,119.585,126.593,39.5854,138.919,558.319,262.349,4455.61,4324.75,34.5561,-33.0971,-15.2262,126.374,50.6543,12.9801,-126.374,-24.5629,42.6519,42.541,52.4745,-69.0084,56.2816,-19.4766,test
2214,6.26402,22.2507,120.609,221.425,66.9867,46.672,3.98629,191.012,152.469,12.0596,144.754,374.359,344.08,5817,5280,211.541,-191.741,-95.6371,1414.77,1414.77,8.72963,-48.1676,-16.0296,23.4251,4.16181,732.908,-37.8965,32.9218,-22.7782,test
2215,40.0252,77.4411,71.4795,57.2014,210.916,16.2199,181.684,131.582,141.604,138.152,172.488,400.12,223.333,5907.94,7087.4,30.9037,-29.6217,-9.75439,147.517,147.517,15.0377,-116.572,-49.5907,-4.42575,71.7968,33.7148,-20.4552,28.3299,-11.9209,test
2216,124.555,103.195,86.7173,34.0695,58.5685,146.101,52.0711,207.167,68.2221,221.66,114.935,348.751,580.037,5713.54,6947.39,36.6981,-35.2675,-19.0904,82.38,78.2156,16.5151,-75.1952,-52.341,76.3453,11.665,82.38,-42.6971,36.9656,-10.8734,train
2217,34.5637,159.578,64.429,55.867,60.8649,78.8396,180.493,207.881,60.2939,93.6393,198.119,208.781,471.966,4102.63,4580.82,21.6786,-20.9291,-8.07189,125.195,125.195,6.3831,-103.306,-19.1386,19.2258,12.9199,35.7921,-15.2346,25.0788,-15.3837,train
2218,192.845,175.63,94.4673,4.30704,202.316,177.666,186.614,17.9583,121.351,72.1058,198.19,361.71,235.859,4128.43,5323.28,22.7981,-20.1348,-7.78076,139.874,23.4853,17.1649,-91.893,-139.874,1.52966,16.9681,38.3747,-71.8137,7.02085,-59.1267,train
2219,60.0195,166.464,38.3929,43.1054,46.1512,87.9146,162.505,3.18339,79.4034,117.425,159.14,474.846,470.28,4711.35,4113.01,66.247,-62.2129,-29.4369,356.64,87.5668,18.2846,-356.64,-39.5482,-25.9471,34.6213,77.8361,-225.346,30.3623,-36.657,test
2220,75.0166,153.008,210.005,195.55,197.586,168.77,172.172,22.3335,34.3394,187.682,154.059,420.925,427.574,7706.46,11197.3,23.6302,-23.3483,-10.7353,68.0441,68.0441,20.9557,-56.1848,-5.12839,-0.544952,18.9986,62.3425,-56.6854,41.3012,-24.1607,test
2221,18.7734,143.115,148.357,175.162,181.939,215.786,223.681,130.712,188.863,16.7766,76.836,389.387,244.869,3248.81,4976.34,64.0281,-60.1894,-18.671,186.284,186.284,3.52517,-71.6726,-19.3499,-20.8096,2.33797,42.6087,4.29204,25.3798,-42.528,test
2222,64.558,191.337,195.086,32.8248,17.0136,53.6348,107.771,193.325,49.4498,92.4786,120.477,209.109,217.774,4790.59,5173.33,18.726,-18.251,-7.61509,54.2663,54.2663,5.80697,-25.3617,-29.8556,25.4048,20.7158,37.4855,-10.3308,28.0271,-16.9911,train
2223,29.9467,13.0383,102.388,116.414,6.34064,214.292,29.4618,19.9979,150.205,202.713,209.198,407.816,506.783,2975.66,2860.99,50.0524,-48.3466,-29.6161,289.422,240.251,72.0557,-98.7179,-26.9612,-3.48478,4.38413,289.422,-220.398,29.5512,-6.55426,train
2224,99.9704,145.186,174.068,142.256,144.884,163.221,15.5871,137.241,155.96,186.079,110.703,418.286,482.607,7479.01,10733.1,41.3165,-40.6667,-25.1275,135.791,116.986,9.40148,-32.6281,-19.8086,32.4009,8.36268,135.791,-77.4112,25.5521,-10.3738,test
2225,18.1807,28.086,159.959,9.12628,13.464,153.96,71.4683,223.362,179.366,168.235,68.4971,427.471,509.917,5325.39,6288.08,136.67,-126.354,-50.1245,332.133,332.133,99.4766,-74.2997,-162.257,21.0124,18.147,150.59,-11.1669,11.6754,-23.486,train
2226,147.235,18.7627,143.48,184.293,145.285,9.7373,96.8249,65.6632,188.212,13.8884,64.9299,577.603,241.726,5675.72,6043.1,67.1679,-65.6225,-29.0569,77.6061,63.7032,18.3308,-72.2469,-29.4753,-12.5875,35.3213,67.0405,-77.6061,40.8164,-35.0218,train
2227,2.76244,63.4543,131.972,31.6353,213.66,159.546,68.7123,24.0569,157.811,223.183,88.9787,477.34,348.511,5902.8,6871.22,190.464,-168.129,-57.1229,857.836,857.836,47.8615,-116.961,-54.8875,-19.3769,19.0354,219.446,141.303,15.5605,-19.2443,train
2228,217.866,185.24,13.4886,149.493,215.124,204.768,220.954,37.5422,149.932,107.415,161.398,500.671,418.622,6924.44,10862,77.938,-70.8865,-32.9289,550.293,54.0868,9.67214,-550.293,-21.5063,16.5575,8.74975,15.4635,-255.288,30.3255,-23.5889,train
2229,143.947,173.181,7.31843,63.2679,23.763,28.0391,202.013,15.3677,71.8317,149.724,72.8446,544.876,542.796,6561.43,6361.36,406.222,-366.314,-175.622,1338.24,83.2279,9.34695,-1338.24,-60.5369,113.691,57.7307,30.4179,-601.078,75.4053,-15.2896,train
2230,188.888,163.266,209.024,86.793,152.257,199.369,46.2363,187.448,163.852,106.292,105.766,488.102,461.091,4289.48,6715.44,31.3809,-30.7606,-16.6055,78.241,62.5501,10.6418,-35.5894,-36.2193,24.8943,8.71469,78.241,-52.3135,27.1323,-23.1166,train
2231,186.415,224.495,81.5391,207.725,219.967,80.1237,53.2959,126.77,123.899,211.155,207.524,217.911,393.433,5366.41,8483.07,11.3932,-11.1284,-6.36288,48.815,34.8219,3.60087,-48.815,-6.59878,13.3724,10.0891,47.7957,-48.1061,15.6459,-5.41412,train
2232,197.072,163.031,62.9194,22.8229,115.027,115.622,28.2793,185.974,107.391,78.0331,109.804,446.077,398.645,5600.74,6359.26,42.6039,-39.613,-17.7005,97.9848,59.2976,13.6445,-90.3201,-97.9848,43.3706,19.2392,61.1165,-54.9424,29.4494,-40.3147,train
2233,79.7599,53.2121,180.762,13.4422,28.4276,30.4119,55.7418,127.39,126.259,164.534,80.7359,598.507,242.075,5050.54,4877.97,82.0204,-76.3885,-30.6,207.306,127.609,60.107,-56.4159,-207.306,49.4726,105.17,106.882,-46.5488,31.213,-27.4913,train
2234,110.456,193.482,215.111,21.9804,165.681,205.392,121.615,35.786,63.1635,159.516,63.1911,449.958,220.19,3098.99,4107.81,54.1839,-52.4331,-24.3406,61.3778,53.6221,17.6933,-45.4544,-48.963,2.09476,16.6674,61.3778,-56.2465,24.0965,-30.3503,test
2235,51.4453,37.7795,114.186,58.0209,51.8648,170.53,167.619,201.067,96.6603,103.226,151.045,499.528,426.851,7613.41,8966.05,37.0362,-35.4769,-12.2946,156.332,156.332,56.9038,-98.1889,-49.0424,3.89018,12.6066,52.4494,-21.4329,41.6316,-29.4525,test
2236,220.183,130.904,21.6733,151.166,64.0172,97.6033,133.412,19.0581,7.93085,179.087,116.337,247.626,313.947,5438.46,5796.72,61.2242,-57.1243,-27.8102,278.4,20.5938,16.777,-278.4,-1.85279,27.775,22.5011,37.7114,-152.727,49.9431,-17.3429,test
2237,107.15,70.6117,206.207,123.314,120.081,133.55,86.5617,210.9,222.158,162.54,122.745,592.192,355.82,3696.68,5833.06,31.3883,-30.7915,-13.8558,104.627,104.627,26.7152,-49.0439,-32.7255,10.4375,14.1251,68.4754,-35.465,25.6893,-16.4131,test
2238,182.487,173.461,36.1986,139.503,146.792,27.3464,211.271,148.303,146.241,36.7856,133.622,457.223,315.483,5313.67,7157.72,37.2184,-34.6713,-13.0986,170.16,58.6998,4.1771,-170.16,-27.5813,15.6143,26.4958,10.6253,-58.5484,37.2087,-27.8557,test
2239,74.3573,209.093,156.659,76.1557,12.7352,101.779,197.545,211.162,38.8515,194.041,66.5931,558.454,450.278,5356.02,7533.09,69.498,-67.8841,-26.4652,108.71,108.71,17.8368,-84.0874,-24.3577,50.5576,36.6436,54.3255,-16.7354,67.5221,-27.1819,train
2240,191.783,72.9133,130.512,186.522,30.5153,197.758,110.238,2.25013,215.327,157.249,184.547,256.221,414.696,2755.48,3769.31,18.8323,-18.4556,-11.7168,126.493,14.4094,19.4387,-69.4966,-6.13801,-30.9227,7.16702,83.4878,-126.493,7.51925,-12.7468,train
2241,63.5446,81.1907,117.502,169.68,122.165,9.63836,43.5755,176.027,183.286,210.336,129.743,564.249,556.402,4210.89,5509.78,50.6519,-50.0448,-23.8366,202.951,202.951,8.29775,-81.6588,-29.2833,18.7055,69.8978,128.278,-58.2789,38.3386,-4.52969,train
2242,41.5485,150.417,69.2362,66.0527,26.8431,220.02,152.799,175.95,213.465,211.074,143.583,211.89,391.676,7399.94,11093.2,24.3049,-23.2875,-10.1958,101.688,101.688,4.46702,-87.3597,-21.9065,24.5544,3.05389,36.3696,-16.928,9.58631,-4.5019,train
2243,165.048,30.4023,51.323,132.629,31.2273,95.0261,108.229,122.664,200.557,168.718,130.66,512.785,417.39,4579.32,5671.41,39.6861,-37.1736,-17.7464,165.548,67.0171,24.6131,-165.548,-33.0212,49.753,7.87463,44.0164,-68.4051,30.8821,-6.27231,train
2244,14.1027,25.3753,173.725,113.125,81.5984,122.139,129.194,123.24,6.98192,185.881,178.924,282.137,499.344,5067.6,5374.34,36.3832,-33.6239,-11.484,219.556,219.556,96.6328,-59.6415,-3.2644,-1.15596,20.0762,82.5347,-3.15527,74.8002,-18.6559,train
2245,40.4833,139.468,60.7629,115.457,17.6666,71.9687,164.219,137.213,30.5196,218.717,190.576,417.033,452.234,6287.1,7039.96,34.8659,-33.7423,-13.2607,170.141,165.378,19.2668,-170.141,-12.8466,58.9532,37.337,53.1168,-26.0217,68.7298,-17.3746,train
2246,222.681,133.658,193.705,91.9331,101.411,110.601,45.0448,144.123,207.528,120.32,127.459,449.732,498.733,3312.85,4801.87,25.6579,-25.1076,-15.3755,88.2922,50.1602,8.92665,-37.7356,-35.9414,33.2135,10.7876,88.2922,-65.4732,22.5167,-14.0236,train
2247,10.6357,19.0466,74.1879,136.98,138.531,221.199,19.2208,7.49231,155.59,80.0236,162.838,596.706,518.675,5804.19,5156.45,154.507,-147.601,-86.1691,758.645,758.645,75.5378,-202.449,-33.0582,-17.5173,6.50428,666.036,-396.696,41.1594,-25.4261,train
2248,91.7268,28.8114,40.5488,48.1187,173.923,153.41,47.9717,149.497,134.073,210.217,100.811,561.007,499.998,4798.54,5715.97,76.5349,-72.5624,-30.387,196.351,151.192,74.5375,-196.351,-71.9584,27.5742,13.9987,69.3297,-78.122,36.5233,-14.4473,test
2249,111.646,186.393,73.3715,38.3503,24.8216,66.1461,149.181,219.377,41.545,86.6825,129.675,281.686,285.444,2701.06,2971.95,25.3936,-24.0634,-9.59603,79.2487,49.1771,7.75182,-79.2487,-35.7747,52.4377,21.8439,28.4181,-17.235,46.7025,-23.5732,train
2250,101.945,140.412,118.01,220.12,126.911,128.227,209.872,171.207,146.618,101.396,138.074,545.502,272.197,6121.92,9658.01,27.625,-26.798,-9.77466,88.4185,88.4185,13.8518,-85.3586,-15.9461,0.38443,15.1682,31.1192,-29.397,33.8565,-27.1273,train
2251,21.1784,12.1699,182.004,134.375,61.7638,62.2675,19.7957,48.8646,142.995,97.6116,157.931,515.345,339.918,4274.56,3561.29,79.5556,-74.604,-39.3508,439.896,439.896,75.2858,-52.434,-31.5329,-1.20415,14.7143,313.608,-120.479,41.9058,-13.2743,train
2252,29.754,200.162,198.662,55.7404,114.478,201.857,124.249,219.015,125.206,122.033,199.674,407.987,322.317,6138.94,9182.2,23.8087,-22.6878,-8.67554,178.351,178.351,11.5379,-51.1229,-31.7622,-4.7491,11.4409,69.1608,-7.92142,19.9972,-26.7634,train
2253,202.901,93.6601,107.222,211.828,95.6791,32.9497,140.278,98.2634,166.033,199.934,129.247,264.458,212.066,5681.53,8307.87,15.1301,-14.5932,-6.79952,47.26,24.579,7.41593,-47.26,-9.20556,4.1025,21.0799,24.4245,-33.7138,16.6094,-4.91303,train
2254,124.819,200.688,140.038,83.4991,39.4954,114.587,14.7983,75.4783,93.7985,37.4636,80.3524,291.491,229.881,7822.05,7269.99,44.8514,-44.3825,-28.6227,111.198,55.8014,2.99188,-29.1241,-27.7185,43.9462,5.23999,111.198,-75.8864,34.8956,-22.6658,test
2255,173.068,111.24,172.671,105.93,168.237,44.4432,70.8551,119.165,112.686,15.0846,126.786,486.927,394.025,6086.15,6817.41,32.1674,-31.526,-13.6968,70.6119,58.5954,5.7439,-48.6883,-39.9352,6.19004,14.3768,70.6119,-62.5633,53.0907,-59.9029,train
2256,158.704,127.323,100.411,89.4022,96.2229,169.636,41.9282,89.4217,177.312,133.78,85.4125,203.104,286.751,5488.4,6862.46,26.6392,-26.0214,-16.2944,57.4992,32.922,4.66682,-37.2045,-16.0717,18.2595,3.50276,57.4992,-50.5107,11.46,-6.28132,test
2257,73.1295,63.5015,83.9,143.576,184.322,4.87836,67.8047,80.0116,215.466,80.9139,144.534,317.493,368.101,3704.78,4002.49,28.7356,-28.0528,-13.7852,91.259,91.259,3.47389,-77.8554,-20.5768,2.95387,45.2195,70.0204,-61.8416,19.3908,-3.8556,train
2258,89.8091,72.305,70.9094,213.33,62.6826,114.178,199.87,171.92,107.082,187.621,139.38,338.536,334.512,3983.79,5703.78,24.8957,-23.8928,-9.56589,96.6917,73.9886,17.5163,-96.6917,-9.93227,18.1971,11.0924,24.5595,-26.8125,27.9832,-9.54647,train
2259,55.5568,169.774,31.0904,157.313,214.372,96.2682,91.3139,72.7182,200.634,113.836,117.531,235.549,248.205,4672.86,5986.62,38.3558,-36.4742,-16.0066,141.975,92.4184,4.10834,-141.975,-10.5395,5.22914,7.24528,31.8817,-54.0452,11.6868,-8.66512,test
2260,221.185,29.7826,150.872,19.1825,127.443,207.302,4.62003,35.9519,174.605,144.048,96.6528,489.411,261.456,3308.43,3823.24,80.2795,-78.6724,-56.9778,281.859,51.9113,80.3371,-38.542,-130.403,32.0648,11.5418,281.859,-259.142,20.2605,-23.4903,test
2261,159.096,213.572,223.216,74.349,153.022,163.113,54.7854,15.2148,201.721,215.472,146.825,374.207,241.066,6125.49,9383.96,25.4589,-25.1733,-17.75,127.508,32.1433,9.55828,-38.1827,-22.8744,-2.14933,12.5151,123.414,-127.508,11.9231,-13.3983,test
2262,162.759,146.392,217.209,100.427,93.2102,102.483,179.158,14.1095,191.953,108.58,111.992,281.092,476.033,3410.73,4743.09,22.5466,-21.9932,-12.4885,70.6512,21.6013,8.05126,-44.5528,-16.2534,-9.94957,11.5008,54.2007,-70.6512,12.0258,-15.3513,train
2263,168.38,206.893,10.0631,83.6338,107.863,109.299,121.732,106.16,2.10926,102.507,101.691,497.592,457.307,4540.93,4801.51,114.174,-106.544,-39.9548,453.841,88.6907,23.0206,-453.841,-2.54847,90.3436,43.5757,-4.74985,-132.654,142.904,-65.7087,train
2264,100.109,179.411,19.526,102.192,196.165,46.4446,169.767,219.315,191.679,71.9553,160.642,411.938,303.468,5452.29,7812.04,37.5319,-34.7309,-12.5713,218.427,111.157,5.01184,-218.427,-31.5112,19.3114,19.3603,1.21316,-45.1927,23.7588,-17.6726,train
2265,199.367,186.209,145.567,186.399,73.7722,206.033,202.707,22.8445,22.2826,83.1786,61.3735,537.36,222.692,6003,8044.18,70.3965,-69.1525,-25.5388,84.5202,32.6782,21.7062,-81.2874,-7.14444,-2.5802,19.6176,45.0631,-70.6578,84.5202,-68.7206,train
2266,129.392,150.564,88.3608,43.6289,174.703,94.3449,224.507,12.3782,210.844,194.75,104.891,514.1,583.963,7167.35,10417.9,56.0225,-52.5544,-25.6583,169.929,48.2842,18.8834,-169.929,-52.6678,-6.81861,30.1358,62.1983,-126.43,15.4125,-20.6461,train
2267,71.9317,69.6399,131.145,45.0953,65.4939,104.112,178.122,188.423,173.57,203.885,208.312,202.652,551.698,5628.46,7923.76,12.5743,-12.0632,-5.65194,66.0266,66.0266,10.5576,-52.2105,-28.6348,21.8582,7.06188,38.2738,-20.4366,10.5212,-5.09978,train
2268,196.504,102.681,200.018,95.4019,71.9793,217.294,118.188,1.6184,77.1487,10.9195,161.89,419.282,452.048,4761.84,5128.67,32.2063,-31.7102,-15.1501,145.718,22.1857,7.38568,-63.691,-35.9999,-45.3978,3.49005,102.266,-145.718,62.957,-98.218,train
2269,113.402,33.2854,2.06668,174.166,104.672,121.06,213.96,81.6075,103.818,169.721,163.231,569.142,540.679,3900.41,4827.27,117.047,-106.133,-44.9398,854.13,182.676,30.3711,-854.13,-26.8738,98.8217,8.35051,-25.9511,-260.365,63.7583,-8.42354,train
2270,182.523,163.561,189.352,104.924,64.8145,15.4968,89.885,197.949,132.201,83.4697,168.947,416.648,302.438,3024.49,3962.35,16.4518,-16.0269,-6.78844,53.7206,46.8052,5.08984,-36.8668,-31.7751,16.0853,53.7206,44.2793,-31.2675,35.6652,-14.1049,train
2271,199.855,203.029,205.09,174.886,193.901,33.6905,202.994,46.9171,129.856,141.823,177.734,500.867,261.807,4121.04,6587.3,16.7533,-16.3454,-6.9074,53.8712,34.004,8.71752,-52.8949,-18.5193,-7.48606,52.5344,40.6828,-53.8712,35.2722,-17.6489,train
2272,186.105,91.2687,105.339,194.323,206.948,180.745,68.1335,101.035,130.662,69.5479,123.533,430.339,383.445,4496.12,6113.89,29.7537,-29.0624,-14.808,70.4824,50.0794,13.8038,-70.4824,-15.6622,9.53432,6.97034,64.7849,-70.2193,32.9414,-25.6183,test
2273,177.39,3.97339,185.267,25.711,51.3407,65.419,221.245,80.8743,131.465,166.998,189.631,546.307,204.962,7181.04,8920.06,28.2916,-24.7758,-5.52989,263.834,46.7339,263.834,-54.7787,-171.707,-30.9247,16.0247,29.9509,-49.4356,47.4912,-8.87764,test
2274,218.497,55.9467,4.24087,4.77902,194.286,13.2871,56.7713,159.657,129.723,187.794,148.644,395.293,552.696,6877.38,7836.63,81.6672,-68.2037,-20.2315,434.103,71.1442,45.3614,-434.103,-296.109,52.3802,190.999,-52.6105,-102.679,15.4272,-19.1115,train
2275,181.804,2.83937,103.922,175.658,9.58675,72.916,67.9348,88.9826,79.6347,101.747,94.734,278.969,250.957,4247.59,3981.69,31.2622,-29.9731,-14.6096,69.6138,31.131,69.6138,-50.2194,-14.7561,28.9994,2.71078,50.5696,-45.614,46.0313,-2.74733,train
2276,103.848,103.697,190.036,184.952,118.48,165.4,94.0654,73.1447,221.231,27.4336,161.065,281.899,209.85,7076.24,9411.68,14.0131,-13.7949,-6.74435,46.163,46.163,3.87314,-30.3182,-13.0702,-3.7342,2.42825,44.2395,-38.1843,15.4529,-20.7044,train
2277,15.174,36.4438,187.564,88.4188,130.568,55.2303,161.468,155.702,111.137,18.0376,174.391,230.601,558.659,3747.53,3922.33,27.6903,-26.1189,-9.52251,183.753,183.753,10.9789,-51.8029,-21.5553,-10.9034,7.24444,64.9034,-4.38027,24.2525,-31.3702,train
2278,68.3595,91.8288,75.5251,10.8027,157.459,28.5073,105.439,209.63,187.537,102.198,181.305,216.36,515.83,6391.52,7526.46,22.3749,-20.7904,-8.19932,91.0709,89.8609,12.8477,-72.9064,-91.0709,19.0235,41.3856,44.8339,-26.8449,7.41892,-16.326,train
2279,73.8021,82.6835,70.6536,137.699,137.062,80.725,193.831,75.3371,172.436,11.533,206.022,354.099,347.36,2905.55,3250.53,21.0261,-20.1412,-7.84406,112.46,83.3432,3.64374,-112.46,-23.5276,-4.59503,3.73215,32.137,-48.9927,26.5702,-36.9435,train
2280,88.0299,203.138,53.2753,36.8344,97.9196,192.73,126.263,171.789,161.999,162.901,188.912,516.915,412.777,5065.97,7193.61,31.6755,-29.6236,-12.0068,165.883,122.66,13.5127,-165.883,-65.814,32.7247,14.2424,41.0871,-46.3362,21.1628,-23.83,test
2281,36.2977,89.6765,143.871,140.759,186.426,178.6,116.217,210.466,222.09,65.1559,88.1503,354.44,304.026,2946.86,4429.55,47.5082,-45.047,-17.7796,149.826,149.826,10.3425,-57.2399,-18.5915,-3.87816,5.19306,57.08,-12.7261,16.6639,-20.131,train
2282,8.3645,38.6866,86.1276,87.6258,135.86,157.715,84.4764,149.069,41.9097,205.058,141.851,215.114,497.805,6209.37,6778.94,56.1782,-51.9487,-20.8871,316.634,316.634,35.5545,-101.976,-8.85192,-2.0485,8.72134,111.023,-4.71833,26.174,-9.48624,train
2283,92.1037,164.921,27.6342,142.167,212.605,130.355,195.916,37.0857,32.4928,144.837,80.4163,460.603,372.209,7020.04,8666.34,112.142,-105.314,-44.8949,329.762,91.4995,20.068,-329.762,-9.11871,11.8767,25.3894,32.5316,-145.725,56.4237,-32.316,train
2284,156.574,90.0938,122.438,181.62,74.8684,174.626,225.009,17.664,48.3541,10.6557,104.623,355.456,363.613,5528.01,6201.57,42.1434,-41.3094,-13.8247,96.7311,28.8528,8.08981,-79.8951,-15.5584,-24.8795,4.17373,39.1417,-77.1025,82.6439,-96.7311,train
2285,73.4256,144.915,187.256,193.461,90.3224,112.347,72.2087,124.249,69.9019,1.94464,200.729,464.852,486.169,6337.77,6845.17,28.7532,-28.2058,-10.8287,127.692,127.692,0.954654,-50.3661,-23.3131,2.40456,1.23139,93.6726,-53.8072,91.2472,-100.608,train
2286,213.362,195.263,139.77,73.4254,88.3106,14.4445,198.405,135.295,70.4468,94.2755,116.136,233.719,531.159,6838.4,8938.41,20.9899,-20.2341,-8.76908,48.3514,26.0829,3.49333,-48.3514,-22.5409,17.8103,47.2235,31.5115,-33.7407,33.2254,-10.2324,train
2287,119.269,169.474,210.21,125.016,177.737,68.9573,7.27889,176.117,129.612,202.971,175.191,447.18,238.13,4502.07,6588.23,20.4114,-20.2739,-11.1488,95.0007,90.8531,10.3755,-23.5991,-21.7047,20.5399,25.4994,95.0007,-51.1037,29.6066,-12.2516,train
2288,83.7917,67.026,122.917,21.9248,57.7216,6.36676,21.2158,99.0927,98.1332,211.553,127.11,359.792,452.997,7055.25,6243.92,48.4842,-46.8452,-24.3385,145.641,113.865,12.231,-47.0463,-126.712,54.8302,128.762,145.641,-84.8164,40.036,-5.48027,train
2289,53.0237,42.6236,144.283,202.008,82.5386,119.273,137.21,220.462,69.6243,21.8541,203.029,214.134,445.827,6383.63,7465.44,15.2398,-14.7589,-5.7779,87.1736,87.1736,10.0159,-43.387,-8.48694,9.28653,3.57929,42.4512,-15.9146,34.8236,-27.6262,train
2290,222.863,173.332,19.0341,204.219,87.7968,70.2175,10.5908,33.8286,166.46,36.1521,96.8572,325.731,599.446,4398.86,4532.42,102.97,-99.5794,-68.6262,314.073,48.326,1.00132,-262.492,-15.1002,50.4462,2.47175,232.213,-314.073,26.199,-6.78942,train
2291,147.009,94.5924,219.739,35.65,180.855,26.7545,124.919,78.49,223.662,163.895,172.346,234.083,511.616,5464.67,7696.97,14.3741,-13.8214,-7.39366,53.5821,34.4529,8.83675,-32.1917,-42.2144,6.74074,31.2429,53.5821,-49.0811,9.51574,-7.21271,train
2292,7.74695,26.7685,53.6917,129.648,17.9594,8.20607,184.506,203.608,157.384,196.43,112.692,249.317,316.914,5976.98,7068.15,70.4459,-69.1759,-19.2257,328.497,328.497,29.2989,-150.932,-13.1809,-92.2742,95.5741,43.0046,-0.359001,15.3556,-5.64656,train
2293,70.815,116.064,67.2078,209.142,106.076,63.1575,163.519,119.691,50.2686,197.898,88.9292,505.439,433.656,3155.87,3993.69,68.0229,-65.8986,-25.201,153.765,129.43,25.0432,-153.765,-10.2694,18.5093,46.0218,45.6628,-48.5756,60.4236,-20.7712,train
2294,210.14,174.848,196.353,7.76478,24.082,200.187,116.874,132.534,119.236,9.80757,183.103,226.855,529.981,6081.49,7499.37,23.288,-19.8299,-7.27042,209.661,25.0377,3.66364,-34.8559,-209.661,56.6769,3.19991,55.3649,-31.9355,19.3087,-92.3691,train
2295,43.7529,62.9237,151.069,93.3626,101.122,225.799,5.12379,34.8378,63.3338,11.9944,194.742,223.468,360.052,7265.45,5587.7,40.2484,-39.5489,-27.2939,279.89,161.265,4.85367,-21.505,-20.6643,28.5978,1.35258,279.89,-195.71,43.0796,-36.0098,train
2296,88.264,222.609,64.4786,133.773,95.5892,117.57,115.81,46.5785,222.965,159.767,176.082,572.887,571.961,3942.59,5383.14,41.0049,-39.2653,-19.5707,200.71,112.897,9.60493,-200.71,-26.842,6.74897,18.1861,88.0768,-128.609,22.7752,-18.9262,train
2297,70.6405,89.5529,28.2638,31.8315,96.6808,51.895,59.783,174.094,41.344,110.064,196.531,363.656,510.702,5127.88,4284.47,37.5395,-35.6108,-14.1566,203.798,145.194,22.3036,-203.798,-51.4964,51.5183,38.4883,50.234,-53.7765,56.0708,-25.6639,train
2298,9.65855,152.622,72.9525,79.9502,69.665,91.1387,118.001,117.427,133.98,222.808,159.963,395.521,510.583,3302.2,3966.18,63.9335,-60.535,-22.5164,414.21,414.21,15.845,-177.798,-19.2234,-21.409,26.5342,108.049,-0.547479,16.2228,-15.3495,train
2299,17.0695,79.1195,44.2446,81.4178,141.997,24.4117,203.294,144.4,214.294,90.5803,145.716,575.116,257.443,6527.56,7825.88,79.4898,-76.4591,-24.8474,397.942,397.942,19.3555,-294.617,-51.8284,-22.3823,62.7322,50.6715,-10.2004,27.8479,-23.9094,test
2300,177.785,80.8,30.1016,96.5416,116.927,200.246,223.432,35.4568,211.582,201.96,152.253,538.884,517.102,6968.66,10535.5,61.6206,-56.5702,-26.8164,372.704,56.9144,25.9554,-372.704,-34.0956,12.2988,10.4731,36.902,-188.647,22.0014,-14.6855,test
2301,134.046,140.268,35.5529,118.259,196.451,139.473,33.2809,213.012,60.2326,58.2877,101.33,470.732,542.518,4220.27,4939.43,60.3111,-57.9215,-22.9909,162.833,102.636,13.801,-162.833,-23.4358,31.963,13.8796,45.9715,-60.0885,65.0724,-46.9685,train
2302,140.085,80.7102,218.5,8.57059,43.0213,84.1745,52.7091,83.0859,209.37,119.74,199.574,418.935,219.933,6133.12,6912.22,21.4449,-19.5328,-9.3744,159.451,52.7825,34.9741,-33.7453,-159.451,42.7253,33.5347,85.4284,-54.5472,9.23075,-33.3389,train
2303,66.4748,205.099,98.9778,203.058,174.264,148.009,78.7565,86.825,199.381,138.746,173.303,395.754,309.672,3825.94,5626.31,24.1348,-23.6489,-11.4259,107.932,107.932,6.84875,-78.7504,-12.5721,3.81256,9.49046,68.9002,-52.4029,18.1075,-14.3176,train
2304,16.0004,195.903,90.8447,211.504,114.617,144.461,132.601,66.0393,208.636,143.864,178.898,268.522,412.117,4001.22,5681.1,30.7745,-29.1614,-11.6847,208.524,208.524,5.81317,-97.3132,-7.31151,-7.81016,7.8832,65.6461,-13.946,10.4821,-11.1948,train
2305,95.9486,183.016,1.2232,116.967,51.4969,149.973,182.744,64.8649,40.5526,45.3335,121.683,444.508,368.666,4237.87,4147.37,162.765,-147.77,-62.2518,880.54,166.181,6.69499,-880.54,-27.5273,160.786,8.17011,-26.0641,-250.723,112.286,-38.2239,train
2306,142.43,89.1962,5.56634,121.368,22.4577,155.276,161.886,111.716,201.657,101.647,84.9286,540.435,503.734,4642.31,5739.83,169.258,-149.368,-70.403,681.993,122.546,-17.5333,-681.993,-57.4143,226.273,-10.0717,-14.0485,-152.539,48.8681,21.7586,train
2307,201.422,208.905,77.574,174.075,102.235,167.673,148.623,39.6737,146.864,204.456,123.471,481.54,467.703,2942.03,4559.92,39.3273,-37.5261,-19.7091,144.478,39.2978,11.0606,-144.478,-14.3891,5.82266,13.7805,60.8264,-110.505,24.1197,-15.9824,train
2308,69.4141,178.243,65.5151,69.1774,182.93,178.05,97.0225,161.213,103.533,97.1563,204.043,409.911,394.258,4026.5,5126.39,24.898,-24.008,-9.74849,124.641,124.641,10.8106,-115.821,-31.4005,13.0135,10.8223,50.8552,-39.9384,29.6712,-28.0483,train
2309,184.86,23.0118,41.7678,73.2003,46.2104,186.102,141.824,106.454,214.039,153.348,200.61,262.948,310.911,3456.16,4506.08,16.6691,-15.3055,-7.20791,114.881,33.5347,18.8855,-114.881,-29.9847,29.7525,2.33523,21.6268,-47.4235,14.5022,-4.00791,train
2310,175.054,69.4704,139.142,115.963,1.9638,56.7605,92.7239,149.759,119.939,149.035,140.309,539.281,382.488,5719.78,6703.31,27.4296,-26.4762,-14.3044,79.8969,56.0701,16.2261,-73.2203,-36.7838,79.8969,19.8595,73.136,-41.7626,50.2958,-10.6965,train
2311,12.7116,16.1726,31.6988,25.0188,192.402,222.814,125.296,133.476,33.0506,5.48386,91.0127,357.038,562.882,7329.8,6174.7,172.779,-165.88,-49.5564,451.313,451.313,39.5153,-334.493,-117.164,-3.97482,2.86816,79.3776,-22.9551,125.429,-164.807,train
2312,120.225,22.9522,184.163,106.551,21.9354,166.167,62.8112,85.5559,144.681,217.805,129.905,551.476,361.864,5562,6837.73,35.4897,-34.5463,-18.2893,102.573,83.9463,64.2863,-54.6825,-37.9091,24.5468,8.8797,102.573,-75.6679,39.4824,-9.5805,train
2313,72.7256,219.435,97.6711,182.98,201.382,217.24,32.18,154.287,18.3084,17.4287,137.604,216.038,456.914,6060.47,7235.67,34.352,-33.9894,-13.5818,96.6996,96.6996,4.49929,-41.1354,-6.41095,18.3685,4.54476,81.6251,-44.6588,90.6131,-80.1123,train
2314,66.1711,196.595,169.177,64.7497,179.787,211.72,89.6735,127.574,209.345,179.892,67.6657,444.892,223.132,7515.28,11997.8,53.9344,-52.7651,-23.4214,108.863,108.863,11.7099,-49.5012,-33.1554,3.38114,10.8734,61.9086,-30.537,14.5025,-18.098,train
2315,84.2197,7.21199,82.123,173.613,1.61618,27.1758,86.9235,95.4356,183.831,175.873,130.33,232.239,515.33,3392.35,3544.15,24.9426,-23.9169,-16.8917,100.108,59.9189,-33.2487,-86.1403,-14.758,100.108,-8.82364,77.3086,-40.3652,19.7108,1.92817,train
2316,12.6162,188.555,163.741,87.3078,86.6745,219.115,70.2036,225.565,45.9415,114.449,183.01,525.449,596.073,2943.64,3776.71,65.5772,-61.0894,-25.2071,498.377,498.377,19.2479,-94.2743,-18.6147,-6.83123,16.5634,205.113,-6.47728,50.0287,-44.8461,train
2317,5.77841,184.708,176.775,99.6902,145.054,128.998,216.054,182.529,161.481,2.15197,68.0411,306.495,492.067,6278,8818.13,91.9111,-85.432,-26.4828,253.435,253.435,0.46347,-71.5659,-29.886,-31.5732,0.663628,62.7474,12.4005,26.0923,-56.2584,train
2318,66.3673,173.89,105.788,108.225,132.827,15.3365,89.2282,25.3326,6.08735,88.7355,133.511,218.518,509.807,7784.38,6395.89,39.1884,-38.8264,-17.274,116.013,57.8813,10.232,-73.8479,-3.75094,9.41296,116.013,89.1846,-92.4614,94.3097,-28.3564,test
2319,142.695,188.593,204.977,147.662,220.063,123.155,101.209,58.5761,133.751,63.8618,114.761,256.963,579.137,2754.11,3859.6,25.126,-24.7966,-15.0445,75.0393,38.9672,4.10598,-38.7353,-12.158,5.43257,6.28766,75.0393,-72.2071,18.9822,-17.1481,train
2320,29.0428,16.0668,115.89,35.9454,164.265,206.513,13.0017,177.946,30.4723,66.536,179.733,371.809,462.673,7046.44,6281.89,59.0442,-54.6244,-24.2398,347.699,347.699,113.868,-49.0363,-52.5409,27.3428,8.85891,213.708,-50.7052,87.6497,-38.8855,train
2321,150.361,12.3984,197.545,91.0378,60.5114,162.671,88.469,179.953,224.892,205.993,89.188,318.696,271.53,6508.85,9900.61,25.1045,-23.8694,-11.1741,43.7735,43.7735,41.0979,-28.8256,-29.4099,11.8565,3.13239,40.0818,-26.6796,16.8367,-3.49825,test
2322,17.504,187.783,192.704,57.0917,28.8696,122.877,99.643,111.302,199.981,180.849,67.8106,294.309,375.118,5954.36,7860.61,74.7919,-70.5942,-28.9928,210.72,210.72,9.45042,-46.1432,-20.4663,-14.6552,14.4423,84.4316,-9.47069,8.26299,-13.8774,test
2323,151.809,127.527,210.38,94.4734,189.061,216.533,132.981,85.5157,188.678,4.37716,184.292,235.857,257.759,4782.11,6873.13,10.384,-10.0886,-4.45332,32.0982,28.1701,0.712531,-25.5577,-24.0037,-1.85024,0.419645,32.0982,-31.7172,16.9973,-29.3582,test
2324,40.236,173.615,32.7048,126.349,82.7197,187.667,141.449,82.2206,137.717,63.8313,123.878,256.799,344.961,7031.12,8002.11,45.9414,-43.7135,-17.8118,176.942,133.382,4.21908,-176.942,-14.5273,11.6449,3.90315,32.1821,-48.1394,18.8487,-16.2288,train
2325,168.183,22.3231,168.178,153.015,14.775,13.1172,169.701,71.9277,34.9114,136.079,111.167,514.881,580.479,4667.83,4793.78,49.7394,-49.1026,-16.4819,145.262,51.1067,85.3564,-75.2532,-21.1965,13.7439,145.262,62.5615,-67.7628,131.385,-19.8022,train
2326,70.0994,184.41,11.0682,10.1961,204.974,77.6769,38.254,39.6658,160.14,104.974,182.451,240.666,512.129,2871.53,2740.07,60.6702,-55.8454,-26.8581,392.576,114.069,8.59927,-392.576,-80.5081,23.2645,20.4152,71.6626,-199.284,7.24916,-21.3637,test
2327,116.564,33.9307,7.64812,148.358,160.799,33.0542,121.028,81.0967,106.018,148.185,68.8306,508.279,566.11,4338.72,4545.36,203.436,-186.044,-77.0368,592.73,140.491,32.6539,-592.73,-26.7922,45.5139,33.5198,-6.42117,-196.941,53.0217,-10.574,train
2328,83.2194,121.365,58.8811,137.611,218.655,156.54,171.147,218.597,81.1738,70.7673,156.323,326.033,548.358,6152.77,8677.3,28.3823,-27.3028,-10.4814,118.124,99.8481,10.5041,-118.124,-14.4283,14.0106,8.1438,30.5318,-32.6643,34.5914,-25.4763,test
2329,95.5015,54.5708,206.874,96.8038,193.241,182.665,11.2035,115.843,67.2839,75.8975,191.208,499.941,401.683,3360.31,3723.5,31.1316,-30.574,-16.6448,158.902,133.577,38.2437,-30.2515,-30.0858,25.0722,11.4252,158.902,-94.7029,61.215,-38.8873,test
2330,82.6031,147.443,111.054,153.645,47.9983,190.18,128.12,50.1134,81.703,157.196,169.421,423.531,284.399,5462.18,6607.07,23.5722,-23.0012,-10.5178,83.5462,75.9262,16.2193,-83.5462,-12.001,4.01118,12.5745,55.6641,-57.4685,31.9164,-21.5144,train
2331,176.284,60.6464,221.497,216.734,67.0648,132.57,218.898,146.697,213.535,24.0736,128.174,220.963,547.1,3118.3,4926.75,13.1588,-12.8247,-6.75499,31.9104,28.5439,2.86928,-31.9104,-9.39224,11.7288,1.3126,31.3883,-27.2071,13.4816,-10.2224,train
2332,45.7116,35.3975,216.768,199.297,14.5635,81.3918,21.9953,126.252,36.2251,122.548,144.326,230.47,240.298,5216.6,4900.39,28.4971,-27.7915,-16.543,120.901,112.269,20.4133,-19.3067,-7.93851,85.5005,8.87781,120.901,-31.67,61.7652,-8.33864,train
2333,86.5732,178.882,186.157,106.118,10.0906,27.0796,19.9696,118.807,136.453,216.084,71.7277,257.478,280.403,7697.76,9078.14,45.3083,-43.4396,-32.6746,116.808,72.8192,-1.11259,-22.6915,-26.1388,94.7022,-7.34956,116.808,-44.3929,28.7481,1.30256,train
2334,54.7128,82.3387,78.1457,11.2573,75.8785,219.241,87.1193,81.1133,58.5322,39.7414,122.33,413.906,420.337,3450.69,2834.96,59.1606,-55.647,-20.7385,152.265,137.483,29.4512,-116.43,-152.265,21.9946,11.0607,80.5066,-58.9828,41.4145,-86.2936,train
2335,100.728,88.6356,158.004,40.9107,139.227,200.483,40.4848,45.327,177.736,192.16,148.939,489.152,589.972,3400.44,4267.46,43.3262,-42.6429,-27.6862,192.557,100.969,27.9616,-65.8455,-58.9853,20.5835,12.3621,192.557,-164.703,19.2008,-18.2399,train
2336,68.0762,6.48475,211.589,32.854,31.2966,157.107,57.0725,62.9061,70.682,120.358,150.397,237.736,485.194,2950.4,2555.55,28.828,-27.3696,-14.8601,106.438,78.0188,80.5887,-31.5367,-56.4548,34.4795,3.32637,106.438,-65.9571,37.1104,-6.14053,train
2337,219.43,41.9396,38.6295,218.044,25.9481,20.8828,9.22939,198.406,201.603,83.9439,170.544,255.673,419.704,5217.93,6022.97,17.9849,-16.4582,-13.2511,118.679,39.9489,-13.664,-80.2812,-14.3539,118.679,-27.4419,83.4322,-44.259,21.955,9.65445,test
2338,138.823,151.003,132.063,92.5432,163.96,13.9773,101.252,90.7865,58.3889,133.223,194.548,346.859,206.938,5801.45,6551.14,16.7166,-16.3719,-6.06723,91.4345,44.0181,8.46345,-48.1924,-23.6709,2.75397,91.4345,40.4471,-41.1572,53.0571,-13.5666,train
2339,177.945,97.4992,222.007,109.125,13.8671,185.018,26.8633,202.148,146.314,15.4986,105.125,394.287,235.353,3443.06,4275.97,26.2752,-25.766,-16.2634,81.136,48.8808,1.84597,-24.7022,-34.4823,71.5592,0.972771,81.136,-33.2671,36.3706,-16.4228,train
2340,179.917,182.548,143.747,213.364,211.572,15.5649,155.187,169.415,81.4495,178.761,65.5295,409.232,273.628,7623.28,12364.4,44.0967,-43.1896,-15.0961,80.9085,43.1055,6.89866,-50.4902,-13.2777,3.92345,80.9085,28.8473,-30.5779,49.1893,-9.96285,test
2341,165.571,55.5485,90.3517,74.0071,118.622,37.2972,164.444,12.1043,171.921,116.85,149.384,474.957,586.279,5203.67,5707.3,39.8125,-37.9117,-19.3866,155.992,36.3433,28.7712,-155.992,-42.582,-15.8787,42.8504,80.3627,-148.126,25.9231,-19.3426,train
2342,53.5931,145.2,35.7483,89.5241,30.5782,171.092,50.7447,77.9978,208.177,146.811,170.467,298.558,203.374,4316.51,4775.23,29.6173,-28.2895,-13.4132,139.168,112.243,5.57883,-139.168,-24.3011,27.9398,4.73457,55.4439,-54.9362,14.7791,-7.80306,test
2343,53.9529,191.258,136.044,54.1079,181.803,205.006,58.6112,82.4293,21.4536,10.4567,108.763,332.786,299.965,6678.17,6514.2,59.7472,-59.2649,-18.2392,155.813,114.803,6.02372,-49.905,-40.2118,3.79698,5.61974,83.5198,-49.1725,143.427,-155.813,train
2344,127.303,114.709,225.72,98.8046,152.686,209.11,110.89,102.975,178.168,201.066,163.306,443.787,558.978,5851.44,9454.97,20.6082,-20.2241,-10.876,74.3711,67.8226,16.9606,-45.496,-25.225,11.1589,9.30382,74.3711,-57.6284,19.7831,-13.684,train
2345,115.875,207.254,84.4055,43.8815,200.775,80.2434,134.813,195.082,133.798,87.6789,186.815,566.093,514.036,6449.4,8917.9,28.9277,-27.3626,-10.3919,119.486,103.887,12.012,-119.486,-72.2715,15.966,31.0249,46.412,-46.2286,33.5208,-40.1551,train
2346,80.9672,116.168,194.81,115.06,222.014,53.3911,133.791,25.8583,100.024,219.955,154.62,317.391,423.788,3441.53,4596.74,20.6974,-20.3652,-10.6546,65.9277,53.7085,13.3165,-48.3086,-14.14,-2.03697,28.9741,65.9277,-64.2463,23.0031,-9.94628,train
2347,186.861,60.1384,174.594,92.0801,35.4731,97.7575,140.98,213.721,17.7969,41.4142,88.1433,478.743,532.93,3806.77,4289.4,57.89,-57.2663,-18.1718,157.024,49.1027,46.7488,-60.2324,-21.46,67.9927,28.7589,57.467,-29.0355,157.024,-96.0038,test
2348,96.9404,75.1815,23.4153,184.706,204.155,105.614,216.755,145.275,192.968,189.111,83.9997,303.774,202.992,5617.85,8950.34,51.5697,-48.0087,-18.6025,161.256,75.9979,11.593,-161.256,-11.7276,10.5967,8.25253,4.81592,-42.1467,15.8752,-6.51788,train
2349,181.538,196.425,189.645,58.1245,21.0207,134.241,140.631,42.9828,179.547,204.119,163.008,408.651,446.613,7104.53,10285.4,19.1689,-18.5056,-10.3323,70.5966,34.3298,10.8084,-55.3323,-33.7802,8.66855,15.8152,64.4297,-70.5966,15.4653,-14.7093,test
2350,153.542,155.539,189.424,93.9815,141.081,106.405,217.107,77.9357,61.0526,142.856,131.083,401.773,312.747,6137.33,8673.85,20.7128,-20.2085,-8.03819,48.3229,39.2539,15.6804,-48.3229,-16.7992,3.05209,22.921,33.4541,-36.4625,36.5714,-24.1442,train
2351,208.863,222.021,92.3746,138.558,177.599,74.9492,135.137,129.758,135.798,105.374,155.029,265.138,210.093,3740.76,5575.67,12.9372,-12.3988,-5.42493,50.2721,25.9079,4.23879,-50.2721,-12.3435,5.90962,12.5565,20.8515,-30.0788,17.8111,-12.6304,test
2352,7.47506,83.6473,32.304,122.65,103.274,56.1974,66.2897,123.952,85.1083,6.55211,179.075,441.258,491.868,4423.5,3252.94,111.796,-105.468,-37.793,741.965,741.965,5.00057,-390.361,-32.5666,-27.6995,7.44313,174.886,-12.9342,66.3718,-90.283,train
2353,183.261,114.369,215.364,96.0342,65.3787,158.937,58.3185,82.0778,109.8,16.3459,94.0764,229.696,266.231,7720.44,8544.14,23.6722,-23.3217,-12.7382,54.9352,27.2336,2.81123,-21.1843,-20.5702,10.9889,2.02292,54.9352,-46.4161,25.4436,-27.8172,train
2354,91.3666,29.5588,183.105,49.5653,195.966,18.7707,81.7608,14.993,152.16,30.7906,102.888,377.453,246.575,5661.96,4990.36,42.1274,-40.9592,-20.4852,94.3602,52.261,24.3632,-49.231,-61.6234,-10.4815,38.3655,90.6345,-94.3602,28.3883,-33.0764,train
2355,76.8865,94.3688,145.101,137.813,155.543,71.5244,26.1671,69.5272,36.6318,167.285,105.274,506.64,392.138,3447.67,3483.41,63.9615,-63.6677,-34.9327,172.623,141.249,33.8814,-56.9288,-13.5623,25.2322,44.7028,172.623,-117.847,72.1572,-27.0301,train
2356,186.025,158.037,209.071,104.651,161.812,101.406,144.999,209.236,106.366,34.8633,127.538,269.146,532.239,3206.01,4754.12,17.2993,-16.9092,-7.61885,37.5008,36.8788,3.99462,-31.2641,-19.686,13.032,6.22544,37.5008,-28.1774,27.3913,-25.6083,train
2357,220.306,209.719,5.97807,140.239,6.876,211.648,188.902,221.416,117.674,5.75297,172.637,361.404,571.583,7433.01,10532.2,71.023,-58.1392,-39.7256,738.063,55.1314,-4.23935,-738.063,-32.1103,585.895,-4.20069,5.97533,-54.4934,54.1186,218.554,train
2358,7.16925,112.124,86.4878,52.5163,181.094,26.4673,152.569,121.334,174.099,12.2919,144.59,596.981,387.206,4935.4,5040.09,92.159,-87.7393,-27.3112,524.156,524.156,7.18407,-208.396,-98.3371,-40.7319,30.434,111.732,25.7822,41.9498,-92.6753,train
2359,68.2175,97.7969,20.109,35.504,168.392,116.46,146.796,30.704,134.381,210.163,173.601,203.488,434.042,5667.03,6450.27,41.5576,-38.3625,-18.1625,276.786,71.5238,11.151,-276.786,-26.5983,11.2829,9.36405,34.0172,-131.007,9.93819,-7.33837,train
2360,140.693,97.0693,74.8541,174.938,194.669,6.05911,110.33,205.529,55.1748,164.739,90.0723,559.509,565.712,3134.7,4144.7,69.2654,-67.6132,-21.908,199.846,94.0347,12.4745,-123.071,-25.0615,16.6988,199.846,46.3663,-52.5349,112.374,-10.395,test
2361,145.076,139.95,191.903,186.766,13.9933,225.392,199.244,83.5197,38.2545,10.368,89.3002,276.102,322.712,4392.73,5509.85,34.9366,-34.6098,-9.3862,85.5362,32.8598,4.4808,-35.1377,-11.4257,-9.13284,2.78221,28.2639,-33.9693,78.8884,-85.5362,train
2362,93.8044,217.46,123.191,55.493,36.6588,180.292,91.6234,130.427,204.794,69.1173,157.647,505.202,396.926,3062.16,3943.28,29.2318,-28.0744,-12.8645,100.597,100.597,7.47206,-78.6495,-61.7581,26.1129,9.01246,71.5704,-47.5401,23.6664,-33.2467,train
2363,215.467,134.834,180.099,51.1321,119.682,171.214,42.0346,204,128.912,108.081,186.342,518.846,308.143,6718.51,9556.27,17.9957,-17.3686,-8.34418,65.234,53.4626,17.0929,-39.575,-56.3981,28.8029,13.461,65.234,-43.8888,31.6358,-30.1565,train
2364,77.2012,162.373,157.604,7.52082,26.7961,196.569,188.416,81.936,63.5226,128.933,208.256,443.247,338.404,3933.61,4613.28,20.2857,-18.7142,-7.07422,110.661,78.001,22.1724,-67.6358,-110.661,28.2522,18.3152,46.7401,-27.4314,18.5287,-39.4891,test
2365,132.015,204.121,201.388,34.8712,105.464,29.982,135.958,191.101,34.7182,112.857,166.192,495.985,391.482,3712.21,4681.2,25.8145,-25.1749,-8.18002,101.154,68.332,14.8578,-48.5306,-55.2618,20.2342,101.154,50.0707,-30.0529,78.4963,-38.0042,train
2366,207.06,130.324,46.7141,43.2443,8.28824,105.917,154.903,159.117,127.338,115.002,108.296,562.039,229.323,5982.73,7266.93,52.0878,-46.5232,-20.5384,186.657,50.3955,13.0059,-186.657,-90.773,107.269,16.0029,28.2941,-42.7907,43.5958,-20.8436,test
2367,21.0077,23.6654,14.1027,54.8781,75.3814,158.281,75.5192,33.2202,20.6597,27.519,196.11,587.052,395.08,7130.84,3711.64,130.15,-124.391,-44.3897,766.848,511.609,122.091,-766.848,-54.3238,25.1527,18.2544,92.5855,-207.628,204.071,-148.484,test
2368,157.021,40.0993,67.051,107.689,73.2278,133.594,13.6975,28.3063,172.905,105.328,136.033,262.916,504.83,7391.29,6971.94,50.7221,-50.2891,-40.4412,262.268,49.4608,8.39196,-77.0961,-21.2896,38.8459,2.51891,262.268,-256.663,18.7519,-4.51827,train
2369,170.976,5.50511,5.18965,214.239,33.3013,151.533,37.3027,95.5183,72.8057,49.5277,92.2469,285.789,200.626,5344.38,4601.45,85.5809,-76.2651,-30.8615,378.927,50.3779,21.2764,-378.927,-12.793,90.5305,0.772962,-33.7944,-85.2148,53.2379,-3.3445,train
2370,149.168,143.729,156.213,31.4301,142.359,28.1643,153.009,128.368,93.1579,135.816,82.5151,574.447,427.908,3203.3,4021.09,57.57,-54.5007,-19.5028,98.195,68.2045,19.2417,-72.5839,-94.7779,10.1899,98.195,51.7042,-48.799,45.2218,-28.7974,train
2371,220.361,122.336,89.7913,35.2077,170.162,213.623,30.0573,27.7419,12.0097,204.653,142.629,453.03,240.17,3562.06,4037.65,41.8401,-41.3239,-26.3719,178.558,36.4537,33.132,-88.646,-13.55,17.7808,18.9738,161.352,-178.558,56.1775,-28.0092,train
2372,128.207,140.048,0.813686,111.93,169.58,40.3852,12.7217,186.741,45.3685,32.4896,137.762,429.957,298.542,3607.07,3242.74,134.213,-112.146,-21.568,1084.65,117.011,9.78256,-1084.65,-26.1729,45.8337,33.9241,-379.854,-81.0477,91.3187,-59.635,test
2373,213.068,82.0698,56.4026,130.088,159.031,179.933,218.03,120.913,15.6303,103.735,140.269,335.632,574.438,3941.04,5292.88,32.0387,-30.7619,-12.0073,131.509,39.4049,31.6154,-131.509,-5.85489,26.9,14.4202,26.3417,-58.9435,68.9133,-35.373,train
2374,45.1627,59.7617,12.8591,17.0902,214.767,193.693,99.9213,61.834,55.2302,14.2285,97.261,312.045,479.637,5691.18,4529.16,132.349,-122.313,-44.6324,412.806,195.945,16.4925,-412.806,-124.915,16.735,5.08858,30.9654,-131.028,54.6641,-97.9637,train
2375,178.696,116.528,63.9971,55.9787,93.6537,12.0881,193.607,32.2483,93.2336,160.603,67.4432,470.943,365.284,3169.55,3475.94,89.2484,-83.9827,-34.0429,165.323,40.2971,12.8206,-165.323,-57.4411,-7.73049,123.589,42.8834,-109.262,48.774,-13.1552,train
2376,155.995,29.211,214.345,7.28998,138.123,220.843,13.9947,127.111,115.462,152.877,62.7332,403.383,540.126,5952.01,7319.36,87.5413,-82.5074,-44.5374,175.436,77.4528,94.3106,-25.2889,-175.436,49.0105,12.4745,140.132,-89.5448,15.6646,-25.4848,train
2377,184.653,81.1615,118.564,127.277,208.48,5.3865,77.8645,89.5474,32.6381,170.473,76.8953,329.104,479.578,4969.23,5677.65,60.2742,-59.5774,-22.7913,180.767,41.7864,11.9971,-58.6426,-18.207,10.1093,180.767,66.509,-69.8825,100.411,-8.07766,train
2378,122.983,15.4111,199.051,16.638,43.5864,31.1083,5.36867,146.203,20.8501,102.392,165.77,422.86,439.597,4717.25,3525.92,43.8245,-43.0485,-21.3559,181.228,98.9176,140.359,-24.7002,-124.144,134.7,69.5338,181.228,-76.7699,140.1,-29.8758,train
2379,101.149,150.069,37.517,208.166,191.177,108.232,40.5867,153.389,24.5643,46.7476,84.5707,544.336,495.919,7370,7894.79,100.083,-97.5604,-35.4028,195.538,137.947,21.0526,-195.538,-10.9721,32.5661,29.1904,65.9472,-78.4594,131.495,-95.5767,train
2380,95.0502,223.976,1.01922,75.3791,179.357,152.75,159.957,189.234,23.8412,180.028,74.2169,491.855,539.811,3020.07,4169.06,184.798,-169.739,-61.5094,575.832,205.858,16.1656,-575.832,-17.2176,74.4352,23.7034,-38.297,-109.472,76.9858,-28.4425,train
2381,56.94,65.6295,77.1578,22.605,205.79,200.668,110.98,215.315,100.173,20.9668,122.098,320.592,333.841,5699.22,6574.44,41.03,-38.7329,-12.3218,115.06,115.06,15.1854,-83.0072,-97.7354,5.52159,4.96645,40.7614,-21.9742,31.1904,-67.2214,train
2382,98.0704,212.253,18.8798,52.7554,45.8811,192.351,175.668,220.1,160.064,209.013,125.647,266.516,400.495,3079.82,4792.72,42.036,-38.005,-16.3073,204.749,82.9487,2.09999,-204.749,-42.0703,70.84,2.31727,9.66431,-35.1443,19.6094,-3.01587,train
2383,184.705,51.074,8.05548,166.544,96.1762,201.188,213.347,23.6938,176.378,32.1547,128.204,568.395,271.968,5683.26,6952.65,154.508,-139.82,-65.0737,892.415,68.1232,15.2159,-892.415,-29.4625,20.7113,3.86274,9.97544,-411.766,39.3433,-34.1796,train
2384,49.4813,68.3176,26.3353,211.355,55.2604,92.3559,206.299,217.231,131.212,5.99143,201.905,224.426,324.567,7616.96,9027.29,23.7553,-22.4704,-8.46071,159.866,116.576,0.967933,-159.866,-10.3055,24.3566,0.716,13.4762,-22.9424,23.476,-15.6086,test
2385,122.778,123.424,64.2994,114.743,59.5173,212.078,76.6419,55.2528,18.5462,178.463,168.114,353.359,221.804,3073.64,3265.79,25.3374,-24.628,-11.8619,103.319,50.2977,22.919,-103.319,-6.14271,32.5458,13.3383,57.3819,-67.6197,53.7464,-22.4162,train
2386,130.562,2.08571,35.2588,213.002,140.3,176.219,136.015,182.792,40.1167,167.91,112.598,265.763,308.68,3381.66,4460.43,41.2785,-37.8131,-11.2557,153.461,54.5019,153.461,-111.854,-10.9744,15.1152,1.81635,13.3734,-34.4921,82.4048,-2.69582,train
2387,55.3183,189.074,209.617,94.7093,73.1063,214.19,179.725,206.855,67.634,195.03,188.342,579.942,285.674,2725.16,4371.22,22.8846,-22.417,-8.06336,139.307,139.307,20.8602,-59.8652,-19.5896,0.704253,18.4141,53.1092,-13.0363,38.7942,-28.5998,train
2388,222.089,182.261,108.12,26.5052,0.88128,54.5598,109.936,213.485,191.053,81.3245,134.314,258.508,540.637,5526.24,7261.46,23.4044,-20.2442,-14.0096,144.59,24.2095,-0.433883,-72.0027,-100.515,144.59,-1.44942,66.8908,-18.4926,19.7207,1.37518,train
2389,146.928,118.284,129.857,94.0612,190.308,205.072,39.346,24.5254,61.452,34.0835,139.765,267.205,250.435,6225.21,6318.18,29.1259,-28.8355,-17.6509,117.923,32.1047,8.26502,-44.6908,-18.0141,1.84229,4.7672,112.551,-117.923,38.9943,-40.5641,train
2390,88.3693,27.2083,152.762,167.678,140.678,209.226,131.455,96.2437,162.562,16.1108,144.395,246.047,406.42,5494.85,6836.42,18.0481,-17.6531,-8.2304,55.7628,55.7628,8.52688,-42.6671,-13.2902,1.69728,1.10886,43.6504,-36.2539,19.3867,-20.3653,train
2391,27.2595,166.919,149.776,197.944,106.822,119.559,7.23186,17.5228,223.981,92.3843,194.391,204.233,341.622,6936.1,7932.39,49.3744,-48.5395,-37.0444,380.449,203.795,1.85855,-26.6253,-8.75043,16.6721,2.59476,380.449,-283.528,10.9364,-4.74894,train
2392,56.457,66.3074,90.6665,58.9772,214.436,66.4815,203.178,53.9704,98.4465,40.3276,74.0292,376.275,282.286,6124.23,6234.16,61.8244,-59.3316,-20.7539,97.4302,93.4772,18.2637,-97.4302,-43.2664,-4.8361,18.2158,35.2959,-39.6905,36.6564,-42.468,train
2393,68.4354,50.2354,144.399,177.526,145.26,48.0347,131.048,19.3416,190.541,53.5724,69.9074,245.059,337.388,3128.11,3408.96,40.9322,-40.1053,-20.8876,59.8315,47.7659,10.1141,-51.64,-10.9421,-7.73933,10.5774,54.0248,-59.8315,14.4175,-13.4125,train
2394,181.618,221.874,10.807,135.42,210.323,214.86,123.926,148.935,151.74,27.6384,119.954,230.292,591.857,7013.59,10353.9,46.1312,-42.0885,-18.082,232.435,56.7972,1.03858,-232.435,-15.3041,28.2423,1.07248,2.38501,-76.0827,19.3156,-11.7909,train
2395,22.3546,86.5438,41.8716,183.678,33.5647,200.301,124.693,52.8706,218.849,65.6769,147.334,283.184,560.473,5084.54,5680.55,53.7078,-51.8361,-21.9693,228.99,228.99,7.3167,-214.495,-11.97,2.63736,3.16132,69.7438,-61.1779,14.2076,-13.635,test
2396,139.687,192.452,63.0437,1.92677,124.934,111.994,87.9184,28.5332,21.3223,115.845,149.753,345.106,453.493,3631.06,3296.03,41.1473,-38.0895,-19.2595,140.824,43.0252,16.7898,-140.824,-114.096,18.7231,28.8519,87.296,-126.834,14.5807,-39.4463,test
2397,47.3919,66.8555,98.5865,5.39503,68.831,86.6693,133.262,25.1462,161.597,122.524,153.285,549.67,359.299,7299.52,6671.74,51.552,-47.4683,-17.8243,202.75,144.293,65.8563,-134.347,-202.75,3.59974,50.8006,82.225,-75.452,9.57272,-50.8194,train
2398,139.047,182.314,70.3171,161.722,86.7558,193.241,173.222,91.9297,52.5207,18.3202,126.622,342.994,576.78,7735.27,9255.63,38.4168,-37.1382,-14.5792,120.052,54.7724,4.57161,-120.052,-16.0551,18.3217,4.3131,40.9169,-64.3958,69.9147,-64.3391,train
2399,112.052,60.4858,80.8431,78.8208,31.0511,36.2556,154.266,10.6816,47.3782,121.111,209.831,350.119,537.664,7107.17,5660.84,26.9547,-26.0302,-12.4351,140.819,40.1236,32.1083,-140.819,-19.7802,-18.1746,53.5669,72.2669,-131.702,46.5381,-22.6778,train
2400,113.272,191.011,61.1009,137.165,188.934,180.441,198.173,172.488,140.077,30.2541,177.762,340.687,564.915,6047.5,9052.35,23.3885,-22.2646,-8.94779,118.892,75.9707,3.21458,-118.892,-20.3612,12.7328,3.40289,27.5282,-42.6222,28.1965,-28.702,train
2401,18.8106,224.727,95.9904,168.431,149.582,45.4927,74.7463,63.0219,186.902,136.505,186.747,342.067,364.883,6162.19,7636.34,36.066,-34.9771,-15.2036,254.879,254.879,5.09449,-94.9723,-13.5117,-6.03052,25.166,107.765,-30.8269,17.2201,-11.861,train
2402,106.848,64.6455,146.387,108.399,55.0235,37.3756,167.129,157.054,167.164,216.794,78.5643,524.139,236.456,3488.87,4849.58,45.3955,-43.957,-15.9652,80.3028,80.3028,26.6565,-64.9552,-32.4559,-3.2604,46.1055,36.1081,-30.0645,29.7639,-11.2411,train
2403,14.678,120.016,150.298,50.2726,156.091,90.3663,130.329,68.2074,185.502,49.697,67.3962,402.329,329.563,2892.52,3160.99,98.4726,-93.2697,-32.4064,263.169,263.169,11.8897,-76.5327,-51.645,-17.6615,15.7908,81.1599,3.32749,19.7936,-40.6066,train
2404,214.539,210.738,23.0307,94.2572,104.418,1.47121,53.9565,108.772,159.303,183.843,138.736,540.983,381.611,7137.6,8901.45,54.9008,-50.5205,-20.6526,270.439,64.4042,0.802288,-270.439,-55.6006,30.3263,114.921,21.455,-109.309,46.5249,-1.30059,train
2405,18.5986,87.1878,17.2829,143.677,9.97191,47.7344,49.3866,70.7814,4.75163,54.6141,81.4364,261.632,568.086,7719.1,4082.2,190.682,-184.101,-80.8971,437.382,321.022,21.8918,-437.382,-4.92505,265.41,39.9859,141.543,-67.0182,210.606,-49.4251,train
2406,140.796,169.568,81.4413,60.9061,140.71,156.739,169.941,104.338,144.31,93.4366,114.136,421.883,599.979,3839.8,5176.35,39.4193,-37.2881,-16.7737,118.697,63.8471,10.1899,-118.697,-40.8981,16.2011,11.0239,45.3371,-64.6616,24.4109,-26.1525,train
2407,126.869,129.378,70.5224,46.9993,39.8805,112.256,20.6495,150.856,26.793,77.5139,70.9346,391.904,234.374,6251.92,5236.34,67.6845,-66.2313,-31.9814,87.2317,70.215,17.7271,-73.6325,-34.5863,84.3404,20.431,87.2317,-46.7703,85.8003,-41.8442,train
2408,33,192.579,64.8544,119.111,184.621,61.4609,108.182,26.6481,136.717,84.2084,126.232,310.064,538.4,5814.18,6160.43,51.2379,-49.7569,-23.799,151.953,146.395,5.65934,-151.953,-16.8814,-1.51853,17.7328,88.2948,-91.8331,20.7996,-18.3035,train
2409,25.4464,58.1794,107.797,98.1603,34.0424,20.8122,9.13409,69.7495,70.6113,189.058,75.378,307.038,481.589,4306.88,3242.03,139.617,-135.353,-82.6821,350.104,350.104,7.84612,-47.4797,-26.6289,94.7231,21.9334,317.053,-118.379,52.3515,-3.41464,train
2410,149.906,41.1696,109.871,62.286,40.6466,185.168,180.671,204.188,46.7558,135.611,61.8781,460.413,306.408,7017.61,8927.35,61.5722,-59.2737,-20.9889,78.7163,54.8868,60.2944,-78.7163,-34.0659,36.9503,13.4057,31.6585,-25.0981,64.1786,-25.8864,train
2411,37.9759,148.336,178.886,205.995,78.0726,47.4004,171.322,183.655,110.751,136.879,89.0641,291.721,563.783,2743.13,3885.07,41.2375,-40.745,-16.5892,128.994,128.994,7.39906,-53.0551,-8.83355,2.0721,23.1548,54.2632,-15.2579,23.236,-11.3397,train
2412,201.73,173.556,221.768,165.089,172.781,155.001,140.552,202.786,122.819,149.104,97.9328,435.994,494.877,3266.14,5853.75,25.9092,-25.4026,-11.9733,45.9076,45.9076,10.7883,-39.5352,-15.068,13.9683,12.0798,44.3497,-34.1793,28.6433,-17.7591,train
2413,189.26,132.611,189.028,101.272,220.74,40.7615,151.531,114.481,98.8963,17.3405,190.756,303.008,411.71,4950.61,6402.1,13.6291,-13.2967,-5.3869,39.7691,32.5232,3.67717,-37.3066,-25.1051,2.64036,11.9631,37.5358,-38.6073,36.3568,-39.7691,train
2414,142.218,48.167,155.535,191.058,49.5108,3.89213,57.9174,114.168,148.682,5.93276,110.014,560.49,461.425,5782.38,5564.49,43.5087,-42.8605,-21.1819,96.6761,83.4269,3.18945,-61.492,-28.5321,16.3323,39.471,96.6761,-77.5425,51.8508,-36.6204,train
2415,28.3127,185.012,205.421,177.595,182.345,89.9272,209.624,185.191,110.995,209.481,192.571,258.783,263.606,6481.41,11143.1,13.7662,-13.4703,-4.8756,102.624,102.624,7.54197,-36.4811,-6.71456,-4.79719,15.5165,33.0991,-2.42632,15.1935,-9.42013,train
2416,215.101,188.842,56.5733,203.943,25.3514,109.027,93.5502,18.6321,30.3753,204.091,108.394,414.183,299.143,6478.58,7636.49,53.3656,-51.3328,-27.7028,167.358,27.6564,15.9087,-167.358,-5.57803,26.4087,27.5549,80.5163,-137.163,52.9644,-20.8173,train
2417,34.1054,21.1891,217.725,180.682,60.5831,179.172,110.479,127.481,82.0326,176.55,181.088,380.553,276.346,4117.13,5254.29,26.0433,-23.841,-8.69557,153.937,153.937,72.0229,-41.0147,-12.6157,-13.7805,8.51752,65.5963,-16.0253,39.2966,-12.2245,train
2418,110.443,192.305,43.4052,64.3961,89.4442,201.958,87.6491,45.7989,98.5487,143.962,174.125,307.682,576.953,7404.57,8352.63,34.7774,-33.0307,-17.7772,182.37,64.1434,7.67016,-182.37,-24.8744,26.8945,7.30354,78.0766,-123.743,22.9867,-14.4898,train
2419,80.853,85.2164,172.103,53.3043,164.997,199.81,163.363,131.951,91.7913,68.239,123.091,548.07,354.013,3527.13,4516.06,37.4342,-36.3156,-12.6633,105.215,105.215,29.5451,-66.6772,-55.586,0.383339,12.6006,51.8947,-32.4343,45.65,-52.1785,train
2420,126.25,56.581,26.4967,42.6345,216.407,208.103,81.3983,22.5768,113.021,208.607,83.439,412.146,523.158,5287.76,6181.07,124.66,-116.406,-60.769,363.267,63.1333,39.8664,-363.267,-43.7622,9.16487,10.8392,95.625,-241.11,23.3461,-15.292,train
2421,58.2327,99.1204,170.164,107.987,200.42,116.025,128.835,71.9893,180.607,152.033,207.129,534.361,373,2736.2,3768.93,22.6929,-22.2583,-9.67444,131.736,131.736,22.2444,-71.0463,-29.066,-4.04657,19.0035,74.0493,-45.7277,24.5774,-20.5097,test
2422,13.2859,118.969,149.627,221.918,192.26,13.6094,173.454,126.112,222.854,95.8256,63.4527,564.649,287.241,6583.71,9535.91,117.207,-115.825,-38.0624,325.012,325.012,8.3796,-103.55,-20.9518,-31.0933,73.2519,80.2877,14.8968,29.5058,-14.7126,train
2423,53.4387,97.7382,30.9335,86.6402,173.613,142.165,35.5763,186.082,36.1164,36.3923,94.8629,336.578,301.794,4474.24,4093.47,70.3105,-68.329,-24.497,158.123,158.123,15.7033,-150.819,-21.133,18.7381,10.796,51.6604,-38.6391,71.6953,-59.6432,train
2424,146.181,154.373,102.954,128.755,135.414,55.6847,2.76117,54.4225,171.661,126.474,180.192,486.459,554.995,7386.53,8279.74,43.7143,-43.5124,-33.2632,301.261,100.499,6.71448,-52.9632,-29.7314,44.2958,18.6143,301.261,-255.346,31.537,-11.5904,test
2425,37.6317,30.8972,55.9814,35.7709,120.314,166.482,129.006,67.2113,39.7037,63.2494,104.087,340.869,320.171,7086.18,5638.34,61.9151,-59.7348,-21.0771,146.669,146.669,59.2488,-141.267,-44.1159,4.42732,10.9959,49.3272,-44.4126,56.2095,-40.9314,train
2426,215.012,43.9463,167.423,127.963,121.513,204.853,96.7041,154.473,2.02607,177.253,86.7727,459.712,262.839,6872.65,9360.34,44.8938,-44.6042,-15.0755,111.659,39.7209,100.968,-47.0622,-1.2501,31.1356,21.6602,47.9988,-36.1017,111.659,-35.4019,train
2427,110.609,51.7033,65.6281,5.69713,202.099,11.6752,84.2121,102.246,205.633,173.654,115.343,250.898,407.408,7500.2,8555.57,44.2091,-39.0837,-13.8793,179.691,56.8602,28.7265,-80.937,-179.691,13.6397,127.214,47.0682,-52.2868,7.04052,-12.0957,train
2428,2.8283,165.64,71.7856,201.168,117.709,160.594,44.8585,63.0021,122.159,106.807,66.1565,279.877,425.02,3093,3382.78,234.362,-214.162,-89.1097,699.886,699.886,8.76762,-148.595,-6.6934,-18.3994,9.0431,248.055,18.3904,15.5881,-19.2292,test
2429,166.349,160.549,108.281,67.1573,108.609,20.0578,214.831,121.046,56.2145,134.098,136.804,396.434,403.237,5117.29,6434.66,27.4102,-26.3776,-9.20475,86.4722,44.7723,10.8032,-78.2923,-33.204,11.5424,86.4722,29.71,-40.6988,56.0985,-18.2916,train
2430,117.972,152.909,36.4355,97.1121,140.338,92.0479,90.4651,121.55,89.8781,28.2725,122.803,324.4,218.417,2981.97,3009.58,35.2183,-33.3624,-12.5386,126.132,62.0525,5.09387,-126.132,-25.3841,11.4821,8.46185,21.1305,-47.4291,38.7879,-38.961,train
2431,207.322,133.379,206.753,179.23,16.2382,153.071,132.721,128.848,198.288,25.6562,155.46,356.126,288.395,5696.01,8242.92,13.7317,-13.4069,-6.10585,35.2836,32.2936,3.53493,-33.2404,-17.2391,2.71925,3.08017,35.2836,-34.3973,22.0366,-25.989,test
2432,30.0198,180.41,136.518,95.8129,175.04,8.58283,5.7733,13.9785,151.885,203.093,69.7548,596.879,430.148,2932.73,3100.92,318.342,-317.943,-235.672,864.128,423.434,5.48688,-69.5621,-51.9648,10.076,115.334,864.128,-682.154,46.3588,-6.89296,test
2433,92.7225,152.527,107.456,32.6629,38.8888,15.5937,70.357,57.5887,24.9391,89.3047,122.679,430.661,376.338,5555.86,3974.6,52.3253,-51.2164,-20.6742,152.428,81.7871,15.5835,-84.6834,-59.0794,34.6421,152.428,96.344,-80.471,109.427,-37.6403,train
2434,163.53,225.011,78.545,120.489,69.4626,27.2664,118.404,199.164,105.805,54.2691,133.307,439.275,330.412,5275.31,6559.29,28.2796,-27.1008,-10.5079,89.7425,57.6869,4.50313,-89.7425,-28.0482,23.9166,37.1613,31.724,-35.7935,45.1711,-26.4047,train
2435,175.167,111.327,4.12286,116.622,143.752,21.2198,191.159,40.2289,70.9625,66.1907,111.816,256.862,475.299,4715.03,4714.14,121.046,-109.551,-50.0451,612.602,56.7071,5.30249,-612.602,-16.9635,37.4691,27.8188,-0.317756,-258.895,39.4259,-12.6124,train
2436,104.072,48.5251,124.694,176.839,147.884,136.461,224.189,113.584,115.844,125.267,197.662,568.188,387.59,5413.08,7707.39,22.0201,-21.37,-7.9597,94.7254,87.5339,43.9062,-94.7254,-20.0822,-0.834347,15.6129,38.6679,-42.6808,43.3544,-24.0531,train
2437,187.195,202.941,150.102,99.9464,97.8063,72.4058,216.689,217.166,61.1102,86.2624,136.239,240.418,218.706,3854.24,5753.01,12.4187,-12.0568,-4.23646,31.9343,24.6065,5.73553,-31.9343,-12.4087,9.83403,16.0757,15.593,-14.3399,28.7009,-19.0826,train
2438,137.363,21.6083,101.334,190.349,166.444,76.1598,110.09,53.6238,213.126,167.125,185.316,479.531,513.53,6035.22,8071.19,25.7688,-24.985,-13.0461,107.562,62.7644,43.4286,-107.562,-20.2622,-0.184336,12.3217,78.4171,-100.908,25.5928,-7.94089,test
2439,47.4106,30.8497,63.869,127.525,139.853,178.983,209.958,103.94,103.115,75.524,79.4922,216.903,486.785,3764.18,4423.08,50.138,-48.2534,-19.3971,106.346,96.6604,20.5574,-106.346,-12.0356,6.28422,3.54331,31.1404,-32.841,21.0501,-11.8754,train
2440,12.4005,131.032,218.97,203.516,21.8089,91.6751,202.646,20.0741,174.653,122.717,143.73,240.753,358.032,6009.56,7775.2,28.0732,-26.1906,-7.88855,185.09,185.09,11.6962,-38.8532,-4.29916,-45.2688,16.7176,42.5714,7.91262,7.08467,-17.6618,test
2441,66.801,185.287,28.5472,34.4794,201.94,49.0678,12.8898,32.5808,49.9172,39.1277,206.465,363.165,252.252,6165.03,4263.81,45.408,-44.1346,-23.5458,198.141,122.7,8.7667,-182.891,-58.2173,12.6647,33.1043,174.378,-198.141,56.8691,-58.7099,train
2442,63.2056,62.1062,181.522,152.062,149.51,128.363,119.196,178.28,206.895,8.02016,169.816,346.216,239.147,3981.27,5320.18,18.1395,-17.4889,-6.57976,91.5878,91.5878,3.10037,-38.5028,-21.5018,-6.30668,1.50006,41.8458,-18.4566,22.3492,-33.9532,train
2443,22.5932,180.222,204.278,176.382,146.374,167.517,200.817,126.584,9.26427,40.7123,67.4637,457.742,462.28,4061.8,5315.11,104.88,-103.372,-26.6832,202.974,202.974,20.2397,-67.4043,-5.27134,-6.29461,21.7748,64.7313,-0.0938648,141.932,-126.707,train
2444,203.799,189.25,200.684,80.8128,37.5856,32.1293,87.8457,108.392,61.6082,94.9402,165.89,462.158,435.764,6136.31,6975.51,22.9553,-22.5196,-10.8445,75.2157,43.8113,9.71305,-46.3102,-34.4424,40.5396,57.2122,75.2157,-56.1954,63.8926,-27.3814,train
2445,165.634,204.089,127.946,131.188,118.028,61.0795,150.175,105.624,68.2939,89.7942,93.9655,468.234,317.946,7460.63,9505.02,38.6533,-37.6553,-14.8221,70.5337,49.5187,10.6394,-70.5337,-19.1401,8.54625,35.5502,40.8906,-47.125,51.9962,-34.1983,train
2446,42.245,138.349,217.639,47.2647,167.486,193.471,80.0677,200.947,168.209,39.2638,94.5393,432.487,550.791,5508.28,7541.47,61.401,-58.7729,-24.7413,195.234,195.234,9.3817,-47.0267,-64.0418,5.34905,6.70875,104.386,-27.6077,25.4488,-46.7499,train
2447,33.5369,19.9336,72.7357,192.504,222.137,78.6811,181.194,118.433,122.488,88.816,198.643,525.018,300.453,4519.63,5546.54,36.214,-34.5805,-11.7642,216.435,216.435,64.1694,-158.059,-20.6284,-8.83546,16.2571,48.7525,-23.9821,45.8489,-20.3675,test
2448,65.1763,1.86151,118.491,18.4737,156.53,41.5478,169.127,82.7247,109.642,155.05,207.158,265.623,388.377,6599.24,6834.4,22.627,-20.1973,-6.04648,174.741,71.2418,174.741,-60.8417,-126.176,-2.19697,7.82913,38.071,-33.9695,30.0655,-2.96691,train
2449,60.3205,167.592,211.879,210.131,64.6666,43.0555,131.718,187.87,42.0715,221.578,173.98,384.559,548.526,6463.71,9353.03,23.2285,-23.045,-9.59692,114.358,114.358,13.3299,-47.7814,-7.66948,22.2828,51.8862,67.4081,-22.9784,54.1731,-14.2583,train
2450,224.416,137.385,7.00236,151.618,130.822,162.144,84.1708,174.468,102.636,37.1216,185.418,583.108,449.521,4952.67,6235.16,54.2253,-48.7884,-17.6695,448.666,83.9813,7.98742,-448.666,-31.2215,63.307,6.76776,-45.1859,-105.503,65.2259,-41.8055,train
2451,135.603,80.1547,21.3175,176.751,114.389,161.571,116.998,96.8812,142.641,63.0508,131.773,283.705,418.164,3256.62,3821.03,40.9669,-37.9876,-17.0964,207.847,60.9278,6.34087,-207.847,-13.1756,27.067,3.14569,19.2642,-79.1904,23.0889,-11.3999,train
2452,133.21,42.7327,26.916,114.131,113.134,195.058,2.61086,99.4764,113.417,160.8,199.412,571.319,534.185,7323.83,7750.71,43.5028,-41.8764,-22.5143,221.502,124.01,38.9376,-221.502,-35.4793,59.7256,8.53031,134.745,-153.628,50.491,-14.6339,train
2453,162.428,210.493,35.4561,209.384,152.44,197.629,91.8369,152.697,70.2157,71.1921,187.325,266.192,470.685,5910.57,8180.63,20.8331,-19.7922,-8.78974,125.264,50.7993,4.73096,-125.264,-7.95706,25.7363,5.03891,27.4019,-51.7659,33.5565,-19.782,train
2454,28.7443,188.131,170.259,2.87218,40.8995,35.8271,215.589,142.713,112.308,154.759,100.429,431.106,582.621,3898.44,4816.45,64.4408,-59.6526,-18.4061,187.718,178.74,20.0493,-80.0054,-187.718,7.03066,105.281,61.0751,-8.1923,6.78926,-34.4681,train
2455,21.4048,107.757,195.515,46.8877,128.391,181.207,4.67555,187.704,154.798,154.193,61.6798,315.219,554.898,4084.16,5191.81,196.243,-181.721,-98.2921,504.231,504.231,10.3558,-21.5461,-43.4288,43.6516,6.15818,320.736,-57.5677,18.6032,-10.2348,train
2456,30.0707,29.9192,38.9872,186.278,206.174,46.2734,127.588,19.5556,13.0765,170.25,192.517,384.89,275.533,4389.74,4034.28,47.3734,-45.972,-16.8209,235.731,169.984,97.0443,-235.731,-5.07528,1.53869,62.7464,59.2074,-91.3115,102.245,-24.1184,test
2457,178.413,74.1231,136.399,29.3443,222.487,41.0652,16.8434,17.375,152.969,132.205,119.896,423.638,380.056,5834.86,6047.78,72.6198,-71.8433,-55.034,333.448,46.7069,25.9065,-59.9459,-78.9288,8.00328,46.7615,330.83,-333.448,21.4126,-20.5414,train
2458,150.11,183.901,9.34167,38.6078,37.2464,214.601,187.065,57.7562,86.2712,77.8559,92.188,427.126,405.877,6020.72,6673.29,138.683,-123.898,-55.8432,549.909,78.1794,6.79669,-549.909,-78.2573,119.284,5.82439,6.54553,-182.768,49.5278,-22.7041,train
2459,118.763,64.2197,156.681,125.891,152.481,187.866,143.969,155.909,59.6393,174.727,100.346,325.933,399.903,6550.73,9353,27.3206,-26.8073,-11.4243,54.7331,54.7331,28.4015,-46.443,-11.4019,11.8411,9.70868,39.4634,-29.3978,34.0373,-14.7626,test
2460,186.553,39.2354,201.227,130.958,44.873,198.518,203.406,155.982,11.2731,68.976,96.57,461.968,314.922,6658.05,8664.05,43.7947,-43.4612,-11.3751,138.444,38.8103,89.6158,-48.5425,-8.4269,33.8049,17.7118,35.7951,-23.7587,138.444,-72.0908,train
2461,102.043,96.7708,6.08789,29.5185,60.7487,149.663,120.945,30.8226,22.4642,207.195,196.327,308.003,410.44,3962.98,3566.68,80.9482,-73.4756,-33.7656,697.668,89.1505,22.1641,-697.668,-31.6815,83.6553,14.3312,13.6492,-276.08,58.8742,-14.6397,test
2462,224.956,127.482,23.2501,176.581,159.912,147.493,82.4006,196.127,85.6189,92.2807,165.304,438.469,231.499,7290.47,10034,28.8906,-26.7705,-9.69976,181.227,50.0344,13.4003,-181.227,-15.1568,26.2296,11.5822,-2.93754,-49.5437,44.2075,-26.1798,train
2463,204.415,193.551,211.089,156.25,94.9232,187.097,66.4507,28.3804,171.138,58.5411,91.629,409.672,555.782,7225.23,9951.43,49.1032,-48.6061,-33.3491,149.489,34.7169,5.90513,-50.9326,-18.9041,0.486332,6.10882,141.624,-149.489,24.4088,-27.6107,train
2464,22.5364,22.4873,97.8254,73.4581,203.48,188.316,194.689,81.8612,219.37,92.5106,156.574,404.538,375.517,4653.51,6128.6,39.4287,-36.8004,-12.7671,207.84,207.84,49.322,-114.565,-39.9718,-11.2918,5.88968,52.0241,-11.0322,18.9292,-16.9552,train
2465,79.7169,177.105,145.182,115.279,47.7815,106.321,79.6377,42.6912,95.8968,180.764,155.809,369.947,298.948,2906.66,3284.15,24.3938,-24.0222,-12.8981,81.3678,72.8378,10.9747,-57.0421,-15.2309,7.34878,18.2812,81.3678,-69.7956,25.8932,-15.2063,train
2466,98.7428,138.695,87.8984,39.2303,44.8108,90.7473,54.1709,63.737,211.212,151.797,170.288,219.279,215.015,2729.06,2945.25,16.0573,-15.4246,-8.66763,56.0269,44.4552,6.26218,-49.3624,-33.7558,19.4728,9.57093,56.0269,-48.7441,8.86678,-8.09169,train
2467,40.8548,44.2124,42.1681,209.577,92.4123,146.997,211.982,179.349,8.08831,148.266,65.8198,583.222,556.223,3927.8,4851.39,169.026,-163.891,-52.9558,293.734,261.234,113.59,-293.734,-3.86566,43.6121,34.1644,43.7244,-38.1682,141.652,-47.9022,train
2468,18.4077,205.864,106.079,40.4809,119.244,42.5986,41.53,187.903,211.665,18.9681,116.847,478.282,480.803,5385.99,5827.72,100.43,-95.3158,-39.771,456.35,456.35,4.16191,-101.398,-96.985,-2.58731,20.113,203.409,-27.2265,26.2314,-63.88,train
2469,132.324,189.604,207.265,179.775,13.7226,224.723,22.6334,140.459,7.7278,2.64621,171.158,561.922,205.752,7674.64,8370.22,101.44,-101.388,-15.8323,777.307,84.8034,7.23464,-37.1197,-23.6268,98.7309,6.10403,129.615,-56.4075,777.307,-733.085,train
2470,88.9492,223.727,89.2055,164.913,109.606,184.432,50.5455,3.92584,209.616,57.9547,98.921,434.605,502.813,6222.37,7489.22,85.0184,-83.6741,-57.6584,292.875,58.0001,5.9969,-144.691,-18.2179,-19.9932,7.27461,239.533,-292.875,20.2697,-32.7395,train
2471,187.652,112.733,147.818,102.598,127.5,39.2163,29.0158,213.383,182.361,36.7097,111.384,290.198,201.688,7802.82,9775.76,18.2125,-17.7603,-8.58855,39.7352,37.3329,3.92034,-25.1475,-23.9773,12.8908,11.2696,39.7352,-27.197,19.0776,-17.0259,train
2472,19.6883,180.057,57.1866,34.386,118.194,97.0897,98.0912,54.597,212.353,164.308,191.952,458.28,460.595,5261.21,6038.65,51.1934,-49.594,-20.0295,326.313,326.313,14.3929,-208.612,-57.909,-1.26502,26.6923,105.924,-47.7061,13.2612,-22.3056,train
2473,50.4793,123.286,59.0507,147.201,23.242,181.135,74.3114,222.3,118.222,17.8904,70.2157,463.798,349.311,7596.57,8310.26,92.7425,-89.8347,-35.0767,184.226,184.226,4.67406,-137.296,-27.5932,25.8112,3.1813,66.0268,-29.6561,48.5881,-45.5515,train
2474,132.873,119.338,33.6437,114.663,159.469,23.3089,225.335,26.9992,17.1401,161.255,190.548,360.28,425.252,5218.69,5690.28,41.1859,-39.0556,-15.7933,263.189,46.708,21.2902,-263.189,-9.26256,9.66573,109.003,32.9609,-136.369,87.6304,-22.2824,train
2475,109.822,32.3677,9.40462,172.867,58.6037,225.51,40.3483,172.73,42.83,82.3232,191.885,399.352,512.419,5937.55,5901.13,51.4366,-47.432,-18.4134,401.593,121.359,38.1268,-401.593,-15.9629,112.194,5.47237,-7.59524,-76.425,91.1148,-21.1999,train
2476,123.331,150.66,155.664,39.9838,190.289,179.653,67.3616,119.658,73.2389,178.081,96.487,343.086,481.423,4700.81,6273.48,35.4792,-34.738,-18.4343,74.7953,65.7847,14.4922,-44.9269,-31.1993,18.0514,12.1534,74.7953,-55.3407,24.0881,-17.3392,train
2477,81.4918,144.136,34.2085,71.4518,178.453,32.245,156.855,74.5728,194.407,157.371,111.404,524.088,295.302,6518.94,8147.16,68.858,-64.2491,-25.6902,252.031,123.375,11.7076,-252.031,-49.7313,7.05957,52.3334,30.4806,-91.2784,25.8492,-15.1646,train
2478,8.59957,83.3189,202.291,138.601,94.8598,88.819,68.951,127.215,172.815,163.977,111.349,581.209,270.331,5332.74,6681.48,107.4,-99.0283,-38.8404,542.19,542.19,33.8428,-76.5083,-21.5897,-43.6627,31.747,198.231,12.7785,24.4875,-24.3187,train
2479,17.8867,172.646,193.82,127.368,224.479,139.716,15.6828,47.3515,46.8199,20.892,68.5787,333.242,446.801,3604.46,3496.37,180.29,-171.992,-90.9658,421.988,421.988,5.85756,-35.6894,-18.2238,8.43906,7.23813,323.271,-125.902,70.1108,-68.4554,train
2480,174.526,23.599,86.9222,120.858,130.752,216.063,193.232,174.346,77.8199,169.803,151.258,349.288,578.541,7823.33,11608.6,23.2137,-22.2808,-9.15615,89.1537,48.7872,52.694,-89.1537,-18.6116,21.2034,5.75538,31.1525,-40.734,40.8773,-10.3568,train
2481,208.782,26.8663,160.59,58.1617,24.6671,80.3336,217.282,214.59,74.0179,53.7805,139.224,473.71,580.88,6639.17,8201.08,27.5176,-26.2616,-9.64714,67.4819,43.9847,51.5036,-67.4819,-57.6563,44.2981,17.2246,39.7015,-29.3011,64.071,-36.3861,test
2482,103.239,59.4555,217.476,196.133,12.8161,189.522,53.3746,184.931,4.13829,146.921,82.1883,566.877,328.265,2918.94,3547.96,77.912,-77.671,-38.9345,211.921,87.1399,85.0607,-51.9264,-3.11751,211.921,26.6846,149.013,-25.4459,208.954,-48.6801,train
2483,106.217,154.663,218.016,49.9261,120.676,108.709,38.7679,156.463,31.474,198.504,149.452,239.163,205.677,6129.94,7620.54,15.0769,-14.9595,-7.59234,53.2151,50.6626,11.2585,-17.6612,-13.0265,19.3846,16.0177,53.2151,-27.0221,29.2226,-12.4054,train
2484,89.647,98.6154,21.1866,197.222,84.8719,98.3142,110.388,199.39,169.749,26.471,134.629,288.781,271.611,5047.1,6024.72,34.1987,-31.9138,-12.5302,167.533,87.3437,2.43314,-167.533,-13.4258,27.0339,2.44059,8.47642,-35.0541,22.0599,-12.8191,train
2485,95.2544,52.0359,75.2403,194.712,106.766,112.834,219.798,108.916,219.622,30.1705,113.191,236.777,343.573,7736.72,10293.1,23.6113,-22.5543,-9.58181,75.7437,50.8121,5.36757,-75.7437,-10.7259,3.59514,2.47537,21.4334,-32.1016,13.4483,-13.0922,train
2486,192.905,8.47392,144.886,38.2923,151.38,59.6352,74.5241,145.737,35.4587,32.0516,202.408,381.75,489.454,4576.68,4195.56,24.5823,-23.9827,-7.79182,138.367,48.0637,138.367,-48.8333,-69.0737,18.5577,19.6614,61.8216,-52.9276,105.491,-51.7347,test
2487,60.2808,7.16581,28.8686,6.13207,145.507,26.0285,151.903,137.977,79.7537,51.4098,134.953,350.801,424.81,2767.32,2200.03,76.0689,-66.9645,-18.0436,316.908,141.765,218.358,-215.682,-316.908,21.2662,60.1154,25.3085,-51.6343,34.4591,-43.0431,test
2488,147.837,200.561,72.6767,172.644,161.02,61.8631,212.995,98.306,217.186,188.532,171.392,567.662,434.263,4221.6,7066.62,28.3989,-26.8874,-11.605,149.052,71.2936,9.11641,-149.052,-22.29,6.30363,29.5555,34.2341,-69.9617,25.0579,-13.7151,test
2489,115.745,48.9054,95.1166,147.02,12.6499,214.44,109.869,157.744,87.107,8.55412,196.713,430.249,387.676,2770.77,2907.61,22.3858,-21.7677,-8.55613,85.4911,74.7557,7.12541,-85.4911,-26.8944,31.3116,1.62502,49.2878,-38.9997,64.1949,-57.6111,test
2490,10.2192,23.3947,161.173,75.9886,98.9555,107.344,200.28,114.671,152.085,55.4617,93.5578,362.384,541.491,3541.06,3937.34,74.0637,-67.9978,-21.7511,275.969,275.969,47.1409,-83.5513,-33.1759,-33.5973,10.2739,69.499,9.91129,23.4423,-28.1214,train
2491,118.203,158.34,173.589,207.592,158.987,43.2162,14.3861,31.0925,171.828,191.13,92.8844,452.1,278.861,6075.22,7985.82,69.7103,-69.4935,-52.0178,244.025,79.0862,8.28965,-40.3445,-15.4554,10.1822,30.3725,244.025,-219.563,26.4066,-9.71211,test
2492,65.4299,54.1721,177.286,62.0395,192.743,109.844,52.8824,157.689,22.3476,63.4769,170.055,528.071,585.531,4262.99,4212.58,42.9935,-42.6721,-16.8854,177.432,177.432,62.7677,-56.9029,-30.3106,23.0783,30.9553,128.562,-56.7579,119,-75.7549,train
2493,208.107,40.9562,84.7675,12.6035,212.059,172.642,68.8974,29.0374,108.853,179.558,152.708,345.948,483.212,2952.8,3449.33,35.8575,-33.9647,-19.4214,142.54,30.687,57.4223,-104.101,-87.8866,8.57789,13.6224,110.122,-142.54,14.391,-18.523,train
2494,47.7071,16.4489,72.118,17.6503,29.699,137.799,191.881,164.84,10.7883,57.8809,172.724,472.636,350.881,3495.94,2950.59,51.0693,-48.7645,-12.2056,205.014,150.774,205.014,-145.524,-76.7193,37.4588,24.4721,42.5159,-21.1619,177.507,-82.3946,train
2495,177.069,6.39225,77.391,149.005,86.2357,68.2517,33.9824,58.9603,147.27,152.655,69.2095,251.638,383.105,5800.08,5939.73,52.666,-51.6599,-33.3363,97.4181,37.1486,32.5779,-62.0528,-15.4903,20.332,3.05115,95.1321,-97.4181,22.1646,-1.92922,train
2496,94.0879,121.323,197.241,82.3584,10.1328,94.0171,35.3106,172.18,204.163,88.4676,139.032,374.491,329.623,6486.23,7748.5,24.9534,-24.3952,-15.9694,105.25,86.7074,1.47432,-32.3099,-43.2991,83.6066,1.90252,105.25,-36.2483,24.7015,-2.85934,train
2497,88.5524,184.315,173.401,162.729,180.326,191.718,206.217,50.3416,183.341,173.298,188.359,565.27,220.48,7208.53,12182.6,18.8763,-18.3916,-7.59988,80.7213,80.7213,14.5464,-69.2892,-18.2609,-8.18638,13.9847,43.6309,-42.0081,22.9215,-21.8795,train
2498,16.0458,135.786,91.9101,17.9805,67.9608,192.908,74.1001,8.32297,44.7803,186.658,192.363,566.517,286.17,6170.14,5452.73,55.4348,-53.1101,-22.103,371.998,371.998,34.3473,-151.107,-55.6882,-10.263,24.1767,156.938,-51.6244,31.6222,-35.3358,train
2499,84.5401,126.235,177.755,46.3817,153.54,64.6163,40.0318,171.057,117.734,89.8504,74.3584,260.429,262.174,5726.74,6520.33,37.3785,-36.7007,-17.6936,72.5826,72.5826,8.34375,-24.182,-33.4402,12.9011,16.3004,59.8506,-29.1997,18.6307,-16.5781,train
2500,186.751,171.04,21.5166,127.416,33.4462,25.3037,76.8864,148.676,190.652,38.0588,121.424,375.582,247.906,6930.77,7655.15,40.7883,-36.9769,-16.6318,200.399,50.5198,0.94018,-200.399,-28.2147,62.3024,6.35514,10.2284,-54.0168,26.6669,-5.97543,train
2501,182.632,95.547,131.603,80.2183,22.5836,6.30354,45.5957,187.326,89.2166,200.567,109.251,455.051,448.421,4093.31,4708.99,38.2976,-37.2236,-20.0745,91.4346,58.2442,5.12269,-56.9779,-50.625,89.6987,77.6482,91.4346,-45.952,64.3735,-3.4512,train
2502,1.02375,108.35,27.5144,179.538,9.00816,68.1671,111.136,185.827,18.861,173.355,190.477,261.441,586.683,5101.51,5063.22,113.307,-106.106,-34.7238,906.5,906.5,26.5985,-464.558,1.49011,-157.507,42.2776,129.384,12.8339,-20.0597,-23.5106,test
2503,58.5244,5.90313,209.957,21.2613,75.9437,86.5226,98.4307,225.794,113.782,68.0874,152.319,398.08,237.294,6408.44,6878.55,34.4656,-30.7494,-8.55828,167.181,113.538,167.181,-36.5342,-140.815,-4.34524,11.4062,53.0139,-16.6849,37.2119,-20.4983,train
2504,188.57,105.193,208.499,160.239,187.872,59.9643,152.011,44.1383,221.943,92.1627,161.478,395.057,352.984,5354.49,7990.24,16.5872,-16.1906,-8.44058,61.5479,31.137,10.0478,-45.6119,-18.0582,-5.17731,17.6264,51.7218,-61.5479,18.4381,-16.2187,train
2505,28.3451,64.1617,3.05428,160.568,143.339,68.5788,156.114,215.259,119.142,142.374,89.1139,365.57,416.447,4111.41,5124.5,197.169,-184.407,-64.9186,662.257,462.472,12.3835,-662.257,-17.819,45.9886,11.5859,-14.7929,-62.1053,33.9618,-7.89227,train
2506,28.4587,145.889,16.2381,143.187,204.787,16.9745,146.77,224.09,95.3775,122.344,150.989,482.873,593.658,6164.21,7823.04,101.416,-96.4654,-33.4718,491.841,436.991,8.58613,-491.841,-24.9751,19.6856,73.7942,30.4278,-48.0099,53.0249,-14.4795,train
2507,202.354,153.642,96.0871,27.7951,16.7825,205.471,126.12,144.684,178.047,73.8283,143.934,413.257,449.025,3314.35,4368.11,27.7587,-24.9894,-12.3282,99.3604,40.3008,8.9223,-90.8858,-99.3604,75.1206,6.67169,51.585,-39.3172,21.9362,-26.2591,train
2508,86.3465,180.664,192.111,41.9231,50.0016,9.84887,148.493,134.187,159.824,3.60032,106.213,318.117,394.929,7646.23,8332.6,32.5879,-31.1391,-10.5222,72.3731,68.965,0.81399,-39.2372,-72.3731,-5.20754,14.9316,41.4927,-29.2325,26.8475,-57.765,test
2509,36.7763,183.025,87.0676,169.299,196.972,93.4773,46.7856,71.8056,157.541,36.9371,183.097,432.295,528.057,4130.81,4568.02,43.4951,-42.211,-20.9538,238.86,238.86,4.60027,-108.709,-20.5612,4.97764,9.00713,155.433,-87.8683,31.2482,-32.2363,train
2510,225.322,217.845,203.967,20.2064,48.7056,97.4494,168.808,159.496,222.595,123.738,71.2697,490.793,246.41,5737.8,9273.83,43.1291,-38.756,-14.7378,102.874,35.8919,12.9873,-44.6183,-102.874,22.5966,29.0327,35.1252,-28.1901,13.2067,-32.3354,test
2511,37.7476,217.545,8.68957,50.174,34.6902,29.0649,136.365,92.5817,203.086,185.197,81.7691,297.691,287.121,3414.81,3905.64,134.331,-123.165,-49.4285,426.825,214.399,1.53774,-426.825,-52.6644,71.3091,11.5097,7.59156,-78.1502,18.4006,-2.55455,train
2512,185.031,183.948,75.9517,112.412,43.2636,186.493,66.1945,179.741,29.9246,6.99048,209.877,427.881,215.264,5358.2,5816.3,27.0248,-26.5982,-6.61116,164.525,48.6587,4.33538,-78.8091,-30.9694,28.7367,4.27621,36.4665,-37.1733,164.525,-161.335,train
2513,3.99981,219.122,211.508,191.641,51.7164,203.103,141.529,110.324,20.1997,194.867,188.719,443.642,307.36,3891.81,5485.4,45.3233,-41.3308,-13.3693,407.497,407.497,18.9827,-69.7514,-1.44482,-59.6212,20.4799,103.086,35.9757,19.3853,-30.187,train
2514,145.494,203.716,111.559,147.087,213.498,116.408,66.1165,68.4822,41.0817,73.3602,112.12,511.758,214.777,2894.8,3414.53,42.9401,-42.2853,-18.3972,78.3149,61.239,14.5848,-77.0048,-14.5929,7.7093,25.5235,74.2867,-78.3149,73.8893,-57.2769,test
2515,208.07,109.614,31.3574,33.2804,217.388,17.5969,54.1122,91.3162,56.9408,90.0542,204.423,468.4,404.076,5984.97,5641.52,35.7954,-33.4535,-13.1225,203.937,56.2206,18.2125,-203.937,-80.7583,19.9006,113.449,44.715,-108.623,66.7523,-31.3505,train
2516,160.492,139.3,152.994,220.899,129.261,33.4124,105.667,41.2358,8.48108,45.5139,84.7844,424.552,293.07,5232.7,5361.21,67.1968,-66.8288,-21.0831,164.095,39.7849,23.4131,-60.6698,-4.45488,8.9397,97.6118,67.408,-73.3806,164.095,-101.34,test
2517,145.631,140.319,11.5088,172.321,117.183,174.774,73.9198,150.438,38.654,74.5783,82.5618,595.553,268.111,6857.09,7769.7,123.415,-114.227,-39.4737,405.654,109.037,22.4946,-405.654,-16.2436,60.7982,18.06,-24.6215,-93.2879,102.409,-59.8547,train
2518,24.555,13.2219,155.401,141.403,144.645,142.303,156.029,10.8537,132.462,177.384,129.646,462.083,527.664,2703.09,3202.65,51.4112,-47.6904,-18.6799,201.435,201.435,90.9337,-91.3308,-24.1756,-21.3841,8.44904,86.7589,-42.3991,36.4972,-9.58564,train
2519,161.074,51.4655,179.402,87.2256,194.532,129.758,104.462,60.2434,109.332,181.345,160.51,553.839,546.573,6040.73,7995.27,28.7324,-28.1134,-14.6327,95.8414,59.7309,48.8575,-69.4518,-34.6677,5.44274,19.3783,93.7023,-95.8414,39.1145,-19.6091,train
2520,221.93,20.0343,135.011,98.6106,220.495,175.828,112.656,133.81,31.5523,40.5589,116.166,530.435,457.952,7349.01,8886.74,47.0026,-46.2279,-14.085,134.701,49.0838,114.757,-71.1007,-30.4763,11.717,13.0756,53.9175,-59.0674,134.701,-80.1642,test
2521,3.15623,74.4559,160.337,127.075,157.675,223.525,177.86,48.1747,85.4864,87.157,179.009,368.731,512.166,5305.33,6355.25,50.7881,-45.5263,-13.7656,431.801,431.801,26.0136,-92.4349,-13.7749,-25.8436,8.66512,88.5251,68.2363,28.9578,-31.4277,train
2522,109.601,136.801,15.4402,125.136,36.9416,206.72,20.1265,167.612,142.539,213.829,133.479,567.3,246.185,6549.97,8385.74,66.4246,-60.4472,-24.7895,365.665,126.23,8.24342,-365.665,-36.3228,97.9008,5.45523,-1.90158,-68.8654,45.0967,-7.45837,test
2523,130.651,223.901,203.336,1.69567,79.6222,92.4851,98.8602,45.664,99.5499,60.5735,177.63,466.685,255.187,6261.12,6655.67,33.0069,-28.7078,-10.135,267.955,51.2664,18.8141,-48.4636,-267.955,19.8037,45.5478,74.2088,-62.9055,6.45471,-98.3493,train
2524,137.574,215.6,201.544,113.515,188.12,108.501,211.832,86.9463,128.524,221.023,95.8365,245.498,457.739,6576.97,11316.7,20.1953,-19.6771,-9.88051,36.9366,32.6949,5.75075,-36.9366,-10.7045,4.40082,11.4272,33.3096,-33.23,13.3704,-7.93327,train
2525,207.143,10.5268,176.348,192.046,78.3147,169.391,144.48,8.03676,180.237,139.819,72.5396,284.647,534.608,6778.46,9310.27,45.3315,-44.4384,-26.1867,106.226,16.6558,54.083,-59.1748,-11.8573,-21.3687,3.36098,74.2822,-106.226,17.8675,-5.75845,train
2526,177.713,35.9592,204.484,216.819,29.2107,76.6592,72.7988,145.933,127.86,208.188,71.3149,353.269,434.777,3027.99,4223.58,37.0552,-36.5328,-22.2976,69.5575,44.0743,16.4283,-34.7865,-13.5686,46.4879,7.70618,69.5575,-41.6696,32.5398,-4.01294,train
2527,81.2473,13.3598,80.4051,106.196,91.4463,213.854,35.0135,164.707,106.921,89.3943,116.957,211.679,490.372,3596.56,3770.78,30.805,-29.7046,-16.4209,88.2069,88.2069,20.78,-50.8365,-17.3186,35.1093,1.29816,79.5984,-43.3586,24.3263,-4.39188,test
2528,110.98,133.265,54.8535,138.937,175.705,127.916,63.3953,100.39,204.645,101.946,63.6069,367.068,589.817,6618.85,8514.76,80.2373,-77.324,-40.4425,129.113,88.556,6.77525,-129.113,-19.9211,19.2908,7.05853,76.1053,-86.7382,19.127,-12.5253,train
2529,27.9933,17.1881,177.24,205.92,26.9513,67.4537,87.2957,115.699,161.205,197.165,84.5384,579.165,443.998,3819.14,4597.99,98.5074,-91.1229,-34.4345,304.139,304.139,96.5193,-75.0453,-20.0693,-52.3334,24.5944,121.655,-33.2742,36.2549,-11.8994,test
2530,66.443,190.388,20.3611,159.474,216.505,165.105,175.911,182.651,71.2782,7.94687,105.961,373.281,266.492,5796.81,7619.09,67.5708,-64.1898,-20.4359,223.621,140.123,2.04933,-223.621,-20.9604,10.3218,2.36315,6.59529,-43.1838,66.3206,-69.4336,test
2531,220.791,135.017,132.056,213.756,173.564,138.214,96.2774,125.616,135.843,45.7525,185.803,247.923,484.653,3053.24,4422.4,12.4185,-12.1511,-6.69476,46.7474,30.0353,3.68386,-42.8053,-9.27152,12.5052,3.59867,46.6149,-46.7474,20.6323,-15.3742,test
2532,129.297,128.557,6.71484,158.099,136.828,5.04998,219.166,73.2784,136.297,99.1118,82.0679,245.395,507.747,4165.31,4993.44,109.274,-99.3594,-44.1012,393.389,75.7776,0.888913,-393.389,-14.7988,36.5725,22.629,1.21049,-141.73,24.2764,-1.63059,train
2533,101.102,14.3834,22.3585,139.165,138.658,142.962,55.1887,143.607,38.2075,77.4949,186.559,309.277,367.089,3327.56,3053.05,32.2953,-30.8468,-11.2846,181.155,88.0182,79.9352,-181.155,-13.9621,27.8601,8.04227,24.5384,-57.177,71.9195,-20.9817,train
2534,84.671,80.8079,196.007,37.5494,166.732,105.674,114.42,109.909,191.914,83.2895,91.0508,509.26,458.056,6239.6,7861.52,50.3439,-48.4698,-20.4709,103.952,103.952,26.2672,-56.4093,-79.096,4.43312,20.0863,73.7143,-47.7262,21.886,-36.0407,train
2535,16.8631,198.167,48.404,4.593,171.445,12.799,209.503,25.3458,190.481,217.619,107.378,264.058,387.405,4543.06,5656.06,74.5967,-68.5894,-21.8724,191.737,191.737,9.44259,-176.897,-167.508,-1.03049,146.2,39.975,-33.0704,5.71212,-12.1602,train
2536,135.488,168.762,1.62809,109.583,154.041,121.194,105.378,30.7956,26.4742,79.7924,85.6071,542.018,565.956,6351.51,6002.72,399.582,-361.434,-160.167,1576.11,142.847,19.7405,-1576.11,-19.0608,76.8959,27.4885,-38.3036,-639.88,111.577,-59.0453,train
2537,141.271,76.1847,219.414,70.754,53.3656,34.2224,147.047,224.85,104.105,198.87,88.0831,538.752,554.349,3995.72,5661.85,43.0482,-41.7805,-17.2156,73.4788,73.4788,25.8797,-51.6176,-48.2783,29.551,57.6124,57.1093,-31.4032,46.4032,-14.0208,train
2538,178.806,37.9566,66.8916,145.419,88.5275,196.353,172.982,109.596,136.139,93.5207,164.898,490.662,521.571,2751.82,3619.31,29.2445,-27.7206,-12.169,143.13,57.9474,33.9012,-143.13,-24.8925,20.727,6.55338,38.1596,-70.3874,37.603,-19.4585,train
2539,127.595,22.7728,194.121,95.1832,210.503,22.1195,209.267,72.3473,210.558,185.052,185.199,590.549,386.99,6320.81,9421.2,21.5167,-20.7321,-8.03459,67.3473,67.3473,51.6861,-66.9331,-49.6773,-9.69457,53.2126,47.8981,-52.5383,31.7586,-8.9952,train
2540,70.4493,200.034,76.1599,124.666,152.242,36.6699,214.879,162.768,171.46,183.03,156.088,530.151,468.537,5540.42,8590.28,35.4941,-34.0294,-12.7574,143.598,137.028,8.64078,-143.598,-28.6611,5.11642,47.1354,37.0857,-37.8125,29.4709,-13.3552,train
2541,129.863,216.8,159.124,207.54,129.639,194.114,105.3,203.396,215.623,168.884,190.105,526.328,536.846,2962.92,5465.78,18.7678,-18.3734,-9.03697,86.434,86.434,7.87165,-62.4279,-17.1374,18.5481,8.79159,62.7259,-41.4488,23.3275,-14.2906,train
2542,86.02,21.2807,115.843,188.631,74.9234,76.8551,154.311,201.489,90.7058,152.196,149.291,295.174,332.709,5482.26,7069.53,19.2807,-18.7999,-7.21027,67.5361,67.5361,39.8659,-55.013,-11.1507,10.0682,11.0386,31.3535,-20.0578,32.7941,-7.88311,train
2543,58.7689,102.127,92.0062,97.4048,143.571,73.437,84.6827,75.3971,149.895,187.46,62.0027,308.585,418.41,6559.38,7622.09,68.4408,-66.8555,-32.9095,103.332,103.332,11.8919,-80.092,-19.2122,7.76956,16.5378,71.5285,-56.0238,17.6558,-9.1622,train
2544,83.0278,135.09,106.974,33.7229,147.669,213.973,29.6139,157.835,100.267,79.5332,161.329,295.992,252.817,5736.34,6503.27,21.5459,-20.9955,-9.93876,84.7864,84.7864,10.7922,-40.8354,-44.5395,17.456,6.81357,67.258,-36.5545,21.185,-25.9239,train
2545,85.8851,68.4805,76.4215,76.5404,50.681,214.033,217.491,109.994,8.59871,156.975,85.2029,237.973,526.655,3069.18,3562.33,43.8954,-42.4884,-17.6901,98.1932,57.0724,29.6816,-98.1932,-4.53509,42.9119,9.49673,33.3206,-32.425,57.0898,-18.3122,train
2546,99.7171,143.233,46.5632,219.211,109.469,85.5725,66.9543,9.38988,106.602,94.202,65.427,391.398,502.74,4549.45,4558.18,133.642,-128.953,-76.6365,249.257,55.8476,11.1756,-240.541,-10.5527,-6.01341,18.7059,153.904,-249.257,30.6885,-24.0308,test
2547,157.691,156.498,123.437,14.1459,172.32,91.5276,79.8169,79.3156,134.579,32.9022,134.848,396.554,599.585,2868.05,3088.11,41.1657,-38.1809,-16.9347,154.332,56.6211,11.389,-72.6184,-154.332,16.1324,19.4735,88.5607,-88.4931,22.9416,-76.6102,train
2548,26.0665,102.011,119.19,97.5111,43.2843,193.159,29.3887,62.1497,127.483,108.397,188.083,362.172,514.932,4888.05,4667.46,47.3624,-45.2266,-25.2432,296.195,296.195,10.8023,-69.5843,-25.8409,36.4858,5.7049,224.821,-93.2733,27.9528,-14.3767,train
2549,144.772,88.862,50.1076,221.351,24.6095,156.005,68.4,174.456,139.465,156.336,147.726,451.776,557.184,4300.18,5691.63,34.5608,-32.822,-17.9622,155.274,78.3629,2.02398,-155.274,-19.5974,101.142,1.15287,67.4573,-55.3422,43.9875,-1.62696,test
2550,171.732,198.274,48.3515,28.4356,67.1149,153.23,36.8674,222.701,73.1291,186.019,89.4549,274.887,293.997,4888.99,6261.87,34.5399,-32.2414,-15.765,77.5283,43.3113,7.60025,-77.5283,-43.6753,51.362,9.83445,38.3496,-29.7771,24.0172,-11.4565,train
2551,147.426,185.852,154.212,187.636,8.32368,81.3032,197.02,152.915,162.137,26.5884,112.417,290.681,434.642,4064.25,5673.13,19.833,-19.1876,-9.10608,47.8179,38.6146,1.62685,-47.8179,-13.8804,21.8048,3.71885,32.0663,-25.7656,22.717,-16.0819,train
2552,2.4624,80.5056,215.795,145.065,217.564,6.57954,141.761,189.15,193.814,51.551,60.69,397.733,264.788,3817.12,5176.05,116.224,-115.183,-38.984,336.372,336.372,5.98482,-63.7252,-24.0963,-30.5407,73.2287,97.5085,23.5444,25.5059,-13.2177,train
2553,50.8556,6.5031,139.279,68.5536,76.5071,49.9082,27.7723,156.002,61.6911,81.6673,103.208,415.74,366.695,6062.82,4735.79,67.9001,-63.4039,-27.2029,185.609,185.609,129.016,-48.1039,-48.4059,25.664,16.8109,129.467,-47.882,76.0712,-14.5288,train
2554,4.77966,207.694,45.377,117.664,199.925,130.013,92.8283,183.124,187.741,138.577,187.418,303.645,576.816,4054.16,5772.7,74.4163,-69.5745,-26.7108,562.567,562.567,6.92881,-268.608,-13.5757,-9.72841,11.0687,139.431,2.6842,12.0327,-14.6861,train
2555,106.687,123.066,196.551,32.4426,177.432,99.5061,145.952,169.958,62.77,49.1889,76.3396,340.342,269.668,5828.16,7145.4,39.9412,-38.5053,-12.4093,56.0228,56.0228,13.5919,-35.2581,-53.3473,4.74987,16.81,34.1713,-21.414,38.9934,-48.0912,test
2556,126.609,78.0779,36.4555,7.93599,122.784,19.2788,211.754,157.188,218.581,39.7487,152.463,517.487,478.598,7497.9,8763.7,64.3573,-54.9027,-15.5773,338.723,96.7397,31.8498,-221.159,-338.723,35.7142,128.99,19.285,-63.6376,17.392,-88.4763,test
2557,48.9129,2.48722,165.608,204.107,108.9,39.6462,158.204,220.281,146.998,7.90188,77.4946,280.619,455.732,3319.15,4018.33,45.1101,-42.1485,-15.9501,106.848,106.848,35.0159,-46.7951,-13.3219,-2.74599,2.19673,44.1902,-15.5368,26.1594,-15.587,train
2558,83.331,57.8018,42.8108,213.421,173.326,154.778,183.88,63.2625,181.195,81.1137,165.414,593.089,265.87,4635.09,6128.38,44.4985,-42.0838,-17.0514,240.992,121.615,26.6232,-240.992,-20.5791,-1.08811,9.94245,33.7338,-93.9662,34.2793,-26.8301,train
2559,164.785,53.3104,195.295,55.3358,27.8806,61.2675,115.957,83.3346,94.1852,25.9341,69.1463,577.882,530.126,4960.06,4578.97,75.4009,-73.026,-29.4519,79.808,62.5978,26.5229,-63.0973,-78.8796,6.14976,23.0782,79.808,-76.9829,65.5396,-77.1039,train
2560,210.834,79.2978,158.826,208.639,39.3381,66.7704,37.6096,128.441,33.5035,28.5702,206.533,537.492,223.018,2749.43,2731.1,25.3637,-25.2034,-9.66344,142.824,50.8324,25.1121,-48.0888,-16.2174,49.7904,29.8236,85.0886,-58.8216,142.824,-98.5702,train
2561,133.005,168.509,120.93,86.3739,159.675,21.1968,36.1233,44.0788,88.9274,80.4924,69.4277,281.836,577.446,5437.74,5184.63,73.3428,-72.5908,-48.4682,155.886,55.858,4.77878,-56.2322,-23.3068,16.27,37.9902,155.886,-147.939,32.0143,-14.1482,train
2562,175.649,45.1924,153.578,131.616,86.6397,71.8493,112.556,181.361,162.993,161.07,127.411,269.483,329.206,4004.83,5633.95,15.2293,-14.7963,-7.27903,34.8084,34.3342,14.6961,-34.8084,-15.4288,15.0651,9.24366,33.3082,-26.0128,17.6193,-5.83131,train
2563,153.38,139.038,70.1724,108.817,67.2173,110.771,121.866,6.74864,153.473,50.3209,205.35,228.431,385.197,7392.56,7567.49,19.8507,-19.0433,-10.7428,118.389,18.5765,5.54923,-111.948,-13.9018,-14.1006,6.96531,64.6535,-118.389,13.9397,-21.6836,train
2564,9.97026,105.77,183.197,112.067,125.054,172.162,46.9611,162.959,137.041,14.1517,202.31,207.716,255.526,5033.2,5609.87,31.4613,-28.9815,-12.3791,272.076,272.076,2.72888,-33.156,-15.9594,-9.22015,1.67653,120.365,-5.51517,18.4569,-28.844,train
2565,122.097,163.846,151.577,170.656,23.5648,155.116,35.3828,123.148,19.8489,108.716,127.706,415.053,484.827,6098.77,6652.31,41.4239,-41.1867,-25.0965,152.466,77.1135,15.1272,-52.0162,-9.79753,152.466,15.9785,149.242,-60.4604,119.129,-32.2414,train
2566,146.152,1.18401,199.529,63.4926,19.0481,166.021,55.4731,101.7,6.80978,152.704,166.417,448.744,364.377,5833.31,5564.89,111.776,-87.5452,-13.2052,1215.91,59.7229,1215.91,-41.9861,-48.0023,62.6514,8.67144,99.1711,-58.977,632.947,-13.3328,train
2567,30.894,26.111,108.208,197.805,145.652,193.982,28.7161,37.5736,113.229,44.808,137.701,448.347,573.638,3848.77,3589.34,78.1118,-75.3008,-42.9767,293.933,293.933,35.7363,-93.3945,-17.9488,7.18805,4.81029,276.899,-173.036,44.3434,-29.4505,test
2568,197.2,4.92398,97.4828,61.3655,123.125,163.474,71.2843,151.242,73.7206,198.149,153.079,429.347,529.355,5959.75,7339.26,32.0777,-29.8371,-11.9183,153.94,54.5991,153.94,-75.983,-57.6133,23.8617,4.63679,61.7702,-60.5313,67.8225,-5.40991,train
2569,204.779,150.353,144.057,146,109.85,112.901,14.9662,205.317,17.3786,120.691,187.227,457.169,239.331,2939.85,3695.53,20.1444,-20.0268,-8.99982,87.6228,52.5354,23.2449,-37.1398,-7.37503,46.515,30.9559,73.5674,-42.612,87.6228,-40.9524,train
2570,189.556,218.325,17.3437,180.947,58.8124,8.72049,36.2719,177.734,50.7213,132.68,184.671,487.572,477.743,5020.9,5673.35,44.1622,-41.2549,-15.7605,296.925,75.2008,4.65148,-296.925,-21.3332,93.8389,116.454,10.6859,-74.6287,107.63,-10.8244,train
2571,82.9702,38.2818,186.522,149.047,48.884,209.553,56.0305,81.3754,4.52407,115.198,114.588,298.931,217.426,6310.18,6225.24,34.4679,-33.8131,-14.3543,93.342,62.8976,70.287,-31.7581,-2.0034,39.4959,12.8402,74.0608,-38.7431,93.342,-33.0321,train
2572,16.2442,133.969,156.865,86.8825,197.045,213.543,174.689,128.224,50.0318,35.4188,162.915,351.116,282.906,6827.28,8451.46,33.9609,-32.3589,-9.75142,193.563,193.563,11.6896,-65.1406,-22.3878,-11.7333,7.33365,54.2981,4.04642,54.981,-62.5299,train
2573,138.562,186.67,123.549,179.153,53.2596,188.274,137.3,137.608,42.168,89.0739,61.3101,212.033,369.467,7544.85,9961.14,36.0109,-35.2392,-16.7572,44.0139,33.3263,5.88217,-44.0139,-5.70631,27.6971,5.83206,34.1713,-25.6665,34.2856,-17.4331,test
2574,98.7145,111.016,29.7775,48.9915,115.921,125.077,90.5081,109.315,92.8251,68.9095,94.0222,424.518,504.316,4662.63,4437.53,78.4747,-73.4146,-30.7257,232.366,110.008,14.9852,-232.366,-52.6945,34.7878,13.3005,41.7837,-85.5688,39.3311,-34.1416,train
2575,134.183,172.009,40.2127,71.2231,30.591,87.1282,212.357,166.388,209.027,25.0824,174.308,588.791,355.61,5016.9,6431.85,37.6988,-34.5182,-13.3202,216.422,93.2824,4.219,-216.422,-72.4793,47.9482,8.32919,18.747,-56.3429,34.9259,-40.9174,train
2576,115.842,158.53,112.224,125.272,82.8572,180.346,37.1893,125.366,54.0157,73.9054,93.2883,314.126,329.407,3588.8,3891.55,37.7507,-37.2963,-19.4197,76.1444,65.3841,8.95558,-45.8333,-13.7423,32.7243,7.87226,76.1444,-50.0068,45.0721,-27.1672,train
2577,159.172,173.974,160.082,198.176,25.2306,75.4563,51.4541,143.077,126.699,104.272,65.347,466.606,251.667,7632.08,9727.3,49.3914,-48.593,-26.5767,72.1868,57.9397,6.70975,-45.5547,-17.6547,41.9166,15.4702,72.1868,-45.036,39.053,-15.832,train
2578,75.5123,59.3757,133.254,127.175,205.476,35.5895,16.2107,206.751,9.90124,109.478,140.41,523.982,204.921,3193.27,3271.86,48.99,-48.8499,-16.7813,154.948,150.028,69.978,-48.3267,-8.53021,24.3546,116.748,104.679,-41.6508,154.948,-53.6731,test
2579,202.202,110.97,164.832,45.596,213.97,83.3714,155.695,9.5,79.9902,72.5997,88.8345,425.213,326.103,3426.54,3980.32,44.1493,-42.5574,-19.9163,88.3161,23.9631,19.2683,-67.7784,-46.3623,-7.10695,25.6466,62.855,-88.3161,37.374,-41.6512,train
2580,213.561,218.925,0.941529,98.5391,129.008,119.926,70.4773,12.1815,92.7515,137.04,134.727,284.853,313.421,3653.3,4084.76,274.744,-245.692,-118.532,1793.01,46.7859,4.59805,-1793.01,-18.6921,41.0922,8.39374,-23.284,-829.281,28.0841,-10.3882,train
2581,76.038,224.884,67.353,60.5452,173.014,64.5348,219.371,90.0893,93.6144,67.9314,93.0963,354.756,331.72,6945.75,8462.79,47.3039,-44.9883,-16.6079,114.979,81.7448,6.65948,-114.979,-33.8581,3.57319,23.2063,27.0541,-41.8845,30.9681,-31.1777,test
2582,215.788,114.077,47.6531,121.667,54.6324,177.276,107.259,72.7712,204.992,142.005,140.101,209.788,362.573,6772.78,9143.53,21.2567,-19.9235,-11.026,99.3776,24.0223,3.30053,-99.3776,-14.1482,24.9754,2.12389,34.7792,-59.9691,11.8755,-3.74966,train
2583,180.092,116.448,12.1998,129.958,212.349,209.729,24.1677,174.55,158.517,41.9681,201.445,223.63,275.119,4251.6,5541.22,19.0902,-17.2486,-6.41403,166.005,41.2837,3.33919,-166.005,-14.2158,15.7811,1.85402,-12.351,-42.119,16.4822,-13.1029,train
2584,149.455,71.411,98.2062,166.293,166.332,81.7831,68.3351,207.344,195.022,159.35,185.564,348.362,460.294,3188.15,4735.83,15.9745,-15.5337,-7.77797,61.54,61.54,11.5317,-59.6334,-15.9966,18.359,10.0692,49.1046,-38.9718,19.2901,-7.3084,train
2585,188.041,17.9617,141.557,32.9964,64.4273,35.6253,124.028,20.9479,191.025,65.8858,73.6473,572.29,249.501,2763.9,2651.06,76.2032,-71.6942,-29.1517,121.591,39.5316,95.2488,-86.3969,-121.591,-35.7204,48.0229,74.1977,-115.491,29.7025,-36.7224,train
2586,205.834,165.488,101.469,157.244,205.433,203.476,79.3532,47.3267,90.2552,13.9464,179.68,389.025,398.194,7623.53,9518.56,25.1167,-24.5612,-12.2506,102.316,35.5347,3.51072,-82.177,-21.0455,0.558559,2.85529,79.2743,-102.316,51.8531,-58.9136,test
2587,54.0653,82.8454,120.141,89.7686,108.056,54.7003,43.3044,180.054,33.7714,7.2319,205.09,522.837,260.968,3062.76,2474.15,41.4166,-41.0905,-11.8725,186.017,185.724,11.4821,-68.6989,-47.6461,4.9582,17.3901,98.7942,-37.8023,179.109,-186.017,train
2588,52.928,12.1237,59.7256,132.723,25.4818,69.7335,70.9988,151.408,124.252,215.114,182.01,402.883,427.622,4392.37,4607.52,33.4564,-32.1912,-14.2867,160.597,160.597,48.1094,-131.646,-25.9605,40.2517,8.36421,76.3648,-41.7634,39.2169,-3.83454,train
2589,129.508,68.5018,86.2515,64.0715,104.63,10.5232,41.451,110.627,122.14,50.4857,87.4312,265.362,479.423,6733.95,5681.46,42.6405,-41.5037,-22.7516,79.8246,59.9328,5.41755,-57.8923,-35.6244,27.0063,35.2659,79.8246,-65.3012,26.4283,-10.3956,test
2590,134.64,35.1251,169.319,46.2008,220.923,174.879,35.1032,9.23803,59.9699,127.738,172.39,210.009,297.454,3358.29,3406.31,25.7214,-25.5461,-18.9479,166.464,23.674,32.7341,-35.9519,-20.5688,0.620542,6.57476,160.635,-166.464,22.4099,-12.7296,test
2591,6.76641,35.4819,219.493,223.014,46.0633,119.322,194.627,179.611,147.442,145.573,186.238,483.855,345.927,2796.84,4075.98,44.1954,-39.7181,-11.0962,362.328,362.328,75.4486,-70.7231,-9.69215,-98.7419,22.4355,77.6379,18.7937,20.7322,-26.0072,train
2592,161.273,78.4567,202.066,74.7665,117.336,121.282,95.415,144.343,27.3061,7.43,209.004,348.014,478.16,4515.68,4721.15,23.8095,-23.5964,-6.56639,144.071,48.9915,9.64765,-36.2308,-36.423,14.4683,6.24103,56.9283,-43.3137,141.038,-144.071,train
2593,76.9962,3.2713,56.506,222.942,13.7799,67.7238,134.012,222.06,193.925,163.734,190.822,538.988,260.002,7831.16,10387.4,29.6936,-27.9131,-9.84848,145.617,136.908,85.4947,-145.617,-22.9217,2.99901,4.1297,29.9529,-32.808,37.2665,-2.41566,test
2594,87.9283,68.4147,185.823,196.019,25.5762,94.4812,130.664,90.5995,97.2884,109.899,72.3849,364.599,355.437,3338.93,3859.64,42.8903,-42.2828,-18.8742,68.7415,68.7415,20.4029,-45.4626,-11.4791,5.79475,14.7739,51.9737,-37.4368,32.7085,-17.9623,train
2595,133.459,96.7872,106.212,18.6572,18.5427,50.1251,67.3897,26.856,187.246,90.2001,118.057,421.698,321.585,5109.49,4435.88,46.8946,-44.2693,-23.4898,121.307,48.8585,22.0299,-87.9953,-111.74,11.8029,42.5379,107.64,-121.307,15.7456,-33.4303,train
2596,17.6263,183.304,97.7229,67.52,202.198,195.588,129.766,1.50348,202.645,38.7766,64.0295,239.9,221.518,7051.68,8324.59,65.2495,-62.561,-24.508,137.388,137.388,3.7588,-71.5345,-25.3258,-8.34516,3.52272,50.0396,-21.2856,11.9337,-25.1284,train
2597,46.6729,49.5061,144.668,93.0848,89.9239,188.556,116.037,208.951,64.727,57.065,93.5445,518.752,284.058,2858.23,3251.94,62.0731,-59.5999,-19.7941,169.041,169.041,44.5348,-72.6734,-32.0437,-3.12122,11.6928,64.9114,-18.2883,65.1704,-54.6391,train
2598,219.006,129.623,89.8325,73.9601,214.157,194.29,181.94,84.9039,164.341,111.392,75.7437,491.503,423.047,3752.68,5792.93,53.6383,-50.5717,-22.5952,109.982,41.5315,16.18,-109.982,-38.0979,6.36396,10.7947,38.5919,-69.635,24.2475,-26.6271,test
2599,75.219,10.0458,169.515,100.627,213.625,64.1332,174.06,184.382,8.64188,199.449,123.976,393.42,406.189,2880.51,3778.03,52.245,-47.7824,-10.2623,281.422,89.0226,281.422,-54.0854,-11.0018,7.74677,44.082,42.5264,-21.1845,181.17,-20.046,train
2600,55.6282,191.113,29.4942,114.957,151.93,224.629,220.573,88.5807,2.3658,49.8002,171.437,461.268,405.512,3624.18,4237.66,60.3394,-58.2543,-18.3485,292.524,166.56,22.7543,-292.524,-2.29695,28.8861,19.3591,25.7429,-74.2819,157.843,-123.491,train
2601,14.9855,52.2891,133.314,61.991,2.41562,207.571,141.704,133.123,69.3241,36.1027,70.6925,221.402,256.799,4312.15,3983.75,70.4273,-65.2283,-16.6102,195.162,195.162,24.9712,-47.1478,-14.6521,-81.8463,6.29047,40.633,-7.54888,18.5293,-51.1477,train
2602,96.3842,108.673,171.882,89.039,211.282,131.834,186.237,158.973,1.33396,27.2282,134.094,218.357,509.121,4185.87,5120.07,30.6869,-30.5598,-7.47505,129.682,50.262,18.9674,-39.5472,-1.37381,12.0151,15.6352,35.0361,-23.6712,129.682,-107.06,train
2603,160.229,21.8146,15.9804,194.079,207.485,41.4373,131.576,118.87,157.126,140.251,130.258,401.008,528.239,5445.19,7049.21,56.0439,-51.6042,-21.6619,293.839,78.7434,27.4364,-293.839,-17.5783,25.0395,14.4438,7.36891,-102.397,30.7058,-6.03506,train
2604,175.38,36.3424,122.981,86.1039,177.27,43.8806,82.0647,76.9389,73.0432,101.357,195.774,582.663,498.138,6797.02,6920.37,28.8267,-28.1495,-12.8584,100.312,64.3406,60.5683,-90.8863,-42.1054,10.3343,50.1634,92.2067,-100.312,70.1933,-30.713,train
2605,181.142,1.12414,106.496,218.674,62.1906,211.572,62.5174,159.381,180.165,208.473,70.6138,312.139,283.113,3503.94,5269.39,35.5872,-33.8932,-16.7995,46.5703,39.9453,44.5726,-46.5703,-14.045,16.7723,0.236827,41.5811,-36.5075,24.1083,-0.339903,train
2606,47.5818,199.266,152.606,160.977,157.751,87.3939,216.324,146.064,155.881,186.266,100.277,489.717,319.228,7562.37,12460.5,41.1508,-40.3018,-14.5798,136.094,136.094,11.2954,-74.7562,-16.4396,-6.77007,25.7545,42.5659,-15.2823,24.0091,-17.089,train
2607,205.522,73.392,109,143.874,113.834,10.8822,183.708,83.435,16.684,173.896,60.5718,376.592,448.674,6663.44,7944.26,82.4032,-81.2332,-23.8467,200.314,34.0386,29.7015,-80.6313,-11.024,14.4392,200.314,38.6672,-54.7439,134.443,-17.7276,train
2608,123.13,62.4652,42.6669,72.9231,155.684,31.1347,72.0552,9.14871,48.6779,151.641,198.742,328.638,570.928,5638.07,4568.43,45.1553,-43.3903,-24.8292,249.981,39.8154,27.2388,-249.981,-21.7339,0.200478,54.6489,144.837,-249.82,46.0453,-15.8681,train
2609,130.727,95.2476,97.3147,23.7874,37.0556,65.3015,212.625,27.4918,73.1463,103.663,103.194,465.979,421.376,6342,6025.63,50.8546,-47.721,-19.2729,121.807,48.4941,29.8075,-121.807,-76.5406,-3.8047,43.4767,47.8476,-86.4066,35.2015,-38.732,train
2610,223.006,210.487,163.449,149.147,111.278,73.0521,24.9247,109.234,67.8594,193.439,199.745,531.808,362.225,4913.49,6692.97,21.32,-21.1272,-12.4964,114.07,54.9222,12.7571,-44.8366,-17.6529,38.6154,36.7574,114.07,-89.719,54.8699,-19.6313,train
2611,53.0977,44.552,66.0866,146.94,200.095,142.458,137.415,70.5244,202.716,79.3479,93.4156,371.108,409.251,7172.35,8828.9,55.6227,-53.6225,-22.9889,131.867,122.625,20.1537,-131.867,-19.1452,-0.0658211,6.30282,51.4944,-56.1484,19.6258,-16.003,test
2612,221.354,219.537,135.988,221.205,215.183,81.98,115.483,190.285,120.178,207.335,77.839,323.079,273.44,4839.05,8809.14,25.2796,-24.6273,-11.205,40.2973,31.3833,6.3807,-40.2973,-8.27279,8.76484,17.0871,27.5432,-27.6178,21.5347,-9.55474,train
2613,16.4635,72.4545,19.6206,125.708,79.9642,38.4634,199.425,130.619,183.022,214.331,117.975,518.344,270.212,7551.93,9539.01,135.912,-129.49,-44.29,507.367,507.367,22.7448,-504.54,-28.1244,-4.57542,42.845,33.4431,-34.3174,27.3187,-10.8737,test
2614,173.607,182.752,179.86,108.14,50.9808,21.8437,185.616,129.951,148.343,43.8479,203.83,226.098,564.322,4566.15,5992.62,10.2288,-9.89182,-5.16044,39.9615,30.1756,1.67009,-39.9615,-18.0855,20.0456,13.9725,37.5352,-32.4053,18.6452,-9.84387,test
2615,43.4363,189.511,110.285,136.08,4.39319,22.587,173.288,209.852,181.569,143.679,199.261,248.696,402.515,2831.87,3905.17,16.0548,-15.6514,-6.30826,102.977,102.977,2.82244,-63.5905,-14.3451,7.72088,23.681,36.9378,-13.3839,15.2044,-5.26481,test
2616,76.4981,184.246,87.2827,35.4541,131.97,65.7393,174.814,178.952,222.446,166.062,172.227,316.743,560.676,7161.43,10680,22.9916,-21.7425,-9.06694,92.4914,92.4914,7.81042,-92.0416,-48.75,16.5159,21.8901,39.3667,-30.8839,10.9883,-12.2551,train
2617,104.902,197.143,149.266,216.894,20.491,153.686,77.9464,141.485,147.354,95.0992,124.704,494.49,204.238,2880.19,3938.85,28.0065,-27.5237,-12.7164,82.6341,82.6341,7.89484,-54.9931,-15.6228,16.3516,10.1272,59.2152,-37.2189,32.5207,-23.1453,train
2618,206.777,208.11,18.9323,190.565,215.99,91.2576,145.252,65.0146,167.963,107.217,191.632,266.908,575.687,6869.22,10164,34.1972,-31.4409,-15.2319,271.207,41.7334,3.05039,-271.207,-10.6749,18.1776,6.95631,24.0048,-129.653,17.1281,-8.37337,train
2619,70.3906,124.25,167.229,167.544,69.1587,215.554,23.1315,32.0044,162.473,94.7757,67.1821,272.015,252.448,7471.92,8580.74,65.3874,-64.869,-45.4973,151.591,77.9266,6.30291,-31.0929,-11.5612,11.9745,3.63313,151.591,-122.187,16.8604,-11.6857,train
2620,144.979,224.369,100.367,35.386,223.233,169.494,65.1399,62.1912,2.476,49.5997,93.7398,202.357,578.448,6077.72,6399.68,45.2951,-44.874,-22.6179,87.3743,40.4606,8.46809,-59.674,-3.49284,16.6587,11.2097,86.097,-87.3743,70.595,-54.1732,train
2621,194.497,75.684,193.014,103.803,112.067,73.5379,91.4676,193.123,144.541,116.318,100.592,547.85,225.674,7518.37,10477.1,30.4328,-29.5865,-12.1791,52.9,52.9,24.5662,-43.5374,-34.8665,10.6291,25.2831,45.2219,-35.226,35.4112,-22.6053,test
2622,121.733,125.272,54.4979,200.258,198.23,148.233,135.581,90.53,220.728,137.584,133.238,394.933,251.882,3138.59,4806.33,29.8085,-28.2789,-12.4994,123.786,62.6022,9.84878,-123.786,-13.5603,4.82197,8.3232,29.1721,-57.353,17.3987,-12.6819,train
2623,67.0997,149.594,44.9371,98.4152,134.917,216.182,211.347,65.9686,151.198,150.792,162.246,285.619,310.755,6887.69,9638.67,26.839,-25.317,-10.6771,142.171,78.7983,8.62476,-142.171,-15.9119,6.41265,5.96817,23.638,-52.1183,14.6471,-12.1003,train
2624,180.339,22.4709,132.483,60.1272,6.95503,186.862,104.721,29.6269,168.751,217.182,208.164,389.985,277.465,6347.26,7690.37,17.895,-17.3293,-8.39779,95.1895,32.683,74.9381,-64.7644,-36.8539,-31.8851,9.01158,63.2062,-95.1895,18.5705,-10.9651,train
2625,94.4165,147.482,41.2075,153.982,198.839,9.70407,156.764,112.613,159.497,6.31971,68.2904,582.272,244.8,7780.47,8971.96,102.061,-96.6665,-34.5578,208.287,120.034,1.64867,-208.287,-36.2352,-0.347569,25.0564,24.9011,-69.2013,49.4725,-54.4114,train
2626,118.804,129.88,192.942,215.142,193.624,77.2721,102.731,108.301,11.9175,41.1781,66.9051,291.223,345.306,3707.55,4411.3,54.9755,-54.7381,-17.9868,96.8544,48.1138,16.1383,-33.5524,-3.7937,10.2657,27.1256,49.0271,-36.6136,96.8544,-71.9865,train
2627,30.2278,125.371,218.684,175.444,175.873,101.857,7.73705,19.2441,142.852,75.6058,64.8908,506.941,410.125,2793.4,3000.16,246.096,-242.387,-174.72,600.848,362.344,11.5079,-38.2131,-20.6713,12.8321,14.1645,600.848,-432.366,35.9035,-26.9869,train
2628,35.8483,21.4061,39.8261,170.381,7.94923,11.8893,212.468,108.178,210.39,76.1121,155.923,289.698,445.57,4065.89,4260.42,38.8108,-36.945,-14.5192,187.002,158.978,10.1288,-187.002,-15.7304,15.3393,18.2365,30.2893,-36.632,18.0157,-4.02863,test
2629,93.4422,140.655,16.862,63.0529,84.1821,69.4065,31.9371,191.204,38.1197,22.2649,127.948,334.248,231.963,4517.21,3587.64,51.5398,-48.576,-15.4495,205.426,95.0661,7.80259,-205.426,-35.6052,39.1496,15.8122,5.3759,-40.981,83.2883,-69.7087,train
2630,4.44244,213.496,118.202,184.136,190.522,135.189,184.267,7.57073,212.899,199.757,166.613,423.038,356.139,3282.93,5105.86,71.4214,-60.9329,-13.6445,694.095,694.095,10.0199,-111.412,-11.3566,-16.9957,15.824,68.6027,214.241,13.8908,-15.145,train
2631,97.4525,197.641,161.259,185.485,21.7142,107.794,138.955,15.5541,12.476,124.426,99.9753,458.208,220.629,6554.62,7093.14,42.1812,-41.6995,-17.3314,73.0496,54.436,19.9233,-66.0281,-3.47432,3.61081,36.5293,61.7317,-65.7224,73.0496,-44.7551,train
2632,101.404,12.2997,69.9603,144.993,170.416,212.296,190.979,98.652,24.3479,197.061,102.239,386.348,494.403,2818.51,3695.99,57.9202,-54.4969,-17.8091,168.584,76.1969,168.584,-125.897,-12.3451,12.1657,9.76715,36.6131,-55.3803,103.967,-14.8807,train
2633,118.398,91.5098,190.703,1.03878,77.5428,151.744,172.852,38.4821,31.7145,130.68,90.4266,490.488,575.766,6244.17,6620.18,59.6425,-53.5183,-21.8222,188.484,57.1809,51.4599,-71.8511,-188.484,21.5292,31.0331,71.9763,-68.5468,8.73082,-50.9617,train
2634,185.757,160.642,37.0542,178.842,221.057,60.843,168.086,126.354,64.1153,185.018,154.111,284.671,431.488,3529.79,5205.94,25.3184,-23.8611,-10.138,134.748,42.3242,8.89333,-134.748,-7.9292,16.2729,23.4808,18.0581,-56.1337,31.279,-10.92,train
2635,67.149,141.583,16.1544,175.247,149.979,119.849,15.1891,189.432,74.1784,88.1968,124.876,586.582,501.555,5534.04,6016.59,91.7816,-86.8673,-32.818,384.334,244.297,16.29,-384.334,-20.3109,46.5337,19.2441,31.9241,-78.6755,67.8607,-36.9823,train
2636,47.3095,86.9188,180.523,71.3341,37.4018,156.917,22.7983,98.0622,7.1733,42.7647,104.559,507.35,232.786,3834.4,2881.9,87.9053,-87.4625,-36.4586,206.596,200.277,46.3144,-44.7221,-14.6902,89.6639,25.6542,186.086,-63.4768,206.596,-133.125,train
2637,146.706,133.563,175.943,62.4925,66.2845,219.534,191.491,161.166,225.146,195.399,202.798,382.117,237.577,3234.07,5612.81,10.9334,-10.407,-4.34726,43.3944,43.3944,13.7008,-42.4743,-31.864,8.35488,8.33544,26.9702,-22.3326,12.5077,-13.2441,test
2638,51.2413,142.905,10.1143,78.7274,80.1693,38.0077,114.47,201.032,209.702,146.04,141.756,231.464,462.964,4726.27,5836.23,54.0764,-49.9781,-19.8737,292.249,168.178,0.832824,-292.249,-27.889,51.2341,3.13133,7.92228,-44.3404,14.8072,-1.15251,train
2639,15.3142,3.04472,141.994,106.731,165.524,115.188,219.274,196.43,44.0429,176.389,74.5597,323.5,220.731,5090.57,6737.51,85.2393,-72.8041,-17.5858,198.272,171.676,198.272,-65.3776,-24.6537,-19.5574,5.24087,39.0082,4.36233,84.4912,-4.84009,train
2640,65.8836,156.741,173.501,49.7975,72.0825,136.277,154.741,191.677,85.2615,81.6178,74.8889,558.119,511.394,6524.4,8234.12,69.1542,-67.3437,-24.8111,139.069,139.069,17.9505,-73.1701,-55.5769,11.2872,20.6462,65.0157,-26.4225,45.9054,-48.7519,train
2641,188.711,126.917,221.7,41.5606,187.807,0.839517,152.349,23.8287,159.202,42.2233,117.895,323.382,582.698,4897.23,5828.37,32.7121,-31.2661,-14.7274,131.24,24.8963,0.868113,-48.8508,-75.1586,-8.83491,131.24,70.5153,-86.91,27.7477,-3.69028,train
2642,156.049,159.848,204.144,131.958,219.294,31.6263,77.3442,221.766,198.226,83.6304,166.496,226.776,367.993,7641.58,12050.1,10.5706,-10.3918,-5.36622,39.2639,39.2639,2.69655,-21.3386,-13.919,9.22317,13.6291,38.1853,-24.6111,13.1039,-7.28897,train
2643,1.37348,181.981,210.685,10.1596,39.9647,179.863,37.8203,36.6096,97.5732,84.0221,98.1292,344.553,423.336,5900.48,5320.41,208.032,-186.106,-73.6518,1013.47,1013.47,16.0713,-62.5481,-51.2684,-64.4172,16.2604,363.925,79.3278,7.54934,-49.2263,test
2644,136.053,42.577,128.491,189.229,39.2661,69.8909,186.997,216.94,158.174,200.917,80.6372,559.887,580.664,3315.17,5106.65,49.4638,-47.7834,-20.5077,90.2108,80.9388,31.4157,-90.2108,-22.5192,29.3345,19.1382,45.319,-35.2877,38.0995,-9.41496,train
2645,120.031,166.718,88.0452,81.7451,30.4303,123.922,8.27966,37.9743,135.204,145.097,159.795,221.777,211.636,5228.45,5128.52,25.7143,-25.4948,-20.1074,157.849,46.8857,2.06895,-35.6853,-22.9107,50.5136,2.78347,157.849,-126.992,19.5896,-3.36193,train
2646,217.591,88.8253,34.3781,184.2,89.6309,133.268,157.197,194.153,76.6564,111.798,180.112,569.678,222.659,6958.76,9616.48,30.0382,-28.1257,-10.3562,189.359,58.8587,26.009,-189.359,-18.385,41.5461,17.3355,7.31443,-51.7917,62.477,-29.2242,test
2647,175.237,121.443,58.0067,91.3537,224.752,72.6888,5.88367,51.6751,212.09,102.059,86.0033,495.025,526.969,7101.01,8240.83,92.2194,-90.9497,-64.5539,251.876,80.5898,10.6471,-103.405,-40.0338,24.5372,17.7883,251.876,-251.015,24.3865,-17.917,train
2648,71.1143,87.4566,25.8552,5.02197,122.363,81.6555,148.534,184.692,46.3212,33.8425,207.076,471.849,249.361,5950.02,5321.49,50.2143,-44.3461,-11.8745,293.054,146.714,37.1245,-240.402,-293.054,34.6774,39.762,14.2546,-43.7601,44.932,-135.677,train
2649,187.74,59.9377,54.9966,64.0347,110.288,48.2415,157.815,212.742,127.062,206.85,61.4233,287.659,372.081,2978.91,4144.47,48.3453,-44.9887,-18.5924,88.86,39.755,15.9039,-88.86,-30.036,24.1518,19.7599,18.0156,-30.4922,21.407,-6.51725,train
2650,56.2243,7.72613,27.4316,186.205,179.586,218.574,69.8789,38.0543,200.815,225.199,162.332,344.902,386.03,6593.93,8627.37,50.058,-47.6146,-22.7799,257.786,126.918,49.6159,-257.786,-16.464,3.45901,1.75382,73.3113,-137.015,21.5896,-2.4073,train
2651,174.912,37.6828,56.2941,150.788,141.459,78.8868,120.341,35.2489,54.7564,106.098,77.7762,484.765,533.16,6293.49,6258.56,91.7785,-88.1052,-41.5528,201.185,48.8763,58.7773,-201.185,-17.46,7.55439,28.0769,76.1257,-148.503,67.9972,-29.5229,train
2652,201.957,75.6036,136.82,52.0861,91.5549,122.797,219.775,197.517,151.255,183.524,60.2667,461.726,535.883,7140.03,11389,53.5606,-50.2854,-21.045,71.7638,46.5045,26.7725,-71.7638,-49.7862,23.8271,16.4833,33.4703,-34.1864,24.2457,-15.5974,train
2653,150.433,84.0551,34.7855,84.3133,57.9433,55.0236,46.3738,69.1127,62.4651,159.53,109.228,329.755,213.86,4779.31,4124.71,43.7894,-41.6192,-19.987,140.912,47.3936,17.4463,-140.912,-21.7177,34.5324,26.6513,48.9196,-78.4124,41.4561,-12.9999,train
2654,43.939,110.085,9.44016,80.6519,99.0584,100.99,8.47117,19.448,73.338,215.058,163.779,452.559,514.577,4090.45,3334.49,143.953,-137.968,-79.3604,706.287,274.359,19.5254,-706.287,-29.4616,52.0233,21.2838,357.574,-547.526,45.8202,-14.1347,train
2655,79.8499,173.026,87.9739,10.3882,28.2223,51.0852,217.19,70.2878,124.932,122.432,81.6513,237.43,248.731,3325.01,3608.72,37.7241,-34.1125,-12.8117,76.1018,45.7344,9.15323,-67.7283,-76.1018,17.2569,31.002,23.337,-25.7055,8.94903,-18.2938,train
2656,153.336,222.796,18.6625,159.063,46.6259,56.8687,194,75.9926,1.17755,71.2305,135.014,290.993,549.664,4462.31,4658.03,65.4211,-61.7074,-24.7029,320.08,53.8225,12.5307,-320.08,-0.742796,112.059,49.0916,22.3328,-99.4324,141.897,-55.4281,train
2657,178.64,105.636,135.381,136.545,211.752,90.0723,179.092,102.555,26.4607,118.818,65.7703,510.316,539.293,7521.96,10054.3,67.7726,-66.4762,-25.3716,83.836,52.3542,34.0195,-83.836,-11.0547,12.9394,39.8979,49.3274,-58.5986,80.6744,-42.7733,train
2658,30.4843,210.594,3.7991,121.156,137.742,178.716,37.2418,176.38,79.0216,55.1588,171.618,271.64,326.514,6424.39,6898.73,76.0611,-70.6626,-24.1865,512.4,310.576,3.79933,-512.4,-15.8167,35.1017,4.47701,-29.2299,-54.1315,34.2948,-20.5141,train
2659,175.855,189.815,59.8452,134.388,184.774,168.416,180.291,45.4244,27.634,66.1027,72.187,380.374,346.669,3914.89,4885.91,69.0545,-66.3974,-26.8483,140.096,36.9272,13.1911,-140.096,-9.67253,7.52385,14.8671,35.9285,-83.7511,66.523,-53.5682,train
2660,178.343,43.1871,177.584,139.75,17.8679,47.7863,53.1521,162.469,14.3946,29.6008,87.3831,525.918,528.627,3089.74,2745.23,85.0824,-84.706,-33.7546,257.379,60.7043,61.1163,-57.6493,-18.7459,164.949,55.2342,132.46,-48.4582,257.379,-126.102,train
2661,18.9559,68.7182,134.142,80.1067,3.15539,8.91063,32.7351,109.158,107.062,26.1978,101.773,544.711,293.433,3122.63,2007.63,118.977,-118.426,-41.9534,489.886,489.886,17.7789,-74.4692,-52.7468,-122.418,137.11,196.237,-49.7379,55.814,-65.9521,train
2662,120.772,38.2072,97.2476,155.99,9.3298,199.451,212.787,177.62,194.248,118.671,177.934,598.394,251.456,4168.42,6158.23,23.459,-22.4604,-8.1393,103.777,85.9001,42.3363,-103.777,-27.9915,2.57088,8.10999,27.3032,-34.9562,31.7892,-19.2764,train
2663,152.394,134.731,46.6389,143.742,77.2805,195.41,125.733,5.92912,114.87,125.782,120.834,381.233,423.273,6186.74,7222.65,58.9161,-55.8057,-30.2672,237.037,30.2807,14.8678,-237.037,-12.5864,-13.0293,10.251,81.4649,-191.358,22.2737,-22.5221,test
2664,79.3862,220.14,159.67,215.731,92.0745,194.51,168.32,31.2674,199.678,22.9682,77.1364,226.226,455.814,7809.03,11129.6,34.0293,-33.3194,-17.0567,54.1336,43.5734,1.51248,-49.3882,-8.94311,-7.95489,1.71178,47.2487,-54.1336,13.6643,-20.5011,train
2665,107.894,65.3809,60.3542,113.602,198.106,201.48,100.471,100.651,81.8698,167.338,102.068,357.328,555.339,3977,5031.84,47.4391,-45.692,-21.4739,126.078,80.3002,26.3222,-126.078,-16.3053,16.3463,8.54165,56.8108,-71.5264,31.9967,-14.5443,train
2666,211.047,41.1794,115.204,109.223,199.135,204.422,39.042,9.69431,197.932,4.4883,74.9112,553.963,563.1,6683.62,7550.15,130.18,-128.473,-91.7777,364.017,38.0718,5.12521,-123.389,-48.7861,-14.2278,1.03244,314.245,-364.017,38.0724,-66.5005,train
2667,40.1146,5.33798,62.5152,141.901,124.611,42.2656,193.56,218.344,115.263,91.0675,178.014,215.76,471.511,3920.45,4628.27,23.8259,-22.5714,-8.33358,121.092,121.092,42.4322,-101.261,-13.6088,6.16994,5.35902,30.4876,-17.4875,23.6936,-3.51742,train
2668,207.259,29.0728,188.205,108.448,63.4898,222.01,67.2469,40.6871,52.3455,179.324,67.5502,570.431,243.69,6094.97,7238.29,72.7964,-71.8962,-36.203,108.986,42.6512,103.253,-56.906,-24.9194,6.82156,13.5213,105.27,-108.986,73.012,-23.6737,train
2669,203.169,11.6205,207.211,196.903,70.0836,38.7966,20.4182,223.244,102.161,138.392,126.436,268.186,318.629,3397.25,4388.06,17.0416,-16.91,-10.008,60.6089,37.7762,26.3451,-17.1657,-12.0654,37.3464,7.891,60.6089,-31.6304,32.887,-3.12845,train
2670,145.935,104.583,222.24,96.5853,216.892,220.95,89.7929,99.6371,209.857,179.864,187.189,270.354,425.815,4573.76,7637.74,12.1541,-11.9483,-6.99766,57.3504,41.2777,10.1084,-28.5498,-17.0458,7.71792,4.78464,57.3504,-47.1275,11.0948,-8.31218,train
2671,224.539,190.739,130.976,127.866,80.0275,176.773,201.71,12.6041,195.662,3.85291,176.258,328.339,394.492,5511.01,7640.35,19.2041,-18.5061,-8.54038,88.0291,18.1169,0.701705,-74.2669,-24.6316,-29.5523,0.757141,45.1779,-88.0291,22.7644,-49.1269,train
2672,75.5666,51.3317,128.623,80.531,219.643,58.5461,28.649,92.9016,47.6411,60.5201,193.968,474.654,244.985,4878.4,4189.16,30.693,-30.4144,-13.4562,127.163,127.163,41.5173,-55.0464,-32.4767,10.2318,36.4013,115.198,-74.0237,77.6369,-49.8001,train
2673,133.496,175.484,34.0822,37.881,178.685,46.0724,139.613,109.396,199.14,99.7428,99.139,422.001,301.563,2796.08,3529.67,57.018,-52.1326,-20.4639,181.82,71.0046,9.25133,-181.82,-68.545,14.8991,35.2371,20.0245,-67.9829,18.4396,-23.0184,train
2674,127.474,154.556,170.652,14.2137,66.6957,192.576,77.7457,51.8036,206.232,50.5672,136.746,245.265,245.629,4450.7,5178.91,21.3049,-19.8947,-9.63715,81.6172,33.6533,8.36312,-32.3718,-81.6172,10.1535,6.712,55.8743,-50.1568,7.95515,-36.1494,train
2675,28.5332,47.5495,168.916,100.528,14.3038,108.176,214.761,89.2036,29.6064,190.445,113.524,330.599,453.691,5083.9,5620.67,39.0185,-37.5832,-12.4767,142.29,142.29,50.2724,-61.5387,-9.10754,-11.2963,22.0975,46.6808,-11.9535,43.7339,-17.7509,train
2676,108.295,141.989,148.851,212.161,21.8824,172.58,159.864,224.007,115.555,200,170.711,203.396,507.411,3522.73,5781.69,11.8894,-11.5646,-6.49482,43.7198,43.7198,1.99841,-43.274,-8.24944,43.4337,1.64418,38.9896,-17.0499,21.4199,-2.00644,train
2677,195.551,84.422,168.028,17.2,220.558,168.169,43.3593,82.0514,91.4154,1.064,79.3953,355.988,227.082,5460.98,5802.83,68.2982,-62.7644,-19.4079,200.332,37.4372,1.3523,-33.5037,-200.332,1.42955,0.678866,67.5052,-64.8237,53.3058,-151.741,test
2678,160.426,130.017,133.887,93.7098,59.9687,222.919,104.389,223.451,130.946,158.483,62.0628,479.629,291.261,5704.92,8731.92,49.4076,-47.6297,-21.3868,59.4494,58.2322,15.4819,-59.4494,-29.7021,29.3869,9.02981,42.8542,-28.7693,30.0604,-17.9621,train
2679,205.614,132.522,187.729,40.5192,219.407,6.27139,125.983,134.532,35.6913,134.718,106.573,487.814,585.759,6720.58,8612.52,52.5795,-51.331,-14.9241,271.358,50.0331,12.8416,-54.3576,-78.391,10.1776,271.358,59.7905,-56.8639,125.858,-17.8647,train
2680,103.28,134.503,172.596,25.1314,166.411,155.915,212.556,163.346,116.058,220.374,202.057,588.54,473.177,2799.93,4519.44,21.069,-19.9769,-7.55179,92.4789,92.4789,30.0107,-74.3745,-73.5681,10.9187,25.8893,46.2497,-31.7382,22.5291,-25.9038,test
2681,93.6708,225.463,131.734,81.9309,133.132,78.2963,114.518,43.908,117.595,49.9878,62.2196,567.849,507.517,6111.03,6734.97,94.5046,-92.0016,-42.5798,101.086,93.885,8.49416,-101.086,-45.9335,-4.86427,24.4599,94.3225,-100.355,45.259,-54.1809,test
2682,198.051,61.7461,117.167,62.1655,21.5129,103.214,212.731,198.29,117.867,87.2266,179.572,442.17,418.037,7651.46,10041.2,18.4705,-17.3106,-7.11284,77.5946,42.1807,22.356,-77.5946,-48.9228,41.4133,13.374,31.0446,-28.0449,36.4907,-22.3805,test
2683,65.8633,144.77,186.182,40.9588,77.86,179.732,150.457,73.8196,67.9072,81.4371,180.742,598.107,263.239,5974.74,6685.69,28.4555,-27.7174,-9.71428,121.15,121.15,24.445,-67.6555,-59.6251,-5.70116,19.6898,62.1792,-38.2824,50.8599,-61.4556,train
2684,39.084,167.708,140.715,89.9515,64.4583,11.4887,25.0785,79.8881,70.3762,135.705,168.049,268.599,429.531,5593.38,4875.7,35.14,-34.9785,-19.3715,175.443,175.443,3.7879,-39.0596,-22.7981,32.8941,55.2946,158.476,-73.8373,41.2095,-6.62021,train
2685,188.589,90.5485,85.7497,131.437,20.7557,59.3043,149.774,91.0794,5.4212,1.53741,66.7992,311.185,467.245,2967.07,2514.61,212.693,-212.182,-23.8853,636.803,33.7876,7.40765,-89.0505,-18.5724,39.4594,11.3103,42.7189,-50.6206,636.803,-617.001,train
2686,100.66,152.339,65.0257,90.1674,72.6543,172.87,111.113,165.867,155.267,179.719,87.6535,283.87,516.908,3419.24,4749.76,41.4902,-39.5821,-19.3499,97.0705,73.2477,5.52155,-97.0705,-22.1538,34.9167,4.8658,44.2081,-38.6612,18.1942,-6.61902,train
2687,43.9849,77.6037,216.58,57.0445,130.263,148.86,218.392,40.8765,66.079,16.8364,72.4846,594.179,592.429,4296.28,4550.23,95.8398,-93.8509,-27.2143,161.195,161.195,19.9277,-76.9208,-77.0509,-24.9263,10.3887,69.4036,-39.7297,94.0682,-129.899,train
2688,210.69,52.7346,47.1788,25.2655,136.391,120.069,220.887,197.625,21.2728,60.6452,199.024,351.294,500.908,6533.86,7767.19,24.7981,-23.4222,-7.51733,130.041,44.6757,43.9791,-130.041,-47.2473,34.5043,19.3157,16.7887,-42.2192,79.3588,-54.0829,train
2689,75.0771,130.49,205.746,130.596,14.6329,40.8751,161.739,16.1858,111.787,191.071,104.172,373.772,444.543,6350.42,7417.32,35.1745,-34.6978,-15.8054,82.0321,62.2903,16.2577,-53.3764,-12.376,-46.2926,51.901,63.3427,-82.0321,20.4471,-15.702,train
2690,13.8308,28.6389,211.728,195.041,177.372,177.376,137.385,160.502,203.028,83.7315,163.617,280.251,335.437,5773.82,8609.95,28.1157,-25.6587,-9.7034,189.615,189.615,24.7611,-43.1655,-10.733,-12.8169,3.9979,65.2303,1.58583,14.5816,-11.9771,test
2691,52.2141,81.6322,162.272,67.4414,2.57616,43.1708,210.641,85.6992,28.3405,82.0862,136.696,260.04,563.035,3261.1,2935.92,26.2314,-25.7287,-10.1892,74.1914,74.1914,17.3946,-58.8992,-17.5032,36.0998,32.8916,46.7104,-21.0144,58.905,-24.4636,train
2692,197.891,54.4768,79.9406,6.34683,56.5179,30.0037,171.238,55.0495,40.1427,200.37,62.514,418.468,565.466,6761.57,6710.36,101.055,-90.8088,-35.6146,168.398,37.5925,57.1966,-134.719,-168.398,38.6736,103.85,54.3823,-83.6086,37.6532,-21.992,test
2693,209.69,74.7352,204.095,152.004,53.5852,43.6695,219.058,199.674,189.384,154.996,123.371,200.102,268.246,5030.67,8358.2,9.47314,-9.15184,-4.22532,22.7894,19.2394,5.99729,-22.7894,-10.2156,8.96664,10.2637,17.1093,-14.401,11.5955,-4.08954,train
2694,12.4432,34.7037,71.8064,224.634,209.967,182.239,80.9106,8.57688,111.268,156.516,110.08,271.548,535.07,6533.21,7414,75.1824,-71.7815,-33.9532,256.664,256.664,30.3928,-143.489,-7.39309,-5.63184,5.78767,132.627,-78.8558,21.108,-9.53022,train
2695,125.401,159.407,141.469,164.962,115.399,7.99886,128.79,147.199,42.9379,67.1025,201.47,298.959,354.357,4156.79,4791.37,16.4869,-16.2758,-5.39261,105.07,49.1053,5.27225,-44.9175,-13.0281,8.8314,105.07,36.949,-30.4394,70.7851,-17.7126,train
2696,144.129,17.2591,23.5384,14.2485,104.089,126.364,173.408,111.378,9.61226,51.6401,104.952,354.232,524.313,5582.21,4690.92,84.2141,-79.5194,-24.9622,248.775,69.482,147.912,-248.775,-69.4459,52.6713,20.2021,18.867,-82.1778,145.581,-69.9115,train
2697,100.23,185.944,26.1133,209.616,46.5348,13.4868,107.43,178.34,113.734,158.367,123.24,386.229,207.203,3322.62,4164.99,42.4268,-39.798,-15.3179,182.598,88.703,3.23799,-182.598,-15.5533,37.9972,44.6424,11.9257,-39.8745,40.5387,-5.37659,train
2698,136.149,53.7644,177.482,76.9679,89.1109,71.7664,8.73434,178.094,173.741,100.814,187.771,413.449,456.713,4488,5161.53,21.226,-20.9414,-12.9985,119.73,88.8488,14.3652,-27.4617,-43.6825,51.6211,10.7618,119.73,-63.2262,27.3671,-10.8343,train
2699,36.8674,8.84583,191.638,223.733,41.4076,48.0899,66.0275,73.3148,207.937,80.303,171.797,235.873,461.985,3736.48,3947.15,24.0347,-22.8481,-12.2732,130.063,130.063,21.8046,-36.0105,-9.68052,6.53227,4.01081,97.2883,-46.996,14.7304,-3.3968,test
2700,13.2198,11.8279,141.149,8.8353,40.9498,154.926,36.4112,27.5913,39.1114,216.642,103.055,571.76,550.547,3689.37,2776.81,183.985,-167.75,-72.0474,592.99,592.99,309.243,-104.989,-233.146,1.5071,23.6093,353.5,-108.746,74.4835,-23.8769,train
2701,170.854,113.616,105.43,80.4281,185.528,191.203,141.946,146.953,70.3018,150.286,206.909,444.285,314.395,7507.43,10761.1,16.1859,-15.5998,-6.31492,74.6326,50.3586,22.8013,-74.6326,-23.0299,12.4448,13.549,34.1302,-40.0448,37.2605,-24.3779,test
2702,27.1723,7.9909,167.059,116.173,12.1208,45.1332,168.737,192.459,136.569,68.5218,208.002,404.273,396.524,3172.42,3412.86,30.4661,-27.4324,-7.0811,222.051,222.051,119.896,-60.2166,-26.5521,-90.2344,21.2278,50.4299,-14.6296,31.9424,-19.7737,test
2703,68.2881,179.467,136.155,12.1138,113.301,54.3052,113.559,161.794,138.339,163.324,74.6279,433.01,282.985,4941.75,6234.29,60.4974,-56.6462,-20.7957,110.14,105.636,16.6932,-63.2106,-110.14,13.6752,55.1676,53.2557,-25.2051,13.6394,-25.9412,train
2704,27.438,23.9591,83.2326,158.993,141.374,94.5441,114.69,26.6079,143.138,34.1854,150.942,377.805,300.812,3071.69,2752.97,40.3551,-38.9075,-15.7029,172.544,172.544,29.3788,-115.435,-19.3352,-14.9811,7.44509,71.8876,-50.8237,30.373,-29.1192,test
2705,20.5995,27.8097,79.105,222.847,76.4185,103.377,47.2842,225.454,78.8629,151.658,75.7995,472.372,400.799,7185.7,8159.85,139.675,-130.296,-53.6135,395.446,395.446,63.4268,-126.833,-13.2819,6.05134,17.0626,158.799,-21.4671,53.0776,-16.4482,train
2706,163.119,24.6512,193.208,14.3607,171.493,78.198,60.4005,77.7779,84.5652,46.6819,85.2757,373.999,323.578,3566.15,3345.85,53.7264,-50.2939,-20.3598,139.892,45.5917,70.2218,-36.3283,-139.892,9.84252,22.1368,76.772,-67.2191,33.5963,-52.4417,train
2707,8.87297,72.8004,79.5105,32.7057,52.7792,25.2183,190.136,83.3877,54.4105,144.693,170.632,271.271,362.941,7372.56,6338.89,39.2901,-38.4337,-11.7442,260.867,260.867,22.2761,-118.888,-33.358,-28.2126,64.307,50.1327,6.75055,28.3567,-15.8504,train
2708,41.3677,110.848,164.451,178.299,210.439,170.237,77.9892,106.593,222.356,172.413,148.882,299.117,556.736,5097.32,7900.22,30.4535,-29.1851,-14.9249,150.864,150.864,8.89109,-50.471,-11.2486,5.91189,5.78936,96.2675,-43.1153,12.756,-8.08407,train
2709,92.6351,101.786,170.348,24.2226,164.186,149.706,165.25,100.95,161.323,4.90708,114.535,575.634,420.559,4536.63,5452.66,58.4561,-53.7553,-14.6964,215.504,99.0988,5.2688,-72.1735,-215.504,-10.9411,3.58227,55.9545,-47.9624,45.7609,-154.558,train
2710,5.6144,33.3609,48.0555,189.67,183.114,102.352,85.5677,19.6408,126.092,123.267,143.657,340.57,577.163,4588.91,4462.97,102.831,-95.4683,-36.2389,592.938,592.938,35.4517,-263.44,-11.7204,-12.559,11.5552,152.946,5.52374,24.9326,-13.5688,test
2711,168.785,152.457,12.5734,157.445,168.028,186.932,222.085,2.40665,22.982,124.889,75.9282,243.004,437.503,7663.93,9620.6,202.131,-184.4,-91.8585,684.151,18.1474,12.5524,-684.151,-3.27942,0.694247,10.2375,39.3031,-371.958,31.7727,-21.6704,train
2712,181.859,224.672,125.641,166.037,50.5996,150.579,172.671,178.788,106.202,40.7789,134.19,596.666,291.379,5071.28,7439.37,29.2806,-28.3798,-9.94232,79.672,59.4068,7.27476,-79.672,-26.092,9.97632,10.8543,33.1165,-38.261,57.6889,-56.6822,train
2713,137.809,181.674,102.599,64.6865,17.4824,137.094,68.7351,151.842,126.141,224.924,84.4742,406.581,224.333,4313.91,5718.82,38.5314,-36.7901,-19.4379,66.4271,55.3329,8.36139,-66.4271,-39.3709,57.9327,11.0803,56.572,-33.1528,28.5528,-9.55102,train
2714,193.816,21.4642,105.578,83.1372,207.99,68.9139,9.98793,62.3309,89.6927,197.37,78.3137,508.023,462.618,6080.06,6611.15,85.3515,-84.5035,-54.6032,202.976,68.896,77.5071,-61.6961,-41.0959,23.3487,24.1407,202.976,-187.702,53.8706,-11.9204,train
2715,222.186,155.003,55.8153,170.958,85.5901,205.571,210.019,147.003,126.32,175.061,67.6058,551.041,591.081,3324.57,5551.77,75.7267,-70.8925,-31.7844,176.52,56.6621,13.1417,-176.52,-20.3172,42.1278,9.909,29.2386,-68.1034,38.8864,-16.4558,train
2716,74.1845,146.572,93.9316,120.058,216.607,149.379,27.5743,34.0962,69.1953,63.6479,112.241,400.876,553.696,6610.15,6502.58,71.0517,-70.4875,-45.0349,231.077,121.979,11.7491,-90.6436,-19.0465,12.712,11.5283,231.077,-209.053,46.7351,-38.2636,train
2717,28.5835,147.282,142.858,97.0329,134.634,164.492,14.6248,119.823,195.279,96.8179,193.185,413.015,228.644,7080.58,8534.06,41.0846,-38.7615,-19.829,300.892,300.892,9.12526,-42.5342,-28.7137,12.5097,8.17054,188.196,-52.7622,20.1774,-19.6315,test
2718,159.045,219.4,173.892,110.536,158.666,155.932,3.67093,210.159,52.2441,74.7513,67.0435,383.454,312.191,5348.02,7137.14,50.7319,-50.4251,-25.5766,82.125,66.5083,8.62883,-23.2772,-17.5633,30.2642,12.1409,82.125,-45.3773,52.5519,-35.8166,test
2719,217.489,112.854,141.29,180.724,70.908,117.272,13.43,91.6531,19.8901,219.893,132.564,259.126,518.276,6074.5,7377.8,30.3028,-30.2176,-21.8559,144.404,41.3536,15.1799,-28.0457,-4.85909,77.9114,14.608,144.404,-98.794,62.4377,-11.0176,test
2720,175.996,41.9206,216.553,30.0126,123.587,183.999,107.722,19.8641,14.7672,203.057,195.485,557.878,330.733,5209.7,6004.96,26.357,-26.0147,-11.9084,111.222,40.0777,111.222,-59.986,-30.5294,4.51889,25.3399,97.2987,-104.993,87.7484,-32.4725,train
2721,219.933,167.84,77.7021,221.995,146.658,24.7682,119.916,77.1178,17.917,113.762,185.29,425.652,295.621,3355.11,4061.2,26.5646,-26.0357,-9.12895,116.785,35.9096,17.234,-100.744,-6.14413,15.5276,116.785,42.1202,-66.7737,107.66,-35.9584,train
2722,120.629,151.42,188.991,125.76,134.452,183.934,154.354,59.0372,68.5004,183.751,207.493,332.809,484.797,6416.86,9175.15,13.9012,-13.6528,-6.98739,54.683,45.8911,13.5214,-49.1897,-10.1834,6.89497,11.1313,54.683,-52.8848,26.4398,-15.7577,train
2723,76.0865,41.3129,58.3691,154.257,215.453,82.4418,100.095,172.252,128.352,61.5106,65.0198,238.915,292.9,4100.42,4805.2,48.1034,-46.4807,-18.8978,76.2021,74.2391,13.4355,-76.2021,-11.8898,6.61562,6.73272,29.0868,-26.7605,20.2085,-12.7615,test
2724,194.416,180.7,191.188,225.464,200.671,221.622,56.2388,9.53672,172.322,218.469,160.427,353.071,296.359,2782.6,4731.95,24.9033,-24.7057,-18.3754,151.348,23.4102,9.76123,-47.0972,-7.83655,-3.71877,7.95882,137.645,-151.348,14.5003,-11.4179,train
2725,31.2104,24.1334,143.455,109.93,149.058,168.659,203.09,164.306,152.265,147.077,196.619,442.315,407.833,3241.8,4652.05,27.0825,-25.1282,-8.59816,177.924,177.924,59.2929,-82.2186,-27.2193,-12.4935,8.48423,51.3316,-9.72562,27.7912,-13.7591,train
2726,215.687,116.922,153.371,144.518,112.137,41.9726,198.815,185.087,168.133,24.4127,158.428,503.442,585.883,6557.32,9592.59,21.2519,-20.4827,-8.30418,67.726,49.0286,5.43788,-67.726,-30.4365,10.1824,15.1481,38.0758,-42.3333,36.9978,-36.8319,train
2727,129.69,218.771,131.398,124.153,61.6126,15.3889,87.0777,163.578,153.347,165.69,102.158,450.864,205.234,7219.29,9814.05,31.7972,-30.9251,-12.513,65.0672,65.0672,4.55386,-54.3364,-28.2909,6.77701,64.7382,42.7303,-33.9763,32.3924,-8.50333,train
2728,199.773,84.1612,218.296,178.064,8.61601,14.2101,6.7979,207.432,76.2155,168.107,201.781,557.063,358.476,3819.83,4720.98,24.7919,-23.8618,-20.4401,271.358,68.6499,-2.79381,-30.1527,-32.6048,271.358,-16.5466,210.45,-55.5221,107.729,1.97805,train
2729,163.826,160.234,58.1343,45.7131,113.632,203.607,154.815,214.118,223.609,104.404,167.733,513.553,211.903,4548.68,7198.84,25.1931,-23.0552,-8.48613,120.989,64.0438,13.4167,-120.989,-65.3141,20.8639,10.5587,17.3385,-35.3789,18.8831,-29.1205,train
2730,223.687,132.355,160.9,62.8862,28.1116,31.8088,64.6506,94.3127,75.8362,220.623,181.898,336.866,294.921,6649.76,7806.28,15.934,-15.5089,-8.64555,66.1289,29.7892,9.77234,-39.7248,-32.9999,43.3828,40.6622,66.1289,-49.4053,38.6996,-8.29091,test
2731,61.8005,32.0203,102.716,210.609,205.969,192.111,196.426,160.087,95.618,84.3892,153.633,538.644,484.281,5779.9,8265.84,37.027,-35.5771,-12.564,146.311,146.311,55.3181,-116.438,-17.1651,0.196576,9.22021,47.3283,-32.294,53.4687,-29.6839,test
2732,19.4382,108.873,2.12853,94.5358,76.9135,45.9424,6.41114,157.307,170.945,166.462,89.6663,588.514,432.789,7453.82,7201.07,470.492,-422.97,-124.4,1968.1,915.422,8.47987,-1968.1,-52.4871,90.3237,20.0954,-374.112,-107.064,41.0495,-7.84354,train
2733,5.11174,150.496,190.762,150.356,5.63328,170.972,157.38,154.13,100.957,200.302,156.207,434.763,356.131,5290.25,7449.2,60.3582,-54.6186,-14.764,464.371,464.371,35.419,-74.5979,6.53641,-175.937,31.1772,88.807,18.1113,-13.767,-37.635,test
2734,75.8586,77.7176,146.833,194.387,54.5536,112.449,138.222,64.5151,30.2044,46.5818,109.554,491.203,379.383,7102.75,6865.63,50.4049,-49.868,-17.1225,105.404,96.5313,34.2372,-76.326,-11.5809,2.924,23.6625,64.4088,-52.8442,105.404,-80.7825,train
2735,161.562,143.614,170.031,203.407,83.3003,138.767,225.612,205.78,156.596,129.856,182.91,335.561,462.228,3511.6,6151.86,11.8695,-11.5144,-5.16336,46.4143,42.0719,7.46766,-46.4143,-11.2246,13.9072,7.72848,28.4348,-23.6524,20.6191,-11.6797,test
2736,191.017,122.447,19.9143,106.667,92.3534,175.773,205.534,50.7219,141.502,110.312,168.669,287.944,477.711,5521.85,7203.61,41.3152,-37.7144,-18.0039,291.765,39.8139,6.61636,-291.765,-19.3994,28.7634,4.60907,20.1663,-131.76,20.681,-10.3863,test
2737,35.4668,223.794,187.646,149.648,198.387,110.836,120.387,6.15875,174.927,45.0799,150.778,396.052,365.57,7583.68,9679.74,30.2392,-29.8505,-14.1116,119.437,119.437,4.68095,-60.2259,-19.4653,-13.2942,9.45153,86.2324,-63.2738,23.5501,-32.8636,test
2738,15.5179,117.519,199.794,136.244,119.8,105.264,100.745,138.948,72.5504,34.2807,155.86,434.924,536.794,4580.69,4960.11,53.547,-50.5898,-18.8017,324.569,324.569,12.7234,-66.9641,-20.9477,-18.0852,14.2047,126.756,-6.99625,55.6324,-61.6847,train
2739,94.2993,109.865,150.997,38.7128,151.484,140.636,58.472,57.8932,118.749,70.077,104.667,546.947,325.906,5150.83,5263.81,54.609,-53.1258,-26.1348,115.634,99.8629,22.7182,-67.8852,-76.8102,6.4297,17.7475,115.634,-96.4302,35.4126,-50.37,train
2740,164.371,14.3475,89.5489,188.843,62.1381,161.81,109.474,69.3652,134.739,155.384,97.7414,572.483,438.771,4901.85,6025.36,54.5317,-52.7553,-24.5081,123.695,63.7915,84.7891,-123.695,-23.8734,4.06029,7.51819,69.1375,-97.0591,47.3191,-11.072,train
2741,69.4713,214.368,128.457,90.8609,148.802,45.1513,150.887,48.4985,50.6489,39.4183,142.665,561.186,440.032,7111.33,7194.86,45.2392,-44.3457,-15.8012,114.841,114.841,10.7576,-103.207,-36.3829,-6.31347,51.0746,71.6621,-69.0018,92.3036,-82.7357,train
2742,171.511,12.7314,20.6066,75.8433,49.1549,53.0719,26.5689,137.785,95.468,154.402,150.239,238.71,326.212,7075.61,6267.56,27.9639,-25.9213,-12.606,144.422,43.4222,20.9971,-144.422,-27.9494,59.821,5.03699,31.3487,-51.9383,31.4013,-2.44849,train
2743,122.582,9.93441,203.088,128.079,81.352,98.397,161.514,5.37909,107.497,108.483,143.36,404.449,583.085,5014.06,5432.58,30.6577,-30.037,-14.7833,113.71,36.5226,100.159,-66.4112,-23.8092,-32.1684,10.1123,82.6814,-113.71,40.1184,-12.9714,train
2744,21.335,111.442,163.04,134.765,92.7396,4.83523,170.148,178.392,219.148,146.011,131.742,594.733,396.132,5668.47,7969.14,56.6331,-55.8665,-17.5259,298.247,298.247,6.08403,-94.7019,-39.0999,-52.3349,140.225,78.9016,-3.29622,34.0041,-6.56707,train
2745,185.22,137.49,219.635,198.947,197.923,167.103,68.7993,139.955,91.5672,175.96,138.556,578.639,254.911,3292.19,5358.12,24.1499,-23.8753,-11.4682,66.3643,58.8131,21.8565,-41.0449,-13.9804,11.7502,17.9831,66.3643,-51.605,42.9567,-24.152,train
2746,105.849,8.41477,177.005,194.217,8.55034,118.565,213.832,165.572,86.8995,161.546,157.478,290.01,543.22,4322.85,5931.26,17.7895,-16.8922,-7.16965,54.5724,52.5209,54.5724,-48.4351,-12.5678,25.5289,3.87309,37.5203,-22.7129,39.7233,-4.02008,train
2747,129.922,62.1553,192.385,54.2839,105.847,7.79535,13.6052,43.5857,66.5637,49.4117,187.129,246.721,330.124,7283.44,5309.88,25.4189,-25.2641,-16.8822,162.275,51.3732,7.91779,-20.939,-36.3842,21.0892,63.1315,162.275,-136.513,41.9625,-14.0853,train
2748,145.404,55.2496,61.0431,132.936,118.158,54.7776,224.866,149.949,101.242,206.611,189.703,274.222,230.902,7452.97,10447.4,13.9659,-13.2404,-5.08456,79.1808,39.2166,18.3746,-79.1808,-12.9915,10.435,18.5329,13.152,-27.9166,24.1242,-6.94875,train
2749,161.76,45.0651,147.824,199.49,12.1359,15.8567,14.2529,67.9005,40.9392,174.417,83.9109,333.502,326.535,6581.68,6035.58,59.2698,-59.0256,-44.1163,184.838,49.9046,11.3167,-35.1626,-14.1613,157.589,32.1624,184.838,-98.6719,97.5886,-4.13511,test
2750,51.8079,89.7338,63.286,114.403,74.6316,161.039,162.575,216.312,13.4443,194.252,168.487,243.964,332.355,4507.07,5705.71,22.3386,-21.7282,-8.17882,93.1251,93.1251,22.5595,-91.9295,-3.63,26.3922,12.5706,29.3865,-15.5926,43.684,-14.7379,train
2751,99.1343,214.265,168.869,111.266,73.5393,136.562,160.109,93.0318,79.1333,116.285,199.143,417.874,275.882,5519.9,7258.13,15.7234,-15.3917,-6.2466,64.5371,64.5371,10.5316,-52.6869,-17.2757,4.03746,16.524,41.6773,-33.7334,34.352,-27.4433,train
2752,179.861,151.189,13.8514,214.263,101.461,127.171,70.6637,68.1818,37.8444,175.744,208.139,341.241,334.752,4453.65,5238,36.3018,-33.5767,-15.0173,307.778,51.8266,13.5977,-307.778,-6.33141,44.8704,16.1658,17.0264,-122.567,50.6945,-16.5432,train
2753,32.8276,21.5107,100.034,160.379,70.801,187.545,38.4106,16.1065,156.527,112.556,112.012,584.553,406.277,6547.08,6170.66,100.063,-97.0528,-55.1492,271.683,255.115,76.1177,-132.2,-26.2389,-23.7128,8.73042,271.683,-222.081,38.0207,-20.5726,test
2754,177.154,90.9837,211.281,127.632,216.159,169.154,44.2631,36.3053,180.835,65.509,178.407,419.778,356.537,7055.02,9384.35,24.206,-23.9824,-16.1446,137.387,43.2442,12.7066,-40.2204,-23.8316,1.94963,6.83458,137.387,-134.9,23.7875,-24.9579,train
2755,79.6501,127.565,154.948,178.658,29.0464,5.68873,88.8505,82.8484,201.285,182.439,169.481,300.535,429.889,5947.67,7402.1,19.4036,-19.1059,-9.96465,75.2334,75.2334,1.84781,-47.2584,-15.5024,7.48305,41.4356,68.7167,-50.9877,19.4592,-1.8272,train
2756,166.827,199.147,61.565,156.884,152.553,155.08,189.513,94.757,24.0751,122.164,183.995,284.449,327.773,6746.01,9258.31,17.948,-17.2374,-7.04858,96.0394,35.3573,10.6778,-96.0394,-4.57691,15.3127,13.7119,22.8958,-45.5805,42.1792,-24.6165,train
2757,15.63,92.9848,100.957,78.9338,216.753,41.6706,10.4406,184.359,28.723,100.173,74.194,284.345,437.991,7586.96,6970.14,165.772,-157.411,-75.0907,511.669,511.669,18.373,-48.6628,-14.3797,18.5414,40.9979,280.31,-39.5358,55.8852,-24.1189,test
2758,101.833,163.392,194.021,3.49557,188.215,88.2832,70.1051,209.993,157.208,82.9418,78.8559,304.755,428.668,6414.52,8651.41,49.1675,-44.8407,-17.581,142.824,72.6169,15.5963,-31.1026,-142.824,20.4446,28.8651,60.2562,-29.2767,4.49117,-43.4503,train
2759,143.235,207.509,153.701,203.103,134.495,97.2127,25.3698,26.1639,170.137,55.5648,89.9276,437.949,433.121,6908.53,8410.2,74.0145,-73.6372,-54.9839,242.003,61.0806,4.7913,-56.7387,-16.6676,7.31708,10.2274,242.003,-236.174,28.139,-25.3049,train
2760,97.886,146.242,197.469,64.4787,151.312,110.705,112.477,206.129,136.946,165.447,113.027,428.26,538.933,7146.28,10757.9,31.2091,-30.493,-13.9224,91.6988,91.6988,13.7372,-46.8991,-35.2619,15.992,18.147,62.5966,-32.2007,23.4794,-17.1723,train
2761,161.862,195.133,201.289,195.325,86.0882,130.122,54.8491,138.86,188.629,202.542,205.117,502.987,296.015,4001.47,6575,15.1637,-14.9549,-8.36577,74.1885,62.6618,8.7779,-39.283,-16.982,20.8585,13.1635,74.1885,-52.0698,24.8687,-11.9597,train
2762,120.45,18.9364,148.084,75.4423,113.571,1.08139,150.293,209.149,174.337,90.7645,84.1611,359.007,233.829,6771.31,8425.65,34.0199,-32.6089,-10.3689,96.9396,55.9113,5.53586,-43.0431,-46.1974,-3.00067,96.9396,26.1958,-21.262,28.2721,-1.63336,train
2763,205.231,199.647,45.0589,167.899,114.783,205.658,4.52677,216.694,16.4574,176.263,96.7158,387.759,237.426,6809.39,9487.19,38.3745,-37.344,-16.587,89.1219,48.6832,15.7971,-89.1219,-4.31066,46.9575,15.3353,43.1592,-39.8999,62.1938,-25.3042,test
2764,71.9988,214.167,199.934,46.255,54.3704,83.054,158.899,118.144,4.27712,181.163,125.112,406.764,419.425,3438.41,4162.23,31.2232,-30.9469,-11.9563,83.9924,83.9924,17.9243,-51.7661,-4.94746,32.2025,46.2205,55.912,-23.6976,75.6667,-29.9668,train
2765,120.118,173.713,178.926,206.406,198.41,94.2328,189.233,106.867,217.027,23.3661,77.6562,486.227,276.261,4124.36,6526.34,39.7577,-38.7606,-15.0397,63.1944,63.1944,3.50705,-54.5402,-20.6053,-7.6838,6.46506,36.5926,-36.1075,27.7142,-36.8726,train
2766,143.415,43.7267,128.784,44.0159,209.46,61.9476,58.7672,22.2074,121.246,217.37,142.493,426.687,366.485,7320.62,8198.37,37.612,-36.7039,-22.16,149.418,46.1123,45.7288,-76.5026,-51.511,0.377166,32.2784,134.411,-149.418,26.4459,-13.0092,train
2767,82.0091,70.7604,216.372,64.8164,154.663,139.352,170.251,76.4547,95.7768,84.532,152.387,510.617,431.968,5432.85,6616.42,27.5886,-26.9388,-10.4529,90.7205,90.7205,32.9369,-56.3765,-42.8216,-2.85659,16.7248,58.9118,-43.1681,40.9829,-38.9912,test
2768,207.659,218.848,70.488,184.043,129.957,160.67,128.303,158.312,111.567,182.781,90.7643,519.948,376.985,2707.45,4439.59,44.0437,-41.985,-18.505,116.803,53.622,10.8965,-116.803,-15.2942,24.0141,14.8422,33.4394,-53.0229,35.6801,-18.4508,train
2769,169.636,111.618,38.5462,141.774,69.2973,221.549,110.2,63.1027,49.7984,82.678,85.8681,568.746,439.324,5787.27,6270.11,93.5635,-88.7222,-39.346,259.111,67.6028,25.7335,-259.111,-19.8566,42.7901,12.9647,55.1867,-129.546,79.9469,-49.1311,train
2770,160.845,186.99,190.477,123.362,67.3523,224.98,142.732,86.2165,27.1651,213.064,115.072,267.892,471.107,3715.14,5494.93,20.7255,-20.4097,-10.984,49.079,31.8039,10.8368,-40.0694,-5.28963,26.4883,9.00691,49.079,-39.9675,33.9713,-13.4501,train
2771,133.066,19.8948,51.5296,81.3681,132.682,8.41025,202.452,95.5922,37.3049,32.7418,204.397,230.925,570.462,5151.63,4463.39,22.8727,-21.9289,-8.07148,123.66,47.0459,27.3495,-123.66,-21.6932,16.4742,64.6966,28.3812,-58.4513,66.9154,-23.5019,train
2772,191.978,139.822,48.2456,221.268,80.6084,52.6048,97.4403,201.267,159.364,48.4227,182.567,563.57,589.424,7445.99,9878.06,29.5571,-27.9109,-12.481,171.961,75.5552,5.12075,-171.961,-22.2342,48.997,13.6108,38.616,-62.3204,43.6581,-20.911,test
2773,193.122,62.5619,36.5457,25.7181,132.087,70.4125,160.649,205.889,108.492,198.376,204.21,550.376,254.115,4405.71,5933.24,28.3851,-25.5297,-8.7639,178.055,64.9603,47.2613,-178.055,-99.0357,34.027,41.9919,8.83304,-48.367,33.2008,-21.0786,train
2774,124.212,60.7302,212.77,29.662,148.331,161.954,97.6051,140.199,101.739,16.6392,133.578,289.017,475.949,5584.14,6338.65,25.3388,-24.2609,-9.7329,75.2819,54.1126,10.821,-31.5297,-75.2819,10.7748,4.05769,55.3253,-38.6465,31.0397,-55.8539,train
2775,42.0216,52.6849,141.333,159.633,216.05,163.826,182.718,57.2406,148.219,185.287,142.346,522.723,413.425,5042.42,7315.25,36.9963,-35.5866,-13.9475,157.115,157.115,40.5726,-93.4937,-19.3549,-7.93637,13.0478,61.8144,-33.9717,29.4796,-16.315,train
2776,89.9893,118.621,90.5675,68.137,103.934,9.12561,59.919,100.063,169.221,124.615,204.492,498.224,549.207,5283.74,5421.71,30.059,-29.1385,-13.9563,122.709,122.709,6.77421,-103.749,-61.3276,18.1033,88.0557,104.182,-85.6503,34.9221,-9.11937,train
2777,212.544,41.6361,62.1758,219.944,172.712,51.385,45.9473,13.2562,6.55385,122.9,161.515,255.425,304.603,3636.71,3415.85,36.0721,-35.5511,-20.1497,164.858,19.2881,52.9008,-106.299,-1.59889,6.91117,42.8644,124.808,-164.858,75.884,-25.3453,train
2778,190.422,100.17,212.372,30.6127,7.91439,206.765,182.84,161.258,2.29098,9.49501,106.398,574.372,476.771,4778.6,5468.72,148.212,-147.932,-16.8453,747.498,41.39,45.2512,-66.4745,-39.5561,117.121,21.9225,64.7671,-18.7488,747.498,-675.128,train
2779,202.278,28.9112,57.3903,164.419,132.924,150.753,170.533,57.1585,21.6412,176.483,65.2013,587.319,316.788,7675.88,9397.31,107.418,-103.717,-37.867,188.242,49.3587,140.136,-188.242,-11.0795,17.2229,26.8751,40.8845,-101.714,119.043,-32.466,test
2780,54.7906,60.8646,217.817,121.727,147.009,24.9907,156.179,123.519,76.7047,104.715,179.415,598.837,225.47,4867.96,5694.58,28.7044,-28.3526,-8.79186,143.155,143.155,36.1899,-56.8194,-31.0997,-13.1318,88.1399,57.8429,-21.2408,69.7972,-29.748,train
2781,149.272,71.9336,110.794,11.1465,54.2586,202.429,188.975,29.7246,61.1972,177.23,197.708,283.356,533.445,6058.05,6903.9,18.6514,-17.3926,-8.5942,85.8567,28.9585,30.1274,-85.8567,-59.7841,15.1637,10.7058,49.9819,-70.8492,15.3995,-17.2931,train
2782,125.352,83.4353,86.1477,107.063,82.6752,36.8669,9.53807,134.271,187.962,3.97538,128.64,541.18,232.371,7537.22,6866.93,39.8015,-38.8792,-19.1922,99.6884,99.5198,1.70564,-70.6246,-49.2185,21.6955,3.86012,99.6884,-74.393,39.6474,-50.626,train
2783,74.0991,39.8468,89.6705,41.8222,138.151,89.2855,57.264,51.4678,99.3836,160.896,191.525,506.422,408.363,7347.45,6683.14,35.6934,-34.6865,-17.2296,124.168,123.946,60.1616,-112.546,-63.7693,10.518,26.8492,124.168,-113.209,37.9506,-21.0709,train
2784,113.339,225.139,165.399,170.769,187.469,23.9102,166.631,62.0914,182.817,204.338,88.5561,365.123,482.457,5986.41,9617.82,35.1831,-34.3333,-16.7013,58.7581,53.4656,4.32557,-58.7581,-15.6784,-1.43422,40.7296,51.4936,-54.857,20.7113,-6.74001,train
2785,70.0391,159.29,58.7023,77.0472,145.869,118.997,208.302,204.564,39.8269,131.878,187.496,551.174,247.022,6298.16,8388.92,32.5905,-31.3515,-10.3068,159.246,137.885,23.3519,-159.246,-23.2586,16.1347,31.2591,26.0462,-28.6596,63.6326,-39.889,train
2786,41.4495,3.09484,109.339,26.5794,210.678,17.2982,210.464,76.6167,78.5009,167.581,123.435,504.755,407.564,7754.01,8242.03,65.0171,-60.335,-15.8339,263.026,162.87,263.026,-114.025,-159.278,-12.0098,47.0584,49.8577,-31.4405,76.268,-6.86955,train
2787,122.925,204.562,203.91,195.786,48.0035,200.034,165.666,147.24,134.987,131.688,84.0242,410.273,422.058,2820.29,4628.74,32.0752,-31.4447,-14.5475,59.0526,59.0526,7.91051,-45.4601,-12.6901,13.9935,8.08959,44.1085,-30.3155,26.0298,-17.378,train
2788,36.9261,150.912,155.169,136.628,79.8077,145.236,77.6262,186.791,55.5531,189.196,171.535,585.499,342.091,3114.51,4057.55,40.1584,-38.9273,-16.1235,242.572,242.572,25.0729,-77.5198,-15.1593,12.9192,26.0528,112.473,-23.4874,52.7263,-28.2834,train
2789,93.2572,194.899,7.37063,15.526,136.601,70.9908,31.1009,21.8362,64.4494,185.381,165.953,580.222,389.164,6590.66,5706.04,153.234,-139.545,-66.5003,1038.48,146.306,20.9698,-1038.48,-110.474,44.8504,57.5708,84.2145,-507.875,37.637,-31.1784,train
2790,128.504,93.9015,19.8007,37.6584,190.667,10.7501,82.2252,210.376,43.3471,74.129,139.617,253.164,329.017,3694.83,3585.38,34.5192,-32.2499,-10.243,144.834,62.3895,9.67078,-144.834,-43.1123,20.2557,84.4738,5.78194,-36.8762,52.9685,-17.3245,train
2791,122.736,37.108,131.321,95.3361,69.8551,81.1535,35.215,208.481,16.1222,10.5926,132.622,245.081,501.459,6346.16,5338.28,37.5022,-37.3371,-13.3598,143.566,64.5684,21.9399,-33.8265,-17.1674,54.9338,10.0321,79.9706,-37.1328,143.566,-108.696,train
2792,221.063,19.6383,43.7501,63.4577,162.737,141.523,25.503,209.135,198.144,12.6024,198.765,404.757,364.25,4632.26,5430.38,20.5196,-19.0806,-7.72127,105.387,50.5489,16.4044,-105.387,-58.707,20.902,2.27635,31.2261,-48.194,26.5893,-36.1515,train
2793,160.776,200.992,11.095,86.159,189.765,141.17,125.831,53.7506,59.6211,44.5747,144.967,207.851,239.598,3912.6,4262.01,40.8115,-37.481,-16.0678,241.282,37.0358,4.02984,-241.282,-14.7233,13.7403,5.73753,6.72674,-101.979,30.0899,-25.6977,train
2794,64.4158,25.1253,11.8637,94.9625,38.2785,206.251,136.976,40.0044,81.2008,126.404,163.731,520.29,494.318,3095.73,2787.66,106.283,-97.8368,-42.8824,703.052,189.566,54.2667,-703.052,-40.431,82.7815,6.6107,32.3973,-247.749,66.8684,-15.2545,test
2795,158.332,101.46,199.349,166.069,124.34,199.255,26.5121,155.335,193.405,150.175,70.7201,483.693,495.067,6047,9354.99,53.384,-52.8527,-32.7703,109.445,79.4078,12.0914,-34.556,-21.7388,33.1809,6.15689,109.445,-70.4291,26.398,-11.5529,train
2796,167.473,55.4921,36.0825,158.599,139.653,216.331,171.192,92.3491,225.383,129.666,171.268,337.521,316.246,5792.76,8731.68,24.5958,-22.8399,-10.2091,154.736,46.0064,14.5257,-154.736,-16.199,12.606,3.72604,18.2408,-66.3027,16.1207,-8.79135,train
2797,141.03,76.3332,196.692,57.453,50.0382,120.472,63.6925,4.04674,72.0095,77.9986,157.534,550.678,536.257,4299.15,3734.43,48.5735,-48.0499,-30.7147,259.72,44.3164,39.7255,-79.4792,-43.0684,-34.5981,25.1708,224.839,-259.72,48.5956,-54.9808,train
2798,139.97,203.588,2.80412,61.1495,27.4468,40.6189,18.7022,104.132,23.0197,141.085,123.168,599.261,300.122,3467.78,2794.77,185.744,-162.215,-56.0149,1166.23,126.519,13.6468,-1166.23,-52.5645,309.759,68.3997,-205.859,-159.118,197.47,-27.8494,train
2799,151.157,224.147,74.7644,47.6075,129.695,83.8362,6.91565,160.749,204.596,159.041,175.323,554.593,522.893,3891.09,5203.88,31.8552,-30.8021,-17.4236,125.832,103.901,9.1648,-82.4091,-73.343,51.4118,24.5033,125.832,-89.3802,24.1352,-18.2667,train
2800,2.5583,177.356,152.3,223.643,143.815,60.9743,31.623,68.325,153.291,198.616,122.467,329.987,496.35,6292.98,8054.1,163.173,-148.496,-67.053,951.816,951.816,8.91505,-81.6024,-7.68517,-17.9646,25.9312,408.224,17.9008,15.8564,-11.2582,train
2801,154.114,197.779,225.36,65.052,96.422,130.757,191.285,202.489,151.825,199.496,107.03,465.37,566.251,4076.42,7168.71,26.9124,-25.937,-11.7044,57.8634,57.8634,11.515,-47.5064,-36.5288,19.5765,17.4173,44.7463,-29.7796,22.1344,-16.1445,train
2802,85.0687,58.0743,114.459,20.4857,67.7782,148.359,80.4516,62.6775,155.451,56.6863,141.824,554.711,524.077,3340.67,3044.47,50.2624,-47.5334,-21.365,148.608,116.255,43.0962,-104.775,-148.608,19.1539,16.8697,113.299,-97.9822,27.6956,-62.4395,train
2803,43.6961,158.981,27.2225,91.0956,32.9083,190.269,129.993,80.1535,211.747,119.786,199.984,396.943,432.228,5774.55,6918.31,43.5679,-40.9439,-17.3624,292.714,189.083,6.07248,-292.714,-32.9765,39.161,5.07392,43.5054,-75.7403,20.0632,-11.3978,test
2804,26.8857,220.201,114.738,33.4835,143.538,59.7173,62.3181,220.393,135.916,134.551,82.8783,326.849,479.751,3803.48,4802.55,76.3343,-74.3419,-32.2434,240.252,240.252,7.55018,-70.9759,-47.962,11.0418,27.8405,110.634,-20.475,16.7098,-17.4746,test
2805,119.636,48.9919,109.12,25.8837,221.551,90.1184,139.037,87.7114,198.087,180.459,125.478,561.397,236.952,3686.28,4959.41,38.8031,-36.0468,-13.6497,103.458,75.1715,59.93,-93.6425,-103.458,3.16565,32.5803,46.8323,-54.485,19.1184,-23.0095,train
2806,84.3747,208.434,99.0478,2.22082,49.8472,212.919,179.202,172.122,175.14,142.927,173.004,484.822,324.033,7621.57,11175.1,30.6015,-26.918,-9.80818,173.149,90.7576,21.4154,-102.247,-173.149,48.6463,20.9642,41.6615,-23.0832,3.10502,-44.1665,train
2807,78.5422,34.8766,155.822,35.8802,157.935,101.942,59.0634,58.1038,145.454,123.191,140.984,360.951,594.78,4423.94,4492.73,37.2044,-36.4114,-20.4503,128.809,99.1466,41.6524,-57.6884,-60.1114,12.7957,14.2502,128.809,-101.682,20.9702,-16.6767,train
2808,86.868,120.564,51.8938,179.603,92.4648,74.5709,212.401,150.963,34.8449,70.3102,68.5024,286.224,517.737,5504.93,6385.51,67.7043,-65.0924,-24.6626,131.798,79.7141,12.2367,-131.798,-7.72229,28.9345,19.7839,26.4814,-38.0559,56.2904,-29.6741,train
2809,189.913,145.116,68.8959,140.988,195.517,159.629,81.6669,198.522,97.314,221.952,184.709,414.79,290.198,4078.18,6517.76,17.2346,-16.5225,-7.10262,84.7962,50.0417,14.7525,-84.7962,-14.2359,17.1268,13.4112,29.3384,-38.1523,29.1679,-13.6406,train
2810,173.366,216.179,191.761,132.344,160.257,63.7708,169.238,25.8967,52.0003,224.463,68.0647,467.033,323.396,5064.39,7430.78,49.8647,-48.9421,-22.8379,68.936,34.2205,14.2113,-58.9917,-12.0758,-2.09549,48.1753,55.5026,-68.936,43.4638,-19.3561,test
2811,50.3949,222.348,23.1931,46.5594,163.801,63.668,45.8287,22.7258,28.0174,147,117.661,401.179,413.127,3759.96,3143.9,102.967,-98.4974,-49.3463,362.983,153.744,13.1954,-362.983,-23.1495,16.2289,46.0822,135.992,-232.497,54.4046,-28.2261,train
2812,92.9115,195.662,120.211,51.9166,23.7011,224.421,115.47,63.9381,33.1249,169.432,78.8388,557.682,325.725,6097.04,6963.36,64.8522,-63.1644,-29.0855,98.2052,88.0666,20.9325,-98.2052,-28.5289,47.4431,18.2501,76.2835,-57.6313,63.2342,-34.1858,test
2813,59.9054,166.295,25.2976,108.885,55.1772,65.9307,76.4334,3.82224,202.577,135.082,199.503,503.487,573.195,3663.63,3592.94,83.1499,-78.4003,-42.8129,578.679,103.452,13.4648,-578.679,-25.6762,-29.6001,33.9618,177.705,-430.118,19.5174,-23.4422,test
2814,110.365,42.2205,22.0508,139.404,179.5,24.7042,79.2658,111.883,47.1171,122.798,145.592,585.909,296.702,7373.58,6937.02,65.6461,-62.1682,-21.7518,310.831,124.046,56.6714,-310.831,-24.8658,24.3162,96.8539,17.7517,-98.9862,104.044,-27.5557,train
2815,36.0683,68.9089,122.468,125.309,86.9075,61.7328,223.506,219.128,60.7215,4.1447,88.2267,452.79,466.559,5225.62,5825.28,76.085,-74.1411,-19.2076,182.872,182.872,5.12816,-95.1546,-33.3138,-24.2388,5.72428,45.0859,-13.3465,97.2254,-120.575,train
2816,175.805,214.727,48.5313,98.1237,62.8581,135.521,70.9521,77.2753,25.0293,211.538,121.891,470.369,376.482,6468.04,7568.91,47.9562,-46.03,-22.6889,166.955,55.5919,16.2393,-166.955,-12.3995,61.2962,25.7304,67.7459,-92.7795,68.7453,-23.312,train
2817,26.157,31.7708,176.058,173.352,112.335,163.657,113.799,37.8405,183.423,102.975,178.318,313.932,410.329,6912.15,8234.35,26.0292,-24.555,-10.8285,154.842,154.842,28.5683,-53.795,-12.8737,-11.7578,5.54598,78.6866,-34.0422,17.2065,-12.4651,train
2818,98.9273,161.457,18.2343,146.521,146.917,175.973,221.651,35.4911,33.2551,120.088,147.672,394.433,331.549,4532.63,5506.33,66.3178,-61.5855,-26.5584,388.778,81.4677,16.6824,-388.778,-8.53692,19.4954,15.3063,20.0648,-163.972,53.1933,-31.7197,train
2819,19.2826,198.084,29.25,133.33,186.281,3.56374,81.1066,10.5027,121.855,221.314,115.296,398.665,529.493,6359.62,6889.08,122.389,-117.554,-53.4806,402.646,284.063,2.04997,-402.646,-26.8551,-11.2182,113.944,135.843,-200.744,41.5551,-2.5948,train
2820,59.8404,137.857,137.569,86.9957,202.466,138.496,91.6971,207.496,76.3101,59.3202,182.43,204.335,488.84,3708.56,4673.49,16.9664,-16.5425,-7.45243,91.3073,91.3073,5.79684,-40.3768,-14.3021,10.7489,5.77007,54.1526,-23.3129,23.0585,-19.0516,train
2821,35.3061,161.99,64.663,176.284,151.516,223.317,114.823,107.355,119.433,68.763,72.9698,528.809,572.226,7023.4,8948.9,118.694,-114.746,-45.9411,260.435,260.435,11.5633,-191.633,-19.3719,3.24649,8.38777,87.49,-51.466,40.4366,-38.5238,train
2822,157.928,48.3524,111.418,124.548,183.425,140.838,11.8269,170.861,61.8598,27.7357,189.972,544.493,281.378,3490.21,3675.19,27.1502,-26.8248,-10.9089,90.454,82.2348,30.7811,-55.2997,-31.7677,19.5485,10.5678,85.6692,-62.4274,90.454,-75.8891,train
2823,175.46,198.809,79.0268,155.006,20.5623,164.632,207.358,168.039,214.73,188.3,124.378,523.154,565.153,7572.19,13116.6,33.8937,-31.7152,-15.4123,135.229,60.7511,4.96236,-135.229,-27.386,57.5269,5.99252,37.2053,-45.6809,27.9574,-7.40951,train
2824,135.151,126.845,5.39217,106.061,198.01,20.2354,6.6744,129.573,28.6994,193.535,157.823,446.679,270.982,7548.77,7583.64,82.0594,-71.8022,-17.3211,667.221,92.5806,19.7895,-667.221,-18.4476,30.7511,124.05,-184.132,-87.8132,96.4143,-18.3427,train
2825,75.2825,105.348,130.419,221.554,170.502,89.6482,125.471,120.145,115.133,19.1043,197.521,367.024,466.734,5063.6,6157.86,20.0757,-19.7313,-8.17334,94.2474,94.2474,5.04203,-65.8102,-14.1684,1.67663,5.92505,55.3716,-40.3147,38.5581,-39.3204,train
2826,20.6541,61.3317,53.874,70.1923,6.53062,223.799,171.651,125.899,25.957,46.9113,170.852,254.953,270.124,5421.73,4760.47,34.4171,-33.1185,-10.4755,172.601,172.601,25.0477,-125.94,-14.4362,0.317505,6.86429,34.8949,-11.4058,55.2084,-46.3118,train
2827,163.323,199.733,109.974,11.4574,7.38139,77.9781,133.617,167.436,203.3,185.551,123.619,235.156,450.47,3081.48,4354.82,25.3542,-21.4913,-12.2275,117.232,27.2578,5.04864,-64.6291,-117.232,102.568,12.9316,50.3377,-17.7395,9.34353,-7.68555,train
2828,185.592,143.944,38.8474,137.264,17.5869,58.3379,51.1071,43.2842,23.8286,86.0686,169.728,467.526,423.701,6623.48,5272.07,50.4313,-48.6073,-25.701,233.591,49.5085,17.3313,-233.591,-15.8856,132.633,42.7636,121.731,-147.456,129.413,-40.9917,train
2829,198.437,55.7027,9.2158,184.474,55.6812,64.445,42.9546,185.607,11.0838,216.507,135.148,583.379,208.735,4464.05,4951.59,82.2226,-75.6977,-24.7894,467.082,77.0228,80.3678,-467.082,-7.35653,145.351,69.4655,-50.3483,-72.0061,173.155,-29.2416,train
2830,106.971,176.834,18.3828,162.157,129.392,179.42,36.0659,203.542,13.5647,20.1694,62.6385,286.413,531.684,5213.73,5528.9,116.698,-112.917,-36.2625,193.731,96.7358,8.76031,-193.731,-8.1095,47.6751,8.63407,27.3376,-51.9975,137.099,-108.619,train
2831,39.7734,176.103,171.587,182.572,5.28688,7.00389,186.887,119.347,115.875,41.8766,167.672,236.513,580.334,6865.55,7775.13,20.7238,-20.4547,-7.84068,108.931,108.931,1.90458,-49.9234,-11.1174,-11.7846,47.8879,46.9247,-23.3132,24.7721,-11.3268,train
2832,71.8054,25.4208,222.314,120.152,5.20487,149.797,219.686,78.7112,124.562,209.382,61.9616,526.843,374.694,2891.64,3936.99,70.1376,-65.7007,-20.2386,107.986,107.986,97.1543,-53.0702,-23.2927,-60.1615,16.4872,42.0352,-44.6581,31.7749,-16.6812,train
2833,149.991,121.237,143.297,138.673,159.353,114.042,172.376,164.001,125.151,136.71,182.966,547.177,300.364,7715.86,11801,18.6011,-18.0316,-7.02253,68.72,63.8147,19.1954,-68.72,-22.6762,5.99455,20.4064,35.8984,-35.3537,35.534,-24.074,train
2834,119.535,77.161,117.078,17.0096,51.9226,178.07,53.5546,157.944,187.49,163.727,106.683,256.533,499.093,4812.12,5969.22,32.195,-30.2224,-17.4579,82.2426,59.8903,15.1167,-47.2158,-82.2426,61.5292,6.55032,78.233,-41.1311,10.5519,-10.0751,train
2835,55.7359,36.546,93.5938,73.6802,40.7017,4.31089,170.672,74.4693,121.415,73.6914,140.633,589.544,347.726,6483.97,5497.16,51.1399,-49.4785,-15.1465,184.154,162.061,21.7224,-129.613,-69.2394,-48.2636,184.154,51.6685,-59.5765,59.4219,-15.2351,train
2836,139.892,111.862,187.318,6.37838,21.4896,49.2953,8.7807,10.8481,207.662,98.4188,138.129,473.236,487.134,4540.01,4055.31,122.096,-120.011,-101.034,738.241,69.7139,25.7882,-49.7337,-289.671,147.626,58.5193,738.241,-654.438,12.5827,-41.4516,train
2837,50.013,46.4231,3.71396,160.732,200.96,178.855,72.6008,153.089,210.165,44.4722,121.537,251.383,210.186,6899.63,8327.8,67.8848,-62.377,-22.098,342.146,167.409,6.12815,-342.146,-13.8699,18.0606,1.59061,-24.2151,-54.1229,15.0014,-9.0467,train
2838,225.582,224.814,154.588,114.872,151.805,52.9167,108.616,6.83753,65.857,35.8656,169.995,349.938,390.865,6917.44,7790.95,25.0231,-24.5872,-13.1668,118.887,18.0608,5.54519,-66.8395,-19.611,-11.0533,23.5584,88.9709,-118.887,48.3755,-49.1559,train
2839,14.7747,25.7709,211.816,193.44,52.4817,148.889,50.3953,174.186,137.313,53.5486,108.3,517.142,504.439,6526.26,7368.2,111.15,-101.584,-42.9595,502.633,502.633,51.1817,-61.9989,-19.9153,-30.4407,8.8589,223.404,-18.3071,39.6769,-34.8346,train
2840,38.1333,25.0583,70.2482,223.461,139.977,36.901,164.495,39.8791,148.028,68.118,206.704,584.366,361.047,3835.69,3957.99,38.4585,-37.3055,-14.1578,203.542,203.542,47.5289,-190.464,-20.8209,-19.5362,32.2754,64.7901,-68.0192,44.4501,-24.7265,train
2841,145.951,211.685,91.3071,15.2077,192.848,29.3969,32.6569,173.104,98.3708,9.28879,76.256,492.179,342.761,3424.76,3537.57,93.7731,-85.1805,-24.7224,256.02,80.2356,4.85772,-70.9968,-256.02,15.0128,34.9801,67.5876,-55.4617,55.9741,-156.559,train
2842,5.8467,74.0787,2.85971,11.9632,144.379,111.038,32.0177,218.817,48.1588,128.883,192.285,468.955,586.023,4771.75,4168.14,359.93,-341.286,-116.616,2289.26,2289.26,44.5804,-2288.43,-115.947,50.6168,29.7416,81.9215,-56.1964,40.733,-36.2374,train
2843,48.0974,79.4076,110.993,185.183,149.402,18.3625,209.405,205.946,150.078,13.3968,143.333,366.688,587.264,2827.44,3645.5,32.2898,-31.522,-11.4355,139.564,139.564,3.79143,-91.5428,-18.1756,-2.14186,16.3958,43.8552,-20.9153,31.7167,-31.7819,train
2844,132.191,112.97,46.4361,34.0352,26.3903,99.2785,92.6497,92.3613,191.436,12.25,98.3087,407.326,285.817,4083.27,3737.48,57.0079,-52.1048,-20.8412,144.116,63.4367,4.55563,-144.116,-104.557,28.5668,5.18388,39.9756,-66.0319,26.2889,-59.4141,train
2845,4.04725,183.341,222.975,153.385,121.153,153.171,88.4135,32.6678,51.1355,122.286,67.338,455.223,318.154,4006.85,4596.55,174.788,-156.561,-51.696,595.137,595.137,17.4593,-64.7138,-8.80942,-28.846,20.8981,157.992,92.7962,37.3699,-37.0189,train
2846,134.985,207.635,74.8834,85.9161,203.601,223.992,61.9438,208.701,88.0997,94.1116,158.607,310.148,214.802,3348.18,4811.11,17.1502,-16.5603,-6.77583,58.6403,52.3114,7.19522,-58.6403,-18.7101,11.5534,6.66978,29.4448,-26.8326,25.8042,-22.45,train
2847,153.695,86.6897,42.8305,106.526,177.156,158.357,106.426,36.6727,58.1396,51.1198,139.448,398.281,490.68,2846.05,2816.2,50.663,-48.2807,-22.8813,212.691,50.3956,19.5871,-212.691,-21.4484,8.3426,10.7226,68.127,-145.103,55.5767,-46.9747,train
2848,182.371,175.96,111.149,224.503,16.7798,72.1549,169.152,59.3751,68.6049,50.9785,175.761,534.694,574.898,5487.82,6399.14,29.213,-28.4173,-12.4275,114.842,49.4883,10.8334,-114.842,-15.3258,14.1619,26.4188,62.0155,-87.6114,70.926,-52.8819,train
2849,125.279,208.248,124.447,191.766,140.952,9.90849,24.2941,16.8997,150.224,180.231,117.477,430.044,450.19,6844.51,8300.12,70.4972,-70.1111,-52.5696,305.731,63.4893,3.399,-75.9302,-18.7343,0.431796,71.4371,299.727,-305.731,33.8209,-5.55414,train
2850,215.943,183.178,5.59996,167.828,217.146,63.7427,121.547,192.108,163.251,111.5,180.559,494.038,397.256,5769.43,8892.34,43.7914,-39.3276,-14.6466,357.58,77.7578,6.10516,-357.58,-22.7736,36.9743,17.5445,-34.1833,-87.2408,33.1096,-14.1844,train
2851,118.611,167.156,155.009,179.844,55.862,79.8981,55.9363,69.66,209.272,184.584,162.268,522.428,267.674,3658.26,4987.55,25.5732,-25.1919,-14.2415,97.1206,78.272,10.1827,-58.485,-19.5846,9.62075,21.3035,97.1206,-82.4167,23.8021,-13.0409,train
2852,93.5606,8.26163,191.662,90.7516,128.11,74.0323,10.7371,44.8069,60.1095,120.598,180.852,506.781,237.725,4201.98,3536.78,44.0867,-42.7752,-24.8334,227.846,115.251,156.384,-35.4671,-41.6061,15.1383,17.4517,227.846,-180.385,88.8349,-15.1507,train
2853,118.262,156.897,60.883,158.251,87.2186,220.572,158.796,120.388,198.348,131.572,147.875,439.408,340.132,5105.42,7765.81,28.6824,-27.1841,-11.8039,129.127,73.7506,9.01769,-129.127,-18.8259,15.462,6.41445,30.8818,-50.8392,21.2418,-15.2077,test
2854,154.245,99.5377,69.1038,123.153,70.4526,74.4673,175.108,137.644,57.0869,192.666,200.35,272.94,217.197,4238.36,5373.3,12.9084,-12.3459,-4.95356,72.1206,34.8558,14.4798,-72.1206,-10.4595,19.2873,19.3546,18.2072,-27.196,31.9104,-10.5793,train
2855,58.0251,88.6975,126.528,101.05,59.8157,190.068,195.444,1.06388,42.5207,158.222,102.698,599.043,492.783,7594.28,8235.71,61.7793,-60.336,-25.8089,133.008,104.607,49.1986,-133.008,-16.0974,-25.8666,22.9591,78.4286,-105.562,54.1011,-39.0043,train
2856,23.7705,125.44,69.4298,151.301,76.5661,85.4097,135.638,71.1477,131.079,28.1293,110.23,369.543,436.095,4831.9,4637.04,64.1018,-61.9064,-23.044,226.423,226.423,6.43758,-144.967,-19.0872,-15.6876,9.45476,66.4122,-33.5281,31.1576,-40.5988,test
2857,196.82,57.4688,206.633,185.377,57.3015,69.2432,103.143,122.169,85.8107,107.879,202.145,369.853,210.789,2991.28,3734.67,11.7545,-11.581,-5.03067,39.6579,33.5971,23.7703,-31.8967,-12.5824,10.1495,19.7283,39.6579,-33.7329,38.4407,-17.9079,train
2858,113.686,83.1516,121.966,10.9137,41.301,5.63359,80.5604,121.445,208.934,43.5343,175.629,533.076,544.296,3722.06,3469.4,48.396,-42.5655,-13.9475,356.175,96.1244,17.3607,-86.1483,-356.175,41.4058,256.243,90.8707,-65.1798,26.3113,-46.8943,test
2859,57.0293,133.872,132.223,105.334,65.8963,208.56,57.3826,129.867,104.245,85.7183,83.8459,566.169,416.087,4603.83,5204.82,76.9047,-74.814,-34.7303,186.501,186.501,16.7614,-79.4863,-32.4473,23.6206,10.7589,119.487,-54.1689,46.3671,-37.0203,train
2860,146.625,172.143,175.679,9.23144,168.748,127.483,63.3168,1.14532,65.6088,168.616,163.39,408.916,245.316,7571.74,8462.84,31.0516,-30.1602,-19.3764,160.318,28.774,19.8818,-59.7774,-72.217,-3.18126,26.8466,143.226,-160.318,14.3702,-28.7051,test
2861,149.83,28.9606,182.861,94.8245,190.889,48.388,180.19,194.276,8.97727,6.44054,140.693,425.383,538.42,2923.35,3333.72,69.8445,-69.6567,-8.63763,405.906,58.1444,57.9128,-51.5906,-27.1728,9.85544,34.6613,40.6557,-32.4511,405.906,-368.277,train
2862,151.756,64.6805,140.132,63.7804,32.9348,129.064,172.024,198.985,8.78499,178.964,130.23,513.162,565.763,3691.83,4633.47,37.0244,-36.3671,-14.2173,124.271,58.5557,67.403,-86.8201,-12.1034,90.5607,33.7789,57.8323,-26.6841,124.271,-34.451,train
2863,172.914,37.8253,50.2228,9.54551,81.086,37.5925,218.296,35.0067,214.332,80.3553,177.463,313.404,241.956,5703.15,6071.05,29.7355,-26.0106,-9.48878,143.506,28.8199,46.6409,-136.159,-143.506,5.91361,46.9297,23.9977,-74.7105,9.03849,-31.0491,train
2864,211.352,37.8734,19.2768,133.373,164.406,143.653,44.1227,109.653,135.465,128.821,195.024,513.774,398.754,2828.92,3365.8,38.2364,-35.2071,-14.9559,289.987,65.3447,36.553,-289.987,-28.1418,29.9237,9.63699,14.497,-111.857,39.1839,-15.198,train
2865,137.186,221.504,15.3021,106.859,1.47792,33.6132,45.7233,19.2639,104.398,149.969,188.439,573.142,443.443,5189.87,4591.75,94.9841,-87.8854,-48.4752,695.332,80.1004,3.12145,-695.332,-47.1652,146.981,20.5697,151.823,-385.948,68.2735,-6.52007,train
2866,158.417,129.006,76.7945,61.1118,196.131,155.696,12.0613,124.121,184.775,146.38,200.976,529.668,384.233,7806.88,10265.8,25.186,-24.4582,-13.5753,108.665,85.2744,16.8658,-81.0402,-51.0685,25.959,13.9746,108.665,-93.5689,23.8864,-21.0209,train
2867,186.829,80.5794,153.199,161.855,154.52,205.226,225.107,41.2665,98.7711,205.783,91.3178,386.587,360.661,5709.82,9134.89,30.4019,-29.467,-13.7587,63.5838,29.2419,25.6169,-63.5838,-11.1314,-1.32227,10.0582,36.9099,-54.742,25.7966,-14.1859,test
2868,0.974559,10.8561,80.9791,28.1071,81.2407,207.384,9.59555,55.4284,126.393,153.972,82.7555,288.818,210.348,3167.05,2600.55,503.353,-449.506,-206.706,1954.33,1954.33,106.745,-109.453,-61.5272,-33.3937,5.58785,880.644,25.0952,19.3497,-10.6437,test
2869,60.6567,103.268,101.972,158.257,185.667,202.986,49.6111,16.4453,200.289,65.2926,124.582,521.927,483.005,7647.56,8963.63,66.2842,-65.3776,-40.6826,216.713,127.593,14.0153,-125.02,-23.8342,-6.74249,7.1302,214.628,-216.713,26.6331,-31.3486,train
2870,165.87,122.159,135.754,157.897,67.4544,29.7334,16.8914,138.212,170.727,51.9463,136.796,343.4,572.504,6453.4,7158.64,27.1882,-26.9165,-19.2462,125.783,66.8639,0.979867,-36.3624,-20.9903,64.3751,4.02578,125.783,-78.3447,27.454,-3.25877,train
2871,167.313,114.132,42.5922,128.247,22.2884,204.112,161.85,117.573,128.297,168.466,133.797,352.642,594.219,3883.02,5302.99,37.5084,-34.658,-17.8255,184.859,51.6873,2.80568,-184.859,-25.0002,85.933,1.56883,37.9842,-61.6033,35.3418,-2.68811,train
2872,15.3833,53.9764,76.2663,154.429,2.18188,76.6788,50.1401,89.8978,17.8729,71.0546,146.941,417.168,516.27,2851.99,1832.6,83.1601,-80.4338,-35.3317,398.233,398.233,45.445,-151.464,-11.1296,108.043,31.99,208.152,-30.7463,135.996,-48.8217,train
2873,218.797,222.547,14.9942,72.0943,145.622,179.245,225.451,41.8317,195.245,57.6309,186.96,250.432,377.753,7835.55,11384.3,38.0719,-34.4519,-16.2026,305.273,30.6821,2.82393,-305.273,-26.0196,16.0207,3.50613,13.0037,-142.289,13.5874,-15.4218,train
2874,194.927,144.696,69.2745,191.437,110.044,31.7551,149.725,66.4526,20.3474,178.818,138.025,559.323,280.81,3792.26,4610.28,43.7682,-42.5471,-15.3992,146.451,48.4409,27.3915,-146.451,-8.51345,20.1687,124.813,42.9966,-81.9174,113.275,-31.3456,train
2875,197.49,14.8467,194.541,84.8843,74.953,76.5764,114.336,90.0315,29.0289,35.9925,203.541,233.02,541.074,5021.74,4703.3,15.9032,-15.725,-6.70107,71.3776,27.7466,58.2666,-35.5795,-17.2604,22.4721,11.2968,56.7916,-49.472,71.3776,-33.99,train
2876,72.1187,208.676,157.345,178.387,202.599,158.855,38.6071,36.386,7.86395,195.414,168.321,408.675,309.336,4933.82,6187.57,32.7573,-32.627,-19.147,150.21,99.367,18.1353,-52.0346,-1.69491,13.7075,23.823,150.21,-119.69,54.3732,-27.3877,train
2877,124.402,168.892,93.2189,160.451,58.075,78.1383,94.0859,93.5566,24.3768,62.0784,97.5422,496.668,361.993,7816.93,7653.94,57.7835,-56.8017,-22.0779,111.094,73.0348,18.0693,-101.206,-11.9346,37.952,39.0559,67.1534,-62.263,111.094,-69.5225,train
2878,133.852,205.923,175.464,73.8403,99.7775,16.5328,33.021,147.942,138.263,203.312,181.394,303.419,292.588,4660.67,6155.5,15.3817,-15.1063,-8.08549,67.0879,55.4928,3.5271,-26.2198,-31.255,20.9038,43.9317,67.0879,-41.9995,23.606,-5.05216,test
2879,111.85,18.8766,207.848,68.6647,181.022,57.9977,162.178,168.627,138.407,72.7191,185.962,299.223,487.043,3832.6,4950.72,14.3894,-13.9718,-5.72445,56.0563,56.0563,36.5176,-36.4555,-33.5384,5.38491,11.8854,39.9816,-27.4888,23.5305,-13.4058,test
2880,89.8046,154.048,177.636,77.8337,193.434,65.7061,109.321,169.229,166.583,67.265,185.727,325.153,312.054,6685.06,9065.94,14.8592,-14.4973,-6.1086,69.7745,69.7745,6.45547,-37.2057,-28.9987,3.91585,15.1349,43.4343,-25.1919,19.1616,-20.9079,test
2881,199.048,28.7031,34.4458,122.709,3.96793,15.9842,147.981,126.987,103.051,113.676,181.272,318.937,564.608,7458.48,7503.54,29.3307,-26.3948,-15.6862,224.271,37.6241,-14.1329,-224.271,-29.2972,177.574,-25.3787,43.3476,-47.8837,49.3361,5.04669,train
2882,52.0175,198.973,198.956,81.0269,224.435,198.566,151.076,212.021,89.7558,14.7233,64.4823,507.892,501.963,2720.28,4017.75,87.0561,-84.662,-27.3084,156.55,156.55,4.64919,-60.8831,-51.2651,-4.85421,4.65872,65.8462,-20.4401,65.4491,-88.8548,test
2883,196.042,208.18,154.703,132.005,8.71963,23.7152,75.6579,188.141,7.33804,153.158,195.561,409.856,405.454,5323.79,6442.45,26.6465,-26.4477,-12.4676,193.391,34.5583,14.8674,-61.8949,-7.60172,191.849,130.511,102.373,-20.1173,193.391,-28.5791,train
2884,87.7976,176.149,204.234,105.736,202.039,80.4837,62.8812,75.1971,84.528,95.1729,105.307,250.692,424.298,3623.4,4326.59,29.6055,-29.366,-16.6429,80.8913,64.4675,6.19354,-29.8856,-13.3912,8.59854,13.5554,80.8913,-59.301,23.6896,-16.2114,train
2885,154.393,38.0376,162.066,166.367,223.523,115.355,173.789,184.046,135.605,30.477,136.975,259.868,316.001,6780.24,9923.93,14.1197,-13.765,-5.45417,35.1811,35.1811,11.3638,-34.0869,-13.022,2.98236,3.74714,23.8076,-21.7692,22.5934,-20.0577,train
2886,145.25,94.2754,191.301,202.436,90.9882,25.9376,65.3045,31.7273,88.0505,9.16317,195.292,405.481,207.839,4334.7,4062.31,21.3271,-21.1408,-10.097,94.8144,42.5607,4.48104,-42.1373,-17.9433,-16.5432,16.2872,86.7545,-94.8144,58.3408,-65.1999,train
2887,103.072,41.0724,69.6363,196.33,60.1377,24.9239,32.5321,194.836,161.705,81.1974,145.543,201.659,286.554,5958,6320.96,16.3693,-16.0053,-8.91451,56.1153,56.1153,2.88824,-44.9676,-9.66721,31.0849,4.75958,48.4614,-27.3451,16.5989,-2.06613,train
2888,14.5131,50.8528,184.798,50.5852,143.174,163.356,132.796,74.6864,215.692,129.123,76.4681,576.225,232.421,6166.15,7827.96,106.015,-97.3519,-32.4776,334.029,334.029,53.0275,-79.8882,-60.6038,-27.799,16.5075,95.8555,17.3153,20.1003,-29.5342,train
2889,213.037,14.227,206.278,161.038,179.426,146.293,18.8889,143.014,42.2251,38.8571,67.8957,457.393,481.709,6308.91,7291.46,74.2126,-72.4505,-32.7162,106.926,58.8487,97.0953,-29.0962,-19.8249,26.5875,9.44252,106.913,-78.7434,106.926,-50.2757,train
2890,57.2515,92.5841,95.2917,154.526,126.348,61.55,42.18,144.926,108.606,133.664,176.507,415.437,593.876,2723.33,2975.26,34.8748,-34.4567,-17.3434,183.274,183.274,14.3536,-82.9991,-18.2847,27.8034,21.5908,125.89,-61.8508,36.7918,-14.0603,train
2891,194.617,223.261,44.355,154.19,217.92,109.35,164.348,160.595,60.082,132.599,188.491,252.073,486.295,3845.83,5892.9,17.4569,-16.5277,-7.14014,108.07,39.2139,5.9234,-108.07,-7.77137,17.9547,12.0939,19.5568,-45.0076,28.2049,-14.1046,train
2892,126.104,113.163,74.6046,26.1257,59.028,221.254,106.227,199.319,212.229,221.114,154.677,231.192,596.654,2976.68,4532.54,21.2217,-19.6445,-10.382,79.4175,55.3305,7.41266,-79.4175,-56.3846,54.0826,3.79129,48.1003,-33.1025,9.81608,-5.36509,train
2893,200.25,65.0723,183.708,133.462,145.039,44.5849,71.7143,49.6693,172.028,0.894667,170.794,589.414,454.959,6756.36,7341.52,30.7707,-30.22,-16.0007,128.125,51.9055,0.71691,-64.4388,-43.8138,-9.29104,1.04634,117.213,-128.125,48.0712,-73.742,train
2894,211.607,91.1934,110.083,196.526,41.3949,102.697,69.0514,173.895,205.349,15.3057,95.6043,451.177,221.966,4096.53,5278.42,30.0594,-29.0744,-13.1129,58.432,44.0563,3.43624,-58.432,-21.3631,14.7953,3.05133,39.3345,-39.1246,28.9139,-28.954,train
2895,136.297,191.67,127.086,163.316,195.253,124.413,26.8185,171.713,47.743,132.966,196.485,206.26,409.758,5655.47,7624.45,12.6616,-12.577,-7.14725,63.9067,51.4384,5.96405,-25.766,-5.63004,20.6338,9.18816,63.9067,-40.7535,27.2361,-12.1582,train
2896,95.5227,218.003,174.463,192.902,128.357,100.406,145.59,170.923,64.1891,169.878,94.8335,321.755,553.007,4147.52,6402.83,31.5169,-31.0598,-14.2535,71.4242,71.4242,8.0808,-47.9189,-7.54739,16.7438,17.5452,49.9529,-29.8284,32.0766,-14.6654,test
2897,152.527,80.4505,157.071,86.5436,44.1317,60.129,59.4305,101.438,29.3809,82.8767,183.864,349.398,595.564,5723.77,5061.68,24.3425,-24.0863,-13.2195,107.415,55.2665,22.0822,-50.983,-19.845,72.9229,29.5452,107.415,-68.8113,82.6674,-30.3147,train
2898,103.785,21.0314,126.786,212.438,6.19719,123.294,200.568,71.6812,110.488,99.6451,100.518,437.362,487.755,7381.52,8610.7,40.691,-39.693,-15.6877,83.979,70.8295,61.7113,-83.979,-14.4783,-15.8626,10.5267,44.2365,-58.7425,39.3687,-18.4201,test
2899,38.6008,145.992,199.906,49.7098,221.29,68.0921,42.4975,105.408,95.6623,131.475,89.5641,413.658,208.973,7192.87,8247.64,59.1364,-58.6108,-26.7322,181.16,181.16,14.8829,-37.5503,-39.5054,4.03338,31.9094,112.144,-38.3223,29.0317,-23.3716,train
2900,135.989,128.098,151.801,118.64,64.0986,169.134,13.3341,169.055,58.7127,209.89,91.7561,534.44,214.319,7591.59,9757.04,46.6816,-46.2604,-25.6574,107.78,86.8874,22.3774,-41.9009,-20.8858,62.3021,16.9481,107.78,-54.1355,59.6851,-19.3142,train
2901,199.147,11.085,41.323,47.9508,98.3514,82.905,83.0728,105.081,35.2723,134.645,79.5168,272.261,340.984,4533.74,4092.39,55.3634,-52.7823,-20.2296,111.6,34.9792,99.8862,-111.6,-33.6881,26.7208,13.3555,32.1588,-57.1089,64.7668,-11.6296,test
2902,97.3352,106.304,169.483,59.1366,56.966,89.4015,219.012,161.641,132.415,102.139,118.773,300.927,577.683,3509.28,4648.58,23.7175,-22.8102,-9.91136,60.5799,60.5799,10.5996,-52.5603,-31.8331,17.6383,12.6035,38.0901,-25.2611,20.1054,-15.6013,train
2903,159.69,104.431,101.265,180.208,167.311,43.0069,119.472,41.5806,55.7675,54.0466,142.025,445.314,224.222,6091.76,6344.44,31.2956,-30.5904,-12.4226,87.8248,42.0069,17.1307,-87.8248,-14.7838,-2.44584,41.5975,52.5621,-76.6939,67.5607,-46.8114,test
2904,7.06559,115.262,66.5547,75.6898,44.3449,164.359,71.5705,66.2657,77.713,160.384,172.597,341.92,202.621,4354.79,4001.64,57.8966,-53.7032,-19.7155,422.309,422.309,21.2878,-139.734,-12.7564,-31.5902,14.9287,116.202,9.29072,17.5706,-21.6357,train
2905,210.454,96.9883,3.04377,23.7139,156.18,67.3141,221.304,37.005,215.857,162.455,109.132,454.681,208.506,6370.91,8493.73,163.142,-144.655,-64.7099,799.316,63.1614,22.196,-799.316,-100.956,40.6689,31.9806,-13.5084,-334.234,15.685,-18.7402,test
2906,160.979,130.346,169.115,185.684,80.5421,85.5143,127.412,222.63,134.863,75.3504,182.785,594.592,305.57,7798.23,11441.2,18.995,-18.5598,-7.24019,68.6425,68.6425,13.405,-58.206,-22.6117,11.2415,20.4328,43.2614,-32.4224,44.0279,-32.7941,test
2907,149.711,57.2386,40.4955,87.9269,161.035,70.287,205.682,103.872,114.567,17.0816,102.434,548.444,527.394,5916.48,6441.45,71.8705,-67.2412,-25.3546,230.878,82.6774,13.7858,-230.878,-53.4007,13.6487,11.2265,26.5754,-93.8516,57.9593,-65.3291,test
2908,96.511,108.114,85.5503,156.086,7.13996,215.351,216.229,49.0263,173.521,149.86,129.897,370.979,556.311,5476.6,7517.75,32.7504,-31.2654,-14.9899,123.389,63.5836,12.4856,-123.389,-15.1194,9.3557,6.26822,44.7765,-70.0014,19.2337,-12.7386,train
2909,155.875,172.466,104.963,189.072,60.9738,102.339,164.675,114.744,159.875,61.6897,64.7509,269.666,520.444,4655.86,6361.23,41.4564,-39.8953,-20.4316,68.1449,39.4014,2.85867,-68.1449,-11.655,20.3598,4.81753,38.2682,-42.46,19.4928,-11.3023,train
2910,38.7142,94.0483,153.49,72.4001,4.22988,93.2456,117.462,175.882,71.3534,193.194,98.5531,578.865,390.422,4227.77,4813.42,63.9097,-62.9606,-24.0739,212.672,212.672,35.8911,-84.9355,-33.3308,7.47784,36.2,87.2651,-19.6578,47.8283,-24.7092,test
2911,50.6766,76.8841,167.895,34.5999,66.5182,181.239,178.557,156.708,41.8414,224.445,81.5038,410.835,204.322,7684.76,10038.2,44.576,-43.3769,-14.7424,105.648,105.648,40.0698,-53.6907,-29.7003,3.27592,16.9981,38.8571,-11.2404,34.7332,-19.4114,train
2912,40.9458,174.119,97.0551,119.721,39.7317,111.586,7.95013,4.14549,80.873,37.6951,183.563,402.219,541.827,4302.51,3021.26,136.313,-136.16,-116.599,1117.26,175.399,7.11305,-106.156,-23.2513,9.46341,11.0992,1117.26,-1077.91,48.6778,-46.4656,train
2913,79.1129,136.339,66.4388,15.0497,26.1264,82.6691,152.276,120.212,99.2382,223.02,127.833,376.109,477.952,4085.91,4658.37,41.5792,-38.0367,-16.7315,135.97,88.8486,16.6792,-135.97,-98.8098,68.1659,27.5076,48.9677,-38.4456,21.1915,-14.4201,test
2914,27.9109,161.207,45.2692,94.2232,173.147,190.685,184.2,97.5274,45.1708,211.422,121.052,461.859,538.008,6270.8,8335.79,76.6758,-73.8867,-27.6564,271.013,271.013,20.7835,-257.827,-13.4589,9.68822,17.5706,54.1504,-42.7136,39.703,-22.4113,train
2915,176.232,101.253,104.23,68.376,219.022,26.6232,61.0182,136.359,136.228,164.417,99.3955,206.924,548.769,7750.15,9921.74,26.6572,-25.9574,-14.8036,58.4364,40.3154,5.63545,-44.0426,-21.9175,16.149,21.4325,58.4364,-52.2256,15.5577,-4.90798,train
2916,17.2416,183.822,84.5156,136.868,77.1763,207.768,141.029,212.587,26.9856,153.832,186.665,392.598,456.495,6725.77,8998.71,40.7748,-38.872,-14.1951,277.601,277.601,16.9838,-136.739,-5.87419,0.729691,15.0263,76.5187,-5.72309,42.134,-28.7012,train
2917,39.3958,223.083,223.954,71.659,201.846,142.775,121.433,94.1496,69.8016,13.724,150.283,328.25,393.837,7311.66,8863.44,30.0029,-29.2617,-10.3146,124.991,124.991,3.02521,-39.5696,-36.3894,-4.78592,4.72683,64.9763,-24.6585,52.8318,-69.5435,train
2918,114.247,192.965,73.6286,91.5989,22.0586,140.502,17.9184,203.036,166.308,79.7181,104.754,499.155,489.516,3702.63,4385.85,51.7616,-50.1588,-32.2294,141.15,114.838,-0.120737,-91.6742,-54.7479,141.15,-0.165819,138.774,-56.617,42.6442,0.41331,train
2919,170.048,219.208,193.595,85.998,0.98003,165.858,217.046,212.408,55.0956,106.357,149.438,484.991,586.184,3021.31,4617.43,22.89,-22.1029,-10.3802,88.0237,44.7864,9.9004,-66.0953,-31.1595,88.0237,13.085,51.7729,-18.4156,68.7824,-28.8576,train
2920,122.442,10.3958,23.3505,148.192,159.579,73.1196,167.325,88.8392,205.824,59.7492,128.596,386.749,306.012,4733.44,5518.21,48.0614,-44.49,-18.3742,232.148,75.479,36.4987,-232.148,-23.5373,11.8203,5.18923,13.1282,-85.5528,23.9664,-8.98089,train
2921,81.2631,164.097,180.866,101.31,28.6795,98.2206,120.048,61.81,156.228,212.797,63.1036,576.748,274.511,3329.05,4363.71,68.2099,-66.8757,-29.9373,101.818,101.818,18.1379,-65.0948,-27.5502,-9.92015,30.303,70.7527,-57.351,25.2657,-19.7805,train
2922,205.283,214.424,92.2607,165.955,130.453,8.27944,1.0331,70.473,87.2507,201.775,179.375,300.413,397.074,7215.82,8752.61,25.7535,-25.6313,-18.1647,161.247,48.0371,2.16011,-33.8381,-15.3111,33.0857,55.9433,161.247,-137.604,41.1854,-3.24636,train
2923,54.1567,185.396,47.8336,63.9206,163.833,212.779,17.4508,181.245,28.8337,71.8954,120.365,299.585,423.545,4189.62,4410.88,49.6319,-48.4721,-21.9843,165.962,165.962,10.2748,-88.5373,-17.0672,29.9155,8.95246,100.425,-46.755,53.5079,-37.4702,train
2924,36.4931,188.922,124.178,65.9873,118.319,40.9505,219.99,163.381,208.85,56.5165,186.111,480.328,464.414,4891.87,6675.25,29.9878,-29.0443,-9.75613,180.97,180.97,7.38989,-100.258,-51.6337,-13.5761,34.0927,49.1562,-15.5882,23.0714,-34.935,test
2925,20.1463,128.68,181.118,112.772,48.6034,99.6353,96.232,198.047,175.607,12.9894,138.793,392.248,352.159,2765.53,3221.29,47.6128,-44.6809,-15.5355,259.737,259.737,4.19395,-55.5234,-29.9968,-42.6421,5.41651,90.1418,-9.35628,27.2427,-58.7569,train
2926,162.474,112.61,151.721,80.3745,104.911,175.502,91.7783,222.76,48.2582,89.5619,185.083,230.72,334.806,6152.16,8029.46,11.1362,-10.9242,-4.9389,35.062,35.062,10.763,-30.1407,-13.6259,21.869,6.90606,34.9136,-21.5185,32.0943,-19.1383,train
2927,140.229,130.181,77.7989,189.908,219.247,146.786,79.9423,224.94,46.3827,160.147,71.9276,379.71,267.027,2910.25,4330.72,44.8692,-43.7311,-17.1029,71.6511,60.5236,18.4626,-71.6511,-7.33835,15.0354,16.3741,31.4409,-29.4869,42.4914,-21.2245,train
2928,137.124,23.36,87.3779,182.282,26.3723,53.1528,218.566,7.31859,86.8001,13.6343,95.1592,364.285,206.156,7832.89,6955.78,49.0017,-47.7109,-16.0146,112.007,30.7932,31.6155,-100.341,-15.9331,-88.148,13.8946,33.1594,-112.007,47.3193,-76.6048,train
2929,83.0993,93.8511,92.8536,192.211,39.5375,198.314,131.987,29.8821,224.624,140.962,70.8724,522.641,317.855,5291.33,6995.35,73.3222,-71.0544,-33.5553,124.448,87.8749,23.3353,-124.448,-15.7971,-24.2917,11.0433,67.8144,-98.2467,19.1167,-21.9718,train
2930,19.9627,93.102,161.669,153.479,225.381,79.8033,64.4965,68.9807,86.1139,219.697,152.608,465.652,279.227,3776.42,4677.8,49.4821,-47.4516,-20.3948,294.484,294.484,26.6727,-67.3174,-14.1599,-4.21977,31.1175,136.53,-25.0569,35.6903,-15.9851,train
2931,81.455,45.866,6.42394,41.3797,42.7067,57.8216,88.7288,176.206,34.2112,131.989,195.339,292.004,520.623,6251.15,5060.82,53.6161,-48.8285,-19.6715,426.067,137.859,21.232,-426.067,-47.033,148.995,16.8419,-2.91696,-66.6894,80.4519,-10.4342,test
2932,79.9298,105.452,5.09107,39.5614,44.5738,89.1609,208.134,185.384,16.045,81.5326,183.507,466.364,398.502,4031.59,3901.35,78.7913,-72.6703,-27.0242,566.519,188.813,27.5162,-566.519,-44.538,194.422,32.544,-12.0908,-79.5514,155.302,-50.3302,train
2933,169.352,94.4178,109.247,10.6511,188.869,200.996,13.2418,79.748,166.083,112.366,202.971,473.807,379.605,5181.62,6153.93,28.9622,-27.6092,-15.9245,148.683,70.1496,34.6049,-56.1138,-138.084,30.0271,16.2557,148.683,-126.652,12.5236,-41.122,train
2934,116.912,123.575,80.7449,197.31,34.8213,107.426,170.994,8.39796,25.0791,31.9098,190.088,438.997,287.006,5350.36,4868.3,33.682,-32.9482,-11.7435,135.614,43.5352,19.9683,-135.614,-9.743,-35.1095,22.9701,54.2564,-117.851,108.404,-109.361,test
2935,150.211,55.4037,79.2356,135.491,31.6569,120.525,73.2313,50.6305,0.735208,221.786,172.178,481.274,389.718,5434.91,5279.7,38.1827,-37.5556,-17.9914,143.057,53.9042,85.5243,-129.215,-0.548901,101.396,39.3143,104.778,-91.7358,143.057,-30.2141,train
2936,51.3565,199.436,156.429,21.5554,78.2367,215.608,23.3276,93.2838,224.788,186.847,187.919,494.749,552.387,4114.73,5529.66,42.3769,-41.3156,-24.1389,229.379,229.379,13.9021,-54.8891,-100.899,59.5333,12.8593,220.596,-103.585,13.6831,-20.9851,train
2937,105.936,180.145,113.815,88.1556,215.939,163.716,131.803,23.6552,173.078,122.095,167.871,562.63,240.049,5056.62,6958.76,28.8269,-27.7894,-13.3724,106.389,67.6889,14.4413,-106.389,-34.3119,-6.85549,15.8904,69.5542,-92.3321,24.7154,-30.1332,train
2938,146.863,17.4923,106.588,36.021,82.1817,18.9328,100.047,26.1283,223.229,126.069,197.255,270.579,369.319,4090.92,4041.87,19.056,-18.1286,-9.45804,89.5487,29.6893,37.7553,-69.898,-56.7825,-4.75659,34.8827,67.066,-89.5487,12.9579,-7.40848,train
2939,210.635,0.967124,72.5729,173.503,211.425,53.8127,30.7532,110.119,121.693,173.791,126.103,264.753,461.035,6167.93,7557.64,26.9018,-26.0203,-14.5649,73.2471,39.6467,58.4617,-57.8997,-14.9334,14.7214,1.05068,71.4813,-73.2471,30.1103,-0.460089,train
2940,47.5034,146.644,129.097,56.2146,183.339,102.233,146.666,66.3738,95.3024,94.8886,85.0468,244.267,409.378,7418.99,8380.08,38.7344,-37.786,-16.4706,84.4551,84.4551,8.28711,-57.3978,-21.8346,1.86434,11.8871,47.8961,-33.4352,18.214,-18.112,train
2941,2.66906,136.338,17.11,3.39893,114.814,14.7551,187.297,135.212,98.2796,137.528,103.284,422.388,443.825,4646.46,4582.94,298.553,-282.005,-87.6676,1041.03,1041.03,24.2615,-837.597,-269.533,-20.5675,224.177,76.3177,15.1168,13.1828,-34.014,train
2942,168.563,43.4634,197.817,20.8488,126.485,126.647,132.084,110.97,123.576,176.148,104.544,330.483,374.141,5094.06,6760.76,26.8139,-25.1762,-10.9184,68.1431,37.1738,43.3498,-37.3567,-68.1431,12.1799,14.877,43.7373,-37.7388,16.2586,-15.1268,train
2943,6.66257,156.599,22.0011,103.894,65.9748,106.668,144.112,153.22,121.027,153.55,119.638,278.342,410.219,4728.78,5494.07,121.474,-115.493,-40.3928,524.157,524.157,9.56194,-407.262,-12.3783,-8.74913,14.0379,60.615,-6.54227,15.0274,-13.7912,train
2944,97.7774,87.6365,176.004,156.822,129.33,179.621,71.1156,113.75,134.23,188.245,116.798,399.686,341.454,5659.14,7993.28,28.7127,-28.3504,-14.5741,79.8993,79.8993,18.8713,-43.1398,-14.9408,11.3851,9.20723,71.5089,-47.4367,24.6859,-12.4245,train
2945,45.0009,211.524,79.3933,25.8199,127.913,196.104,182.141,163.812,221.979,74.9575,157.152,322.855,315.702,7154.38,10434,27.7877,-26.2649,-9.3236,119.165,119.165,7.73123,-94.2164,-61.7048,4.2276,8.33914,33.0111,-18.423,10.1503,-30.8537,train
2946,162.73,159.36,220.35,134.151,65.5793,52.2033,69.3729,16.2577,141.036,123.328,185.214,394.638,403.463,7233.65,8528.27,23.0901,-22.8702,-15.0997,141.449,34.2437,9.91245,-46.7497,-17.6423,-11.2938,30.2596,129.549,-141.449,23.732,-18.114,train
2947,64.2364,71.1988,78.4393,218.412,198.266,173.759,109.067,163.586,36.5712,90.3214,115.851,525.535,260.283,7661.76,9593.58,51.6134,-50.6329,-17.3325,142.732,142.732,44.4799,-117.292,-9.5619,9.20379,18.2259,51.1521,-33.8302,80.7601,-49.5863,train
2948,140.571,160.131,171.107,105.498,170.956,121.419,180.053,73.6031,62.5215,219.323,178.652,403.317,370.14,4235.7,6301.55,16.3659,-15.9855,-7.17047,55.167,45.2543,16.3791,-55.167,-13.3688,5.36912,21.6012,42.4635,-44.7353,31.9022,-16.912,train
2949,208.305,114.952,96.1211,39.8395,86.8089,170.918,85.6144,48.1154,155.627,102.268,120.974,359.321,339.136,7141.82,8298.85,31.463,-29.947,-16.1885,85.6742,31.243,14.6459,-79.7214,-47.9329,11.58,9.85023,67.225,-85.6742,17.3531,-23.2815,train
2950,174.134,153.265,123.615,218.514,196.643,128.595,98.2844,173.335,218.406,38.7473,63.5869,476.474,446.362,4242.01,6759.22,52.2792,-50.8393,-23.6572,66.1851,60.7371,4.64143,-66.1851,-18.5498,8.94147,5.53185,49.163,-47.4163,26.2462,-25.9638,train
2951,199.685,99.0354,105.019,103.276,101.624,30.9522,85,44.3273,47.5069,27.3176,103.108,345.625,452.615,3514.18,2982.99,46.1024,-45.2043,-21.3204,99.9878,33.0034,10.8786,-79.0773,-23.0341,7.43084,34.8075,80.6662,-99.9878,70.816,-55.7746,train
2952,54.4886,178.81,113.885,167.251,11.3861,186.684,121.246,80.6552,11.1901,223.778,187.012,363.994,228.858,5045.61,6137.76,20.9296,-20.589,-9.05978,87.9666,87.9666,17.529,-73.892,-3.02291,56.8812,16.7896,55.6989,-20.221,63.8966,-19.8082,train
2953,90.4309,23.2834,119.832,165.008,57.1047,212.499,37.7719,213.822,28.0894,67.5524,150.679,227.029,396.249,4303.55,4561.74,23.5635,-22.8004,-11.0021,73.0362,72.4572,41.6116,-35.2242,-7.88708,52.1961,4.55936,73.0362,-28.3216,65.5232,-20.2831,test
2954,63.883,124.177,103.73,142.842,122.388,215.967,187.544,119.286,202.862,187.205,206.21,592.423,348.285,6897.56,11091.4,24.923,-24.123,-9.44327,141.309,141.309,20.8202,-117.885,-23.3743,-1.92674,11.9712,47.5369,-36.7883,23.2761,-19.531,train
2955,192.46,139.135,78.0785,104.743,188.443,164.247,14.8468,123.369,213.638,56.7989,107.647,235.356,372.331,4964.51,6559.78,24.799,-24.3026,-15.3224,70.3868,39.9642,2.97943,-39.6075,-18.5121,18.0369,2.52391,70.3868,-61.19,12.8357,-10.3216,train
2956,91.0746,141.476,188.709,1.11001,215.822,198.337,156.428,203.218,130.106,78.7418,88.3469,269.306,200.319,3775.82,5664.01,33.5352,-29.3464,-8.48965,127.178,49.316,18.0376,-29.6273,-127.178,7.67857,12.8665,26.1987,-12.5151,1.53447,-45.8323,train
2957,94.7984,76.5601,13.1679,189.297,180.779,209.309,51.2288,221.842,47.1879,111.211,188.762,550.242,431.396,3513.07,4414.09,52.4752,-48.9883,-16.6223,374.597,167.604,38.0151,-374.597,-13.6927,43.1142,13.905,-15.7289,-66.2104,77.6814,-37.0106,test
2958,151.698,169.075,23.5324,118.936,182.433,26.329,137.78,81.5404,203.79,88.9885,194.788,574.2,421.06,6612.5,8442.21,45.2011,-41.6647,-17.7588,334.558,89.4122,6.66491,-334.558,-38.8034,17.5766,42.7994,21.8725,-135.657,32.027,-17.9083,train
2959,104.401,10.7168,138.52,45.8767,71.7215,40.7103,205.355,110.057,114.908,218.259,159.402,517.434,256.836,7759.27,9430.61,28.6534,-27.2541,-7.99138,132.78,77.2053,132.78,-72.4159,-81.7706,-12.0657,34.9539,33.4466,-37.0847,46.1692,-9.22023,train
2960,192.51,28.4464,145.784,126.74,100.448,33.137,217.96,48.939,185.9,96.5218,177.314,442.947,430.373,7024.38,9017.53,19.2171,-18.4874,-8.12906,74.387,35.0511,33.9605,-74.387,-27.3269,-11.4007,29.1534,41.6229,-66.9911,26.3476,-14.1544,train
2961,158.098,156.982,23.8852,58.9435,152.92,104.186,152.216,107.473,128.685,183.203,164.221,273.141,336.31,5200.18,6958.27,27.2937,-25.028,-10.8189,169.727,47.4603,7.70725,-169.727,-25.8131,21.2559,11.6128,12.2876,-62.793,16.7211,-9.33965,train
2962,64.4981,62.5913,55.2039,106.93,171.829,103.688,68.5865,201.174,6.02905,110.703,105.402,251.549,252.982,3201.07,3252.91,38.3301,-37.685,-13.212,89.346,89.346,35.7847,-78.1399,-2.57807,17.2933,21.6015,37.0766,-22.8269,64.6639,-28.6132,test
2963,132.801,70.1604,88.5948,175.855,205.242,203.165,205.07,205.037,13.6553,78.5977,104.27,376.467,336.436,4750.6,6890.64,37.8864,-37.1578,-10.9569,85.9269,57.2754,41.8324,-79.6002,-4.71803,14.6746,14.4463,22.6713,-26.4965,85.9269,-52.8093,train
2964,140.849,88.4335,154.304,130.178,48.9791,41.2928,106.13,115.976,83.8836,137.817,90.0193,519.178,480.15,5554.48,6255.7,47.3477,-46.386,-21.4286,71.3134,69.8144,21.6991,-68.3296,-25.1414,27.9442,46.4712,71.3134,-56.5989,55.1777,-19.6912,train
2965,154.045,92.8777,27.1814,70.5511,36.7421,22.9422,77.5573,112.396,166.92,94.4846,152.087,545.983,469.295,7077.74,6747.95,52.7234,-48.2787,-22.2002,285.424,86.4307,7.90623,-285.424,-66.9801,85.1577,32.0071,41.9099,-98.8275,40.0364,-10.9909,train
2966,38.643,215.337,4.87872,141.974,158.013,199.736,112.377,24.6981,103.261,142.154,72.2486,575.247,460.211,4011.67,4766.94,463.282,-425.015,-185.445,1433.94,384.642,11.6791,-1433.94,-22.8036,37.1724,12.5913,15.6467,-521.711,44.3395,-25.0199,train
2967,128.727,213.289,27.8291,96.4377,208.034,37.9093,143.641,209.771,68.3806,218.389,208.706,222.861,287.334,3470.63,5133.46,15.3687,-14.4301,-5.43303,108.457,50.8122,4.90844,-108.457,-12.2535,15.0486,27.6163,7.7744,-29.0724,24.4394,-6.77947,train
2968,105.713,34.2362,221.878,186.645,119.481,59.3703,89.3183,57.953,161.859,51.0656,143.858,329.655,211.243,5502.1,6222.07,18.3906,-18.171,-8.87535,54.6141,49.722,19.0385,-30.4034,-14.1699,-5.73364,10.9787,54.6141,-47.8217,23.108,-18.0512,train
2969,202.973,15.2515,162.634,72.5703,51.2915,28.2736,141.319,223.772,38.0379,121.293,160.75,390.482,590.741,3196.86,3726.03,24.631,-24.1089,-8.66413,93.1341,43.42,91.7812,-54.1631,-34.5185,46.8545,49.5091,49.0753,-31.0196,93.1341,-16.321,train
2970,114.289,155.589,116.617,126.021,80.414,116.15,166.827,31.805,127.665,119.926,91.695,385.783,380.15,7216.69,8843.46,40.0203,-38.7231,-18.6543,84.8021,47.9976,11.3907,-84.8021,-16.5493,-5.69286,15.2585,51.1304,-72.3791,23.1028,-20.8993,train
2971,90.7989,90.2496,166.107,168.615,53.6937,92.5703,67.1906,46.7773,189.235,12.7663,156.95,536.967,490.429,5929.43,6012.22,36.7775,-36.324,-19.3563,131.193,103.642,5.35939,-69.8512,-28.9772,-15.7396,5.22503,131.193,-122.167,36.5146,-53.5808,train
2972,104.7,115.794,165.35,84.7906,72.2059,79.3244,95.6794,136.496,21.8971,35.6975,117.093,200.633,318.448,3317.1,3130.1,23.0269,-22.815,-8.73648,59.3723,41.9881,9.38768,-29.0736,-10.842,20.3658,13.7037,41.4007,-24.7606,59.3723,-43.0647,train
2973,170.607,193.673,32.3945,178.766,9.92093,128.467,145.822,129.652,135.066,92.9528,137.397,365.961,399.121,4039.59,5266.9,36.6898,-33.5661,-17.1237,201.606,49.4653,-0.477096,-201.606,-20.9884,103.567,-0.719256,27.8468,-52.1337,39.2855,1.40581,train
2974,81.3599,178.016,16.4477,39.7498,4.09032,158.084,83.8484,54.0191,87.3632,95.2805,113.087,501.571,546.123,6648.12,5659.7,129.694,-116.727,-58.7491,576.117,135.602,0.716205,-576.117,-122.975,275.925,0.806508,75.2255,-157.52,79.1292,-1.89238,train
2975,190.455,59.5916,177.885,26.1833,158.565,70.675,79.5592,100.907,14.5493,11.2174,205.447,233.588,529.619,4066.93,3625.88,23.3654,-23.0662,-7.23222,128.685,33.2901,17.1285,-33.5248,-50.2292,16.9598,14.4424,64.4842,-56.1216,127.836,-128.685,train
2976,86.8974,190.152,152.852,8.43195,23.0103,202.728,118.264,48.7419,25.4672,84.4463,62.1999,561.289,454.307,3422.95,3304.26,101.177,-96.004,-40.6118,129.077,90.9654,23.7941,-88.1707,-129.077,52.2983,22.3182,94.0408,-66.4943,60.4382,-75.7716,train
2977,158.145,102.743,187.94,167.109,6.35546,67.8944,88.2071,169.513,203.194,95.4271,93.8157,597.382,204.047,7654.66,10338,35.1096,-34.2984,-15.4048,67.0955,67.0955,13.8513,-49.7557,-27.2318,13.5835,20.9609,54.1473,-38.6857,31.6724,-21.0905,test
2978,211.421,64.5638,181.963,38.5051,184.11,124.845,85.0475,73.9118,133.407,2.00608,130.531,374.945,384.912,3646.93,4074.11,31.1168,-29.6078,-12.1988,94.2735,34.9357,1.84986,-42.3785,-94.2735,0.0362232,0.956658,65.8802,-69.5836,38.481,-84.1964,train
2979,209.083,184.895,212.182,147.733,116.057,110.268,56.41,164.097,41.2616,198.06,92.579,305.643,307.731,5235.18,7805.35,24.2899,-24.0881,-12.7504,52.4168,33.9547,10.6403,-24.2585,-7.37206,25.4517,17.8414,52.4168,-34.8428,37.328,-14.0474,train
2980,181.499,46.8116,130.746,200.811,48.9741,66.0895,123.442,106.309,224.71,111.574,196.283,319.664,333.274,4791.51,6464.37,11.9889,-11.618,-5.98235,50.4683,34.8439,12.3185,-50.4683,-13.047,10.3626,8.7253,38.9738,-41.6047,16.4889,-7.30912,test
2981,191.921,221.539,15.6734,217.557,88.8105,99.1432,48.7705,184.092,183.918,200.169,115.931,450.426,584.706,4229.37,6602.1,59.6288,-54.231,-23.8992,295.565,76.7364,1.92552,-295.565,-18.743,69.1966,4.30264,3.71889,-78.5347,31.3547,-3.01381,train
2982,43.2999,182.437,52.2405,163.489,77.251,5.23443,176.376,90.3765,126.788,26.9851,159.166,321.516,501.13,3363.97,3441.03,37.6321,-36.2122,-13.9556,160.239,145.169,1.49165,-160.239,-18.0014,1.65189,51.9887,41.3402,-48.0494,32.8271,-14.2617,train
2983,28.1637,68.8471,108.551,85.2125,150.133,121.11,88.7738,119.011,199.407,30.5352,131.123,456.699,440.518,5120.17,5529.58,55.8288,-53.1784,-21.3275,252.717,252.717,12.9365,-101.231,-43.1434,-7.49923,7.35394,102.301,-30.3073,26.0731,-41.2492,train
2984,88.4235,143.837,142.053,177.301,221.846,34.3171,91.2054,116.452,8.68255,211.827,146.857,469.468,326.833,7369.25,9523.41,34.8027,-34.5518,-12.2583,118.003,94.4578,28.1535,-63.3573,-3.63879,13.5791,118.003,66.7586,-44.4188,105.084,-27.0357,train
2985,108.861,102.068,194.451,209.988,154.269,158.636,92.0063,89.7099,105.93,17.9693,193.349,504.624,294.21,3841.66,4779.11,21.6109,-21.3625,-8.78281,78.8391,78.8391,7.80998,-48.8468,-20.2349,-4.62075,5.02505,68.4323,-55.7465,56.727,-62.7373,test
2986,96.7659,197.379,164.77,86.2567,105.383,96.9328,48.2601,76.7516,97.1722,214.852,156.681,330.212,336.652,6481.82,8093.58,22.3405,-22.0849,-12.8833,90.939,70.9699,8.48725,-38.875,-18.8614,18.3941,17.2821,90.939,-65.6946,23.6777,-11.0266,train
2987,205.933,82.1099,222.158,203.84,132.167,30.1025,214.23,54.5038,79.3468,102.581,176.928,540.386,259.736,4255.25,5889.59,19.192,-18.8689,-6.73378,67.1514,36.0291,24.6186,-51.267,-16.5936,-10.3409,67.1514,39.5125,-52.302,60.2858,-27.8681,train
2988,146.598,137.43,29.1721,108.631,152.367,8.34834,44.5592,46.4062,133.643,185.683,173.09,524.547,369.358,4678.34,4974.26,52.2362,-49.4587,-24.2529,277.745,77.2696,6.24463,-277.745,-40.3868,11.1233,102.799,90.6735,-185.35,46.4262,-6.5363,train
2989,37.4236,140.613,175.029,30.9621,30.9578,82.4989,208.413,43.4763,118.094,10.1889,105.563,527.843,303.34,7424.98,7027.91,66.4657,-64.0475,-14.3505,175.379,175.379,7.85945,-70.3046,-134.787,-93.3012,13.3959,47.6822,-41.7954,49.9765,-153.393,test
2990,110.796,171.911,66.3435,112.313,161.259,183.434,90.8383,77.7184,168.889,190.488,100.102,490.887,384.691,5163.49,7330.9,51.9421,-49.8286,-24.2558,136.471,85.9196,12.8209,-136.471,-24.0829,11.8187,12.0155,64.5327,-83.899,22.6492,-16.3632,train
2991,223.59,63.9944,223.462,47.1631,174.599,83.5844,163.136,217.869,79.4545,138.66,168.808,323.96,316.347,7847.09,11937.5,12.3494,-11.8868,-4.44567,33.4579,29.2713,25.9651,-28.3606,-33.4579,9.89222,19.8795,26.8556,-21.4542,28.0865,-16.9471,test
2992,17.3151,71.176,9.87257,25.9768,220.675,162.519,9.30785,151.058,224.323,139.098,97.1688,428.296,374.456,4987.6,5692.99,205.377,-196.173,-76.4398,657.02,657.02,30.1149,-528.439,-82.3618,22.449,13.1889,141.924,-66.4091,13.4882,-21.7927,train
2993,109.363,49.5963,174.131,16.2003,134.992,14.0625,180.919,114.506,112.523,129.337,97.6362,332.11,273.774,6469.65,7443.21,36.5828,-33.4472,-9.69005,116.481,49.6688,28.9151,-41.7451,-116.481,1.65804,101.979,30.8608,-26.07,23.7164,-15.6807,train
2994,104.793,91.635,140.937,135.929,38.7292,34.5251,194.057,159.728,144.435,43.3484,185.78,463.644,341.831,5943.69,7132.99,19.2098,-18.6629,-6.53637,77.1154,77.1154,10.7601,-65.6076,-26.8555,-5.31286,28.5588,33.5964,-30.4989,35.7428,-32.1675,train
2995,5.17358,116.122,170.049,112.599,87.7121,58.4,154.682,136.594,83.7154,97.6526,209.204,489.992,592.133,3682.07,4102.46,49.2202,-46.5238,-15.3633,457.836,457.836,23.2607,-107.336,-19.5281,-53.9278,46.2514,122.079,26.2072,37.1454,-39.1172,train
2996,133.287,212.819,93.7601,133.004,117.371,133.26,18.2846,215.474,132.594,65.8525,95.9982,503.964,487.489,5294.12,6945.45,48.1504,-47.2826,-24.6075,102.913,102.913,5.80988,-66.9467,-28.5946,41.5269,9.27848,95.6976,-56.9512,40.5637,-26.5534,train
2997,105.772,186.139,186.445,105.002,189.912,185.311,107.897,176.844,94.9098,182.882,60.8978,459.293,417.638,5490.96,8807.34,55.8146,-54.8788,-24.82,84.2159,84.2159,13.8115,-48.5263,-19.2575,12.0724,13.8732,58.3859,-34.5049,30.1301,-19.8803,train
2998,131.425,34.5871,68.3997,93.1187,73.7243,58.2216,212.104,18.3869,66.9268,159.929,149.098,303.112,457.175,5159.09,5218.76,31.0221,-29.5419,-13.5927,137.05,32.6493,40.9663,-137.05,-17.335,-4.80728,24.3365,42.2926,-96.8967,34.1095,-12.5293,train
2999,4.76881,100.308,214.261,77.2703,70.687,111.741,19.1298,29.977,218.236,86.5655,157.448,535.821,359.638,6513.32,6429.49,174.247,-158.632,-74.913,1262.27,1262.27,22.3266,-63.7142,-40.3605,-34.7636,20.0422,613.097,-31.1995,20.2096,-36.5872,train
